{
    "proved_optimal": false,
    "obj": 76,
    "relax_obj": 52.4,
    "num_LCs": 45,
    "num_callbacks": 32,
    "num_CG_iterations": null,
    "num_columns": null,
    "num_nodes": null,
    "overall_time": 1200.012461900711,
    "callback_time": 2.7836570739746094,
    "subproblem_time": null,
    "mp_time": null,
    "inh_time": null,
    "ilp_time": null,
    "surgeon_schedule": {
        "0": [
            29,
            44
        ],
        "1": [
            24
        ],
        "2": [
            8
        ],
        "4": [
            27,
            40
        ],
        "5": [
            32
        ],
        "6": [
            18
        ],
        "7": [
            20,
            39
        ],
        "8": [
            1
        ],
        "10": [
            11
        ],
        "11": [
            48
        ]
    },
    "patient_schedule": {
        "1": 44,
        "2": 32,
        "3": 27,
        "5": 8,
        "8": 1,
        "9": 27,
        "13": 20,
        "14": 11,
        "15": 40,
        "18": 11,
        "20": 11,
        "21": 39,
        "22": 1,
        "24": 48,
        "26": 48,
        "27": 20,
        "30": 24,
        "31": 8,
        "35": 1,
        "36": 48,
        "37": 8,
        "40": 29,
        "41": 18,
        "42": 18,
        "43": 18,
        "44": 8,
        "46": 11,
        "49": 24,
        "50": 44,
        "51": 48,
        "53": 32,
        "54": 32,
        "55": 18,
        "57": 39,
        "60": 8,
        "61": 1,
        "62": 40,
        "63": 29,
        "64": 20,
        "66": 1,
        "67": 11
    },
    "instance": null,
    "parameters": null,
    "parameters_data": null,
    "patients": null,
    "capacity": null,
    "num_days": null,
    "num_ORs": null,
    "num_surgeons": null,
    "gap": 0.450381679389313
}