{
    "proved_optimal": true,
    "obj": 83,
    "relax_obj": 83.0,
    "num_LCs": 83,
    "num_callbacks": 824,
    "num_CG_iterations": 14,
    "num_columns": 227,
    "num_nodes": 1,
    "overall_time": 31.142151832580566,
    "callback_time": 2.1272709369659424,
    "subproblem_time": 26.471866130828857,
    "mp_time": 4.65809178352356,
    "inh_time": null,
    "ilp_time": 0.0,
    "surgeon_schedule": {
        "0": [
            6
        ],
        "1": [
            10,
            39
        ],
        "4": [
            29
        ],
        "5": [
            34
        ],
        "6": [
            48
        ],
        "7": [
            9,
            16
        ],
        "8": [
            0,
            49
        ],
        "9": [
            2
        ],
        "10": [
            38
        ],
        "12": [
            30
        ],
        "13": [
            23,
            30
        ],
        "14": [
            42
        ],
        "15": [
            41
        ],
        "17": [
            10,
            35
        ],
        "18": [
            16
        ],
        "19": [
            22
        ]
    },
    "patient_schedule": {
        "20": 6,
        "33": 6,
        "50": 6,
        "83": 6,
        "87": 6,
        "12": 10,
        "16": 10,
        "58": 10,
        "23": 30,
        "69": 39,
        "77": 30,
        "82": 39,
        "11": 29,
        "19": 29,
        "25": 34,
        "80": 34,
        "30": 48,
        "31": 48,
        "40": 48,
        "38": 9,
        "32": 16,
        "49": 16,
        "55": 16,
        "52": 0,
        "59": 0,
        "61": 0,
        "0": 49,
        "88": 49,
        "17": 2,
        "53": 2,
        "57": 2,
        "78": 2,
        "18": 38,
        "26": 38,
        "56": 38,
        "27": 30,
        "37": 30,
        "3": 23,
        "46": 23,
        "68": 23,
        "72": 23,
        "6": 42,
        "13": 42,
        "63": 42,
        "47": 41,
        "71": 41,
        "34": 10,
        "66": 10,
        "8": 35,
        "15": 35,
        "64": 35,
        "9": 16,
        "14": 16,
        "44": 16,
        "48": 16,
        "5": 22,
        "41": 22,
        "45": 22,
        "76": 22
    },
    "instance": null,
    "parameters": null,
    "parameters_data": null,
    "patients": null,
    "capacity": null,
    "num_days": null,
    "num_ORs": null,
    "num_surgeons": null,
    "initial_heuristics_time": 0.49911952018737793,
    "gap": 0.0
}