{
    "proved_optimal": false,
    "obj": 32,
    "relax_obj": 9.166666666666666,
    "num_LCs": 24,
    "num_callbacks": 30,
    "num_CG_iterations": null,
    "num_columns": null,
    "num_nodes": null,
    "overall_time": 1200.0215837955475,
    "callback_time": 1.784494400024414,
    "subproblem_time": null,
    "mp_time": null,
    "inh_time": null,
    "ilp_time": null,
    "surgeon_schedule": {
        "0": [
            9
        ],
        "1": [
            20,
            49
        ],
        "3": [
            30
        ],
        "4": [
            36
        ],
        "5": [
            19
        ],
        "6": [
            10,
            27,
            40
        ],
        "7": [
            2
        ],
        "8": [
            45
        ],
        "9": [
            15,
            29
        ],
        "11": [
            24
        ]
    },
    "patient_schedule": {
        "0": 49,
        "1": 36,
        "3": 27,
        "5": 20,
        "6": 30,
        "8": 30,
        "10": 45,
        "11": 29,
        "12": 40,
        "13": 30,
        "14": 45,
        "15": 15,
        "16": 2,
        "18": 19,
        "19": 24,
        "20": 36,
        "21": 27,
        "22": 49,
        "23": 15,
        "24": 9,
        "26": 9,
        "27": 10,
        "29": 45,
        "30": 2,
        "31": 2,
        "32": 10,
        "33": 10,
        "34": 30
    },
    "instance": null,
    "parameters": null,
    "parameters_data": null,
    "patients": null,
    "capacity": null,
    "num_days": null,
    "num_ORs": null,
    "num_surgeons": null,
    "gap": 2.490909090909091
}