{
    "proved_optimal": false,
    "obj": 88,
    "relax_obj": 54.25,
    "num_LCs": 67,
    "num_callbacks": 45,
    "num_CG_iterations": null,
    "num_columns": null,
    "num_nodes": null,
    "overall_time": 1200.007164478302,
    "callback_time": 3.416337251663208,
    "subproblem_time": null,
    "mp_time": null,
    "inh_time": null,
    "ilp_time": null,
    "surgeon_schedule": {
        "0": [
            20,
            31
        ],
        "1": [
            18
        ],
        "4": [
            0
        ],
        "5": [
            40
        ],
        "6": [
            1
        ],
        "7": [
            5,
            39
        ],
        "8": [
            9,
            29
        ],
        "9": [
            10
        ],
        "10": [
            8
        ],
        "12": [
            29
        ],
        "13": [
            32,
            45
        ],
        "14": [
            12
        ],
        "15": [
            48
        ],
        "17": [
            14,
            25,
            38
        ],
        "18": [
            22,
            49
        ],
        "19": [
            19,
            41
        ]
    },
    "patient_schedule": {
        "0": 9,
        "3": 32,
        "5": 41,
        "6": 12,
        "8": 14,
        "9": 22,
        "11": 0,
        "12": 18,
        "13": 12,
        "14": 22,
        "15": 25,
        "16": 18,
        "17": 10,
        "18": 8,
        "19": 0,
        "20": 31,
        "23": 32,
        "25": 40,
        "26": 8,
        "27": 29,
        "30": 1,
        "31": 1,
        "33": 20,
        "34": 14,
        "36": 49,
        "37": 29,
        "38": 39,
        "40": 1,
        "41": 41,
        "44": 49,
        "45": 19,
        "46": 32,
        "47": 48,
        "48": 22,
        "49": 5,
        "50": 31,
        "52": 29,
        "55": 5,
        "56": 8,
        "58": 18,
        "59": 9,
        "61": 9,
        "62": 38,
        "63": 12,
        "64": 25,
        "66": 25,
        "68": 45,
        "69": 18,
        "71": 48,
        "72": 45,
        "76": 19,
        "77": 45,
        "78": 10,
        "80": 40,
        "82": 18,
        "83": 20,
        "86": 22,
        "87": 31,
        "88": 29
    },
    "instance": null,
    "parameters": null,
    "parameters_data": null,
    "patients": null,
    "capacity": null,
    "num_days": null,
    "num_ORs": null,
    "num_surgeons": null,
    "gap": 0.6221198156682027
}