{
    "proved_optimal": false,
    "obj": 158,
    "relax_obj": 85.25,
    "num_LCs": 378,
    "num_callbacks": 92,
    "num_CG_iterations": null,
    "num_columns": null,
    "num_nodes": null,
    "overall_time": 1200.0109376907349,
    "callback_time": 14.80808973312378,
    "subproblem_time": null,
    "mp_time": null,
    "inh_time": null,
    "ilp_time": null,
    "surgeon_schedule": {
        "0": [
            39
        ],
        "1": [
            12
        ],
        "2": [
            39
        ],
        "3": [
            9,
            11,
            29,
            30
        ],
        "4": [
            5
        ],
        "5": [
            9,
            32
        ],
        "6": [
            30,
            49
        ],
        "7": [
            31,
            49
        ],
        "8": [
            22
        ],
        "9": [
            4,
            19,
            35,
            44
        ],
        "10": [
            5,
            18,
            48
        ],
        "11": [
            0,
            10,
            29
        ],
        "12": [
            3,
            10,
            40
        ],
        "13": [
            0,
            19,
            27,
            38,
            40
        ],
        "14": [
            15
        ],
        "15": [
            21,
            43
        ],
        "16": [
            8,
            14,
            21,
            45
        ],
        "17": [
            18,
            23
        ],
        "18": [
            0,
            28,
            42
        ],
        "19": [
            36
        ]
    },
    "patient_schedule": {
        "2": 38,
        "3": 21,
        "4": 39,
        "5": 5,
        "6": 5,
        "8": 35,
        "9": 28,
        "10": 36,
        "11": 8,
        "13": 12,
        "14": 12,
        "15": 35,
        "18": 0,
        "19": 22,
        "20": 5,
        "21": 18,
        "22": 32,
        "24": 23,
        "28": 42,
        "29": 22,
        "31": 5,
        "34": 40,
        "35": 30,
        "36": 21,
        "38": 15,
        "39": 3,
        "41": 5,
        "46": 12,
        "47": 42,
        "48": 21,
        "51": 19,
        "52": 0,
        "54": 9,
        "55": 32,
        "56": 22,
        "57": 22,
        "60": 23,
        "62": 18,
        "63": 38,
        "64": 12,
        "66": 12,
        "67": 19,
        "70": 15,
        "71": 35,
        "72": 5,
        "73": 23,
        "76": 0,
        "77": 14,
        "78": 10,
        "80": 31,
        "81": 8,
        "82": 36,
        "83": 43,
        "86": 29,
        "87": 36,
        "88": 39,
        "90": 11,
        "91": 18,
        "92": 39,
        "93": 43,
        "94": 23,
        "95": 42,
        "96": 40,
        "97": 19,
        "98": 10,
        "99": 27,
        "100": 49,
        "102": 0,
        "103": 28,
        "104": 30,
        "107": 11,
        "108": 4,
        "112": 32,
        "113": 42,
        "114": 45,
        "116": 9,
        "117": 3,
        "118": 35,
        "121": 0,
        "122": 36,
        "123": 3,
        "124": 29,
        "126": 39,
        "127": 11,
        "128": 31,
        "130": 21,
        "131": 21,
        "132": 49,
        "134": 48,
        "135": 45,
        "137": 21,
        "139": 10,
        "140": 32,
        "142": 29,
        "143": 43,
        "144": 19,
        "146": 9,
        "147": 49,
        "148": 43,
        "150": 28,
        "151": 3,
        "153": 21,
        "154": 44,
        "157": 11,
        "158": 10,
        "159": 49,
        "160": 49,
        "161": 3,
        "163": 18,
        "164": 40,
        "165": 49,
        "166": 36,
        "167": 43,
        "168": 9,
        "169": 30,
        "170": 39,
        "171": 43,
        "174": 36,
        "175": 10,
        "178": 23,
        "180": 11,
        "183": 40,
        "184": 22,
        "185": 43,
        "186": 12,
        "187": 48
    },
    "instance": null,
    "parameters": null,
    "parameters_data": null,
    "patients": null,
    "capacity": null,
    "num_days": null,
    "num_ORs": null,
    "num_surgeons": null,
    "gap": 0.8533724340175953
}