{
    "proved_optimal": true,
    "obj": 83,
    "relax_obj": 83.0,
    "num_LCs": 104,
    "num_callbacks": 904,
    "num_CG_iterations": 15,
    "num_columns": 240,
    "num_nodes": 1,
    "overall_time": 33.53015351295471,
    "callback_time": 2.8104336261749268,
    "subproblem_time": 28.9974627494812,
    "mp_time": 4.520271301269531,
    "inh_time": null,
    "ilp_time": 0.0,
    "surgeon_schedule": {
        "0": [
            6
        ],
        "1": [
            10,
            39
        ],
        "4": [
            39
        ],
        "5": [
            14
        ],
        "6": [
            41
        ],
        "7": [
            15,
            31
        ],
        "8": [
            10,
            30
        ],
        "9": [
            26
        ],
        "10": [
            35
        ],
        "12": [
            20
        ],
        "13": [
            37,
            43
        ],
        "14": [
            2
        ],
        "15": [
            21
        ],
        "17": [
            9,
            18,
            28
        ],
        "18": [
            0
        ],
        "19": [
            19,
            48
        ]
    },
    "patient_schedule": {
        "20": 6,
        "33": 6,
        "50": 6,
        "83": 6,
        "87": 6,
        "12": 10,
        "16": 10,
        "58": 10,
        "23": 37,
        "69": 39,
        "77": 43,
        "82": 39,
        "11": 39,
        "19": 39,
        "25": 14,
        "80": 14,
        "30": 41,
        "31": 41,
        "40": 41,
        "38": 15,
        "55": 15,
        "32": 31,
        "49": 31,
        "52": 10,
        "88": 10,
        "0": 30,
        "59": 30,
        "61": 30,
        "17": 26,
        "53": 26,
        "57": 26,
        "78": 26,
        "18": 35,
        "26": 35,
        "56": 35,
        "27": 20,
        "37": 20,
        "3": 37,
        "46": 43,
        "68": 43,
        "72": 43,
        "6": 2,
        "13": 2,
        "63": 2,
        "47": 21,
        "71": 21,
        "8": 9,
        "34": 9,
        "15": 18,
        "64": 18,
        "66": 18,
        "62": 28,
        "14": 0,
        "44": 0,
        "86": 0,
        "45": 19,
        "76": 19,
        "5": 48,
        "41": 48
    },
    "instance": null,
    "parameters": null,
    "parameters_data": null,
    "patients": null,
    "capacity": null,
    "num_days": null,
    "num_ORs": null,
    "num_surgeons": null,
    "initial_heuristics_time": 0.5082697868347168,
    "gap": 0.0
}