{
    "proved_optimal": true,
    "obj": 74,
    "relax_obj": 74.0,
    "num_LCs": 55,
    "num_callbacks": 932,
    "num_CG_iterations": 24,
    "num_columns": 247,
    "num_nodes": 5,
    "overall_time": 26.9258770942688,
    "callback_time": 2.5041627883911133,
    "subproblem_time": 19.677268505096436,
    "mp_time": 7.22359824180603,
    "inh_time": null,
    "ilp_time": 0.0,
    "surgeon_schedule": {
        "0": [
            19,
            40
        ],
        "1": [
            44
        ],
        "2": [
            7,
            17
        ],
        "4": [
            19,
            40
        ],
        "5": [
            32
        ],
        "6": [
            20
        ],
        "7": [
            4
        ],
        "8": [
            7,
            17,
            48
        ],
        "10": [
            11
        ],
        "11": [
            28
        ]
    },
    "patient_schedule": {
        "40": 19,
        "63": 19,
        "1": 40,
        "50": 40,
        "30": 44,
        "49": 44,
        "31": 7,
        "44": 7,
        "5": 17,
        "37": 17,
        "60": 17,
        "3": 19,
        "15": 19,
        "9": 40,
        "62": 40,
        "2": 32,
        "53": 32,
        "54": 32,
        "41": 20,
        "55": 20,
        "21": 4,
        "38": 4,
        "64": 4,
        "32": 7,
        "35": 7,
        "8": 17,
        "22": 17,
        "52": 48,
        "61": 48,
        "66": 48,
        "14": 11,
        "18": 11,
        "20": 11,
        "46": 11,
        "67": 11,
        "24": 28,
        "26": 28,
        "36": 28,
        "51": 28
    },
    "instance": null,
    "parameters": null,
    "parameters_data": null,
    "patients": null,
    "capacity": null,
    "num_days": null,
    "num_ORs": null,
    "num_surgeons": null,
    "initial_heuristics_time": 0.2869300842285156,
    "gap": 0.0
}