{
    "proved_optimal": false,
    "obj": 31,
    "relax_obj": 9.166666666666666,
    "num_LCs": 21,
    "num_callbacks": 24,
    "num_CG_iterations": null,
    "num_columns": null,
    "num_nodes": null,
    "overall_time": 1200.030853509903,
    "callback_time": 0.8044149875640869,
    "subproblem_time": null,
    "mp_time": null,
    "inh_time": null,
    "ilp_time": null,
    "surgeon_schedule": {
        "0": [
            40
        ],
        "1": [
            8
        ],
        "3": [
            19
        ],
        "4": [
            32
        ],
        "5": [
            39
        ],
        "6": [
            25,
            44
        ],
        "7": [
            12
        ],
        "8": [
            1
        ],
        "9": [
            29,
            48
        ],
        "11": [
            20
        ]
    },
    "patient_schedule": {
        "0": 8,
        "1": 32,
        "3": 25,
        "5": 8,
        "6": 19,
        "8": 19,
        "10": 1,
        "11": 29,
        "12": 44,
        "13": 19,
        "14": 1,
        "15": 48,
        "16": 12,
        "18": 39,
        "19": 20,
        "20": 32,
        "21": 25,
        "23": 48,
        "24": 40,
        "25": 8,
        "26": 40,
        "27": 25,
        "29": 1,
        "30": 12,
        "31": 12,
        "32": 25,
        "33": 25,
        "34": 19
    },
    "instance": null,
    "parameters": null,
    "parameters_data": null,
    "patients": null,
    "capacity": null,
    "num_days": null,
    "num_ORs": null,
    "num_surgeons": null,
    "gap": 2.3818181818181823
}