{
    "proved_optimal": true,
    "obj": 58,
    "relax_obj": 58.0,
    "num_LCs": 47,
    "num_callbacks": 710,
    "num_CG_iterations": 17,
    "num_columns": 187,
    "num_nodes": 1,
    "overall_time": 21.69648838043213,
    "callback_time": 1.304497241973877,
    "subproblem_time": 17.982653856277466,
    "mp_time": 3.7044548988342285,
    "inh_time": null,
    "ilp_time": 0.0,
    "surgeon_schedule": {
        "0": [
            30,
            42
        ],
        "1": [
            0
        ],
        "2": [
            17,
            39
        ],
        "3": [
            21
        ],
        "4": [
            28
        ],
        "6": [
            34
        ],
        "7": [
            11
        ],
        "8": [
            19
        ],
        "9": [
            6,
            49
        ],
        "11": [
            37
        ]
    },
    "patient_schedule": {
        "12": 30,
        "8": 42,
        "21": 42,
        "54": 42,
        "55": 42,
        "0": 0,
        "49": 0,
        "4": 17,
        "27": 17,
        "37": 17,
        "13": 39,
        "43": 39,
        "7": 21,
        "35": 21,
        "51": 21,
        "24": 28,
        "26": 28,
        "39": 28,
        "5": 34,
        "52": 34,
        "6": 11,
        "20": 11,
        "40": 11,
        "10": 19,
        "48": 19,
        "2": 6,
        "30": 6,
        "31": 6,
        "34": 6,
        "53": 6,
        "28": 49,
        "29": 49,
        "17": 37,
        "33": 37
    },
    "instance": null,
    "parameters": null,
    "parameters_data": null,
    "patients": null,
    "capacity": null,
    "num_days": null,
    "num_ORs": null,
    "num_surgeons": null,
    "initial_heuristics_time": 0.2484114170074463,
    "gap": 0.0
}