{
    "proved_optimal": false,
    "obj": 59,
    "relax_obj": 38.333333333333336,
    "num_LCs": 24,
    "num_callbacks": 28,
    "num_CG_iterations": null,
    "num_columns": null,
    "num_nodes": null,
    "overall_time": 1200.0264048576355,
    "callback_time": 2.5960912704467773,
    "subproblem_time": null,
    "mp_time": null,
    "inh_time": null,
    "ilp_time": null,
    "surgeon_schedule": {
        "0": [
            18
        ],
        "1": [
            35
        ],
        "3": [
            0,
            30
        ],
        "4": [
            11
        ],
        "6": [
            42
        ],
        "7": [
            24
        ],
        "8": [
            20,
            39
        ],
        "10": [
            6
        ],
        "11": [
            27,
            49
        ],
        "13": [
            29
        ]
    },
    "patient_schedule": {
        "0": 11,
        "1": 6,
        "5": 42,
        "9": 11,
        "10": 11,
        "12": 35,
        "13": 30,
        "14": 27,
        "16": 29,
        "17": 39,
        "20": 20,
        "21": 6,
        "22": 42,
        "23": 39,
        "24": 6,
        "25": 0,
        "26": 27,
        "28": 35,
        "32": 29,
        "33": 0,
        "34": 49,
        "35": 30,
        "36": 18,
        "37": 6,
        "38": 6,
        "41": 18,
        "45": 42,
        "47": 6,
        "48": 20,
        "49": 35,
        "52": 49,
        "53": 42,
        "54": 24,
        "55": 11
    },
    "instance": null,
    "parameters": null,
    "parameters_data": null,
    "patients": null,
    "capacity": null,
    "num_days": null,
    "num_ORs": null,
    "num_surgeons": null,
    "gap": 0.5391304347826086
}