{
    "proved_optimal": true,
    "obj": 58,
    "relax_obj": 58.0,
    "num_LCs": 41,
    "num_callbacks": 789,
    "num_CG_iterations": 18,
    "num_columns": 191,
    "num_nodes": 1,
    "overall_time": 18.936402320861816,
    "callback_time": 2.013782024383545,
    "subproblem_time": 15.217403173446655,
    "mp_time": 3.703378915786743,
    "inh_time": null,
    "ilp_time": 0.0,
    "surgeon_schedule": {
        "0": [
            33
        ],
        "1": [
            0
        ],
        "2": [
            9,
            20
        ],
        "3": [
            5
        ],
        "4": [
            48
        ],
        "6": [
            17
        ],
        "7": [
            41
        ],
        "8": [
            24
        ],
        "9": [
            11,
            28
        ],
        "11": [
            19
        ]
    },
    "patient_schedule": {
        "8": 33,
        "12": 33,
        "21": 33,
        "54": 33,
        "55": 33,
        "0": 0,
        "49": 0,
        "13": 9,
        "43": 9,
        "4": 20,
        "27": 20,
        "37": 20,
        "7": 5,
        "35": 5,
        "51": 5,
        "24": 48,
        "26": 48,
        "39": 48,
        "5": 17,
        "52": 17,
        "6": 41,
        "20": 41,
        "40": 41,
        "10": 24,
        "48": 24,
        "29": 11,
        "30": 11,
        "34": 11,
        "2": 28,
        "28": 28,
        "31": 28,
        "53": 28,
        "17": 19,
        "33": 19
    },
    "instance": null,
    "parameters": null,
    "parameters_data": null,
    "patients": null,
    "capacity": null,
    "num_days": null,
    "num_ORs": null,
    "num_surgeons": null,
    "initial_heuristics_time": 0.2519567012786865,
    "gap": 0.0
}