{
    "proved_optimal": false,
    "obj": 57,
    "relax_obj": 38.333333333333336,
    "num_LCs": 48,
    "num_callbacks": 42,
    "num_CG_iterations": null,
    "num_columns": null,
    "num_nodes": null,
    "overall_time": 1200.029175043106,
    "callback_time": 3.4332895278930664,
    "subproblem_time": null,
    "mp_time": null,
    "inh_time": null,
    "ilp_time": null,
    "surgeon_schedule": {
        "0": [
            5,
            33
        ],
        "1": [
            29
        ],
        "3": [
            49
        ],
        "5": [
            45
        ],
        "6": [
            13
        ],
        "7": [
            0
        ],
        "8": [
            9,
            27,
            40
        ],
        "9": [
            21
        ]
    },
    "patient_schedule": {
        "0": 40,
        "1": 13,
        "3": 13,
        "5": 9,
        "6": 0,
        "9": 13,
        "10": 5,
        "12": 33,
        "14": 5,
        "16": 49,
        "17": 21,
        "18": 21,
        "21": 21,
        "23": 0,
        "26": 45,
        "28": 33,
        "31": 13,
        "33": 9,
        "34": 27,
        "35": 29,
        "36": 5,
        "37": 29,
        "38": 13,
        "39": 49,
        "40": 33,
        "41": 33,
        "43": 49,
        "44": 27,
        "47": 29,
        "48": 45,
        "49": 45,
        "53": 21,
        "54": 40,
        "55": 5
    },
    "instance": null,
    "parameters": null,
    "parameters_data": null,
    "patients": null,
    "capacity": null,
    "num_days": null,
    "num_ORs": null,
    "num_surgeons": null,
    "gap": 0.48695652173913034
}