{
    "proved_optimal": true,
    "obj": 59,
    "relax_obj": 58.5,
    "num_LCs": 18,
    "num_callbacks": 560,
    "num_CG_iterations": 15,
    "num_columns": 172,
    "num_nodes": 1,
    "overall_time": 11.956998109817505,
    "callback_time": 1.0902020931243896,
    "subproblem_time": 7.919036149978638,
    "mp_time": 4.029829025268555,
    "inh_time": null,
    "ilp_time": 0.0,
    "surgeon_schedule": {
        "0": [
            5
        ],
        "1": [
            17,
            39
        ],
        "3": [
            14,
            24
        ],
        "4": [
            48
        ],
        "6": [
            28
        ],
        "7": [
            30
        ],
        "8": [
            10,
            40
        ],
        "9": [
            9
        ],
        "10": [
            19,
            37,
            44
        ],
        "11": [
            0,
            20
        ],
        "13": [
            34
        ]
    },
    "patient_schedule": {
        "36": 5,
        "41": 5,
        "12": 17,
        "28": 39,
        "49": 39,
        "25": 14,
        "33": 14,
        "13": 24,
        "35": 24,
        "0": 48,
        "9": 48,
        "10": 48,
        "55": 48,
        "5": 28,
        "45": 28,
        "53": 28,
        "54": 30,
        "20": 10,
        "48": 10,
        "17": 40,
        "23": 40,
        "6": 9,
        "7": 9,
        "1": 19,
        "21": 19,
        "38": 37,
        "47": 37,
        "24": 44,
        "37": 44,
        "14": 0,
        "26": 0,
        "34": 20,
        "52": 20,
        "16": 34,
        "32": 34
    },
    "instance": null,
    "parameters": null,
    "parameters_data": null,
    "patients": null,
    "capacity": null,
    "num_days": null,
    "num_ORs": null,
    "num_surgeons": null,
    "initial_heuristics_time": 0.302854061126709,
    "gap": 0.008547008547008548
}