{
    "proved_optimal": false,
    "obj": 59,
    "relax_obj": 38.333333333333336,
    "num_LCs": 21,
    "num_callbacks": 24,
    "num_CG_iterations": null,
    "num_columns": null,
    "num_nodes": null,
    "overall_time": 1200.0120000839233,
    "callback_time": 1.8620190620422363,
    "subproblem_time": null,
    "mp_time": null,
    "inh_time": null,
    "ilp_time": null,
    "surgeon_schedule": {
        "1": [
            21
        ],
        "3": [
            37,
            40
        ],
        "4": [
            45
        ],
        "6": [
            10,
            31
        ],
        "7": [
            27
        ],
        "8": [
            39,
            49
        ],
        "10": [
            16
        ],
        "11": [
            3
        ],
        "13": [
            29
        ]
    },
    "patient_schedule": {
        "0": 45,
        "1": 16,
        "5": 31,
        "9": 45,
        "10": 45,
        "12": 21,
        "13": 40,
        "14": 3,
        "15": 3,
        "16": 29,
        "17": 49,
        "20": 39,
        "21": 16,
        "22": 10,
        "23": 49,
        "24": 16,
        "25": 37,
        "28": 21,
        "31": 3,
        "32": 29,
        "33": 37,
        "34": 3,
        "35": 40,
        "37": 16,
        "38": 16,
        "44": 3,
        "45": 31,
        "47": 16,
        "48": 39,
        "49": 21,
        "52": 3,
        "53": 31,
        "54": 27,
        "55": 45
    },
    "instance": null,
    "parameters": null,
    "parameters_data": null,
    "patients": null,
    "capacity": null,
    "num_days": null,
    "num_ORs": null,
    "num_surgeons": null,
    "gap": 0.5391304347826086
}