{
    "proved_optimal": false,
    "obj": 71,
    "relax_obj": 44.09090909090909,
    "num_LCs": 25,
    "num_callbacks": 23,
    "num_CG_iterations": null,
    "num_columns": null,
    "num_nodes": null,
    "overall_time": 1200.0444102287292,
    "callback_time": 1.4163057804107666,
    "subproblem_time": null,
    "mp_time": null,
    "inh_time": null,
    "ilp_time": null,
    "surgeon_schedule": {
        "0": [
            28
        ],
        "1": [
            38
        ],
        "2": [
            49
        ],
        "4": [
            42
        ],
        "5": [
            10,
            24
        ],
        "8": [
            20,
            30
        ],
        "9": [
            6
        ],
        "10": [
            16
        ],
        "11": [
            0,
            34
        ]
    },
    "patient_schedule": {
        "2": 24,
        "4": 6,
        "5": 42,
        "7": 28,
        "8": 6,
        "13": 49,
        "15": 42,
        "16": 0,
        "17": 6,
        "18": 16,
        "19": 34,
        "22": 16,
        "24": 10,
        "26": 6,
        "28": 0,
        "30": 10,
        "31": 16,
        "32": 34,
        "33": 28,
        "36": 38,
        "37": 38,
        "39": 28,
        "40": 20,
        "41": 30,
        "43": 24,
        "46": 42,
        "47": 6,
        "49": 42,
        "51": 16,
        "52": 0,
        "53": 34,
        "55": 49,
        "56": 34
    },
    "instance": null,
    "parameters": null,
    "parameters_data": null,
    "patients": null,
    "capacity": null,
    "num_days": null,
    "num_ORs": null,
    "num_surgeons": null,
    "gap": 0.6103092783505154
}