{
    "proved_optimal": false,
    "obj": 58,
    "relax_obj": 38.333333333333336,
    "num_LCs": 40,
    "num_callbacks": 36,
    "num_CG_iterations": null,
    "num_columns": null,
    "num_nodes": null,
    "overall_time": 1200.00772356987,
    "callback_time": 2.616905450820923,
    "subproblem_time": null,
    "mp_time": null,
    "inh_time": null,
    "ilp_time": null,
    "surgeon_schedule": {
        "0": [
            29,
            32
        ],
        "1": [
            20
        ],
        "2": [
            7,
            49
        ],
        "3": [
            1
        ],
        "4": [
            18
        ],
        "6": [
            9
        ],
        "7": [
            25
        ],
        "8": [
            39
        ],
        "9": [
            11,
            41
        ],
        "11": [
            47
        ]
    },
    "patient_schedule": {
        "0": 20,
        "2": 11,
        "4": 49,
        "5": 9,
        "6": 25,
        "7": 1,
        "8": 32,
        "10": 39,
        "12": 29,
        "13": 7,
        "17": 47,
        "20": 25,
        "21": 32,
        "24": 18,
        "26": 18,
        "27": 49,
        "28": 11,
        "29": 41,
        "30": 11,
        "31": 41,
        "33": 47,
        "34": 41,
        "35": 1,
        "37": 49,
        "39": 18,
        "40": 25,
        "43": 7,
        "48": 39,
        "49": 20,
        "51": 1,
        "52": 9,
        "53": 11,
        "54": 32,
        "55": 32
    },
    "instance": null,
    "parameters": null,
    "parameters_data": null,
    "patients": null,
    "capacity": null,
    "num_days": null,
    "num_ORs": null,
    "num_surgeons": null,
    "gap": 0.5130434782608695
}