{
    "proved_optimal": true,
    "obj": 58,
    "relax_obj": 58.0,
    "num_LCs": 145,
    "num_callbacks": 804,
    "num_CG_iterations": 17,
    "num_columns": 173,
    "num_nodes": 1,
    "overall_time": 19.73060393333435,
    "callback_time": 2.8520383834838867,
    "subproblem_time": 16.174798727035522,
    "mp_time": 3.546616792678833,
    "inh_time": null,
    "ilp_time": 0.0,
    "surgeon_schedule": {
        "0": [
            24,
            32
        ],
        "1": [
            0
        ],
        "2": [
            19,
            39
        ],
        "3": [
            11
        ],
        "4": [
            28
        ],
        "6": [
            20
        ],
        "7": [
            48
        ],
        "8": [
            40
        ],
        "9": [
            6,
            44
        ],
        "11": [
            17
        ]
    },
    "patient_schedule": {
        "12": 24,
        "8": 32,
        "21": 32,
        "54": 32,
        "55": 32,
        "0": 0,
        "49": 0,
        "13": 19,
        "43": 19,
        "4": 39,
        "27": 39,
        "37": 39,
        "7": 11,
        "35": 11,
        "51": 11,
        "24": 28,
        "26": 28,
        "39": 28,
        "5": 20,
        "52": 20,
        "6": 48,
        "20": 48,
        "40": 48,
        "10": 40,
        "48": 40,
        "2": 6,
        "30": 6,
        "31": 6,
        "34": 6,
        "53": 6,
        "28": 44,
        "29": 44,
        "17": 17,
        "33": 17
    },
    "instance": null,
    "parameters": null,
    "parameters_data": null,
    "patients": null,
    "capacity": null,
    "num_days": null,
    "num_ORs": null,
    "num_surgeons": null,
    "initial_heuristics_time": 0.25420141220092773,
    "gap": 0.0
}