{
    "proved_optimal": true,
    "obj": 67,
    "relax_obj": 67.0,
    "num_LCs": 52,
    "num_callbacks": 1446,
    "num_CG_iterations": 36,
    "num_columns": 291,
    "num_nodes": 11,
    "overall_time": 49.415252923965454,
    "callback_time": 3.1373674869537354,
    "subproblem_time": 37.167428970336914,
    "mp_time": 12.20475149154663,
    "inh_time": null,
    "ilp_time": 0.0,
    "surgeon_schedule": {
        "0": [
            30
        ],
        "2": [
            18
        ],
        "4": [
            22
        ],
        "5": [
            9,
            11
        ],
        "8": [
            29,
            46
        ],
        "9": [
            35,
            40
        ],
        "10": [
            1
        ],
        "11": [
            7,
            39
        ]
    },
    "patient_schedule": {
        "7": 30,
        "33": 30,
        "42": 30,
        "13": 18,
        "34": 18,
        "55": 18,
        "5": 22,
        "15": 22,
        "46": 22,
        "49": 22,
        "2": 9,
        "24": 9,
        "14": 11,
        "43": 11,
        "40": 29,
        "27": 46,
        "41": 46,
        "48": 46,
        "4": 35,
        "8": 35,
        "26": 35,
        "47": 35,
        "17": 40,
        "18": 1,
        "31": 1,
        "51": 1,
        "16": 7,
        "19": 7,
        "28": 39,
        "32": 39,
        "52": 39,
        "53": 39,
        "56": 39
    },
    "instance": null,
    "parameters": null,
    "parameters_data": null,
    "patients": null,
    "capacity": null,
    "num_days": null,
    "num_ORs": null,
    "num_surgeons": null,
    "initial_heuristics_time": 0.2634458541870117,
    "gap": 0.0
}