{
    "proved_optimal": true,
    "obj": 57,
    "relax_obj": 57.0,
    "num_LCs": 68,
    "num_callbacks": 1159,
    "num_CG_iterations": 32,
    "num_columns": 237,
    "num_nodes": 11,
    "overall_time": 57.35397672653198,
    "callback_time": 2.3625361919403076,
    "subproblem_time": 48.138869524002075,
    "mp_time": 9.171191453933716,
    "inh_time": null,
    "ilp_time": 0.0,
    "surgeon_schedule": {
        "0": [
            6,
            17,
            20,
            37,
            47
        ],
        "1": [
            0,
            10
        ],
        "3": [
            11
        ],
        "5": [
            0,
            30,
            47
        ],
        "6": [
            17,
            46
        ],
        "7": [
            30
        ],
        "8": [
            9,
            19,
            24,
            37,
            49
        ],
        "9": [
            31
        ]
    },
    "patient_schedule": {
        "40": 6,
        "41": 6,
        "14": 17,
        "28": 17,
        "12": 20,
        "10": 37,
        "36": 37,
        "55": 47,
        "35": 0,
        "37": 0,
        "47": 0,
        "24": 10,
        "25": 11,
        "29": 11,
        "39": 11,
        "43": 11,
        "49": 0,
        "20": 30,
        "48": 30,
        "26": 47,
        "1": 17,
        "31": 17,
        "3": 46,
        "9": 46,
        "38": 46,
        "6": 30,
        "23": 30,
        "0": 9,
        "54": 9,
        "2": 19,
        "5": 19,
        "33": 24,
        "34": 37,
        "44": 37,
        "32": 49,
        "17": 31,
        "18": 31,
        "21": 31,
        "53": 31
    },
    "instance": null,
    "parameters": null,
    "parameters_data": null,
    "patients": null,
    "capacity": null,
    "num_days": null,
    "num_ORs": null,
    "num_surgeons": null,
    "initial_heuristics_time": 0.23659491539001465,
    "gap": 0.0
}