{
    "proved_optimal": false,
    "obj": 201,
    "relax_obj": 90.81818181818181,
    "num_LCs": 339,
    "num_callbacks": 66,
    "num_CG_iterations": null,
    "num_columns": null,
    "num_nodes": null,
    "overall_time": 1200.0134930610657,
    "callback_time": 13.085710763931274,
    "subproblem_time": null,
    "mp_time": null,
    "inh_time": null,
    "ilp_time": null,
    "surgeon_schedule": {
        "0": [
            1,
            16
        ],
        "1": [
            0,
            10,
            21,
            39,
            49
        ],
        "2": [
            8,
            31
        ],
        "3": [
            23,
            43
        ],
        "4": [
            8,
            18,
            20
        ],
        "5": [
            38
        ],
        "6": [
            33
        ],
        "8": [
            31
        ],
        "9": [
            8,
            16,
            40
        ],
        "10": [
            10,
            45
        ],
        "11": [
            37,
            42
        ],
        "12": [
            7,
            26,
            34
        ],
        "13": [
            11,
            48
        ],
        "14": [
            38
        ],
        "15": [
            13
        ],
        "16": [
            4,
            26,
            30,
            49
        ],
        "17": [
            1,
            40
        ],
        "18": [
            0,
            20,
            44
        ],
        "19": [
            28
        ]
    },
    "patient_schedule": {
        "1": 4,
        "2": 8,
        "3": 26,
        "4": 20,
        "5": 33,
        "8": 28,
        "9": 23,
        "10": 49,
        "11": 26,
        "12": 10,
        "14": 43,
        "17": 48,
        "18": 1,
        "19": 31,
        "20": 16,
        "21": 11,
        "23": 28,
        "24": 1,
        "26": 16,
        "27": 13,
        "28": 8,
        "31": 13,
        "32": 16,
        "33": 1,
        "34": 42,
        "35": 21,
        "37": 8,
        "41": 45,
        "44": 38,
        "45": 45,
        "47": 0,
        "48": 38,
        "49": 21,
        "51": 40,
        "52": 45,
        "53": 20,
        "55": 43,
        "56": 16,
        "57": 38,
        "59": 48,
        "62": 44,
        "63": 20,
        "64": 20,
        "65": 39,
        "66": 8,
        "67": 28,
        "68": 4,
        "69": 8,
        "70": 33,
        "71": 13,
        "73": 23,
        "75": 48,
        "76": 33,
        "77": 23,
        "78": 26,
        "79": 8,
        "82": 0,
        "83": 30,
        "84": 28,
        "85": 8,
        "86": 7,
        "87": 42,
        "88": 37,
        "89": 38,
        "92": 7,
        "93": 39,
        "94": 18,
        "95": 33,
        "97": 26,
        "98": 26,
        "99": 8,
        "100": 1,
        "101": 26,
        "102": 0,
        "104": 42,
        "105": 13,
        "106": 0,
        "107": 31,
        "108": 37,
        "112": 18,
        "113": 43,
        "115": 16,
        "119": 38,
        "120": 33,
        "121": 11,
        "122": 43,
        "123": 43,
        "124": 10,
        "126": 38,
        "127": 34,
        "134": 40,
        "135": 43,
        "138": 38,
        "139": 42,
        "140": 33,
        "141": 4,
        "142": 49,
        "144": 16,
        "146": 31,
        "147": 26,
        "151": 10,
        "152": 11,
        "153": 31,
        "154": 40,
        "158": 38,
        "162": 31,
        "164": 1,
        "166": 13,
        "167": 31,
        "168": 40,
        "169": 13,
        "171": 1,
        "172": 1,
        "174": 13,
        "181": 23,
        "182": 42,
        "183": 45,
        "184": 28,
        "185": 33
    },
    "instance": null,
    "parameters": null,
    "parameters_data": null,
    "patients": null,
    "capacity": null,
    "num_days": null,
    "num_ORs": null,
    "num_surgeons": null,
    "gap": 1.2132132132132134
}