{
    "proved_optimal": false,
    "obj": 61,
    "relax_obj": 38.333333333333336,
    "num_LCs": 34,
    "num_callbacks": 27,
    "num_CG_iterations": null,
    "num_columns": null,
    "num_nodes": null,
    "overall_time": 1200.030532836914,
    "callback_time": 1.5080089569091797,
    "subproblem_time": null,
    "mp_time": null,
    "inh_time": null,
    "ilp_time": null,
    "surgeon_schedule": {
        "0": [
            23
        ],
        "1": [
            14
        ],
        "2": [
            10,
            30
        ],
        "4": [
            37
        ],
        "5": [
            48
        ],
        "6": [
            18
        ],
        "7": [
            41
        ],
        "8": [
            39
        ],
        "9": [
            3
        ],
        "11": [
            34
        ]
    },
    "patient_schedule": {
        "0": 14,
        "2": 3,
        "3": 48,
        "4": 10,
        "5": 18,
        "6": 41,
        "8": 23,
        "10": 39,
        "12": 23,
        "13": 30,
        "14": 48,
        "17": 34,
        "20": 41,
        "21": 23,
        "27": 10,
        "28": 3,
        "29": 3,
        "30": 3,
        "31": 3,
        "32": 18,
        "33": 34,
        "34": 3,
        "37": 10,
        "39": 37,
        "40": 41,
        "43": 30,
        "44": 37,
        "48": 39,
        "49": 14,
        "52": 18,
        "53": 3,
        "54": 23,
        "55": 23
    },
    "instance": null,
    "parameters": null,
    "parameters_data": null,
    "patients": null,
    "capacity": null,
    "num_days": null,
    "num_ORs": null,
    "num_surgeons": null,
    "gap": 0.5913043478260869
}