{
    "proved_optimal": true,
    "obj": 59,
    "relax_obj": 58.5,
    "num_LCs": 23,
    "num_callbacks": 603,
    "num_CG_iterations": 15,
    "num_columns": 176,
    "num_nodes": 1,
    "overall_time": 10.556835889816284,
    "callback_time": 0.7829411029815674,
    "subproblem_time": 7.421480655670166,
    "mp_time": 3.1277685165405273,
    "inh_time": null,
    "ilp_time": 0.0,
    "surgeon_schedule": {
        "0": [
            48
        ],
        "1": [
            4,
            30
        ],
        "3": [
            14,
            24
        ],
        "4": [
            35
        ],
        "6": [
            28
        ],
        "7": [
            0
        ],
        "8": [
            10,
            40
        ],
        "10": [
            9,
            17,
            44
        ],
        "11": [
            7,
            39
        ],
        "12": [
            20
        ],
        "13": [
            19
        ]
    },
    "patient_schedule": {
        "36": 48,
        "41": 48,
        "12": 4,
        "28": 30,
        "49": 30,
        "25": 14,
        "33": 14,
        "13": 24,
        "35": 24,
        "0": 35,
        "9": 35,
        "10": 35,
        "55": 35,
        "5": 28,
        "45": 28,
        "53": 28,
        "54": 0,
        "20": 10,
        "48": 10,
        "17": 40,
        "23": 40,
        "38": 9,
        "47": 9,
        "21": 17,
        "37": 17,
        "1": 44,
        "24": 44,
        "34": 7,
        "52": 7,
        "14": 39,
        "26": 39,
        "51": 20,
        "16": 19,
        "32": 19
    },
    "instance": null,
    "parameters": null,
    "parameters_data": null,
    "patients": null,
    "capacity": null,
    "num_days": null,
    "num_ORs": null,
    "num_surgeons": null,
    "initial_heuristics_time": 0.6306724548339844,
    "gap": 0.008547008547008548
}