{
    "proved_optimal": false,
    "obj": 68,
    "relax_obj": 44.09090909090909,
    "num_LCs": 34,
    "num_callbacks": 39,
    "num_CG_iterations": null,
    "num_columns": null,
    "num_nodes": null,
    "overall_time": 1200.0316569805145,
    "callback_time": 2.275127410888672,
    "subproblem_time": null,
    "mp_time": null,
    "inh_time": null,
    "ilp_time": null,
    "surgeon_schedule": {
        "0": [
            1
        ],
        "2": [
            28,
            41
        ],
        "4": [
            32
        ],
        "5": [
            9,
            21
        ],
        "8": [
            19,
            39
        ],
        "9": [
            48
        ],
        "10": [
            15
        ],
        "11": [
            7,
            10
        ]
    },
    "patient_schedule": {
        "2": 9,
        "4": 48,
        "5": 32,
        "7": 1,
        "8": 48,
        "13": 41,
        "14": 21,
        "15": 32,
        "16": 7,
        "18": 15,
        "19": 10,
        "23": 41,
        "24": 9,
        "26": 48,
        "28": 7,
        "31": 15,
        "32": 10,
        "33": 1,
        "34": 41,
        "39": 1,
        "40": 19,
        "41": 39,
        "43": 21,
        "46": 32,
        "47": 48,
        "49": 32,
        "50": 28,
        "51": 15,
        "52": 7,
        "53": 10,
        "55": 28,
        "56": 10
    },
    "instance": null,
    "parameters": null,
    "parameters_data": null,
    "patients": null,
    "capacity": null,
    "num_days": null,
    "num_ORs": null,
    "num_surgeons": null,
    "gap": 0.5422680412371134
}