{
    "proved_optimal": true,
    "obj": 57,
    "relax_obj": 57.0,
    "num_LCs": 75,
    "num_callbacks": 1282,
    "num_CG_iterations": 33,
    "num_columns": 236,
    "num_nodes": 11,
    "overall_time": 77.31567478179932,
    "callback_time": 3.145045280456543,
    "subproblem_time": 68.20883202552795,
    "mp_time": 9.05718445777893,
    "inh_time": null,
    "ilp_time": 0.0,
    "surgeon_schedule": {
        "0": [
            4,
            10,
            39
        ],
        "1": [
            0
        ],
        "3": [
            41
        ],
        "5": [
            48
        ],
        "6": [
            16,
            20
        ],
        "7": [
            30
        ],
        "8": [
            8,
            28
        ],
        "9": [
            25
        ]
    },
    "patient_schedule": {
        "10": 4,
        "14": 4,
        "28": 4,
        "36": 10,
        "55": 10,
        "12": 39,
        "35": 0,
        "37": 0,
        "47": 0,
        "25": 41,
        "29": 41,
        "39": 41,
        "43": 41,
        "26": 48,
        "48": 48,
        "49": 48,
        "3": 16,
        "9": 16,
        "38": 16,
        "1": 20,
        "31": 20,
        "6": 30,
        "23": 30,
        "0": 8,
        "2": 8,
        "5": 8,
        "54": 8,
        "33": 28,
        "34": 28,
        "44": 28,
        "17": 25,
        "18": 25,
        "21": 25,
        "53": 25
    },
    "instance": null,
    "parameters": null,
    "parameters_data": null,
    "patients": null,
    "capacity": null,
    "num_days": null,
    "num_ORs": null,
    "num_surgeons": null,
    "initial_heuristics_time": 0.24926304817199707,
    "gap": 0.0
}