{
    "proved_optimal": true,
    "obj": 58,
    "relax_obj": 58.0,
    "num_LCs": 50,
    "num_callbacks": 1416,
    "num_CG_iterations": 202,
    "num_columns": 201,
    "num_nodes": 1,
    "overall_time": 91.36294841766357,
    "callback_time": 2.3354969024658203,
    "subproblem_time": 49.91878414154053,
    "mp_time": 41.363364696502686,
    "inh_time": null,
    "ilp_time": 0.0,
    "surgeon_schedule": {
        "0": [
            29,
            42
        ],
        "1": [
            27
        ],
        "2": [
            20,
            30
        ],
        "3": [
            8
        ],
        "4": [
            11
        ],
        "6": [
            49
        ],
        "7": [
            1
        ],
        "8": [
            24
        ],
        "9": [
            17,
            36
        ],
        "11": [
            19
        ]
    },
    "patient_schedule": {
        "12": 29,
        "8": 42,
        "21": 42,
        "54": 42,
        "55": 42,
        "0": 27,
        "49": 27,
        "4": 20,
        "27": 20,
        "37": 20,
        "13": 30,
        "43": 30,
        "7": 8,
        "35": 8,
        "51": 8,
        "24": 11,
        "26": 11,
        "39": 11,
        "5": 49,
        "52": 49,
        "6": 1,
        "20": 1,
        "40": 1,
        "10": 24,
        "48": 24,
        "28": 17,
        "29": 17,
        "2": 36,
        "30": 36,
        "31": 36,
        "34": 36,
        "53": 36,
        "17": 19,
        "33": 19
    },
    "instance": null,
    "parameters": null,
    "parameters_data": null,
    "patients": null,
    "capacity": null,
    "num_days": null,
    "num_ORs": null,
    "num_surgeons": null,
    "initial_heuristics_time": 0.2508249282836914,
    "gap": 0.0
}