{
    "proved_optimal": true,
    "obj": 67,
    "relax_obj": 67.0,
    "num_LCs": 63,
    "num_callbacks": 871,
    "num_CG_iterations": 22,
    "num_columns": 199,
    "num_nodes": 5,
    "overall_time": 31.36574411392212,
    "callback_time": 1.6130554676055908,
    "subproblem_time": 26.183378219604492,
    "mp_time": 5.15772557258606,
    "inh_time": null,
    "ilp_time": 0.0,
    "surgeon_schedule": {
        "0": [
            39
        ],
        "2": [
            1
        ],
        "4": [
            42
        ],
        "5": [
            9,
            31
        ],
        "8": [
            7,
            12
        ],
        "9": [
            28,
            37
        ],
        "10": [
            21
        ],
        "11": [
            19,
            49
        ]
    },
    "patient_schedule": {
        "7": 39,
        "33": 39,
        "42": 39,
        "13": 1,
        "34": 1,
        "55": 1,
        "5": 42,
        "15": 42,
        "46": 42,
        "49": 42,
        "2": 9,
        "24": 9,
        "14": 31,
        "43": 31,
        "40": 7,
        "27": 12,
        "41": 12,
        "48": 12,
        "4": 28,
        "8": 28,
        "26": 28,
        "47": 28,
        "17": 37,
        "18": 21,
        "31": 21,
        "51": 21,
        "16": 19,
        "19": 19,
        "28": 49,
        "32": 49,
        "52": 49,
        "53": 49,
        "56": 49
    },
    "instance": null,
    "parameters": null,
    "parameters_data": null,
    "patients": null,
    "capacity": null,
    "num_days": null,
    "num_ORs": null,
    "num_surgeons": null,
    "initial_heuristics_time": 0.26708459854125977,
    "gap": 0.0
}