{
    "proved_optimal": true,
    "obj": 34,
    "relax_obj": 34.0,
    "num_LCs": 16,
    "num_callbacks": 508,
    "num_CG_iterations": 14,
    "num_columns": 143,
    "num_nodes": 1,
    "overall_time": 10.271395444869995,
    "callback_time": 0.8042254447937012,
    "subproblem_time": 7.907149791717529,
    "mp_time": 2.3582093715667725,
    "inh_time": null,
    "ilp_time": 0.0,
    "surgeon_schedule": {
        "0": [
            38
        ],
        "1": [
            24
        ],
        "2": [
            28
        ],
        "5": [
            48
        ],
        "6": [
            14,
            20,
            44
        ],
        "7": [
            31,
            40
        ],
        "9": [
            0,
            10
        ],
        "10": [
            6
        ],
        "11": [
            18
        ]
    },
    "patient_schedule": {
        "17": 38,
        "29": 38,
        "33": 24,
        "4": 28,
        "5": 28,
        "14": 28,
        "20": 48,
        "34": 48,
        "11": 14,
        "37": 14,
        "22": 20,
        "31": 20,
        "8": 44,
        "7": 31,
        "10": 31,
        "12": 31,
        "28": 40,
        "2": 0,
        "3": 0,
        "26": 10,
        "9": 6,
        "13": 6,
        "15": 18,
        "18": 18,
        "21": 18
    },
    "instance": null,
    "parameters": null,
    "parameters_data": null,
    "patients": null,
    "capacity": null,
    "num_days": null,
    "num_ORs": null,
    "num_surgeons": null,
    "initial_heuristics_time": 0.23243236541748047,
    "gap": 0.0
}