{
    "proved_optimal": true,
    "obj": 49,
    "relax_obj": 49.0,
    "num_LCs": 34,
    "num_callbacks": 629,
    "num_CG_iterations": 17,
    "num_columns": 184,
    "num_nodes": 1,
    "overall_time": 17.291922330856323,
    "callback_time": 1.8315372467041016,
    "subproblem_time": 12.254035949707031,
    "mp_time": 5.028532266616821,
    "inh_time": null,
    "ilp_time": 0.0,
    "surgeon_schedule": {
        "0": [
            41
        ],
        "1": [
            11
        ],
        "2": [
            35,
            48
        ],
        "3": [
            39
        ],
        "4": [
            30
        ],
        "5": [
            18,
            29
        ],
        "6": [
            25
        ],
        "8": [
            6
        ],
        "9": [
            0
        ],
        "10": [
            20
        ]
    },
    "patient_schedule": {
        "5": 41,
        "33": 41,
        "0": 11,
        "15": 11,
        "27": 11,
        "2": 35,
        "8": 35,
        "28": 48,
        "44": 48,
        "3": 39,
        "22": 30,
        "23": 30,
        "11": 18,
        "12": 18,
        "39": 18,
        "20": 29,
        "35": 25,
        "37": 25,
        "41": 25,
        "43": 25,
        "17": 6,
        "21": 6,
        "40": 6,
        "46": 6,
        "1": 0,
        "9": 0,
        "4": 20,
        "24": 20
    },
    "instance": null,
    "parameters": null,
    "parameters_data": null,
    "patients": null,
    "capacity": null,
    "num_days": null,
    "num_ORs": null,
    "num_surgeons": null,
    "initial_heuristics_time": 0.9931261539459229,
    "gap": 0.0
}