{
    "proved_optimal": true,
    "obj": 47,
    "relax_obj": 46.666666666666664,
    "num_LCs": 18,
    "num_callbacks": 589,
    "num_CG_iterations": 16,
    "num_columns": 181,
    "num_nodes": 1,
    "overall_time": 10.324689865112305,
    "callback_time": 0.8237698078155518,
    "subproblem_time": 6.147955656051636,
    "mp_time": 4.168856382369995,
    "inh_time": null,
    "ilp_time": 0.0,
    "surgeon_schedule": {
        "0": [
            39
        ],
        "1": [
            42
        ],
        "2": [
            28
        ],
        "3": [
            9
        ],
        "4": [
            5,
            49
        ],
        "6": [
            30
        ],
        "7": [
            0,
            35
        ],
        "8": [
            10
        ],
        "9": [
            16
        ],
        "13": [
            21
        ]
    },
    "patient_schedule": {
        "9": 39,
        "43": 39,
        "11": 42,
        "15": 42,
        "25": 42,
        "5": 28,
        "46": 28,
        "4": 9,
        "40": 9,
        "3": 5,
        "26": 5,
        "37": 5,
        "13": 49,
        "20": 49,
        "21": 30,
        "28": 0,
        "39": 0,
        "33": 35,
        "45": 35,
        "38": 10,
        "47": 10,
        "1": 16,
        "12": 16,
        "22": 16,
        "31": 16,
        "0": 21,
        "2": 21,
        "8": 21
    },
    "instance": null,
    "parameters": null,
    "parameters_data": null,
    "patients": null,
    "capacity": null,
    "num_days": null,
    "num_ORs": null,
    "num_surgeons": null,
    "initial_heuristics_time": 0.27643585205078125,
    "gap": 0.007142857142857194
}