{
    "proved_optimal": false,
    "obj": 178,
    "relax_obj": 99.0,
    "num_LCs": 356,
    "num_callbacks": 65,
    "num_CG_iterations": null,
    "num_columns": null,
    "num_nodes": null,
    "overall_time": 1200.010449886322,
    "callback_time": 13.451121091842651,
    "subproblem_time": null,
    "mp_time": null,
    "inh_time": null,
    "ilp_time": null,
    "surgeon_schedule": {
        "0": [
            13,
            21
        ],
        "1": [
            9,
            19,
            20
        ],
        "2": [
            5,
            11,
            28,
            35,
            48
        ],
        "3": [
            39,
            44
        ],
        "4": [
            31
        ],
        "5": [
            20
        ],
        "6": [
            24,
            30,
            40
        ],
        "7": [
            8,
            19,
            22,
            39,
            48
        ],
        "8": [
            29,
            41
        ],
        "9": [
            49
        ],
        "10": [
            1,
            12,
            29,
            30,
            47
        ],
        "11": [
            18,
            29
        ],
        "12": [
            0,
            27,
            43
        ],
        "13": [
            7,
            17,
            35
        ],
        "14": [
            0,
            11,
            39,
            41
        ],
        "16": [
            3,
            38
        ],
        "17": [
            25
        ],
        "18": [
            9,
            32
        ],
        "19": [
            4
        ]
    },
    "patient_schedule": {
        "0": 3,
        "2": 1,
        "3": 22,
        "4": 30,
        "5": 7,
        "7": 25,
        "8": 38,
        "9": 48,
        "10": 32,
        "11": 35,
        "13": 0,
        "14": 43,
        "15": 28,
        "17": 18,
        "19": 35,
        "20": 5,
        "21": 32,
        "24": 35,
        "25": 22,
        "27": 12,
        "28": 13,
        "31": 8,
        "33": 5,
        "34": 11,
        "35": 39,
        "37": 9,
        "38": 40,
        "39": 32,
        "41": 25,
        "45": 11,
        "46": 41,
        "47": 30,
        "48": 41,
        "50": 38,
        "51": 18,
        "52": 29,
        "55": 35,
        "58": 9,
        "59": 48,
        "60": 28,
        "62": 44,
        "64": 9,
        "65": 39,
        "66": 0,
        "67": 41,
        "70": 28,
        "71": 20,
        "72": 22,
        "73": 29,
        "75": 0,
        "76": 24,
        "77": 48,
        "78": 21,
        "81": 39,
        "82": 41,
        "83": 29,
        "84": 39,
        "87": 43,
        "88": 49,
        "90": 25,
        "92": 9,
        "93": 12,
        "94": 3,
        "95": 49,
        "96": 31,
        "97": 43,
        "98": 20,
        "99": 31,
        "100": 9,
        "102": 0,
        "103": 30,
        "104": 18,
        "105": 3,
        "107": 35,
        "108": 9,
        "109": 48,
        "116": 19,
        "118": 41,
        "119": 40,
        "121": 0,
        "124": 41,
        "125": 21,
        "126": 12,
        "128": 13,
        "130": 41,
        "132": 4,
        "133": 29,
        "134": 49,
        "135": 5,
        "136": 29,
        "137": 13,
        "138": 19,
        "139": 1,
        "142": 19,
        "144": 11,
        "146": 39,
        "147": 20,
        "149": 32,
        "150": 24,
        "151": 17,
        "152": 47,
        "153": 8,
        "154": 27,
        "155": 20,
        "156": 38,
        "157": 39,
        "158": 39,
        "160": 4,
        "162": 43,
        "163": 18,
        "164": 13,
        "165": 25,
        "166": 11,
        "171": 3,
        "172": 13,
        "173": 27,
        "174": 29,
        "175": 17,
        "176": 21,
        "182": 20,
        "183": 22,
        "184": 22,
        "187": 48,
        "188": 30,
        "189": 28,
        "191": 1,
        "192": 29
    },
    "instance": null,
    "parameters": null,
    "parameters_data": null,
    "patients": null,
    "capacity": null,
    "num_days": null,
    "num_ORs": null,
    "num_surgeons": null,
    "gap": 0.797979797979798
}