{
    "proved_optimal": true,
    "obj": 49,
    "relax_obj": 49.0,
    "num_LCs": 30,
    "num_callbacks": 613,
    "num_CG_iterations": 17,
    "num_columns": 186,
    "num_nodes": 1,
    "overall_time": 15.747164726257324,
    "callback_time": 1.0807628631591797,
    "subproblem_time": 12.078574657440186,
    "mp_time": 3.658968687057495,
    "inh_time": null,
    "ilp_time": 0.0,
    "surgeon_schedule": {
        "0": [
            28
        ],
        "1": [
            8
        ],
        "2": [
            43
        ],
        "3": [
            24
        ],
        "4": [
            10
        ],
        "5": [
            4,
            38
        ],
        "6": [
            31
        ],
        "8": [
            16
        ],
        "9": [
            0
        ],
        "10": [
            20
        ]
    },
    "patient_schedule": {
        "5": 28,
        "33": 28,
        "0": 8,
        "15": 8,
        "25": 8,
        "2": 43,
        "8": 43,
        "28": 43,
        "44": 43,
        "3": 24,
        "22": 10,
        "23": 10,
        "20": 4,
        "39": 4,
        "11": 38,
        "12": 38,
        "35": 31,
        "37": 31,
        "41": 31,
        "43": 31,
        "17": 16,
        "21": 16,
        "40": 16,
        "46": 16,
        "1": 0,
        "9": 0,
        "4": 20,
        "24": 20
    },
    "instance": null,
    "parameters": null,
    "parameters_data": null,
    "patients": null,
    "capacity": null,
    "num_days": null,
    "num_ORs": null,
    "num_surgeons": null,
    "initial_heuristics_time": 0.2696189880371094,
    "gap": 0.0
}