{
    "proved_optimal": true,
    "obj": 49,
    "relax_obj": 49.0,
    "num_LCs": 164,
    "num_callbacks": 744,
    "num_CG_iterations": 17,
    "num_columns": 182,
    "num_nodes": 1,
    "overall_time": 13.797630310058594,
    "callback_time": 2.0601673126220703,
    "subproblem_time": 10.564531326293945,
    "mp_time": 3.2244482040405273,
    "inh_time": null,
    "ilp_time": 0.0,
    "surgeon_schedule": {
        "0": [
            8
        ],
        "1": [
            11
        ],
        "2": [
            29,
            42
        ],
        "3": [
            34
        ],
        "4": [
            30
        ],
        "5": [
            4,
            38
        ],
        "6": [
            18
        ],
        "8": [
            22
        ],
        "9": [
            0
        ],
        "10": [
            49
        ]
    },
    "patient_schedule": {
        "5": 8,
        "33": 8,
        "0": 11,
        "15": 11,
        "25": 11,
        "28": 29,
        "2": 42,
        "8": 42,
        "44": 42,
        "3": 34,
        "22": 30,
        "23": 30,
        "20": 4,
        "39": 4,
        "11": 38,
        "12": 38,
        "35": 18,
        "37": 18,
        "41": 18,
        "43": 18,
        "17": 22,
        "21": 22,
        "40": 22,
        "46": 22,
        "1": 0,
        "9": 0,
        "4": 49,
        "24": 49
    },
    "instance": null,
    "parameters": null,
    "parameters_data": null,
    "patients": null,
    "capacity": null,
    "num_days": null,
    "num_ORs": null,
    "num_surgeons": null,
    "initial_heuristics_time": 0.2712693214416504,
    "gap": 0.0
}