{
    "proved_optimal": false,
    "obj": 105,
    "relax_obj": 45.75,
    "num_LCs": 61,
    "num_callbacks": 26,
    "num_CG_iterations": null,
    "num_columns": null,
    "num_nodes": null,
    "overall_time": 1200.007150888443,
    "callback_time": 2.1475160121917725,
    "subproblem_time": null,
    "mp_time": null,
    "inh_time": null,
    "ilp_time": null,
    "surgeon_schedule": {
        "0": [
            16,
            31
        ],
        "1": [
            26,
            49
        ],
        "2": [
            9,
            10
        ],
        "3": [
            35
        ],
        "4": [
            38
        ],
        "5": [
            14
        ],
        "6": [
            10,
            29
        ],
        "7": [
            19,
            21,
            30
        ],
        "9": [
            0,
            20,
            41
        ],
        "12": [
            5,
            27,
            48
        ],
        "13": [
            17
        ],
        "14": [
            0
        ],
        "15": [
            39
        ],
        "16": [
            4,
            42
        ],
        "18": [
            8
        ]
    },
    "patient_schedule": {
        "2": 10,
        "3": 30,
        "5": 29,
        "6": 31,
        "8": 31,
        "9": 39,
        "10": 5,
        "12": 19,
        "14": 27,
        "15": 10,
        "16": 14,
        "17": 42,
        "20": 16,
        "21": 42,
        "22": 42,
        "24": 8,
        "25": 42,
        "26": 10,
        "28": 26,
        "31": 5,
        "32": 17,
        "33": 19,
        "34": 21,
        "35": 39,
        "37": 38,
        "39": 0,
        "40": 0,
        "41": 9,
        "47": 0,
        "48": 9,
        "49": 35,
        "51": 29,
        "52": 27,
        "54": 41,
        "55": 16,
        "56": 8,
        "57": 38,
        "58": 35,
        "61": 38,
        "62": 20,
        "63": 8,
        "64": 48,
        "66": 21,
        "67": 17,
        "72": 49,
        "73": 35,
        "76": 49,
        "79": 16,
        "80": 31,
        "81": 4,
        "82": 48,
        "83": 26,
        "85": 10,
        "88": 16,
        "89": 41,
        "90": 14,
        "91": 48
    },
    "instance": null,
    "parameters": null,
    "parameters_data": null,
    "patients": null,
    "capacity": null,
    "num_days": null,
    "num_ORs": null,
    "num_surgeons": null,
    "gap": 1.2950819672131149
}