{
    "proved_optimal": true,
    "obj": 77,
    "relax_obj": 77.0,
    "num_LCs": 82,
    "num_callbacks": 763,
    "num_CG_iterations": 18,
    "num_columns": 195,
    "num_nodes": 1,
    "overall_time": 20.263030290603638,
    "callback_time": 1.7656726837158203,
    "subproblem_time": 16.15707302093506,
    "mp_time": 4.097422361373901,
    "inh_time": null,
    "ilp_time": 0.0,
    "surgeon_schedule": {
        "0": [
            9,
            19
        ],
        "1": [
            41
        ],
        "2": [
            28,
            39
        ],
        "3": [
            14,
            21
        ],
        "4": [
            10
        ],
        "5": [
            17,
            48
        ],
        "6": [
            0
        ],
        "7": [
            32
        ],
        "9": [
            4
        ],
        "11": [
            7
        ]
    },
    "patient_schedule": {
        "49": 9,
        "40": 19,
        "57": 19,
        "4": 41,
        "14": 41,
        "21": 41,
        "22": 41,
        "3": 28,
        "48": 28,
        "58": 39,
        "38": 14,
        "47": 14,
        "0": 21,
        "9": 21,
        "18": 10,
        "29": 10,
        "34": 17,
        "45": 17,
        "1": 48,
        "24": 48,
        "53": 48,
        "5": 0,
        "36": 0,
        "46": 0,
        "11": 32,
        "13": 32,
        "37": 32,
        "39": 32,
        "35": 4,
        "50": 4,
        "54": 4,
        "6": 7,
        "8": 7
    },
    "instance": null,
    "parameters": null,
    "parameters_data": null,
    "patients": null,
    "capacity": null,
    "num_days": null,
    "num_ORs": null,
    "num_surgeons": null,
    "initial_heuristics_time": 0.26967382431030273,
    "gap": 0.0
}