{
    "proved_optimal": true,
    "obj": 77,
    "relax_obj": 77.0,
    "num_LCs": 76,
    "num_callbacks": 637,
    "num_CG_iterations": 18,
    "num_columns": 198,
    "num_nodes": 1,
    "overall_time": 22.31563949584961,
    "callback_time": 1.319845199584961,
    "subproblem_time": 17.547242403030396,
    "mp_time": 4.760501146316528,
    "inh_time": null,
    "ilp_time": 0.0,
    "surgeon_schedule": {
        "0": [
            10,
            24
        ],
        "1": [
            5
        ],
        "2": [
            20,
            31
        ],
        "3": [
            14,
            28
        ],
        "4": [
            37
        ],
        "5": [
            18,
            40
        ],
        "6": [
            0
        ],
        "7": [
            46
        ],
        "9": [
            9
        ],
        "11": [
            39
        ]
    },
    "patient_schedule": {
        "40": 10,
        "57": 10,
        "49": 24,
        "4": 5,
        "14": 5,
        "21": 5,
        "22": 5,
        "58": 20,
        "3": 31,
        "48": 31,
        "38": 14,
        "47": 14,
        "0": 28,
        "9": 28,
        "18": 37,
        "29": 37,
        "1": 18,
        "24": 18,
        "34": 18,
        "45": 40,
        "53": 40,
        "5": 0,
        "36": 0,
        "46": 0,
        "11": 46,
        "13": 46,
        "37": 46,
        "39": 46,
        "35": 9,
        "50": 9,
        "54": 9,
        "6": 39,
        "8": 39
    },
    "instance": null,
    "parameters": null,
    "parameters_data": null,
    "patients": null,
    "capacity": null,
    "num_days": null,
    "num_ORs": null,
    "num_surgeons": null,
    "initial_heuristics_time": 0.27623867988586426,
    "gap": 0.0
}