{
    "proved_optimal": true,
    "obj": 83,
    "relax_obj": 83.0,
    "num_LCs": 79,
    "num_callbacks": 742,
    "num_CG_iterations": 14,
    "num_columns": 240,
    "num_nodes": 1,
    "overall_time": 17.736200094223022,
    "callback_time": 2.262500047683716,
    "subproblem_time": 13.655892848968506,
    "mp_time": 4.06760835647583,
    "inh_time": null,
    "ilp_time": 0.0,
    "surgeon_schedule": {
        "0": [
            14,
            28,
            30,
            49
        ],
        "1": [
            34
        ],
        "2": [
            0,
            10
        ],
        "3": [
            48
        ],
        "4": [
            38
        ],
        "6": [
            4,
            44
        ],
        "7": [
            0,
            10,
            38
        ],
        "9": [
            6,
            18
        ],
        "12": [
            8,
            18,
            30,
            40
        ],
        "13": [
            14
        ],
        "15": [
            23
        ],
        "16": [
            34
        ],
        "17": [
            42
        ],
        "18": [
            21
        ]
    },
    "patient_schedule": {
        "55": 14,
        "79": 14,
        "20": 28,
        "88": 28,
        "6": 30,
        "80": 30,
        "8": 49,
        "72": 34,
        "76": 34,
        "15": 0,
        "26": 0,
        "41": 10,
        "48": 10,
        "49": 48,
        "58": 48,
        "73": 48,
        "1": 38,
        "37": 38,
        "61": 38,
        "2": 4,
        "51": 4,
        "5": 44,
        "85": 44,
        "12": 0,
        "33": 0,
        "3": 10,
        "34": 38,
        "66": 38,
        "23": 6,
        "40": 6,
        "54": 6,
        "47": 18,
        "62": 18,
        "89": 18,
        "14": 8,
        "31": 8,
        "43": 8,
        "82": 8,
        "10": 18,
        "52": 18,
        "64": 30,
        "78": 30,
        "91": 40,
        "32": 14,
        "67": 14,
        "9": 23,
        "35": 23,
        "44": 23,
        "74": 23,
        "92": 23,
        "17": 34,
        "21": 34,
        "46": 42,
        "53": 42,
        "87": 42,
        "24": 21,
        "56": 21,
        "63": 21
    },
    "instance": null,
    "parameters": null,
    "parameters_data": null,
    "patients": null,
    "capacity": null,
    "num_days": null,
    "num_ORs": null,
    "num_surgeons": null,
    "initial_heuristics_time": 0.4579184055328369,
    "gap": 0.0
}