{
    "proved_optimal": false,
    "obj": 83,
    "relax_obj": 52.333333333333336,
    "num_LCs": 36,
    "num_callbacks": 33,
    "num_CG_iterations": null,
    "num_columns": null,
    "num_nodes": null,
    "overall_time": 1200.0250401496887,
    "callback_time": 1.5700926780700684,
    "subproblem_time": null,
    "mp_time": null,
    "inh_time": null,
    "ilp_time": null,
    "surgeon_schedule": {
        "0": [
            47
        ],
        "1": [
            11
        ],
        "2": [
            18,
            30
        ],
        "3": [
            26
        ],
        "4": [
            39
        ],
        "5": [
            2
        ],
        "6": [
            9
        ],
        "7": [
            44
        ],
        "9": [
            37,
            40
        ],
        "10": [
            34,
            49
        ],
        "11": [
            20
        ]
    },
    "patient_schedule": {
        "0": 26,
        "1": 2,
        "5": 9,
        "6": 20,
        "8": 20,
        "9": 26,
        "11": 44,
        "14": 11,
        "15": 40,
        "18": 39,
        "20": 11,
        "21": 11,
        "24": 2,
        "29": 39,
        "34": 2,
        "35": 37,
        "36": 9,
        "38": 26,
        "39": 44,
        "40": 47,
        "45": 2,
        "46": 9,
        "47": 26,
        "48": 18,
        "50": 37,
        "51": 34,
        "52": 18,
        "53": 2,
        "54": 37,
        "56": 49,
        "57": 47,
        "58": 30,
        "59": 49
    },
    "instance": null,
    "parameters": null,
    "parameters_data": null,
    "patients": null,
    "capacity": null,
    "num_days": null,
    "num_ORs": null,
    "num_surgeons": null,
    "gap": 0.5859872611464968
}