{
    "proved_optimal": true,
    "obj": 45,
    "relax_obj": 45.0,
    "num_LCs": 23,
    "num_callbacks": 747,
    "num_CG_iterations": 23,
    "num_columns": 196,
    "num_nodes": 7,
    "overall_time": 14.208679437637329,
    "callback_time": 0.9214248657226562,
    "subproblem_time": 8.379672050476074,
    "mp_time": 5.813115119934082,
    "inh_time": null,
    "ilp_time": 0.0,
    "surgeon_schedule": {
        "0": [
            39,
            48
        ],
        "1": [
            29,
            32
        ],
        "2": [
            1
        ],
        "4": [
            22
        ],
        "5": [
            0,
            19
        ],
        "7": [
            9,
            40
        ],
        "8": [
            10
        ],
        "9": [
            15,
            44
        ]
    },
    "patient_schedule": {
        "26": 39,
        "43": 39,
        "18": 48,
        "38": 48,
        "1": 29,
        "40": 29,
        "9": 32,
        "35": 32,
        "15": 1,
        "23": 1,
        "39": 1,
        "42": 1,
        "2": 22,
        "3": 22,
        "29": 22,
        "10": 0,
        "14": 0,
        "24": 19,
        "32": 19,
        "11": 9,
        "33": 9,
        "21": 40,
        "8": 10,
        "12": 10,
        "0": 15,
        "5": 15,
        "19": 44
    },
    "instance": null,
    "parameters": null,
    "parameters_data": null,
    "patients": null,
    "capacity": null,
    "num_days": null,
    "num_ORs": null,
    "num_surgeons": null,
    "initial_heuristics_time": 0.25437307357788086,
    "gap": 0.0
}