{
    "proved_optimal": false,
    "obj": 65,
    "relax_obj": 47.45454545454545,
    "num_LCs": 31,
    "num_callbacks": 26,
    "num_CG_iterations": null,
    "num_columns": null,
    "num_nodes": null,
    "overall_time": 1200.0681371688843,
    "callback_time": 1.919865608215332,
    "subproblem_time": null,
    "mp_time": null,
    "inh_time": null,
    "ilp_time": null,
    "surgeon_schedule": {
        "0": [
            19
        ],
        "3": [
            23
        ],
        "4": [
            30
        ],
        "5": [
            9,
            10
        ],
        "6": [
            1
        ],
        "7": [
            36
        ],
        "8": [
            14
        ],
        "9": [
            40
        ],
        "10": [
            7,
            17
        ],
        "11": [
            46
        ]
    },
    "patient_schedule": {
        "2": 17,
        "4": 30,
        "5": 23,
        "6": 10,
        "7": 36,
        "8": 9,
        "10": 1,
        "13": 36,
        "14": 23,
        "15": 23,
        "17": 17,
        "18": 1,
        "20": 14,
        "21": 23,
        "22": 30,
        "23": 23,
        "26": 10,
        "32": 7,
        "33": 19,
        "34": 7,
        "37": 36,
        "39": 23,
        "40": 10,
        "41": 46,
        "44": 40,
        "45": 30,
        "46": 23,
        "47": 9,
        "49": 36,
        "51": 46,
        "52": 36,
        "53": 46,
        "55": 23,
        "61": 1,
        "62": 40,
        "63": 14,
        "64": 1
    },
    "instance": null,
    "parameters": null,
    "parameters_data": null,
    "patients": null,
    "capacity": null,
    "num_days": null,
    "num_ORs": null,
    "num_surgeons": null,
    "gap": 0.36973180076628354
}