{
    "proved_optimal": false,
    "obj": 46,
    "relax_obj": 23.666666666666668,
    "num_LCs": 15,
    "num_callbacks": 20,
    "num_CG_iterations": null,
    "num_columns": null,
    "num_nodes": null,
    "overall_time": 1200.0219314098358,
    "callback_time": 1.0064740180969238,
    "subproblem_time": null,
    "mp_time": null,
    "inh_time": null,
    "ilp_time": null,
    "surgeon_schedule": {
        "0": [
            34
        ],
        "1": [
            23
        ],
        "2": [
            11
        ],
        "3": [
            46
        ],
        "4": [
            2
        ],
        "5": [
            18,
            30
        ],
        "7": [
            37,
            40
        ],
        "8": [
            39
        ],
        "9": [
            9
        ]
    },
    "patient_schedule": {
        "1": 23,
        "2": 2,
        "3": 2,
        "8": 39,
        "9": 23,
        "10": 18,
        "11": 40,
        "12": 39,
        "14": 18,
        "15": 11,
        "18": 34,
        "19": 9,
        "20": 46,
        "21": 37,
        "23": 11,
        "24": 30,
        "26": 34,
        "29": 2,
        "30": 18,
        "32": 30,
        "33": 40,
        "34": 46,
        "35": 23,
        "39": 11,
        "40": 23,
        "42": 11
    },
    "instance": null,
    "parameters": null,
    "parameters_data": null,
    "patients": null,
    "capacity": null,
    "num_days": null,
    "num_ORs": null,
    "num_surgeons": null,
    "gap": 0.9436619718309858
}