{
    "proved_optimal": true,
    "obj": 45,
    "relax_obj": 45.0,
    "num_LCs": 17,
    "num_callbacks": 998,
    "num_CG_iterations": 178,
    "num_columns": 177,
    "num_nodes": 1,
    "overall_time": 45.99001121520996,
    "callback_time": 1.5046379566192627,
    "subproblem_time": 15.7733895778656,
    "mp_time": 30.159664392471313,
    "inh_time": null,
    "ilp_time": 0.0,
    "surgeon_schedule": {
        "0": [
            38,
            47
        ],
        "1": [
            6,
            30
        ],
        "2": [
            41
        ],
        "4": [
            16
        ],
        "5": [
            24,
            49
        ],
        "7": [
            0,
            20
        ],
        "8": [
            10
        ],
        "9": [
            28,
            34
        ]
    },
    "patient_schedule": {
        "18": 38,
        "38": 38,
        "26": 47,
        "43": 47,
        "9": 6,
        "35": 6,
        "1": 30,
        "40": 30,
        "15": 41,
        "23": 41,
        "39": 41,
        "42": 41,
        "2": 16,
        "3": 16,
        "29": 16,
        "24": 24,
        "32": 24,
        "10": 49,
        "14": 49,
        "11": 0,
        "33": 0,
        "21": 20,
        "8": 10,
        "12": 10,
        "0": 28,
        "5": 28,
        "19": 34
    },
    "instance": null,
    "parameters": null,
    "parameters_data": null,
    "patients": null,
    "capacity": null,
    "num_days": null,
    "num_ORs": null,
    "num_surgeons": null,
    "initial_heuristics_time": 0.24331307411193848,
    "gap": 0.0
}