{
    "proved_optimal": true,
    "obj": 52,
    "relax_obj": 51.5,
    "num_LCs": 27,
    "num_callbacks": 586,
    "num_CG_iterations": 15,
    "num_columns": 177,
    "num_nodes": 1,
    "overall_time": 8.46721363067627,
    "callback_time": 0.8294179439544678,
    "subproblem_time": 5.418497085571289,
    "mp_time": 3.0430760383605957,
    "inh_time": null,
    "ilp_time": 0.0,
    "surgeon_schedule": {
        "0": [
            25,
            33
        ],
        "1": [
            29
        ],
        "2": [
            8
        ],
        "6": [
            4
        ],
        "7": [
            12
        ],
        "8": [
            0,
            20
        ],
        "9": [
            41
        ],
        "12": [
            19,
            48
        ]
    },
    "patient_schedule": {
        "17": 25,
        "29": 25,
        "0": 33,
        "5": 33,
        "28": 33,
        "12": 29,
        "23": 29,
        "41": 8,
        "11": 4,
        "15": 4,
        "8": 12,
        "13": 12,
        "43": 12,
        "21": 0,
        "10": 20,
        "39": 20,
        "7": 41,
        "18": 41,
        "3": 19,
        "27": 19,
        "2": 48,
        "24": 48,
        "37": 48
    },
    "instance": null,
    "parameters": null,
    "parameters_data": null,
    "patients": null,
    "capacity": null,
    "num_days": null,
    "num_ORs": null,
    "num_surgeons": null,
    "initial_heuristics_time": 0.2659337520599365,
    "gap": 0.009708737864077669
}