{
    "proved_optimal": true,
    "obj": 45,
    "relax_obj": 45.0,
    "num_LCs": 66,
    "num_callbacks": 663,
    "num_CG_iterations": 19,
    "num_columns": 187,
    "num_nodes": 3,
    "overall_time": 11.466141700744629,
    "callback_time": 1.455003023147583,
    "subproblem_time": 7.309868097305298,
    "mp_time": 4.141392946243286,
    "inh_time": null,
    "ilp_time": 0.0,
    "surgeon_schedule": {
        "0": [
            1,
            17
        ],
        "1": [
            32,
            40
        ],
        "2": [
            25
        ],
        "4": [
            46
        ],
        "5": [
            19,
            29
        ],
        "7": [
            7,
            20
        ],
        "8": [
            39
        ],
        "9": [
            9,
            11
        ]
    },
    "patient_schedule": {
        "26": 1,
        "38": 1,
        "18": 17,
        "43": 17,
        "9": 32,
        "35": 32,
        "1": 40,
        "40": 40,
        "15": 25,
        "23": 25,
        "39": 25,
        "42": 25,
        "2": 46,
        "3": 46,
        "29": 46,
        "24": 19,
        "32": 19,
        "10": 29,
        "14": 29,
        "21": 7,
        "11": 20,
        "33": 20,
        "8": 39,
        "12": 39,
        "19": 9,
        "0": 11,
        "5": 11
    },
    "instance": null,
    "parameters": null,
    "parameters_data": null,
    "patients": null,
    "capacity": null,
    "num_days": null,
    "num_ORs": null,
    "num_surgeons": null,
    "initial_heuristics_time": 0.2500736713409424,
    "gap": 0.0
}