{
    "proved_optimal": true,
    "obj": 45,
    "relax_obj": 44.75,
    "num_LCs": 52,
    "num_callbacks": 756,
    "num_CG_iterations": 25,
    "num_columns": 193,
    "num_nodes": 5,
    "overall_time": 27.99021553993225,
    "callback_time": 1.2852787971496582,
    "subproblem_time": 22.420149326324463,
    "mp_time": 5.554961681365967,
    "inh_time": null,
    "ilp_time": 0.0,
    "surgeon_schedule": {
        "0": [
            48
        ],
        "1": [
            0
        ],
        "3": [
            30,
            47
        ],
        "4": [
            38,
            49
        ],
        "5": [
            26
        ],
        "6": [
            8,
            19,
            34
        ],
        "7": [
            1,
            15
        ],
        "9": [
            20
        ]
    },
    "patient_schedule": {
        "3": 48,
        "15": 48,
        "17": 48,
        "32": 48,
        "12": 0,
        "37": 0,
        "21": 30,
        "23": 47,
        "26": 47,
        "38": 38,
        "42": 38,
        "43": 38,
        "1": 49,
        "10": 26,
        "20": 26,
        "27": 26,
        "8": 8,
        "33": 8,
        "34": 8,
        "19": 19,
        "2": 34,
        "5": 1,
        "24": 1,
        "40": 1,
        "35": 15,
        "39": 15,
        "11": 20,
        "18": 20
    },
    "instance": null,
    "parameters": null,
    "parameters_data": null,
    "patients": null,
    "capacity": null,
    "num_days": null,
    "num_ORs": null,
    "num_surgeons": null,
    "initial_heuristics_time": 0.20499753952026367,
    "gap": 0.00558659217877095
}