{
    "proved_optimal": true,
    "obj": 65,
    "relax_obj": 64.66666666666667,
    "num_LCs": 53,
    "num_callbacks": 688,
    "num_CG_iterations": 18,
    "num_columns": 182,
    "num_nodes": 1,
    "overall_time": 81.02052545547485,
    "callback_time": 1.82515549659729,
    "subproblem_time": 77.157235622406,
    "mp_time": 3.85343861579895,
    "inh_time": null,
    "ilp_time": 0.0,
    "surgeon_schedule": {
        "3": [
            0,
            17,
            27,
            30,
            49
        ],
        "4": [
            34
        ],
        "5": [
            29,
            44
        ],
        "6": [
            21
        ],
        "7": [
            19,
            38
        ],
        "8": [
            47
        ],
        "9": [
            10
        ],
        "10": [
            14,
            40
        ],
        "11": [
            6
        ]
    },
    "patient_schedule": {
        "46": 0,
        "55": 0,
        "15": 17,
        "23": 17,
        "14": 27,
        "21": 27,
        "5": 30,
        "16": 30,
        "0": 49,
        "39": 49,
        "4": 34,
        "22": 34,
        "45": 34,
        "8": 29,
        "26": 29,
        "6": 44,
        "40": 44,
        "47": 44,
        "10": 21,
        "18": 21,
        "61": 21,
        "64": 21,
        "49": 19,
        "7": 38,
        "13": 38,
        "37": 38,
        "52": 38,
        "20": 47,
        "63": 47,
        "44": 10,
        "62": 10,
        "2": 14,
        "17": 14,
        "32": 40,
        "34": 40,
        "41": 6,
        "51": 6,
        "53": 6
    },
    "instance": null,
    "parameters": null,
    "parameters_data": null,
    "patients": null,
    "capacity": null,
    "num_days": null,
    "num_ORs": null,
    "num_surgeons": null,
    "initial_heuristics_time": 0.26631736755371094,
    "gap": 0.005154639175257658
}