{
    "proved_optimal": true,
    "obj": 35,
    "relax_obj": 34.5,
    "num_LCs": 29,
    "num_callbacks": 737,
    "num_CG_iterations": 23,
    "num_columns": 185,
    "num_nodes": 5,
    "overall_time": 17.685980319976807,
    "callback_time": 1.122988224029541,
    "subproblem_time": 11.81838583946228,
    "mp_time": 5.845173120498657,
    "inh_time": null,
    "ilp_time": 0.0,
    "surgeon_schedule": {
        "1": [
            17,
            39,
            48
        ],
        "2": [
            36
        ],
        "3": [
            48
        ],
        "4": [
            40
        ],
        "5": [
            28
        ],
        "6": [
            1,
            19,
            24
        ],
        "10": [
            11,
            49
        ],
        "11": [
            20,
            45
        ]
    },
    "patient_schedule": {
        "17": 17,
        "8": 39,
        "38": 39,
        "21": 48,
        "27": 48,
        "31": 48,
        "33": 48,
        "2": 36,
        "5": 36,
        "28": 36,
        "39": 36,
        "9": 48,
        "24": 48,
        "41": 40,
        "3": 28,
        "13": 28,
        "40": 28,
        "14": 1,
        "23": 1,
        "29": 1,
        "11": 19,
        "16": 19,
        "20": 24,
        "37": 24,
        "18": 11,
        "26": 11,
        "0": 49,
        "1": 20,
        "7": 45,
        "12": 45,
        "15": 45,
        "25": 45
    },
    "instance": null,
    "parameters": null,
    "parameters_data": null,
    "patients": null,
    "capacity": null,
    "num_days": null,
    "num_ORs": null,
    "num_surgeons": null,
    "initial_heuristics_time": 0.22098517417907715,
    "gap": 0.014492753623188406
}