{
    "proved_optimal": false,
    "obj": 180,
    "relax_obj": 103.0,
    "num_LCs": 198,
    "num_callbacks": 28,
    "num_CG_iterations": null,
    "num_columns": null,
    "num_nodes": null,
    "overall_time": 1200.011950969696,
    "callback_time": 3.640302896499634,
    "subproblem_time": null,
    "mp_time": null,
    "inh_time": null,
    "ilp_time": null,
    "surgeon_schedule": {
        "0": [
            14,
            20,
            36
        ],
        "1": [
            6
        ],
        "2": [
            10,
            20
        ],
        "3": [
            13,
            34
        ],
        "4": [
            14,
            21,
            38,
            40
        ],
        "5": [
            18,
            29,
            38,
            46
        ],
        "6": [
            1,
            10
        ],
        "7": [
            31
        ],
        "8": [
            0,
            17,
            26,
            30,
            46
        ],
        "9": [
            28,
            31
        ],
        "10": [
            1,
            11,
            42
        ],
        "11": [
            17,
            30
        ],
        "12": [
            20
        ],
        "13": [
            25,
            40
        ],
        "14": [
            8
        ],
        "15": [
            6
        ],
        "16": [
            9,
            39
        ],
        "17": [
            7,
            19,
            26,
            37
        ],
        "18": [
            0,
            19,
            49
        ],
        "19": [
            43
        ]
    },
    "patient_schedule": {
        "0": 46,
        "3": 0,
        "4": 13,
        "6": 1,
        "8": 6,
        "10": 31,
        "11": 46,
        "13": 6,
        "16": 1,
        "19": 49,
        "20": 8,
        "21": 13,
        "23": 21,
        "24": 7,
        "28": 49,
        "29": 30,
        "31": 49,
        "33": 37,
        "34": 19,
        "35": 10,
        "36": 37,
        "37": 42,
        "38": 43,
        "39": 39,
        "42": 19,
        "43": 40,
        "45": 21,
        "46": 36,
        "47": 26,
        "48": 1,
        "49": 38,
        "50": 6,
        "51": 19,
        "53": 6,
        "54": 40,
        "55": 31,
        "56": 19,
        "57": 17,
        "60": 11,
        "63": 25,
        "65": 25,
        "66": 14,
        "67": 17,
        "68": 42,
        "69": 1,
        "71": 36,
        "72": 38,
        "73": 46,
        "75": 30,
        "76": 20,
        "77": 6,
        "78": 0,
        "80": 1,
        "82": 42,
        "83": 13,
        "84": 30,
        "85": 38,
        "87": 8,
        "88": 8,
        "89": 11,
        "91": 18,
        "92": 0,
        "93": 38,
        "94": 46,
        "95": 43,
        "96": 10,
        "97": 46,
        "99": 31,
        "100": 8,
        "101": 38,
        "102": 20,
        "103": 40,
        "105": 26,
        "106": 14,
        "107": 31,
        "108": 11,
        "109": 9,
        "111": 14,
        "112": 1,
        "113": 10,
        "115": 9,
        "116": 20,
        "117": 49,
        "118": 43,
        "120": 14,
        "121": 18,
        "123": 1,
        "124": 31,
        "126": 10,
        "127": 43,
        "129": 28,
        "130": 28,
        "132": 6,
        "134": 26,
        "135": 34,
        "137": 34,
        "138": 31,
        "140": 0,
        "144": 26,
        "150": 40,
        "151": 26,
        "152": 1,
        "153": 31,
        "154": 29,
        "155": 28,
        "156": 6,
        "157": 30,
        "161": 7,
        "164": 46,
        "167": 20,
        "169": 31,
        "170": 8,
        "171": 26,
        "172": 20,
        "174": 11,
        "176": 6,
        "180": 10,
        "181": 40,
        "182": 6,
        "183": 46,
        "184": 9,
        "186": 39,
        "187": 6,
        "189": 25,
        "190": 1,
        "191": 46
    },
    "instance": null,
    "parameters": null,
    "parameters_data": null,
    "patients": null,
    "capacity": null,
    "num_days": null,
    "num_ORs": null,
    "num_surgeons": null,
    "gap": 0.7475728155339806
}