{
    "proved_optimal": true,
    "obj": 52,
    "relax_obj": 51.5,
    "num_LCs": 16,
    "num_callbacks": 620,
    "num_CG_iterations": 16,
    "num_columns": 184,
    "num_nodes": 1,
    "overall_time": 9.556602001190186,
    "callback_time": 0.641369104385376,
    "subproblem_time": 6.190645217895508,
    "mp_time": 3.3597562313079834,
    "inh_time": null,
    "ilp_time": 0.0,
    "surgeon_schedule": {
        "0": [
            12,
            32
        ],
        "1": [
            29
        ],
        "5": [
            19
        ],
        "6": [
            4
        ],
        "7": [
            46
        ],
        "8": [
            0,
            27,
            40
        ],
        "9": [
            8
        ],
        "12": [
            21,
            39
        ]
    },
    "patient_schedule": {
        "0": 12,
        "28": 12,
        "5": 32,
        "17": 32,
        "29": 32,
        "12": 29,
        "23": 29,
        "31": 19,
        "42": 19,
        "11": 4,
        "15": 4,
        "8": 46,
        "13": 46,
        "43": 46,
        "10": 0,
        "39": 0,
        "21": 27,
        "22": 40,
        "7": 8,
        "18": 8,
        "3": 21,
        "24": 21,
        "37": 21,
        "2": 39,
        "27": 39
    },
    "instance": null,
    "parameters": null,
    "parameters_data": null,
    "patients": null,
    "capacity": null,
    "num_days": null,
    "num_ORs": null,
    "num_surgeons": null,
    "initial_heuristics_time": 0.26415181159973145,
    "gap": 0.009708737864077669
}