{
    "proved_optimal": false,
    "obj": 167,
    "relax_obj": 103.0,
    "num_LCs": 376,
    "num_callbacks": 76,
    "num_CG_iterations": null,
    "num_columns": null,
    "num_nodes": null,
    "overall_time": 1200.023431777954,
    "callback_time": 11.88540005683899,
    "subproblem_time": null,
    "mp_time": null,
    "inh_time": null,
    "ilp_time": null,
    "surgeon_schedule": {
        "0": [
            9,
            14,
            38
        ],
        "1": [
            29
        ],
        "2": [
            0,
            24,
            30,
            44
        ],
        "3": [
            12,
            30,
            40
        ],
        "4": [
            11
        ],
        "5": [
            1,
            19,
            21,
            31
        ],
        "6": [
            36
        ],
        "7": [
            48
        ],
        "8": [
            6,
            12,
            28,
            34,
            42
        ],
        "9": [
            0,
            19,
            37,
            43
        ],
        "10": [
            18,
            22,
            31
        ],
        "11": [
            2,
            20
        ],
        "12": [
            39
        ],
        "13": [
            7,
            48
        ],
        "14": [
            20,
            37
        ],
        "15": [
            28
        ],
        "16": [
            9,
            19
        ],
        "17": [
            26,
            40
        ],
        "18": [
            6,
            17,
            39,
            49
        ],
        "19": [
            10,
            44
        ]
    },
    "patient_schedule": {
        "2": 6,
        "3": 34,
        "5": 6,
        "6": 31,
        "7": 37,
        "8": 28,
        "9": 12,
        "10": 48,
        "11": 12,
        "13": 29,
        "16": 36,
        "19": 39,
        "20": 20,
        "21": 12,
        "23": 11,
        "24": 40,
        "28": 49,
        "29": 34,
        "31": 49,
        "32": 30,
        "33": 26,
        "34": 6,
        "35": 0,
        "36": 26,
        "37": 22,
        "39": 9,
        "41": 2,
        "42": 49,
        "43": 11,
        "46": 38,
        "48": 36,
        "49": 31,
        "51": 40,
        "53": 28,
        "54": 7,
        "55": 43,
        "56": 40,
        "57": 20,
        "58": 26,
        "60": 18,
        "63": 48,
        "65": 48,
        "66": 38,
        "67": 34,
        "68": 31,
        "69": 36,
        "72": 31,
        "73": 19,
        "75": 20,
        "76": 39,
        "77": 29,
        "78": 17,
        "80": 36,
        "82": 31,
        "84": 2,
        "85": 31,
        "86": 30,
        "87": 37,
        "88": 20,
        "89": 22,
        "91": 21,
        "92": 49,
        "94": 28,
        "96": 36,
        "97": 19,
        "99": 48,
        "100": 37,
        "102": 24,
        "103": 11,
        "104": 28,
        "105": 28,
        "106": 9,
        "107": 48,
        "108": 31,
        "109": 19,
        "112": 31,
        "113": 0,
        "115": 9,
        "116": 0,
        "117": 49,
        "118": 10,
        "119": 43,
        "120": 11,
        "121": 1,
        "123": 22,
        "124": 43,
        "126": 44,
        "127": 44,
        "128": 2,
        "129": 0,
        "130": 43,
        "135": 40,
        "137": 40,
        "138": 0,
        "140": 42,
        "142": 42,
        "143": 11,
        "148": 19,
        "150": 7,
        "151": 26,
        "152": 18,
        "153": 48,
        "154": 1,
        "155": 43,
        "156": 28,
        "157": 6,
        "159": 9,
        "160": 39,
        "161": 26,
        "162": 44,
        "164": 21,
        "166": 30,
        "167": 39,
        "169": 0,
        "170": 20,
        "171": 12,
        "172": 14,
        "174": 18,
        "176": 28,
        "179": 24,
        "180": 36,
        "181": 11,
        "183": 1,
        "184": 9,
        "186": 19,
        "189": 48,
        "190": 36,
        "191": 12
    },
    "instance": null,
    "parameters": null,
    "parameters_data": null,
    "patients": null,
    "capacity": null,
    "num_days": null,
    "num_ORs": null,
    "num_surgeons": null,
    "gap": 0.6213592233009708
}