{
    "proved_optimal": false,
    "obj": 45,
    "relax_obj": 23.666666666666668,
    "num_LCs": 37,
    "num_callbacks": 21,
    "num_CG_iterations": null,
    "num_columns": null,
    "num_nodes": null,
    "overall_time": 1200.019014120102,
    "callback_time": 1.6824970245361328,
    "subproblem_time": null,
    "mp_time": null,
    "inh_time": null,
    "ilp_time": null,
    "surgeon_schedule": {
        "0": [
            11
        ],
        "1": [
            39
        ],
        "3": [
            19,
            20
        ],
        "4": [
            0,
            25
        ],
        "5": [
            32
        ],
        "6": [
            6,
            17
        ],
        "7": [
            43
        ],
        "9": [
            29
        ]
    },
    "patient_schedule": {
        "1": 0,
        "2": 6,
        "3": 11,
        "5": 43,
        "8": 17,
        "10": 32,
        "11": 29,
        "12": 39,
        "15": 11,
        "17": 11,
        "18": 29,
        "19": 6,
        "20": 32,
        "21": 19,
        "23": 20,
        "24": 43,
        "26": 20,
        "27": 32,
        "32": 11,
        "33": 6,
        "34": 6,
        "35": 43,
        "37": 39,
        "38": 25,
        "39": 43,
        "40": 43,
        "42": 0,
        "43": 25
    },
    "instance": null,
    "parameters": null,
    "parameters_data": null,
    "patients": null,
    "capacity": null,
    "num_days": null,
    "num_ORs": null,
    "num_surgeons": null,
    "gap": 0.9014084507042253
}