{
    "proved_optimal": true,
    "obj": 45,
    "relax_obj": 44.75,
    "num_LCs": 48,
    "num_callbacks": 773,
    "num_CG_iterations": 25,
    "num_columns": 207,
    "num_nodes": 3,
    "overall_time": 30.24599575996399,
    "callback_time": 1.2639691829681396,
    "subproblem_time": 24.326266288757324,
    "mp_time": 5.905320167541504,
    "inh_time": null,
    "ilp_time": 0.0,
    "surgeon_schedule": {
        "0": [
            48
        ],
        "1": [
            34
        ],
        "3": [
            14,
            24
        ],
        "4": [
            10,
            41
        ],
        "6": [
            18,
            20,
            30
        ],
        "7": [
            28,
            38
        ],
        "9": [
            9
        ]
    },
    "patient_schedule": {
        "3": 48,
        "15": 48,
        "17": 48,
        "32": 48,
        "12": 34,
        "37": 34,
        "23": 14,
        "26": 14,
        "21": 24,
        "1": 10,
        "38": 41,
        "42": 41,
        "43": 41,
        "2": 18,
        "8": 18,
        "33": 18,
        "19": 20,
        "34": 30,
        "5": 28,
        "24": 28,
        "40": 28,
        "35": 38,
        "39": 38,
        "11": 9,
        "18": 9
    },
    "instance": null,
    "parameters": null,
    "parameters_data": null,
    "patients": null,
    "capacity": null,
    "num_days": null,
    "num_ORs": null,
    "num_surgeons": null,
    "initial_heuristics_time": 0.2145097255706787,
    "gap": 0.00558659217877095
}