{
    "proved_optimal": true,
    "obj": 35,
    "relax_obj": 34.5,
    "num_LCs": 28,
    "num_callbacks": 717,
    "num_CG_iterations": 20,
    "num_columns": 158,
    "num_nodes": 3,
    "overall_time": 16.06224536895752,
    "callback_time": 1.3244445323944092,
    "subproblem_time": 11.439622163772583,
    "mp_time": 4.609530448913574,
    "inh_time": null,
    "ilp_time": 0.0,
    "surgeon_schedule": {
        "1": [
            23,
            30
        ],
        "2": [
            16,
            35
        ],
        "3": [
            11
        ],
        "4": [
            49
        ],
        "5": [
            1
        ],
        "6": [
            8,
            10,
            47
        ],
        "11": [
            39,
            41
        ]
    },
    "patient_schedule": {
        "8": 23,
        "17": 23,
        "21": 23,
        "22": 23,
        "27": 23,
        "31": 23,
        "33": 23,
        "38": 30,
        "2": 16,
        "5": 16,
        "32": 16,
        "28": 35,
        "35": 35,
        "9": 11,
        "24": 11,
        "41": 49,
        "3": 1,
        "13": 1,
        "40": 1,
        "14": 8,
        "23": 8,
        "29": 8,
        "16": 10,
        "37": 10,
        "11": 47,
        "20": 47,
        "1": 39,
        "7": 41,
        "12": 41,
        "15": 41,
        "25": 41
    },
    "instance": null,
    "parameters": null,
    "parameters_data": null,
    "patients": null,
    "capacity": null,
    "num_days": null,
    "num_ORs": null,
    "num_surgeons": null,
    "initial_heuristics_time": 0.22316884994506836,
    "gap": 0.014492753623188406
}