{
    "proved_optimal": false,
    "obj": 66,
    "relax_obj": 47.45454545454545,
    "num_LCs": 30,
    "num_callbacks": 22,
    "num_CG_iterations": null,
    "num_columns": null,
    "num_nodes": null,
    "overall_time": 1200.030114889145,
    "callback_time": 1.542482614517212,
    "subproblem_time": null,
    "mp_time": null,
    "inh_time": null,
    "ilp_time": null,
    "surgeon_schedule": {
        "0": [
            0,
            19
        ],
        "3": [
            6,
            17
        ],
        "5": [
            10,
            30
        ],
        "6": [
            45
        ],
        "7": [
            26
        ],
        "8": [
            49
        ],
        "9": [
            14
        ],
        "10": [
            20,
            40
        ],
        "11": [
            36
        ]
    },
    "patient_schedule": {
        "2": 20,
        "3": 0,
        "5": 6,
        "6": 30,
        "7": 26,
        "8": 10,
        "10": 45,
        "13": 26,
        "14": 17,
        "15": 6,
        "17": 40,
        "18": 45,
        "20": 49,
        "21": 17,
        "23": 6,
        "26": 10,
        "32": 20,
        "33": 19,
        "34": 40,
        "37": 26,
        "39": 6,
        "40": 30,
        "41": 36,
        "44": 14,
        "46": 6,
        "47": 30,
        "49": 26,
        "51": 36,
        "52": 26,
        "53": 36,
        "55": 6,
        "61": 45,
        "62": 14,
        "63": 49,
        "64": 45
    },
    "instance": null,
    "parameters": null,
    "parameters_data": null,
    "patients": null,
    "capacity": null,
    "num_days": null,
    "num_ORs": null,
    "num_surgeons": null,
    "gap": 0.39080459770114945
}