{
    "proved_optimal": true,
    "obj": 65,
    "relax_obj": 64.66666666666667,
    "num_LCs": 56,
    "num_callbacks": 532,
    "num_CG_iterations": 15,
    "num_columns": 160,
    "num_nodes": 1,
    "overall_time": 28.18609046936035,
    "callback_time": 1.1300270557403564,
    "subproblem_time": 25.249224185943604,
    "mp_time": 2.92854380607605,
    "inh_time": null,
    "ilp_time": 0.0,
    "surgeon_schedule": {
        "3": [
            4,
            32,
            49
        ],
        "4": [
            19
        ],
        "5": [
            9,
            44
        ],
        "6": [
            28
        ],
        "7": [
            7,
            21
        ],
        "8": [
            0
        ],
        "9": [
            40
        ],
        "10": [
            39,
            47
        ],
        "11": [
            12
        ]
    },
    "patient_schedule": {
        "5": 4,
        "16": 4,
        "0": 32,
        "14": 32,
        "23": 32,
        "39": 32,
        "46": 32,
        "55": 32,
        "15": 49,
        "21": 49,
        "4": 19,
        "22": 19,
        "45": 19,
        "6": 9,
        "40": 9,
        "47": 9,
        "8": 44,
        "26": 44,
        "10": 28,
        "18": 28,
        "61": 28,
        "64": 28,
        "49": 7,
        "7": 21,
        "13": 21,
        "37": 21,
        "52": 21,
        "20": 0,
        "63": 0,
        "44": 40,
        "62": 40,
        "2": 39,
        "17": 39,
        "32": 47,
        "34": 47,
        "41": 12,
        "51": 12,
        "53": 12
    },
    "instance": null,
    "parameters": null,
    "parameters_data": null,
    "patients": null,
    "capacity": null,
    "num_days": null,
    "num_ORs": null,
    "num_surgeons": null,
    "initial_heuristics_time": 0.253368616104126,
    "gap": 0.005154639175257658
}