{
    "proved_optimal": false,
    "obj": 79,
    "relax_obj": 43.25,
    "num_LCs": 91,
    "num_callbacks": 57,
    "num_CG_iterations": null,
    "num_columns": null,
    "num_nodes": null,
    "overall_time": 1200.007534980774,
    "callback_time": 4.557751893997192,
    "subproblem_time": null,
    "mp_time": null,
    "inh_time": null,
    "ilp_time": null,
    "surgeon_schedule": {
        "0": [
            3
        ],
        "2": [
            7,
            31
        ],
        "3": [
            37
        ],
        "5": [
            38
        ],
        "6": [
            43
        ],
        "7": [
            18,
            21
        ],
        "8": [
            29
        ],
        "10": [
            0,
            13
        ],
        "11": [
            39
        ],
        "12": [
            20
        ],
        "14": [
            26
        ],
        "15": [
            4,
            41
        ],
        "16": [
            48
        ],
        "17": [
            31
        ],
        "18": [
            11
        ],
        "19": [
            9,
            27
        ]
    },
    "patient_schedule": {
        "1": 38,
        "2": 31,
        "3": 38,
        "4": 38,
        "6": 0,
        "8": 31,
        "9": 11,
        "10": 21,
        "12": 21,
        "14": 29,
        "15": 43,
        "17": 31,
        "18": 0,
        "19": 3,
        "20": 48,
        "21": 3,
        "22": 11,
        "23": 18,
        "26": 37,
        "28": 38,
        "29": 21,
        "31": 7,
        "33": 9,
        "35": 39,
        "37": 43,
        "38": 48,
        "39": 3,
        "40": 48,
        "41": 3,
        "43": 3,
        "45": 27,
        "46": 11,
        "47": 26,
        "48": 20,
        "49": 41,
        "51": 21,
        "52": 43,
        "53": 39,
        "54": 26,
        "58": 26,
        "59": 31,
        "62": 4,
        "63": 31,
        "64": 3,
        "66": 20,
        "67": 9,
        "68": 41,
        "70": 31,
        "73": 9,
        "75": 13,
        "76": 29,
        "77": 13,
        "79": 43,
        "80": 13,
        "81": 26,
        "82": 31,
        "83": 18,
        "85": 3,
        "87": 43,
        "89": 37,
        "93": 37
    },
    "instance": null,
    "parameters": null,
    "parameters_data": null,
    "patients": null,
    "capacity": null,
    "num_days": null,
    "num_ORs": null,
    "num_surgeons": null,
    "gap": 0.8265895953757225
}