{
    "proved_optimal": false,
    "obj": 93,
    "relax_obj": 43.25,
    "num_LCs": 68,
    "num_callbacks": 31,
    "num_CG_iterations": null,
    "num_columns": null,
    "num_nodes": null,
    "overall_time": 1200.0101029872894,
    "callback_time": 2.4743528366088867,
    "subproblem_time": null,
    "mp_time": null,
    "inh_time": null,
    "ilp_time": null,
    "surgeon_schedule": {
        "0": [
            16,
            39
        ],
        "2": [
            28,
            49
        ],
        "3": [
            49
        ],
        "5": [
            10
        ],
        "6": [
            32
        ],
        "7": [
            42
        ],
        "8": [
            20
        ],
        "10": [
            19,
            21
        ],
        "11": [
            30
        ],
        "12": [
            0
        ],
        "13": [
            39
        ],
        "14": [
            1
        ],
        "15": [
            8
        ],
        "16": [
            14,
            42
        ],
        "17": [
            17,
            28
        ],
        "18": [
            8,
            24
        ],
        "19": [
            4,
            10,
            35
        ]
    },
    "patient_schedule": {
        "2": 28,
        "3": 10,
        "8": 17,
        "9": 8,
        "10": 42,
        "13": 35,
        "14": 20,
        "15": 32,
        "17": 28,
        "18": 21,
        "19": 16,
        "20": 42,
        "21": 16,
        "22": 8,
        "24": 42,
        "26": 49,
        "28": 10,
        "29": 42,
        "31": 49,
        "33": 4,
        "35": 30,
        "37": 32,
        "38": 42,
        "39": 16,
        "40": 14,
        "41": 16,
        "43": 16,
        "45": 10,
        "46": 8,
        "47": 1,
        "48": 0,
        "51": 42,
        "52": 32,
        "53": 30,
        "54": 1,
        "55": 39,
        "56": 24,
        "59": 17,
        "62": 8,
        "63": 28,
        "64": 39,
        "65": 28,
        "66": 0,
        "67": 4,
        "68": 8,
        "70": 28,
        "71": 8,
        "73": 4,
        "76": 20,
        "77": 21,
        "80": 19,
        "81": 1,
        "82": 28,
        "83": 42,
        "85": 16,
        "87": 32,
        "89": 49,
        "90": 35,
        "93": 49
    },
    "instance": null,
    "parameters": null,
    "parameters_data": null,
    "patients": null,
    "capacity": null,
    "num_days": null,
    "num_ORs": null,
    "num_surgeons": null,
    "gap": 1.1502890173410405
}