{
    "proved_optimal": true,
    "obj": 76,
    "relax_obj": 76.0,
    "num_LCs": 94,
    "num_callbacks": 896,
    "num_CG_iterations": 15,
    "num_columns": 247,
    "num_nodes": 1,
    "overall_time": 90.10099577903748,
    "callback_time": 2.181424379348755,
    "subproblem_time": 85.3916585445404,
    "mp_time": 4.695072412490845,
    "inh_time": null,
    "ilp_time": 0.0,
    "surgeon_schedule": {
        "0": [
            15,
            24,
            39
        ],
        "2": [
            20,
            41
        ],
        "3": [
            30
        ],
        "5": [
            35
        ],
        "6": [
            3
        ],
        "7": [
            28
        ],
        "8": [
            39
        ],
        "10": [
            3,
            40
        ],
        "11": [
            19,
            21
        ],
        "12": [
            49
        ],
        "14": [
            32
        ],
        "15": [
            45
        ],
        "16": [
            48
        ],
        "17": [
            13
        ],
        "18": [
            28
        ],
        "19": [
            10
        ]
    },
    "patient_schedule": {
        "21": 15,
        "39": 15,
        "41": 15,
        "43": 15,
        "64": 24,
        "19": 39,
        "85": 39,
        "31": 32,
        "17": 32,
        "63": 32,
        "82": 32,
        "26": 30,
        "89": 30,
        "93": 30,
        "1": 35,
        "3": 39,
        "4": 35,
        "28": 39,
        "15": 3,
        "37": 3,
        "52": 3,
        "79": 3,
        "87": 3,
        "10": 28,
        "12": 28,
        "29": 28,
        "51": 28,
        "14": 39,
        "76": 39,
        "75": 3,
        "77": 3,
        "80": 3,
        "6": 40,
        "18": 40,
        "35": 19,
        "53": 19,
        "11": 21,
        "48": 49,
        "66": 49,
        "47": 32,
        "54": 32,
        "58": 32,
        "81": 32,
        "62": 45,
        "68": 45,
        "71": 45,
        "20": 48,
        "38": 48,
        "40": 48,
        "2": 13,
        "8": 13,
        "59": 13,
        "65": 13,
        "70": 13,
        "92": 13,
        "9": 28,
        "22": 28,
        "46": 28,
        "33": 10,
        "67": 10,
        "73": 10
    },
    "instance": null,
    "parameters": null,
    "parameters_data": null,
    "patients": null,
    "capacity": null,
    "num_days": null,
    "num_ORs": null,
    "num_surgeons": null,
    "initial_heuristics_time": 0.4402897357940674,
    "gap": 0.0
}