{
    "proved_optimal": false,
    "obj": 149,
    "relax_obj": 93.75,
    "num_LCs": 445,
    "num_callbacks": 95,
    "num_CG_iterations": null,
    "num_columns": null,
    "num_nodes": null,
    "overall_time": 1200.011344909668,
    "callback_time": 14.48250412940979,
    "subproblem_time": null,
    "mp_time": null,
    "inh_time": null,
    "ilp_time": null,
    "surgeon_schedule": {
        "0": [
            19,
            29,
            39
        ],
        "1": [
            0
        ],
        "2": [
            7,
            16
        ],
        "3": [
            23
        ],
        "4": [
            0,
            30
        ],
        "5": [
            38
        ],
        "6": [
            1,
            40
        ],
        "7": [
            31,
            48
        ],
        "8": [
            1,
            30
        ],
        "9": [
            6,
            33
        ],
        "10": [
            9,
            11,
            29,
            35
        ],
        "11": [
            5,
            18,
            21,
            44
        ],
        "12": [
            10,
            23,
            43
        ],
        "13": [
            46
        ],
        "14": [
            43
        ],
        "15": [
            16
        ],
        "16": [
            10,
            27,
            36
        ],
        "17": [
            12,
            22
        ],
        "18": [
            9,
            40
        ],
        "19": [
            8
        ]
    },
    "patient_schedule": {
        "2": 48,
        "3": 0,
        "4": 36,
        "6": 33,
        "7": 0,
        "9": 23,
        "10": 23,
        "11": 16,
        "13": 44,
        "15": 39,
        "18": 19,
        "19": 6,
        "20": 6,
        "21": 7,
        "22": 8,
        "23": 36,
        "24": 23,
        "25": 40,
        "26": 43,
        "28": 46,
        "31": 43,
        "32": 10,
        "33": 30,
        "34": 18,
        "35": 23,
        "38": 0,
        "40": 5,
        "41": 8,
        "42": 38,
        "43": 46,
        "44": 12,
        "48": 39,
        "50": 40,
        "51": 43,
        "52": 38,
        "54": 1,
        "56": 40,
        "60": 40,
        "61": 12,
        "62": 35,
        "64": 16,
        "65": 1,
        "66": 22,
        "67": 0,
        "68": 30,
        "69": 30,
        "70": 12,
        "72": 30,
        "75": 21,
        "76": 43,
        "77": 48,
        "78": 33,
        "83": 23,
        "84": 22,
        "85": 12,
        "86": 6,
        "87": 43,
        "88": 33,
        "90": 12,
        "91": 23,
        "92": 9,
        "93": 23,
        "94": 8,
        "95": 6,
        "96": 1,
        "97": 9,
        "98": 21,
        "99": 12,
        "100": 43,
        "103": 11,
        "104": 9,
        "105": 8,
        "107": 43,
        "108": 36,
        "111": 43,
        "112": 16,
        "114": 16,
        "115": 43,
        "118": 33,
        "119": 10,
        "121": 1,
        "122": 1,
        "123": 27,
        "124": 31,
        "126": 23,
        "127": 29,
        "129": 0,
        "130": 38,
        "132": 38,
        "134": 46,
        "136": 43,
        "137": 6,
        "138": 1,
        "139": 10,
        "140": 40,
        "141": 33,
        "142": 16,
        "143": 22,
        "144": 23,
        "145": 29,
        "146": 19,
        "147": 40,
        "149": 31,
        "151": 33,
        "152": 38,
        "153": 12,
        "154": 48,
        "155": 36,
        "156": 35,
        "157": 23,
        "158": 23,
        "159": 9,
        "160": 9,
        "161": 18,
        "164": 22,
        "168": 10,
        "169": 16,
        "171": 46,
        "173": 11
    },
    "instance": null,
    "parameters": null,
    "parameters_data": null,
    "patients": null,
    "capacity": null,
    "num_days": null,
    "num_ORs": null,
    "num_surgeons": null,
    "gap": 0.5893333333333334
}