{
    "proved_optimal": true,
    "obj": 44,
    "relax_obj": 43.5,
    "num_LCs": 21,
    "num_callbacks": 1528,
    "num_CG_iterations": 158,
    "num_columns": 157,
    "num_nodes": 1,
    "overall_time": 52.730201959609985,
    "callback_time": 2.2873032093048096,
    "subproblem_time": 27.308701276779175,
    "mp_time": 25.372334003448486,
    "inh_time": null,
    "ilp_time": 0.0,
    "surgeon_schedule": {
        "0": [
            9
        ],
        "2": [
            30,
            41
        ],
        "3": [
            28
        ],
        "4": [
            36
        ],
        "5": [
            0
        ],
        "6": [
            4,
            21
        ],
        "7": [
            7
        ],
        "8": [
            10
        ],
        "9": [
            14
        ],
        "11": [
            18,
            48
        ]
    },
    "patient_schedule": {
        "23": 9,
        "40": 9,
        "26": 30,
        "3": 41,
        "11": 41,
        "46": 41,
        "8": 28,
        "35": 28,
        "42": 28,
        "44": 28,
        "0": 36,
        "5": 36,
        "15": 36,
        "37": 36,
        "50": 36,
        "51": 36,
        "6": 0,
        "18": 0,
        "25": 0,
        "28": 0,
        "2": 4,
        "16": 4,
        "12": 21,
        "14": 21,
        "9": 7,
        "45": 7,
        "31": 10,
        "33": 10,
        "47": 14,
        "49": 14,
        "17": 18,
        "20": 18,
        "29": 48,
        "32": 48,
        "43": 48
    },
    "instance": null,
    "parameters": null,
    "parameters_data": null,
    "patients": null,
    "capacity": null,
    "num_days": null,
    "num_ORs": null,
    "num_surgeons": null,
    "initial_heuristics_time": 0.2513301372528076,
    "gap": 0.011494252873563218
}