{
    "proved_optimal": false,
    "obj": 63,
    "relax_obj": 28.333333333333332,
    "num_LCs": 23,
    "num_callbacks": 20,
    "num_CG_iterations": null,
    "num_columns": null,
    "num_nodes": null,
    "overall_time": 1200.042810678482,
    "callback_time": 1.191152811050415,
    "subproblem_time": null,
    "mp_time": null,
    "inh_time": null,
    "ilp_time": null,
    "surgeon_schedule": {
        "0": [
            14
        ],
        "1": [
            45
        ],
        "2": [
            18
        ],
        "4": [
            20
        ],
        "6": [
            9,
            30
        ],
        "7": [
            10
        ],
        "8": [
            26,
            35
        ],
        "9": [
            39,
            40
        ],
        "10": [
            49
        ],
        "12": [
            2
        ]
    },
    "patient_schedule": {
        "0": 2,
        "1": 2,
        "2": 18,
        "3": 9,
        "7": 26,
        "8": 49,
        "9": 14,
        "11": 35,
        "14": 10,
        "15": 2,
        "16": 9,
        "19": 2,
        "20": 2,
        "21": 45,
        "22": 39,
        "23": 45,
        "26": 20,
        "28": 18,
        "31": 45,
        "32": 39,
        "33": 26,
        "35": 40,
        "36": 40,
        "38": 10,
        "39": 26,
        "43": 30,
        "44": 30,
        "45": 18,
        "46": 26,
        "50": 2,
        "51": 35
    },
    "instance": null,
    "parameters": null,
    "parameters_data": null,
    "patients": null,
    "capacity": null,
    "num_days": null,
    "num_ORs": null,
    "num_surgeons": null,
    "gap": 1.2235294117647062
}