{
    "proved_optimal": false,
    "obj": 46,
    "relax_obj": 28.333333333333332,
    "num_LCs": 23,
    "num_callbacks": 20,
    "num_CG_iterations": null,
    "num_columns": null,
    "num_nodes": null,
    "overall_time": 1200.0118074417114,
    "callback_time": 1.383342981338501,
    "subproblem_time": null,
    "mp_time": null,
    "inh_time": null,
    "ilp_time": null,
    "surgeon_schedule": {
        "1": [
            7,
            39
        ],
        "2": [
            1,
            35
        ],
        "3": [
            9
        ],
        "4": [
            10,
            20,
            49
        ],
        "5": [
            16
        ],
        "6": [
            41
        ],
        "8": [
            26,
            30
        ],
        "9": [
            47
        ]
    },
    "patient_schedule": {
        "0": 49,
        "2": 16,
        "5": 7,
        "6": 47,
        "8": 30,
        "9": 9,
        "11": 10,
        "13": 41,
        "15": 35,
        "18": 41,
        "19": 47,
        "20": 20,
        "22": 49,
        "23": 9,
        "26": 39,
        "28": 35,
        "31": 49,
        "33": 26,
        "34": 26,
        "35": 35,
        "37": 26,
        "38": 7,
        "39": 1,
        "40": 41,
        "41": 35,
        "44": 41,
        "46": 16,
        "47": 16,
        "49": 20,
        "51": 16,
        "52": 1
    },
    "instance": null,
    "parameters": null,
    "parameters_data": null,
    "patients": null,
    "capacity": null,
    "num_days": null,
    "num_ORs": null,
    "num_surgeons": null,
    "gap": 0.623529411764706
}