{
    "proved_optimal": true,
    "obj": 59,
    "relax_obj": 59.0,
    "num_LCs": 23,
    "num_callbacks": 683,
    "num_CG_iterations": 17,
    "num_columns": 197,
    "num_nodes": 1,
    "overall_time": 12.702999114990234,
    "callback_time": 1.1872425079345703,
    "subproblem_time": 8.787955522537231,
    "mp_time": 3.907581329345703,
    "inh_time": null,
    "ilp_time": 0.0,
    "surgeon_schedule": {
        "1": [
            11
        ],
        "2": [
            0,
            38
        ],
        "3": [
            40
        ],
        "4": [
            34
        ],
        "6": [
            9,
            20
        ],
        "7": [
            29
        ],
        "8": [
            5,
            30,
            45
        ],
        "9": [
            18
        ],
        "12": [
            25,
            49
        ]
    },
    "patient_schedule": {
        "21": 11,
        "23": 11,
        "31": 11,
        "28": 0,
        "45": 0,
        "2": 38,
        "17": 38,
        "41": 40,
        "26": 34,
        "3": 9,
        "16": 9,
        "43": 20,
        "44": 20,
        "14": 29,
        "38": 29,
        "11": 5,
        "51": 5,
        "7": 30,
        "33": 45,
        "39": 45,
        "46": 45,
        "22": 18,
        "32": 18,
        "35": 18,
        "36": 18,
        "0": 25,
        "1": 25,
        "15": 25,
        "19": 25,
        "20": 49,
        "50": 49
    },
    "instance": null,
    "parameters": null,
    "parameters_data": null,
    "patients": null,
    "capacity": null,
    "num_days": null,
    "num_ORs": null,
    "num_surgeons": null,
    "initial_heuristics_time": 0.29396724700927734,
    "gap": 0.0
}