{
    "proved_optimal": true,
    "obj": 94,
    "relax_obj": 93.57142857142857,
    "num_LCs": 109,
    "num_callbacks": 1130,
    "num_CG_iterations": 17,
    "num_columns": 278,
    "num_nodes": 1,
    "overall_time": 140.78837609291077,
    "callback_time": 2.761768341064453,
    "subproblem_time": 135.52123761177063,
    "mp_time": 5.2522969245910645,
    "inh_time": null,
    "ilp_time": 0.0,
    "surgeon_schedule": {
        "0": [
            16
        ],
        "2": [
            30
        ],
        "3": [
            29
        ],
        "4": [
            43
        ],
        "5": [
            1,
            25
        ],
        "6": [
            10
        ],
        "7": [
            24
        ],
        "9": [
            39
        ],
        "10": [
            12,
            36
        ],
        "11": [
            7,
            49
        ],
        "13": [
            29
        ],
        "14": [
            9,
            27,
            32,
            40
        ],
        "15": [
            7
        ],
        "16": [
            19,
            47
        ],
        "17": [
            1,
            20
        ],
        "18": [
            9,
            44
        ],
        "19": [
            20
        ]
    },
    "patient_schedule": {
        "34": 16,
        "62": 16,
        "95": 16,
        "96": 16,
        "43": 30,
        "53": 30,
        "66": 29,
        "79": 29,
        "82": 29,
        "3": 43,
        "14": 43,
        "22": 43,
        "51": 43,
        "54": 43,
        "57": 43,
        "68": 43,
        "73": 43,
        "2": 1,
        "44": 1,
        "91": 1,
        "40": 25,
        "65": 25,
        "85": 25,
        "15": 10,
        "72": 10,
        "75": 10,
        "21": 24,
        "52": 24,
        "31": 39,
        "41": 39,
        "9": 12,
        "19": 12,
        "46": 12,
        "60": 12,
        "24": 36,
        "28": 36,
        "49": 36,
        "13": 7,
        "56": 7,
        "39": 49,
        "64": 49,
        "1": 29,
        "17": 29,
        "48": 9,
        "20": 27,
        "70": 32,
        "78": 32,
        "80": 32,
        "37": 40,
        "8": 7,
        "86": 7,
        "10": 19,
        "76": 19,
        "83": 47,
        "12": 1,
        "69": 1,
        "88": 1,
        "11": 20,
        "36": 20,
        "61": 20,
        "33": 9,
        "38": 44,
        "92": 44,
        "7": 20,
        "55": 20
    },
    "instance": null,
    "parameters": null,
    "parameters_data": null,
    "patients": null,
    "capacity": null,
    "num_days": null,
    "num_ORs": null,
    "num_surgeons": null,
    "initial_heuristics_time": 0.40804409980773926,
    "gap": 0.004580152671755747
}