{
    "proved_optimal": false,
    "obj": 60,
    "relax_obj": 28.333333333333332,
    "num_LCs": 30,
    "num_callbacks": 25,
    "num_CG_iterations": null,
    "num_columns": null,
    "num_nodes": null,
    "overall_time": 1200.0296907424927,
    "callback_time": 2.583277702331543,
    "subproblem_time": null,
    "mp_time": null,
    "inh_time": null,
    "ilp_time": null,
    "surgeon_schedule": {
        "0": [
            27
        ],
        "1": [
            38
        ],
        "2": [
            8,
            20
        ],
        "4": [
            10
        ],
        "6": [
            4,
            29
        ],
        "7": [
            0
        ],
        "8": [
            24,
            31,
            48
        ],
        "9": [
            41
        ],
        "12": [
            16
        ]
    },
    "patient_schedule": {
        "0": 16,
        "1": 16,
        "2": 8,
        "3": 4,
        "7": 24,
        "9": 27,
        "11": 48,
        "14": 0,
        "15": 16,
        "16": 29,
        "17": 8,
        "19": 16,
        "20": 16,
        "21": 38,
        "22": 41,
        "23": 38,
        "26": 10,
        "28": 20,
        "31": 38,
        "32": 41,
        "33": 31,
        "35": 41,
        "36": 41,
        "38": 0,
        "39": 31,
        "43": 29,
        "44": 4,
        "45": 20,
        "46": 31,
        "50": 16,
        "51": 48
    },
    "instance": null,
    "parameters": null,
    "parameters_data": null,
    "patients": null,
    "capacity": null,
    "num_days": null,
    "num_ORs": null,
    "num_surgeons": null,
    "gap": 1.1176470588235294
}