{
    "proved_optimal": true,
    "obj": 44,
    "relax_obj": 43.5,
    "num_LCs": 39,
    "num_callbacks": 925,
    "num_CG_iterations": 25,
    "num_columns": 278,
    "num_nodes": 1,
    "overall_time": 21.89486575126648,
    "callback_time": 1.9457550048828125,
    "subproblem_time": 14.3919095993042,
    "mp_time": 7.487971782684326,
    "inh_time": null,
    "ilp_time": 0.0,
    "surgeon_schedule": {
        "0": [
            9
        ],
        "2": [
            25,
            44
        ],
        "3": [
            31
        ],
        "4": [
            17,
            38
        ],
        "5": [
            0
        ],
        "6": [
            5,
            40
        ],
        "7": [
            20
        ],
        "8": [
            29
        ],
        "9": [
            19
        ],
        "11": [
            11,
            48
        ]
    },
    "patient_schedule": {
        "23": 9,
        "40": 9,
        "3": 25,
        "11": 25,
        "46": 25,
        "26": 44,
        "8": 31,
        "35": 31,
        "42": 31,
        "44": 31,
        "15": 17,
        "37": 17,
        "50": 17,
        "0": 38,
        "5": 38,
        "51": 38,
        "6": 0,
        "18": 0,
        "25": 0,
        "28": 0,
        "12": 5,
        "14": 5,
        "2": 40,
        "16": 40,
        "9": 20,
        "45": 20,
        "31": 29,
        "33": 29,
        "47": 19,
        "49": 19,
        "20": 11,
        "29": 11,
        "32": 11,
        "17": 48,
        "43": 48
    },
    "instance": null,
    "parameters": null,
    "parameters_data": null,
    "patients": null,
    "capacity": null,
    "num_days": null,
    "num_ORs": null,
    "num_surgeons": null,
    "initial_heuristics_time": 0.0,
    "gap": 0.011494252873563218
}