{
    "proved_optimal": false,
    "obj": 113,
    "relax_obj": 49.0,
    "num_LCs": 89,
    "num_callbacks": 40,
    "num_CG_iterations": null,
    "num_columns": null,
    "num_nodes": null,
    "overall_time": 1200.0182354450226,
    "callback_time": 3.2455599308013916,
    "subproblem_time": null,
    "mp_time": null,
    "inh_time": null,
    "ilp_time": null,
    "surgeon_schedule": {
        "0": [
            1
        ],
        "1": [
            16,
            45
        ],
        "2": [
            39
        ],
        "3": [
            10
        ],
        "4": [
            25,
            34
        ],
        "5": [
            43
        ],
        "6": [
            20
        ],
        "7": [
            7,
            29,
            37
        ],
        "9": [
            7
        ],
        "10": [
            14,
            29,
            31,
            40
        ],
        "11": [
            1,
            24
        ],
        "13": [
            18
        ],
        "14": [
            9,
            10,
            30
        ],
        "16": [
            9,
            39
        ],
        "17": [
            20
        ],
        "18": [
            27,
            49
        ],
        "19": [
            37
        ]
    },
    "patient_schedule": {
        "1": 18,
        "2": 43,
        "3": 16,
        "4": 25,
        "7": 37,
        "9": 31,
        "10": 39,
        "11": 20,
        "12": 20,
        "13": 1,
        "15": 20,
        "19": 29,
        "21": 37,
        "22": 16,
        "24": 31,
        "28": 14,
        "31": 7,
        "32": 1,
        "33": 49,
        "34": 1,
        "37": 30,
        "38": 27,
        "39": 24,
        "40": 43,
        "41": 7,
        "43": 39,
        "44": 43,
        "46": 31,
        "48": 10,
        "49": 40,
        "52": 7,
        "53": 39,
        "54": 45,
        "55": 37,
        "56": 24,
        "57": 34,
        "61": 20,
        "62": 1,
        "63": 29,
        "64": 1,
        "65": 43,
        "66": 10,
        "68": 25,
        "70": 9,
        "72": 20,
        "73": 25,
        "75": 20,
        "76": 39,
        "79": 10,
        "80": 9,
        "82": 10,
        "83": 9,
        "85": 43,
        "87": 18,
        "89": 16,
        "91": 43,
        "92": 27,
        "93": 37,
        "95": 1
    },
    "instance": null,
    "parameters": null,
    "parameters_data": null,
    "patients": null,
    "capacity": null,
    "num_days": null,
    "num_ORs": null,
    "num_surgeons": null,
    "gap": 1.3061224489795917
}