{
    "proved_optimal": true,
    "obj": 94,
    "relax_obj": 93.57142857142857,
    "num_LCs": 120,
    "num_callbacks": 1177,
    "num_CG_iterations": 17,
    "num_columns": 295,
    "num_nodes": 1,
    "overall_time": 75.93662595748901,
    "callback_time": 3.3416824340820312,
    "subproblem_time": 70.41781210899353,
    "mp_time": 5.504302740097046,
    "inh_time": null,
    "ilp_time": 0.0,
    "surgeon_schedule": {
        "0": [
            38,
            40
        ],
        "2": [
            49
        ],
        "3": [
            17
        ],
        "4": [
            6,
            14
        ],
        "5": [
            31,
            45
        ],
        "6": [
            49
        ],
        "7": [
            14
        ],
        "9": [
            10
        ],
        "10": [
            18,
            23
        ],
        "11": [
            0,
            27
        ],
        "13": [
            38
        ],
        "14": [
            29,
            31,
            42
        ],
        "15": [
            0
        ],
        "16": [
            10,
            24
        ],
        "17": [
            6
        ],
        "18": [
            19,
            20
        ]
    },
    "patient_schedule": {
        "34": 38,
        "62": 38,
        "95": 38,
        "96": 40,
        "43": 49,
        "53": 49,
        "66": 17,
        "79": 17,
        "82": 17,
        "14": 6,
        "51": 6,
        "73": 6,
        "57": 14,
        "68": 14,
        "2": 31,
        "65": 31,
        "85": 31,
        "40": 45,
        "44": 45,
        "91": 45,
        "15": 49,
        "72": 49,
        "75": 49,
        "21": 14,
        "52": 14,
        "31": 10,
        "41": 10,
        "19": 18,
        "46": 18,
        "49": 18,
        "9": 23,
        "24": 23,
        "28": 23,
        "60": 23,
        "13": 0,
        "56": 0,
        "39": 27,
        "64": 27,
        "1": 38,
        "87": 38,
        "37": 29,
        "20": 31,
        "48": 31,
        "70": 42,
        "78": 42,
        "80": 42,
        "8": 0,
        "86": 0,
        "10": 10,
        "76": 10,
        "83": 24,
        "11": 6,
        "12": 6,
        "36": 6,
        "61": 6,
        "69": 6,
        "88": 6,
        "33": 19,
        "38": 20,
        "92": 20
    },
    "instance": null,
    "parameters": null,
    "parameters_data": null,
    "patients": null,
    "capacity": null,
    "num_days": null,
    "num_ORs": null,
    "num_surgeons": null,
    "initial_heuristics_time": 0.3973689079284668,
    "gap": 0.004580152671755747
}