{
    "proved_optimal": true,
    "obj": 43,
    "relax_obj": 43.0,
    "num_LCs": 55,
    "num_callbacks": 834,
    "num_CG_iterations": 24,
    "num_columns": 196,
    "num_nodes": 5,
    "overall_time": 25.353331804275513,
    "callback_time": 2.3005712032318115,
    "subproblem_time": 19.42867922782898,
    "mp_time": 5.902430057525635,
    "inh_time": null,
    "ilp_time": 0.0,
    "surgeon_schedule": {
        "1": [
            30,
            49
        ],
        "2": [
            8,
            38
        ],
        "3": [
            39
        ],
        "4": [
            29,
            34,
            41
        ],
        "5": [
            22
        ],
        "6": [
            1
        ],
        "8": [
            16
        ],
        "9": [
            47
        ]
    },
    "patient_schedule": {
        "26": 30,
        "5": 49,
        "38": 49,
        "15": 8,
        "28": 8,
        "32": 8,
        "41": 8,
        "21": 38,
        "35": 38,
        "9": 39,
        "23": 39,
        "0": 29,
        "22": 29,
        "31": 29,
        "11": 34,
        "49": 34,
        "17": 41,
        "20": 41,
        "2": 22,
        "46": 22,
        "47": 22,
        "51": 22,
        "13": 1,
        "18": 1,
        "40": 1,
        "44": 1,
        "33": 16,
        "34": 16,
        "37": 16,
        "6": 47,
        "19": 47
    },
    "instance": null,
    "parameters": null,
    "parameters_data": null,
    "patients": null,
    "capacity": null,
    "num_days": null,
    "num_ORs": null,
    "num_surgeons": null,
    "initial_heuristics_time": 0.23860430717468262,
    "gap": 0.0
}