{
    "proved_optimal": false,
    "obj": 44,
    "relax_obj": 28.333333333333332,
    "num_LCs": 28,
    "num_callbacks": 27,
    "num_CG_iterations": null,
    "num_columns": null,
    "num_nodes": null,
    "overall_time": 1200.0110652446747,
    "callback_time": 1.6615931987762451,
    "subproblem_time": null,
    "mp_time": null,
    "inh_time": null,
    "ilp_time": null,
    "surgeon_schedule": {
        "0": [
            19
        ],
        "2": [
            26
        ],
        "3": [
            45
        ],
        "4": [
            32
        ],
        "5": [
            20
        ],
        "6": [
            8
        ],
        "7": [
            17
        ],
        "8": [
            49
        ],
        "9": [
            40
        ],
        "10": [
            1,
            39
        ],
        "11": [
            11
        ]
    },
    "patient_schedule": {
        "0": 32,
        "1": 1,
        "3": 26,
        "5": 32,
        "6": 20,
        "8": 45,
        "9": 17,
        "11": 26,
        "12": 8,
        "14": 8,
        "15": 32,
        "16": 8,
        "18": 20,
        "20": 11,
        "21": 1,
        "23": 19,
        "25": 20,
        "26": 26,
        "28": 20,
        "29": 11,
        "31": 49,
        "32": 11,
        "33": 49,
        "35": 45,
        "37": 32,
        "40": 19,
        "41": 39,
        "42": 45,
        "44": 45,
        "45": 17,
        "46": 26,
        "47": 40,
        "49": 40,
        "50": 32,
        "51": 32
    },
    "instance": null,
    "parameters": null,
    "parameters_data": null,
    "patients": null,
    "capacity": null,
    "num_days": null,
    "num_ORs": null,
    "num_surgeons": null,
    "gap": 0.5529411764705883
}