{
    "proved_optimal": false,
    "obj": 103,
    "relax_obj": 49.0,
    "num_LCs": 117,
    "num_callbacks": 47,
    "num_CG_iterations": null,
    "num_columns": null,
    "num_nodes": null,
    "overall_time": 1200.0073392391205,
    "callback_time": 3.885004997253418,
    "subproblem_time": null,
    "mp_time": null,
    "inh_time": null,
    "ilp_time": null,
    "surgeon_schedule": {
        "0": [
            28
        ],
        "1": [
            35,
            48
        ],
        "2": [
            40
        ],
        "3": [
            19
        ],
        "4": [
            12,
            49
        ],
        "5": [
            38
        ],
        "6": [
            39
        ],
        "7": [
            21,
            45
        ],
        "9": [
            19
        ],
        "10": [
            2,
            22
        ],
        "11": [
            41
        ],
        "13": [
            8
        ],
        "14": [
            4,
            10,
            29,
            30
        ],
        "16": [
            31
        ],
        "17": [
            9
        ],
        "18": [
            15
        ],
        "19": [
            0
        ]
    },
    "patient_schedule": {
        "1": 8,
        "3": 48,
        "7": 0,
        "9": 2,
        "10": 31,
        "11": 9,
        "12": 9,
        "13": 41,
        "14": 12,
        "15": 39,
        "19": 22,
        "20": 29,
        "21": 21,
        "22": 48,
        "24": 22,
        "28": 22,
        "31": 19,
        "33": 15,
        "34": 28,
        "37": 4,
        "38": 15,
        "39": 41,
        "40": 38,
        "41": 19,
        "43": 40,
        "46": 2,
        "47": 21,
        "48": 10,
        "49": 2,
        "51": 12,
        "52": 45,
        "53": 40,
        "54": 35,
        "55": 0,
        "56": 41,
        "57": 49,
        "60": 2,
        "61": 9,
        "62": 28,
        "63": 45,
        "64": 41,
        "65": 38,
        "66": 19,
        "68": 49,
        "70": 30,
        "72": 39,
        "73": 12,
        "75": 39,
        "76": 31,
        "79": 19,
        "80": 30,
        "82": 19,
        "83": 31,
        "87": 8,
        "91": 38,
        "92": 15,
        "93": 21,
        "95": 28
    },
    "instance": null,
    "parameters": null,
    "parameters_data": null,
    "patients": null,
    "capacity": null,
    "num_days": null,
    "num_ORs": null,
    "num_surgeons": null,
    "gap": 1.1020408163265305
}