{
    "proved_optimal": true,
    "obj": 44,
    "relax_obj": 43.5,
    "num_LCs": 35,
    "num_callbacks": 813,
    "num_CG_iterations": 20,
    "num_columns": 206,
    "num_nodes": 1,
    "overall_time": 18.616085290908813,
    "callback_time": 1.5965380668640137,
    "subproblem_time": 13.865756750106812,
    "mp_time": 4.738983869552612,
    "inh_time": null,
    "ilp_time": 0.0,
    "surgeon_schedule": {
        "0": [
            17
        ],
        "2": [
            19,
            25
        ],
        "3": [
            35
        ],
        "4": [
            8,
            20
        ],
        "5": [
            30
        ],
        "6": [
            39,
            48
        ],
        "7": [
            14
        ],
        "8": [
            10
        ],
        "9": [
            29
        ],
        "11": [
            1,
            41
        ]
    },
    "patient_schedule": {
        "23": 17,
        "40": 17,
        "26": 19,
        "3": 25,
        "11": 25,
        "46": 25,
        "8": 35,
        "35": 35,
        "42": 35,
        "44": 35,
        "5": 8,
        "50": 8,
        "51": 8,
        "0": 20,
        "15": 20,
        "37": 20,
        "6": 30,
        "18": 30,
        "25": 30,
        "28": 30,
        "2": 39,
        "12": 48,
        "14": 48,
        "16": 48,
        "9": 14,
        "45": 14,
        "31": 10,
        "33": 10,
        "47": 29,
        "49": 29,
        "29": 1,
        "32": 1,
        "43": 1,
        "17": 41,
        "20": 41
    },
    "instance": null,
    "parameters": null,
    "parameters_data": null,
    "patients": null,
    "capacity": null,
    "num_days": null,
    "num_ORs": null,
    "num_surgeons": null,
    "initial_heuristics_time": 0.2563745975494385,
    "gap": 0.011494252873563218
}