{
    "proved_optimal": false,
    "obj": 162,
    "relax_obj": 99.18181818181819,
    "num_LCs": 354,
    "num_callbacks": 75,
    "num_CG_iterations": null,
    "num_columns": null,
    "num_nodes": null,
    "overall_time": 1200.0094876289368,
    "callback_time": 12.03716254234314,
    "subproblem_time": null,
    "mp_time": null,
    "inh_time": null,
    "ilp_time": null,
    "surgeon_schedule": {
        "0": [
            23
        ],
        "1": [
            3
        ],
        "2": [
            48
        ],
        "3": [
            20,
            34
        ],
        "4": [
            19,
            21
        ],
        "5": [
            4,
            10,
            20,
            37
        ],
        "6": [
            9,
            14,
            39,
            40
        ],
        "7": [
            10,
            44
        ],
        "8": [
            30,
            48
        ],
        "9": [
            8,
            30,
            40
        ],
        "10": [
            12,
            28,
            32
        ],
        "11": [
            8,
            25,
            48
        ],
        "12": [
            2,
            13,
            36
        ],
        "13": [
            0,
            26
        ],
        "14": [
            1,
            41
        ],
        "15": [
            39
        ],
        "16": [
            16,
            29,
            31,
            44
        ],
        "17": [
            38
        ],
        "18": [
            43
        ],
        "19": [
            18
        ]
    },
    "patient_schedule": {
        "0": 36,
        "1": 8,
        "2": 34,
        "3": 37,
        "5": 31,
        "6": 23,
        "7": 12,
        "8": 48,
        "9": 3,
        "10": 43,
        "11": 29,
        "13": 34,
        "14": 23,
        "15": 4,
        "16": 8,
        "18": 32,
        "19": 14,
        "20": 2,
        "21": 23,
        "22": 8,
        "23": 26,
        "26": 48,
        "27": 10,
        "28": 38,
        "29": 25,
        "30": 38,
        "31": 8,
        "35": 25,
        "36": 44,
        "37": 39,
        "38": 16,
        "41": 43,
        "42": 13,
        "44": 3,
        "47": 13,
        "48": 10,
        "49": 30,
        "50": 40,
        "52": 25,
        "53": 21,
        "54": 16,
        "56": 20,
        "58": 12,
        "59": 40,
        "60": 10,
        "61": 29,
        "62": 30,
        "64": 38,
        "65": 8,
        "66": 40,
        "67": 28,
        "68": 32,
        "70": 48,
        "71": 23,
        "72": 1,
        "75": 32,
        "77": 48,
        "78": 21,
        "80": 18,
        "81": 39,
        "82": 1,
        "84": 16,
        "85": 23,
        "86": 10,
        "87": 26,
        "88": 0,
        "89": 28,
        "90": 0,
        "91": 36,
        "93": 43,
        "95": 31,
        "96": 36,
        "97": 44,
        "98": 32,
        "99": 26,
        "100": 30,
        "101": 39,
        "102": 19,
        "104": 3,
        "106": 12,
        "107": 44,
        "108": 0,
        "109": 43,
        "110": 39,
        "112": 12,
        "113": 3,
        "114": 41,
        "115": 41,
        "116": 48,
        "118": 9,
        "119": 44,
        "121": 13,
        "123": 38,
        "124": 19,
        "126": 3,
        "129": 12,
        "132": 41,
        "133": 20,
        "134": 39,
        "135": 10,
        "137": 20,
        "138": 26,
        "140": 8,
        "142": 21,
        "143": 29,
        "145": 3,
        "146": 18,
        "149": 32,
        "151": 10,
        "152": 23,
        "153": 37,
        "154": 43,
        "158": 13,
        "159": 48,
        "162": 23,
        "163": 18,
        "165": 19,
        "166": 21,
        "167": 20,
        "168": 31,
        "169": 0,
        "172": 23,
        "174": 38,
        "179": 8,
        "180": 25,
        "181": 3,
        "182": 26,
        "183": 34,
        "184": 9,
        "185": 13,
        "186": 2,
        "187": 1
    },
    "instance": null,
    "parameters": null,
    "parameters_data": null,
    "patients": null,
    "capacity": null,
    "num_days": null,
    "num_ORs": null,
    "num_surgeons": null,
    "gap": 0.6333638863428047
}