{
    "proved_optimal": false,
    "obj": 49,
    "relax_obj": 28.333333333333332,
    "num_LCs": 28,
    "num_callbacks": 30,
    "num_CG_iterations": null,
    "num_columns": null,
    "num_nodes": null,
    "overall_time": 1200.0358438491821,
    "callback_time": 1.68263578414917,
    "subproblem_time": null,
    "mp_time": null,
    "inh_time": null,
    "ilp_time": null,
    "surgeon_schedule": {
        "0": [
            49
        ],
        "2": [
            0,
            21,
            40
        ],
        "3": [
            11
        ],
        "4": [
            4,
            31
        ],
        "5": [
            19
        ],
        "6": [
            45
        ],
        "7": [
            17
        ],
        "8": [
            7
        ],
        "9": [
            9
        ],
        "11": [
            28,
            38
        ]
    },
    "patient_schedule": {
        "0": 4,
        "3": 21,
        "5": 31,
        "6": 19,
        "8": 11,
        "9": 17,
        "12": 45,
        "14": 45,
        "15": 31,
        "16": 45,
        "17": 28,
        "18": 19,
        "20": 38,
        "23": 49,
        "25": 19,
        "26": 40,
        "28": 19,
        "29": 28,
        "31": 7,
        "32": 38,
        "33": 7,
        "35": 11,
        "37": 4,
        "40": 49,
        "42": 11,
        "43": 38,
        "44": 11,
        "45": 17,
        "46": 0,
        "47": 9,
        "49": 9,
        "50": 4,
        "51": 31,
        "52": 21
    },
    "instance": null,
    "parameters": null,
    "parameters_data": null,
    "patients": null,
    "capacity": null,
    "num_days": null,
    "num_ORs": null,
    "num_surgeons": null,
    "gap": 0.7294117647058824
}