{
    "proved_optimal": true,
    "obj": 44,
    "relax_obj": 43.5,
    "num_LCs": 32,
    "num_callbacks": 720,
    "num_CG_iterations": 21,
    "num_columns": 220,
    "num_nodes": 1,
    "overall_time": 18.815266370773315,
    "callback_time": 1.0586864948272705,
    "subproblem_time": 13.666323184967041,
    "mp_time": 5.136878490447998,
    "inh_time": null,
    "ilp_time": 0.0,
    "surgeon_schedule": {
        "0": [
            39
        ],
        "2": [
            8,
            34
        ],
        "3": [
            41
        ],
        "4": [
            4,
            28
        ],
        "5": [
            0
        ],
        "6": [
            21,
            30
        ],
        "7": [
            14
        ],
        "8": [
            10
        ],
        "9": [
            37
        ],
        "11": [
            18,
            48
        ]
    },
    "patient_schedule": {
        "23": 39,
        "40": 39,
        "3": 8,
        "11": 8,
        "46": 8,
        "26": 34,
        "8": 41,
        "35": 41,
        "42": 41,
        "44": 41,
        "0": 4,
        "37": 4,
        "50": 4,
        "5": 28,
        "15": 28,
        "51": 28,
        "6": 0,
        "18": 0,
        "25": 0,
        "28": 0,
        "12": 21,
        "14": 21,
        "2": 30,
        "16": 30,
        "9": 14,
        "45": 14,
        "31": 10,
        "33": 10,
        "47": 37,
        "49": 37,
        "17": 18,
        "20": 18,
        "29": 48,
        "32": 48,
        "43": 48
    },
    "instance": null,
    "parameters": null,
    "parameters_data": null,
    "patients": null,
    "capacity": null,
    "num_days": null,
    "num_ORs": null,
    "num_surgeons": null,
    "initial_heuristics_time": 0.25982666015625,
    "gap": 0.011494252873563218
}