{
    "proved_optimal": true,
    "obj": 43,
    "relax_obj": 43.0,
    "num_LCs": 59,
    "num_callbacks": 836,
    "num_CG_iterations": 26,
    "num_columns": 220,
    "num_nodes": 5,
    "overall_time": 31.38135313987732,
    "callback_time": 1.529442548751831,
    "subproblem_time": 24.890015125274658,
    "mp_time": 6.4635233879089355,
    "inh_time": null,
    "ilp_time": 0.0,
    "surgeon_schedule": {
        "1": [
            9,
            14
        ],
        "2": [
            5,
            10,
            28,
            39
        ],
        "3": [
            30
        ],
        "4": [
            8,
            14,
            29
        ],
        "5": [
            46
        ],
        "6": [
            18
        ],
        "8": [
            36
        ],
        "9": [
            4
        ]
    },
    "patient_schedule": {
        "5": 9,
        "38": 9,
        "26": 14,
        "39": 5,
        "52": 5,
        "28": 10,
        "32": 10,
        "21": 28,
        "35": 28,
        "15": 39,
        "41": 39,
        "9": 30,
        "23": 30,
        "0": 8,
        "17": 8,
        "22": 8,
        "20": 14,
        "49": 14,
        "11": 29,
        "31": 29,
        "2": 46,
        "46": 46,
        "47": 46,
        "51": 46,
        "13": 18,
        "18": 18,
        "40": 18,
        "44": 18,
        "33": 36,
        "34": 36,
        "37": 36,
        "6": 4,
        "19": 4
    },
    "instance": null,
    "parameters": null,
    "parameters_data": null,
    "patients": null,
    "capacity": null,
    "num_days": null,
    "num_ORs": null,
    "num_surgeons": null,
    "initial_heuristics_time": 0.2260887622833252,
    "gap": 0.0
}