{
    "proved_optimal": true,
    "obj": 45,
    "relax_obj": 45.0,
    "num_LCs": 25,
    "num_callbacks": 1339,
    "num_CG_iterations": 35,
    "num_columns": 238,
    "num_nodes": 15,
    "overall_time": 41.81615161895752,
    "callback_time": 1.622572660446167,
    "subproblem_time": 32.421239614486694,
    "mp_time": 9.354482173919678,
    "inh_time": null,
    "ilp_time": 0.0,
    "surgeon_schedule": {
        "0": [
            37
        ],
        "2": [
            18
        ],
        "3": [
            0
        ],
        "4": [
            29
        ],
        "5": [
            14,
            42
        ],
        "7": [
            39
        ],
        "8": [
            10,
            34
        ],
        "10": [
            6,
            21
        ],
        "11": [
            27,
            30,
            49
        ]
    },
    "patient_schedule": {
        "10": 37,
        "4": 18,
        "25": 18,
        "32": 18,
        "5": 0,
        "29": 0,
        "20": 29,
        "33": 14,
        "15": 42,
        "21": 42,
        "26": 42,
        "35": 39,
        "36": 39,
        "22": 10,
        "24": 34,
        "28": 34,
        "3": 6,
        "7": 6,
        "2": 21,
        "9": 21,
        "0": 27,
        "11": 30,
        "14": 49
    },
    "instance": null,
    "parameters": null,
    "parameters_data": null,
    "patients": null,
    "capacity": null,
    "num_days": null,
    "num_ORs": null,
    "num_surgeons": null,
    "initial_heuristics_time": 0.23325514793395996,
    "gap": 0.0
}