{
    "proved_optimal": false,
    "obj": 125,
    "relax_obj": 58.714285714285715,
    "num_LCs": 100,
    "num_callbacks": 50,
    "num_CG_iterations": null,
    "num_columns": null,
    "num_nodes": null,
    "overall_time": 1200.0229382514954,
    "callback_time": 6.229506731033325,
    "subproblem_time": null,
    "mp_time": null,
    "inh_time": null,
    "ilp_time": null,
    "surgeon_schedule": {
        "0": [
            20,
            35
        ],
        "1": [
            11
        ],
        "2": [
            0
        ],
        "4": [
            4,
            47
        ],
        "5": [
            19,
            30,
            40
        ],
        "7": [
            28
        ],
        "8": [
            44
        ],
        "9": [
            9,
            31
        ],
        "10": [
            39
        ],
        "11": [
            46
        ],
        "12": [
            7,
            49
        ],
        "13": [
            10
        ],
        "14": [
            18
        ],
        "15": [
            15,
            29
        ],
        "16": [
            3,
            21,
            38
        ],
        "18": [
            25
        ],
        "19": [
            40
        ]
    },
    "patient_schedule": {
        "1": 38,
        "2": 21,
        "3": 29,
        "5": 29,
        "9": 25,
        "10": 28,
        "11": 3,
        "12": 31,
        "13": 15,
        "14": 0,
        "18": 19,
        "20": 31,
        "21": 39,
        "22": 49,
        "23": 11,
        "24": 35,
        "29": 46,
        "31": 39,
        "34": 18,
        "36": 21,
        "37": 0,
        "40": 25,
        "42": 28,
        "46": 40,
        "47": 38,
        "49": 11,
        "50": 49,
        "51": 46,
        "54": 46,
        "55": 20,
        "58": 19,
        "62": 10,
        "63": 9,
        "64": 4,
        "65": 3,
        "66": 18,
        "67": 35,
        "68": 44,
        "70": 25,
        "71": 3,
        "72": 25,
        "74": 28,
        "75": 7,
        "77": 30,
        "80": 31,
        "82": 47,
        "84": 18,
        "86": 9,
        "88": 46,
        "89": 20,
        "91": 40,
        "92": 47
    },
    "instance": null,
    "parameters": null,
    "parameters_data": null,
    "patients": null,
    "capacity": null,
    "num_days": null,
    "num_ORs": null,
    "num_surgeons": null,
    "gap": 1.1289537712895374
}