{
    "proved_optimal": true,
    "obj": 95,
    "relax_obj": 95.0,
    "num_LCs": 116,
    "num_callbacks": 1224,
    "num_CG_iterations": 17,
    "num_columns": 311,
    "num_nodes": 1,
    "overall_time": 43.62770652770996,
    "callback_time": 2.9874722957611084,
    "subproblem_time": 37.809370040893555,
    "mp_time": 5.804731369018555,
    "inh_time": null,
    "ilp_time": 0.0,
    "surgeon_schedule": {
        "0": [
            0,
            10
        ],
        "1": [
            29
        ],
        "2": [
            20
        ],
        "3": [
            19
        ],
        "4": [
            23,
            41
        ],
        "5": [
            9,
            19,
            40
        ],
        "8": [
            30
        ],
        "9": [
            6
        ],
        "10": [
            14
        ],
        "11": [
            17,
            38
        ],
        "12": [
            10
        ],
        "13": [
            17
        ],
        "14": [
            14
        ],
        "15": [
            36,
            46
        ],
        "16": [
            2,
            48
        ],
        "17": [
            31
        ],
        "18": [
            25
        ]
    },
    "patient_schedule": {
        "55": 0,
        "89": 0,
        "24": 10,
        "43": 10,
        "49": 29,
        "14": 20,
        "37": 20,
        "4": 19,
        "56": 19,
        "17": 23,
        "35": 23,
        "53": 23,
        "76": 23,
        "82": 23,
        "64": 41,
        "81": 41,
        "92": 41,
        "18": 9,
        "91": 9,
        "77": 19,
        "58": 40,
        "68": 30,
        "12": 6,
        "20": 6,
        "63": 6,
        "80": 6,
        "86": 6,
        "21": 14,
        "31": 14,
        "51": 17,
        "29": 38,
        "54": 38,
        "88": 38,
        "50": 10,
        "75": 10,
        "62": 17,
        "66": 14,
        "84": 14,
        "5": 36,
        "13": 36,
        "28": 36,
        "3": 46,
        "87": 46,
        "1": 2,
        "11": 2,
        "47": 2,
        "2": 48,
        "36": 48,
        "41": 31,
        "61": 31,
        "93": 31,
        "9": 25,
        "40": 25,
        "70": 25,
        "72": 25
    },
    "instance": null,
    "parameters": null,
    "parameters_data": null,
    "patients": null,
    "capacity": null,
    "num_days": null,
    "num_ORs": null,
    "num_surgeons": null,
    "initial_heuristics_time": 0.47332167625427246,
    "gap": 0.0
}