{
    "proved_optimal": true,
    "obj": 45,
    "relax_obj": 45.0,
    "num_LCs": 27,
    "num_callbacks": 818,
    "num_CG_iterations": 20,
    "num_columns": 176,
    "num_nodes": 5,
    "overall_time": 16.864689350128174,
    "callback_time": 1.41670560836792,
    "subproblem_time": 12.056827068328857,
    "mp_time": 4.790503978729248,
    "inh_time": null,
    "ilp_time": 0.0,
    "surgeon_schedule": {
        "0": [
            17
        ],
        "2": [
            21
        ],
        "3": [
            0
        ],
        "4": [
            49
        ],
        "5": [
            9,
            42
        ],
        "7": [
            11,
            27
        ],
        "8": [
            1
        ],
        "10": [
            11,
            36
        ],
        "11": [
            7,
            27,
            30
        ]
    },
    "patient_schedule": {
        "10": 17,
        "4": 21,
        "25": 21,
        "32": 21,
        "5": 0,
        "29": 0,
        "20": 49,
        "21": 9,
        "33": 9,
        "15": 42,
        "26": 42,
        "17": 11,
        "19": 11,
        "36": 11,
        "35": 27,
        "22": 1,
        "24": 1,
        "28": 1,
        "2": 11,
        "9": 11,
        "3": 36,
        "7": 36,
        "0": 7,
        "11": 27,
        "14": 30
    },
    "instance": null,
    "parameters": null,
    "parameters_data": null,
    "patients": null,
    "capacity": null,
    "num_days": null,
    "num_ORs": null,
    "num_surgeons": null,
    "initial_heuristics_time": 0.22831201553344727,
    "gap": 0.0
}