{
    "proved_optimal": false,
    "obj": 162,
    "relax_obj": 86.0,
    "num_LCs": 401,
    "num_callbacks": 95,
    "num_CG_iterations": null,
    "num_columns": null,
    "num_nodes": null,
    "overall_time": 1200.0147244930267,
    "callback_time": 19.03668451309204,
    "subproblem_time": null,
    "mp_time": null,
    "inh_time": null,
    "ilp_time": null,
    "surgeon_schedule": {
        "0": [
            19,
            39,
            40
        ],
        "1": [
            0,
            30
        ],
        "2": [
            5
        ],
        "3": [
            8,
            40
        ],
        "4": [
            0,
            23,
            38
        ],
        "5": [
            5,
            11,
            31,
            45
        ],
        "6": [
            22,
            45
        ],
        "7": [
            1,
            13,
            30,
            48
        ],
        "8": [
            41
        ],
        "9": [
            46
        ],
        "10": [
            11,
            29,
            35
        ],
        "11": [
            5,
            18
        ],
        "12": [
            22
        ],
        "13": [
            9,
            12,
            49
        ],
        "14": [
            9,
            33
        ],
        "15": [
            40
        ],
        "16": [
            18,
            49
        ],
        "17": [
            9,
            29
        ],
        "18": [
            23,
            36
        ],
        "19": [
            0
        ]
    },
    "patient_schedule": {
        "0": 1,
        "2": 1,
        "3": 40,
        "4": 18,
        "6": 49,
        "7": 0,
        "8": 5,
        "9": 9,
        "10": 22,
        "11": 30,
        "12": 29,
        "13": 5,
        "18": 19,
        "19": 22,
        "20": 23,
        "21": 45,
        "22": 0,
        "23": 13,
        "24": 18,
        "28": 0,
        "30": 22,
        "31": 5,
        "33": 8,
        "34": 23,
        "36": 22,
        "37": 30,
        "38": 8,
        "40": 49,
        "44": 1,
        "46": 5,
        "49": 33,
        "51": 36,
        "52": 11,
        "53": 46,
        "54": 22,
        "55": 48,
        "56": 12,
        "58": 45,
        "59": 33,
        "62": 45,
        "64": 41,
        "65": 48,
        "67": 41,
        "68": 29,
        "69": 49,
        "70": 12,
        "71": 5,
        "72": 0,
        "75": 48,
        "76": 36,
        "77": 40,
        "78": 23,
        "80": 38,
        "81": 22,
        "83": 39,
        "87": 33,
        "88": 23,
        "89": 41,
        "91": 36,
        "92": 46,
        "93": 40,
        "95": 5,
        "96": 9,
        "97": 22,
        "98": 23,
        "99": 12,
        "100": 9,
        "101": 23,
        "102": 29,
        "103": 22,
        "105": 23,
        "106": 9,
        "107": 12,
        "108": 9,
        "109": 33,
        "110": 5,
        "111": 22,
        "112": 40,
        "113": 0,
        "114": 38,
        "115": 13,
        "117": 5,
        "118": 11,
        "119": 35,
        "121": 40,
        "123": 5,
        "124": 40,
        "125": 49,
        "126": 23,
        "127": 45,
        "128": 35,
        "130": 22,
        "133": 11,
        "134": 13,
        "135": 40,
        "137": 22,
        "139": 5,
        "140": 0,
        "142": 40,
        "143": 18,
        "144": 18,
        "145": 40,
        "146": 9,
        "147": 18,
        "149": 5,
        "150": 18,
        "153": 13,
        "154": 9,
        "156": 41,
        "158": 23,
        "160": 45,
        "162": 46,
        "164": 35,
        "167": 36,
        "168": 13,
        "171": 5,
        "172": 33,
        "174": 11,
        "178": 23,
        "180": 19,
        "182": 39,
        "183": 18,
        "184": 23,
        "185": 29,
        "186": 46,
        "187": 23,
        "188": 45,
        "189": 13,
        "192": 31
    },
    "instance": null,
    "parameters": null,
    "parameters_data": null,
    "patients": null,
    "capacity": null,
    "num_days": null,
    "num_ORs": null,
    "num_surgeons": null,
    "gap": 0.8837209302325582
}