{
    "proved_optimal": false,
    "obj": 99,
    "relax_obj": 58.714285714285715,
    "num_LCs": 101,
    "num_callbacks": 55,
    "num_CG_iterations": null,
    "num_columns": null,
    "num_nodes": null,
    "overall_time": 1200.0310053825378,
    "callback_time": 8.557344913482666,
    "subproblem_time": null,
    "mp_time": null,
    "inh_time": null,
    "ilp_time": null,
    "surgeon_schedule": {
        "0": [
            1
        ],
        "1": [
            38
        ],
        "2": [
            29
        ],
        "3": [
            9
        ],
        "4": [
            43
        ],
        "5": [
            8
        ],
        "8": [
            20
        ],
        "9": [
            5,
            39
        ],
        "11": [
            26
        ],
        "12": [
            30
        ],
        "13": [
            19
        ],
        "14": [
            0
        ],
        "15": [
            12,
            22
        ],
        "16": [
            13,
            43
        ],
        "17": [
            35
        ],
        "18": [
            31
        ]
    },
    "patient_schedule": {
        "1": 43,
        "2": 43,
        "3": 22,
        "4": 9,
        "5": 12,
        "9": 31,
        "11": 13,
        "12": 5,
        "13": 12,
        "14": 29,
        "17": 43,
        "18": 8,
        "20": 5,
        "23": 38,
        "24": 1,
        "28": 12,
        "29": 26,
        "36": 13,
        "37": 29,
        "40": 31,
        "41": 35,
        "43": 1,
        "47": 13,
        "49": 38,
        "50": 30,
        "51": 26,
        "53": 43,
        "54": 26,
        "55": 1,
        "56": 9,
        "61": 35,
        "62": 19,
        "63": 39,
        "64": 43,
        "65": 43,
        "66": 0,
        "68": 20,
        "70": 31,
        "71": 13,
        "72": 31,
        "75": 30,
        "76": 43,
        "77": 8,
        "80": 5,
        "82": 43,
        "84": 0,
        "86": 39,
        "87": 22,
        "88": 26,
        "89": 1,
        "91": 8,
        "92": 43,
        "93": 35
    },
    "instance": null,
    "parameters": null,
    "parameters_data": null,
    "patients": null,
    "capacity": null,
    "num_days": null,
    "num_ORs": null,
    "num_surgeons": null,
    "gap": 0.6861313868613138
}