{
    "proved_optimal": true,
    "obj": 37,
    "relax_obj": 36.666666666666664,
    "num_LCs": 11,
    "num_callbacks": 653,
    "num_CG_iterations": 16,
    "num_columns": 179,
    "num_nodes": 1,
    "overall_time": 10.179544687271118,
    "callback_time": 0.958742618560791,
    "subproblem_time": 6.712719440460205,
    "mp_time": 3.4581100940704346,
    "inh_time": null,
    "ilp_time": 0.0,
    "surgeon_schedule": {
        "0": [
            49
        ],
        "1": [
            8
        ],
        "2": [
            29,
            34
        ],
        "3": [
            11
        ],
        "4": [
            27
        ],
        "5": [
            24
        ],
        "7": [
            1
        ],
        "9": [
            40
        ],
        "10": [
            37
        ],
        "11": [
            45
        ],
        "12": [
            20,
            39
        ],
        "13": [
            18,
            30
        ]
    },
    "patient_schedule": {
        "3": 49,
        "11": 49,
        "14": 49,
        "39": 49,
        "2": 8,
        "21": 8,
        "28": 8,
        "36": 8,
        "12": 29,
        "41": 29,
        "43": 34,
        "5": 11,
        "26": 11,
        "31": 11,
        "33": 27,
        "9": 24,
        "37": 24,
        "20": 1,
        "40": 1,
        "19": 40,
        "46": 40,
        "16": 37,
        "23": 37,
        "8": 45,
        "27": 45,
        "47": 45,
        "7": 20,
        "22": 20,
        "17": 39,
        "30": 39,
        "0": 18,
        "10": 18,
        "29": 18,
        "15": 30
    },
    "instance": null,
    "parameters": null,
    "parameters_data": null,
    "patients": null,
    "capacity": null,
    "num_days": null,
    "num_ORs": null,
    "num_surgeons": null,
    "initial_heuristics_time": 0.2677173614501953,
    "gap": 0.009090909090909156
}