{
    "proved_optimal": true,
    "obj": 70,
    "relax_obj": 70.0,
    "num_LCs": 59,
    "num_callbacks": 620,
    "num_CG_iterations": 18,
    "num_columns": 189,
    "num_nodes": 1,
    "overall_time": 21.002199172973633,
    "callback_time": 1.1121668815612793,
    "subproblem_time": 17.207486152648926,
    "mp_time": 3.786416530609131,
    "inh_time": null,
    "ilp_time": 0.0,
    "surgeon_schedule": {
        "0": [
            4,
            38
        ],
        "1": [
            10,
            31
        ],
        "2": [
            8
        ],
        "3": [
            16
        ],
        "5": [
            40
        ],
        "6": [
            48
        ],
        "7": [
            26
        ],
        "8": [
            20
        ],
        "10": [
            0,
            44
        ]
    },
    "patient_schedule": {
        "40": 4,
        "47": 4,
        "2": 38,
        "20": 38,
        "17": 10,
        "35": 10,
        "21": 31,
        "45": 31,
        "57": 31,
        "8": 8,
        "14": 8,
        "50": 8,
        "51": 8,
        "3": 16,
        "9": 16,
        "37": 16,
        "56": 16,
        "1": 40,
        "23": 40,
        "29": 40,
        "54": 40,
        "12": 48,
        "32": 48,
        "38": 48,
        "11": 26,
        "33": 26,
        "41": 26,
        "10": 20,
        "39": 20,
        "55": 20,
        "49": 0,
        "42": 44,
        "43": 44,
        "59": 44
    },
    "instance": null,
    "parameters": null,
    "parameters_data": null,
    "patients": null,
    "capacity": null,
    "num_days": null,
    "num_ORs": null,
    "num_surgeons": null,
    "initial_heuristics_time": 0.2639153003692627,
    "gap": 0.0
}