{
    "proved_optimal": false,
    "obj": 70,
    "relax_obj": 47.5,
    "num_LCs": 40,
    "num_callbacks": 35,
    "num_CG_iterations": null,
    "num_columns": null,
    "num_nodes": null,
    "overall_time": 1200.0343935489655,
    "callback_time": 2.805070161819458,
    "subproblem_time": null,
    "mp_time": null,
    "inh_time": null,
    "ilp_time": null,
    "surgeon_schedule": {
        "0": [
            38,
            40
        ],
        "1": [
            1,
            44
        ],
        "2": [
            8
        ],
        "3": [
            16
        ],
        "5": [
            10
        ],
        "6": [
            31
        ],
        "7": [
            26
        ],
        "8": [
            20
        ],
        "10": [
            48
        ]
    },
    "patient_schedule": {
        "1": 10,
        "2": 38,
        "3": 16,
        "8": 8,
        "9": 16,
        "10": 20,
        "11": 26,
        "12": 31,
        "14": 8,
        "17": 44,
        "20": 40,
        "21": 1,
        "23": 10,
        "29": 10,
        "32": 31,
        "33": 26,
        "35": 44,
        "37": 16,
        "38": 31,
        "39": 20,
        "40": 38,
        "41": 26,
        "42": 48,
        "43": 48,
        "45": 1,
        "47": 40,
        "49": 48,
        "50": 8,
        "51": 8,
        "54": 10,
        "55": 20,
        "56": 16,
        "57": 1,
        "59": 48
    },
    "instance": null,
    "parameters": null,
    "parameters_data": null,
    "patients": null,
    "capacity": null,
    "num_days": null,
    "num_ORs": null,
    "num_surgeons": null,
    "gap": 0.47368421052631576
}