{
    "proved_optimal": false,
    "obj": 37,
    "relax_obj": 21.307692307692307,
    "num_LCs": 16,
    "num_callbacks": 19,
    "num_CG_iterations": null,
    "num_columns": null,
    "num_nodes": null,
    "overall_time": 1200.0409948825836,
    "callback_time": 0.984738826751709,
    "subproblem_time": null,
    "mp_time": null,
    "inh_time": null,
    "ilp_time": null,
    "surgeon_schedule": {
        "0": [
            10
        ],
        "1": [
            0,
            47
        ],
        "2": [
            49
        ],
        "3": [
            15
        ],
        "4": [
            30
        ],
        "5": [
            40
        ],
        "7": [
            25
        ],
        "9": [
            20
        ],
        "10": [
            19
        ],
        "11": [
            35
        ],
        "12": [
            39,
            44
        ],
        "13": [
            6,
            29
        ]
    },
    "patient_schedule": {
        "0": 6,
        "2": 0,
        "3": 10,
        "5": 15,
        "7": 39,
        "8": 35,
        "9": 40,
        "10": 6,
        "11": 10,
        "12": 49,
        "14": 10,
        "15": 6,
        "16": 19,
        "17": 44,
        "19": 20,
        "20": 25,
        "21": 47,
        "22": 39,
        "23": 19,
        "26": 15,
        "27": 35,
        "28": 47,
        "29": 29,
        "30": 44,
        "31": 15,
        "32": 6,
        "33": 30,
        "36": 47,
        "37": 40,
        "39": 10,
        "40": 25,
        "41": 49,
        "46": 20,
        "47": 35
    },
    "instance": null,
    "parameters": null,
    "parameters_data": null,
    "patients": null,
    "capacity": null,
    "num_days": null,
    "num_ORs": null,
    "num_surgeons": null,
    "gap": 0.736462093862816
}