{
    "proved_optimal": false,
    "obj": 43,
    "relax_obj": 21.307692307692307,
    "num_LCs": 34,
    "num_callbacks": 35,
    "num_CG_iterations": null,
    "num_columns": null,
    "num_nodes": null,
    "overall_time": 1200.0124807357788,
    "callback_time": 2.267650604248047,
    "subproblem_time": null,
    "mp_time": null,
    "inh_time": null,
    "ilp_time": null,
    "surgeon_schedule": {
        "0": [
            23
        ],
        "2": [
            0,
            10
        ],
        "3": [
            37
        ],
        "4": [
            39
        ],
        "5": [
            16
        ],
        "7": [
            4,
            31
        ],
        "8": [
            8
        ],
        "11": [
            43
        ]
    },
    "patient_schedule": {
        "0": 31,
        "1": 0,
        "2": 16,
        "3": 16,
        "5": 43,
        "7": 43,
        "8": 4,
        "9": 39,
        "10": 16,
        "14": 16,
        "15": 10,
        "16": 8,
        "20": 43,
        "21": 23,
        "22": 8,
        "23": 8,
        "25": 16,
        "26": 43,
        "28": 16,
        "29": 39,
        "30": 4,
        "32": 8,
        "33": 23,
        "35": 23,
        "37": 37,
        "38": 31,
        "39": 0,
        "40": 23,
        "41": 37,
        "42": 16,
        "46": 0,
        "47": 43
    },
    "instance": null,
    "parameters": null,
    "parameters_data": null,
    "patients": null,
    "capacity": null,
    "num_days": null,
    "num_ORs": null,
    "num_surgeons": null,
    "gap": 1.0180505415162455
}