{
    "proved_optimal": true,
    "obj": 44,
    "relax_obj": 44.0,
    "num_LCs": 27,
    "num_callbacks": 616,
    "num_CG_iterations": 20,
    "num_columns": 185,
    "num_nodes": 1,
    "overall_time": 18.68978524208069,
    "callback_time": 0.9211382865905762,
    "subproblem_time": 14.554208040237427,
    "mp_time": 4.125376462936401,
    "inh_time": null,
    "ilp_time": 0.0,
    "surgeon_schedule": {
        "0": [
            20
        ],
        "1": [
            16,
            49
        ],
        "2": [
            33,
            44
        ],
        "3": [
            4,
            40
        ],
        "4": [
            24
        ],
        "5": [
            29
        ],
        "6": [
            47
        ],
        "7": [
            9
        ],
        "8": [
            0
        ],
        "9": [
            7,
            10,
            27
        ]
    },
    "patient_schedule": {
        "10": 20,
        "28": 20,
        "42": 20,
        "1": 16,
        "36": 16,
        "38": 16,
        "47": 16,
        "19": 49,
        "29": 49,
        "7": 33,
        "26": 33,
        "44": 33,
        "5": 44,
        "9": 44,
        "15": 4,
        "20": 40,
        "22": 40,
        "33": 24,
        "3": 29,
        "21": 29,
        "31": 29,
        "37": 47,
        "11": 9,
        "25": 9,
        "27": 9,
        "14": 0,
        "39": 0,
        "46": 0,
        "32": 7,
        "41": 7,
        "2": 10,
        "12": 27
    },
    "instance": null,
    "parameters": null,
    "parameters_data": null,
    "patients": null,
    "capacity": null,
    "num_days": null,
    "num_ORs": null,
    "num_surgeons": null,
    "initial_heuristics_time": 0.26137328147888184,
    "gap": 0.0
}