{
    "proved_optimal": true,
    "obj": 44,
    "relax_obj": 44.0,
    "num_LCs": 27,
    "num_callbacks": 1051,
    "num_CG_iterations": 30,
    "num_columns": 227,
    "num_nodes": 11,
    "overall_time": 36.92804837226868,
    "callback_time": 2.186981678009033,
    "subproblem_time": 27.572761058807373,
    "mp_time": 9.314817905426025,
    "inh_time": null,
    "ilp_time": 0.0,
    "surgeon_schedule": {
        "0": [
            4
        ],
        "1": [
            20,
            31
        ],
        "2": [
            13,
            49
        ],
        "3": [
            8
        ],
        "4": [
            12,
            27
        ],
        "5": [
            27
        ],
        "6": [
            20
        ],
        "7": [
            19
        ],
        "8": [
            0
        ],
        "9": [
            29,
            45
        ]
    },
    "patient_schedule": {
        "10": 4,
        "28": 4,
        "42": 4,
        "19": 20,
        "29": 20,
        "1": 31,
        "30": 31,
        "36": 31,
        "47": 31,
        "7": 13,
        "26": 13,
        "44": 13,
        "5": 49,
        "9": 49,
        "15": 8,
        "20": 8,
        "22": 8,
        "13": 12,
        "40": 12,
        "33": 27,
        "3": 27,
        "21": 27,
        "31": 27,
        "37": 20,
        "11": 19,
        "25": 19,
        "27": 19,
        "14": 0,
        "39": 0,
        "46": 0,
        "12": 29,
        "2": 45,
        "32": 45,
        "41": 45
    },
    "instance": null,
    "parameters": null,
    "parameters_data": null,
    "patients": null,
    "capacity": null,
    "num_days": null,
    "num_ORs": null,
    "num_surgeons": null,
    "initial_heuristics_time": 0.24918317794799805,
    "gap": 0.0
}