{
    "proved_optimal": false,
    "obj": 43,
    "relax_obj": 21.307692307692307,
    "num_LCs": 31,
    "num_callbacks": 28,
    "num_CG_iterations": null,
    "num_columns": null,
    "num_nodes": null,
    "overall_time": 1200.0363161563873,
    "callback_time": 2.1881003379821777,
    "subproblem_time": null,
    "mp_time": null,
    "inh_time": null,
    "ilp_time": null,
    "surgeon_schedule": {
        "0": [
            7,
            12
        ],
        "1": [
            9
        ],
        "2": [
            1
        ],
        "3": [
            20
        ],
        "4": [
            39
        ],
        "5": [
            26
        ],
        "7": [
            32
        ],
        "8": [
            40
        ],
        "11": [
            19,
            46
        ]
    },
    "patient_schedule": {
        "0": 32,
        "1": 1,
        "2": 26,
        "3": 26,
        "5": 46,
        "7": 46,
        "8": 32,
        "9": 39,
        "10": 26,
        "11": 9,
        "14": 26,
        "15": 1,
        "20": 46,
        "21": 12,
        "22": 40,
        "23": 40,
        "25": 26,
        "26": 46,
        "27": 40,
        "28": 26,
        "29": 39,
        "30": 32,
        "31": 9,
        "33": 7,
        "35": 12,
        "37": 20,
        "38": 32,
        "39": 1,
        "40": 12,
        "41": 20,
        "42": 26,
        "46": 1,
        "47": 19
    },
    "instance": null,
    "parameters": null,
    "parameters_data": null,
    "patients": null,
    "capacity": null,
    "num_days": null,
    "num_ORs": null,
    "num_surgeons": null,
    "gap": 1.0180505415162455
}