{
    "proved_optimal": true,
    "obj": 43,
    "relax_obj": 43.0,
    "num_LCs": 44,
    "num_callbacks": 572,
    "num_CG_iterations": 17,
    "num_columns": 153,
    "num_nodes": 1,
    "overall_time": 13.4340660572052,
    "callback_time": 0.8176717758178711,
    "subproblem_time": 10.2318115234375,
    "mp_time": 3.193605899810791,
    "inh_time": null,
    "ilp_time": 0.0,
    "surgeon_schedule": {
        "0": [
            27,
            46
        ],
        "2": [
            39,
            40
        ],
        "3": [
            9
        ],
        "4": [
            17
        ],
        "5": [
            19,
            31
        ],
        "7": [
            11,
            29
        ],
        "8": [
            24,
            37
        ],
        "11": [
            2,
            20
        ]
    },
    "patient_schedule": {
        "33": 27,
        "21": 46,
        "35": 46,
        "40": 46,
        "15": 39,
        "1": 40,
        "39": 40,
        "46": 40,
        "37": 9,
        "41": 9,
        "9": 17,
        "29": 17,
        "10": 19,
        "25": 19,
        "42": 19,
        "2": 31,
        "3": 31,
        "14": 31,
        "28": 31,
        "0": 11,
        "30": 11,
        "38": 11,
        "8": 29,
        "16": 24,
        "23": 24,
        "22": 37,
        "32": 37,
        "5": 2,
        "7": 2,
        "20": 2,
        "26": 2,
        "47": 20
    },
    "instance": null,
    "parameters": null,
    "parameters_data": null,
    "patients": null,
    "capacity": null,
    "num_days": null,
    "num_ORs": null,
    "num_surgeons": null,
    "initial_heuristics_time": 0.28321290016174316,
    "gap": 0.0
}