{
    "proved_optimal": true,
    "obj": 37,
    "relax_obj": 36.666666666666664,
    "num_LCs": 9,
    "num_callbacks": 617,
    "num_CG_iterations": 17,
    "num_columns": 199,
    "num_nodes": 1,
    "overall_time": 9.37535047531128,
    "callback_time": 0.6509678363800049,
    "subproblem_time": 5.614304542541504,
    "mp_time": 3.752129077911377,
    "inh_time": null,
    "ilp_time": 0.0,
    "surgeon_schedule": {
        "0": [
            14
        ],
        "1": [
            39,
            40
        ],
        "2": [
            9,
            44
        ],
        "3": [
            21
        ],
        "4": [
            47
        ],
        "5": [
            10
        ],
        "7": [
            35
        ],
        "9": [
            0
        ],
        "10": [
            29
        ],
        "11": [
            5
        ],
        "12": [
            27,
            49
        ],
        "13": [
            18,
            30
        ]
    },
    "patient_schedule": {
        "3": 14,
        "11": 14,
        "14": 14,
        "39": 14,
        "2": 39,
        "21": 40,
        "28": 40,
        "36": 40,
        "41": 9,
        "43": 9,
        "12": 44,
        "5": 21,
        "26": 21,
        "31": 21,
        "33": 47,
        "9": 10,
        "37": 10,
        "20": 35,
        "40": 35,
        "19": 0,
        "46": 0,
        "16": 29,
        "23": 29,
        "8": 5,
        "27": 5,
        "47": 5,
        "7": 27,
        "22": 27,
        "17": 49,
        "30": 49,
        "0": 18,
        "10": 18,
        "29": 18,
        "15": 30
    },
    "instance": null,
    "parameters": null,
    "parameters_data": null,
    "patients": null,
    "capacity": null,
    "num_days": null,
    "num_ORs": null,
    "num_surgeons": null,
    "initial_heuristics_time": 0.26068997383117676,
    "gap": 0.009090909090909156
}