{
    "proved_optimal": false,
    "obj": 158,
    "relax_obj": 93.75,
    "num_LCs": 386,
    "num_callbacks": 87,
    "num_CG_iterations": null,
    "num_columns": null,
    "num_nodes": null,
    "overall_time": 1200.0140025615692,
    "callback_time": 13.1296067237854,
    "subproblem_time": null,
    "mp_time": null,
    "inh_time": null,
    "ilp_time": null,
    "surgeon_schedule": {
        "0": [
            13
        ],
        "1": [
            3
        ],
        "2": [
            31
        ],
        "3": [
            16,
            24,
            40
        ],
        "4": [
            0,
            11,
            38
        ],
        "5": [
            9,
            17
        ],
        "6": [
            4,
            10,
            20,
            39,
            42
        ],
        "7": [
            3,
            28,
            42
        ],
        "8": [
            22,
            30
        ],
        "9": [
            0,
            10,
            20,
            49
        ],
        "10": [
            33
        ],
        "11": [
            43
        ],
        "12": [
            26,
            49
        ],
        "14": [
            32,
            49
        ],
        "15": [
            19,
            28
        ],
        "16": [
            5,
            45
        ],
        "17": [
            16,
            21
        ],
        "18": [
            8,
            29
        ],
        "19": [
            36
        ]
    },
    "patient_schedule": {
        "1": 3,
        "2": 40,
        "3": 49,
        "5": 33,
        "6": 42,
        "7": 28,
        "8": 13,
        "9": 20,
        "10": 33,
        "11": 20,
        "13": 43,
        "14": 45,
        "15": 42,
        "17": 17,
        "18": 5,
        "19": 22,
        "20": 11,
        "21": 43,
        "28": 13,
        "29": 17,
        "31": 39,
        "32": 26,
        "35": 28,
        "36": 31,
        "37": 0,
        "38": 16,
        "40": 32,
        "46": 3,
        "47": 36,
        "48": 31,
        "49": 49,
        "50": 0,
        "51": 13,
        "52": 5,
        "53": 0,
        "54": 11,
        "55": 49,
        "56": 13,
        "58": 30,
        "63": 26,
        "64": 36,
        "66": 22,
        "69": 42,
        "71": 31,
        "72": 10,
        "75": 33,
        "77": 43,
        "78": 8,
        "80": 32,
        "81": 22,
        "83": 19,
        "85": 49,
        "86": 8,
        "87": 3,
        "88": 0,
        "89": 31,
        "91": 43,
        "93": 33,
        "94": 16,
        "95": 42,
        "96": 42,
        "98": 38,
        "100": 21,
        "101": 13,
        "102": 28,
        "103": 43,
        "106": 4,
        "107": 21,
        "108": 3,
        "109": 33,
        "111": 5,
        "112": 43,
        "113": 36,
        "114": 45,
        "115": 3,
        "116": 3,
        "117": 3,
        "118": 10,
        "122": 0,
        "123": 17,
        "124": 43,
        "126": 30,
        "127": 10,
        "129": 43,
        "130": 22,
        "132": 9,
        "133": 0,
        "134": 36,
        "135": 28,
        "136": 26,
        "137": 26,
        "138": 32,
        "140": 32,
        "141": 8,
        "142": 24,
        "146": 49,
        "147": 5,
        "149": 32,
        "150": 8,
        "151": 38,
        "152": 20,
        "153": 43,
        "154": 38,
        "155": 5,
        "156": 16,
        "157": 10,
        "158": 26,
        "159": 16,
        "161": 20,
        "163": 43,
        "166": 16,
        "168": 42,
        "169": 49,
        "170": 16,
        "171": 3,
        "172": 40,
        "173": 32,
        "174": 5,
        "175": 29,
        "176": 36,
        "178": 3,
        "180": 3,
        "181": 22,
        "183": 3,
        "184": 3,
        "186": 42,
        "188": 36
    },
    "instance": null,
    "parameters": null,
    "parameters_data": null,
    "patients": null,
    "capacity": null,
    "num_days": null,
    "num_ORs": null,
    "num_surgeons": null,
    "gap": 0.6853333333333333
}