{
    "proved_optimal": true,
    "obj": 43,
    "relax_obj": 43.0,
    "num_LCs": 79,
    "num_callbacks": 2590,
    "num_CG_iterations": 337,
    "num_columns": 335,
    "num_nodes": 3,
    "overall_time": 254.1515142917633,
    "callback_time": 4.009148120880127,
    "subproblem_time": 134.44719552993774,
    "mp_time": 119.5125150680542,
    "inh_time": null,
    "ilp_time": 0.0,
    "surgeon_schedule": {
        "0": [
            6,
            17
        ],
        "2": [
            20,
            30
        ],
        "3": [
            10
        ],
        "4": [
            14
        ],
        "5": [
            0,
            19,
            29
        ],
        "7": [
            25,
            34
        ],
        "8": [
            38
        ],
        "11": [
            43
        ]
    },
    "patient_schedule": {
        "21": 6,
        "35": 6,
        "40": 6,
        "33": 17,
        "1": 20,
        "39": 20,
        "46": 20,
        "15": 30,
        "37": 10,
        "41": 10,
        "9": 14,
        "29": 14,
        "2": 0,
        "10": 19,
        "25": 19,
        "3": 29,
        "14": 29,
        "28": 29,
        "42": 29,
        "0": 25,
        "30": 25,
        "38": 25,
        "8": 34,
        "16": 38,
        "22": 38,
        "23": 38,
        "32": 38,
        "5": 43,
        "7": 43,
        "20": 43,
        "26": 43,
        "47": 43
    },
    "instance": null,
    "parameters": null,
    "parameters_data": null,
    "patients": null,
    "capacity": null,
    "num_days": null,
    "num_ORs": null,
    "num_surgeons": null,
    "initial_heuristics_time": 0.28475117683410645,
    "gap": 0.0
}