{
    "proved_optimal": false,
    "obj": 37,
    "relax_obj": 21.307692307692307,
    "num_LCs": 14,
    "num_callbacks": 19,
    "num_CG_iterations": null,
    "num_columns": null,
    "num_nodes": null,
    "overall_time": 1200.015132188797,
    "callback_time": 1.472541093826294,
    "subproblem_time": null,
    "mp_time": null,
    "inh_time": null,
    "ilp_time": null,
    "surgeon_schedule": {
        "0": [
            30
        ],
        "1": [
            8
        ],
        "2": [
            39
        ],
        "3": [
            25
        ],
        "4": [
            40
        ],
        "5": [
            44
        ],
        "7": [
            35
        ],
        "9": [
            19
        ],
        "10": [
            29
        ],
        "11": [
            15
        ],
        "12": [
            10,
            20
        ],
        "13": [
            1,
            48
        ]
    },
    "patient_schedule": {
        "0": 48,
        "2": 8,
        "3": 30,
        "5": 25,
        "7": 10,
        "8": 15,
        "9": 44,
        "10": 1,
        "11": 30,
        "12": 39,
        "14": 30,
        "15": 1,
        "16": 29,
        "17": 20,
        "19": 19,
        "20": 35,
        "21": 8,
        "22": 10,
        "23": 29,
        "26": 25,
        "27": 15,
        "28": 8,
        "29": 48,
        "30": 20,
        "31": 25,
        "32": 48,
        "33": 40,
        "36": 8,
        "37": 44,
        "39": 30,
        "40": 35,
        "41": 39,
        "46": 19,
        "47": 15
    },
    "instance": null,
    "parameters": null,
    "parameters_data": null,
    "patients": null,
    "capacity": null,
    "num_days": null,
    "num_ORs": null,
    "num_surgeons": null,
    "gap": 0.736462093862816
}