{
    "proved_optimal": false,
    "obj": 187,
    "relax_obj": 93.75,
    "num_LCs": 277,
    "num_callbacks": 55,
    "num_CG_iterations": null,
    "num_columns": null,
    "num_nodes": null,
    "overall_time": 1200.0109491348267,
    "callback_time": 6.707677364349365,
    "subproblem_time": null,
    "mp_time": null,
    "inh_time": null,
    "ilp_time": null,
    "surgeon_schedule": {
        "0": [
            17,
            34
        ],
        "1": [
            3
        ],
        "2": [
            18
        ],
        "3": [
            11,
            49
        ],
        "4": [
            16,
            26,
            38
        ],
        "5": [
            19,
            37
        ],
        "6": [
            28
        ],
        "7": [
            0,
            17,
            20,
            48
        ],
        "8": [
            8,
            33,
            47
        ],
        "9": [
            32
        ],
        "10": [
            10,
            20,
            30
        ],
        "11": [
            14,
            43
        ],
        "12": [
            28,
            39
        ],
        "14": [
            19,
            21,
            39,
            41
        ],
        "15": [
            4,
            11,
            49
        ],
        "16": [
            3,
            23,
            42
        ],
        "17": [
            24
        ],
        "18": [
            3,
            10,
            34
        ],
        "19": [
            30,
            41
        ]
    },
    "patient_schedule": {
        "0": 42,
        "1": 3,
        "3": 21,
        "5": 10,
        "7": 4,
        "9": 32,
        "12": 3,
        "13": 43,
        "14": 3,
        "15": 28,
        "17": 19,
        "18": 42,
        "19": 47,
        "20": 38,
        "21": 14,
        "28": 17,
        "29": 19,
        "30": 3,
        "31": 28,
        "32": 28,
        "35": 11,
        "36": 18,
        "38": 11,
        "40": 21,
        "41": 3,
        "42": 23,
        "43": 10,
        "44": 23,
        "45": 43,
        "46": 0,
        "47": 41,
        "48": 18,
        "49": 28,
        "50": 32,
        "51": 34,
        "52": 23,
        "53": 32,
        "54": 16,
        "55": 32,
        "56": 17,
        "57": 43,
        "58": 8,
        "59": 26,
        "62": 33,
        "63": 39,
        "64": 30,
        "66": 8,
        "70": 41,
        "71": 18,
        "72": 32,
        "75": 20,
        "76": 19,
        "77": 43,
        "78": 10,
        "80": 39,
        "81": 33,
        "83": 49,
        "85": 21,
        "86": 34,
        "87": 3,
        "88": 16,
        "89": 18,
        "91": 43,
        "93": 30,
        "95": 48,
        "98": 16,
        "101": 34,
        "102": 11,
        "103": 43,
        "109": 10,
        "111": 42,
        "112": 14,
        "113": 41,
        "114": 42,
        "115": 3,
        "116": 48,
        "118": 28,
        "122": 16,
        "123": 19,
        "124": 14,
        "126": 33,
        "127": 32,
        "129": 43,
        "130": 47,
        "132": 37,
        "133": 38,
        "134": 30,
        "136": 28,
        "140": 41,
        "141": 10,
        "142": 11,
        "146": 32,
        "147": 3,
        "149": 39,
        "150": 10,
        "151": 16,
        "152": 28,
        "153": 43,
        "154": 16,
        "155": 3,
        "156": 49,
        "158": 39,
        "159": 11,
        "162": 26,
        "163": 43,
        "166": 24,
        "168": 17,
        "169": 32,
        "171": 17,
        "172": 11,
        "173": 21,
        "174": 3,
        "175": 3,
        "176": 30,
        "178": 3,
        "180": 3,
        "181": 8,
        "182": 3,
        "183": 3,
        "184": 0,
        "186": 20,
        "187": 33,
        "188": 41
    },
    "instance": null,
    "parameters": null,
    "parameters_data": null,
    "patients": null,
    "capacity": null,
    "num_days": null,
    "num_ORs": null,
    "num_surgeons": null,
    "gap": 0.9946666666666667
}