{
    "proved_optimal": true,
    "obj": 55,
    "relax_obj": 54.333333333333336,
    "num_LCs": 43,
    "num_callbacks": 1215,
    "num_CG_iterations": 205,
    "num_columns": 204,
    "num_nodes": 1,
    "overall_time": 68.11711049079895,
    "callback_time": 2.2546846866607666,
    "subproblem_time": 28.85687232017517,
    "mp_time": 39.18704676628113,
    "inh_time": null,
    "ilp_time": 0.0,
    "surgeon_schedule": {
        "0": [
            20,
            30
        ],
        "1": [
            38,
            48
        ],
        "4": [
            4,
            40
        ],
        "5": [
            13
        ],
        "6": [
            8
        ],
        "7": [
            28,
            34
        ],
        "9": [
            24
        ],
        "10": [
            44
        ],
        "11": [
            0
        ]
    },
    "patient_schedule": {
        "12": 20,
        "47": 20,
        "19": 30,
        "36": 38,
        "37": 38,
        "56": 38,
        "57": 38,
        "39": 48,
        "41": 48,
        "21": 4,
        "11": 40,
        "43": 40,
        "0": 13,
        "6": 13,
        "29": 13,
        "35": 13,
        "46": 13,
        "48": 13,
        "53": 13,
        "2": 8,
        "4": 8,
        "9": 8,
        "13": 8,
        "18": 8,
        "24": 8,
        "34": 8,
        "22": 28,
        "26": 28,
        "32": 28,
        "54": 34,
        "5": 24,
        "52": 24,
        "3": 44,
        "40": 44,
        "20": 0,
        "38": 0,
        "50": 0,
        "55": 0,
        "58": 0
    },
    "instance": null,
    "parameters": null,
    "parameters_data": null,
    "patients": null,
    "capacity": null,
    "num_days": null,
    "num_ORs": null,
    "num_surgeons": null,
    "initial_heuristics_time": 0.2698211669921875,
    "gap": 0.012269938650306704
}