{
    "proved_optimal": false,
    "obj": 45,
    "relax_obj": 30.0,
    "num_LCs": 32,
    "num_callbacks": 28,
    "num_CG_iterations": null,
    "num_columns": null,
    "num_nodes": null,
    "overall_time": 1200.01687002182,
    "callback_time": 2.394127368927002,
    "subproblem_time": null,
    "mp_time": null,
    "inh_time": null,
    "ilp_time": null,
    "surgeon_schedule": {
        "0": [
            26,
            49
        ],
        "2": [
            20
        ],
        "3": [
            42
        ],
        "4": [
            8
        ],
        "5": [
            10
        ],
        "6": [
            30
        ],
        "7": [
            4,
            36
        ],
        "8": [
            0,
            19
        ],
        "9": [
            15
        ]
    },
    "patient_schedule": {
        "0": 10,
        "2": 42,
        "3": 30,
        "4": 15,
        "5": 8,
        "6": 36,
        "9": 49,
        "10": 42,
        "11": 0,
        "12": 10,
        "13": 19,
        "14": 15,
        "15": 36,
        "18": 0,
        "20": 8,
        "21": 8,
        "22": 42,
        "24": 42,
        "28": 8,
        "29": 15,
        "31": 30,
        "35": 20,
        "36": 8,
        "37": 36,
        "38": 36,
        "40": 36,
        "41": 26,
        "42": 20,
        "43": 19,
        "46": 26,
        "47": 15,
        "48": 4,
        "50": 20,
        "51": 26,
        "52": 49,
        "53": 42,
        "55": 30,
        "56": 30,
        "57": 0,
        "58": 15
    },
    "instance": null,
    "parameters": null,
    "parameters_data": null,
    "patients": null,
    "capacity": null,
    "num_days": null,
    "num_ORs": null,
    "num_surgeons": null,
    "gap": 0.5
}