{
    "proved_optimal": false,
    "obj": 153,
    "relax_obj": 90.77777777777777,
    "num_LCs": 377,
    "num_callbacks": 80,
    "num_CG_iterations": null,
    "num_columns": null,
    "num_nodes": null,
    "overall_time": 1200.010775566101,
    "callback_time": 11.221453189849854,
    "subproblem_time": null,
    "mp_time": null,
    "inh_time": null,
    "ilp_time": null,
    "surgeon_schedule": {
        "0": [
            38,
            48
        ],
        "1": [
            41
        ],
        "2": [
            19
        ],
        "4": [
            8
        ],
        "5": [
            28,
            49
        ],
        "6": [
            39,
            47
        ],
        "7": [
            3,
            18,
            33
        ],
        "8": [
            9,
            21,
            32,
            41
        ],
        "9": [
            15
        ],
        "10": [
            23
        ],
        "11": [
            3,
            23,
            43
        ],
        "12": [
            14,
            38
        ],
        "13": [
            22
        ],
        "14": [
            42
        ],
        "15": [
            13,
            31
        ],
        "16": [
            4,
            10,
            31,
            49
        ],
        "17": [
            2,
            11,
            29
        ],
        "18": [
            18
        ],
        "19": [
            0,
            10
        ]
    },
    "patient_schedule": {
        "1": 42,
        "2": 15,
        "3": 13,
        "5": 47,
        "6": 10,
        "7": 3,
        "8": 3,
        "10": 19,
        "11": 23,
        "12": 42,
        "13": 38,
        "14": 14,
        "15": 3,
        "17": 21,
        "18": 31,
        "19": 42,
        "20": 41,
        "21": 22,
        "22": 39,
        "23": 43,
        "24": 22,
        "26": 13,
        "28": 23,
        "29": 49,
        "30": 13,
        "31": 42,
        "32": 48,
        "34": 9,
        "35": 18,
        "37": 47,
        "40": 2,
        "41": 38,
        "42": 15,
        "43": 29,
        "44": 23,
        "46": 39,
        "47": 18,
        "48": 0,
        "50": 38,
        "51": 33,
        "52": 31,
        "55": 11,
        "56": 42,
        "58": 42,
        "62": 18,
        "63": 8,
        "64": 3,
        "66": 41,
        "67": 8,
        "72": 21,
        "76": 22,
        "77": 41,
        "80": 13,
        "82": 0,
        "83": 3,
        "84": 3,
        "85": 49,
        "87": 28,
        "88": 13,
        "91": 23,
        "92": 38,
        "93": 42,
        "94": 8,
        "95": 10,
        "99": 31,
        "100": 41,
        "101": 23,
        "102": 19,
        "104": 31,
        "107": 15,
        "109": 9,
        "112": 38,
        "113": 48,
        "114": 13,
        "115": 32,
        "118": 33,
        "120": 23,
        "124": 33,
        "126": 2,
        "127": 18,
        "128": 28,
        "129": 2,
        "130": 13,
        "132": 32,
        "135": 48,
        "136": 22,
        "137": 10,
        "138": 33,
        "139": 23,
        "142": 3,
        "143": 43,
        "146": 2,
        "149": 41,
        "150": 11,
        "151": 38,
        "152": 4,
        "155": 14,
        "156": 10,
        "157": 47,
        "158": 22,
        "159": 38,
        "161": 49,
        "162": 31,
        "164": 23
    },
    "instance": null,
    "parameters": null,
    "parameters_data": null,
    "patients": null,
    "capacity": null,
    "num_days": null,
    "num_ORs": null,
    "num_surgeons": null,
    "gap": 0.6854345165238679
}