{
    "proved_optimal": true,
    "obj": 38,
    "relax_obj": 37.333333333333336,
    "num_LCs": 18,
    "num_callbacks": 465,
    "num_CG_iterations": 14,
    "num_columns": 122,
    "num_nodes": 1,
    "overall_time": 12.193368911743164,
    "callback_time": 0.7322189807891846,
    "subproblem_time": 9.99621033668518,
    "mp_time": 2.192617177963257,
    "inh_time": null,
    "ilp_time": 0.0,
    "surgeon_schedule": {
        "0": [
            4,
            40
        ],
        "1": [
            19
        ],
        "2": [
            17,
            44
        ],
        "3": [
            0,
            20
        ],
        "4": [
            26,
            48
        ],
        "5": [
            11
        ],
        "6": [
            33
        ],
        "8": [
            8
        ]
    },
    "patient_schedule": {
        "18": 4,
        "2": 40,
        "7": 40,
        "5": 19,
        "9": 19,
        "0": 17,
        "1": 17,
        "12": 44,
        "15": 44,
        "33": 0,
        "3": 20,
        "10": 26,
        "11": 26,
        "21": 48,
        "14": 11,
        "26": 11,
        "29": 33,
        "31": 33,
        "32": 33,
        "34": 33,
        "19": 8,
        "24": 8
    },
    "instance": null,
    "parameters": null,
    "parameters_data": null,
    "patients": null,
    "capacity": null,
    "num_days": null,
    "num_ORs": null,
    "num_surgeons": null,
    "initial_heuristics_time": 0.20905828475952148,
    "gap": 0.017857142857142794
}