{
    "proved_optimal": true,
    "obj": 49,
    "relax_obj": 49.0,
    "num_LCs": 21,
    "num_callbacks": 654,
    "num_CG_iterations": 17,
    "num_columns": 210,
    "num_nodes": 1,
    "overall_time": 17.192695140838623,
    "callback_time": 1.1984198093414307,
    "subproblem_time": 13.025665760040283,
    "mp_time": 4.158209562301636,
    "inh_time": null,
    "ilp_time": 0.0,
    "surgeon_schedule": {
        "0": [
            30,
            49
        ],
        "1": [
            18
        ],
        "3": [
            9
        ],
        "4": [
            7
        ],
        "5": [
            34
        ],
        "6": [
            0
        ],
        "7": [
            38
        ],
        "9": [
            28
        ],
        "11": [
            11,
            20,
            42
        ],
        "12": [
            4
        ],
        "13": [
            24
        ]
    },
    "patient_schedule": {
        "17": 30,
        "34": 30,
        "12": 49,
        "14": 49,
        "24": 49,
        "42": 49,
        "15": 18,
        "21": 18,
        "58": 18,
        "11": 9,
        "46": 9,
        "4": 7,
        "38": 7,
        "43": 7,
        "6": 34,
        "29": 34,
        "36": 34,
        "0": 0,
        "3": 38,
        "31": 38,
        "37": 38,
        "5": 28,
        "47": 28,
        "49": 28,
        "2": 11,
        "20": 11,
        "27": 11,
        "54": 20,
        "30": 42,
        "32": 42,
        "41": 42,
        "52": 42,
        "9": 4,
        "28": 4,
        "50": 4,
        "55": 4,
        "35": 24,
        "53": 24,
        "57": 24
    },
    "instance": null,
    "parameters": null,
    "parameters_data": null,
    "patients": null,
    "capacity": null,
    "num_days": null,
    "num_ORs": null,
    "num_surgeons": null,
    "initial_heuristics_time": 0.29056215286254883,
    "gap": 0.0
}