{
    "proved_optimal": false,
    "obj": 45,
    "relax_obj": 44.0,
    "num_LCs": 142,
    "num_callbacks": 33324,
    "num_CG_iterations": 1450,
    "num_columns": 3911,
    "num_nodes": 262,
    "overall_time": 1200.2504093647003,
    "callback_time": 35.357001066207886,
    "subproblem_time": 538.1117990016937,
    "mp_time": 660.874730348587,
    "inh_time": null,
    "ilp_time": 0.0,
    "surgeon_schedule": {
        "0": [
            38,
            44
        ],
        "1": [
            29,
            40
        ],
        "2": [
            30
        ],
        "3": [
            17,
            48
        ],
        "4": [
            9,
            19
        ],
        "5": [
            24
        ],
        "6": [
            20
        ],
        "7": [
            2,
            34
        ],
        "8": [
            10,
            27
        ],
        "9": [
            14
        ]
    },
    "patient_schedule": {
        "30": 38,
        "41": 38,
        "46": 38,
        "9": 44,
        "52": 44,
        "49": 29,
        "1": 40,
        "34": 40,
        "35": 30,
        "42": 30,
        "50": 30,
        "2": 17,
        "22": 17,
        "53": 17,
        "10": 48,
        "24": 48,
        "5": 9,
        "20": 9,
        "28": 9,
        "36": 9,
        "21": 19,
        "0": 24,
        "12": 24,
        "3": 20,
        "31": 20,
        "55": 20,
        "56": 20,
        "37": 2,
        "38": 2,
        "40": 2,
        "48": 2,
        "6": 34,
        "15": 34,
        "11": 10,
        "18": 10,
        "13": 27,
        "43": 27,
        "57": 27,
        "4": 14,
        "14": 14,
        "29": 14,
        "58": 14
    },
    "instance": null,
    "parameters": null,
    "parameters_data": null,
    "patients": null,
    "capacity": null,
    "num_days": null,
    "num_ORs": null,
    "num_surgeons": null,
    "initial_heuristics_time": 0.24106287956237793,
    "gap": 0.022727272727272728
}