{
    "proved_optimal": false,
    "obj": 109,
    "relax_obj": 51.285714285714285,
    "num_LCs": 77,
    "num_callbacks": 36,
    "num_CG_iterations": null,
    "num_columns": null,
    "num_nodes": null,
    "overall_time": 1200.009598493576,
    "callback_time": 3.087029218673706,
    "subproblem_time": null,
    "mp_time": null,
    "inh_time": null,
    "ilp_time": null,
    "surgeon_schedule": {
        "0": [
            1
        ],
        "1": [
            11
        ],
        "2": [
            33
        ],
        "3": [
            41
        ],
        "4": [
            27
        ],
        "5": [
            10,
            21
        ],
        "6": [
            24
        ],
        "8": [
            18,
            30
        ],
        "9": [
            28
        ],
        "10": [
            14,
            42
        ],
        "11": [
            9,
            48
        ],
        "13": [
            20
        ],
        "14": [
            49
        ],
        "15": [
            18
        ],
        "16": [
            29,
            36
        ],
        "17": [
            8
        ],
        "18": [
            7
        ],
        "19": [
            1
        ]
    },
    "patient_schedule": {
        "0": 48,
        "1": 10,
        "2": 30,
        "5": 21,
        "7": 7,
        "8": 33,
        "9": 8,
        "10": 1,
        "11": 1,
        "13": 33,
        "14": 24,
        "15": 33,
        "17": 11,
        "19": 20,
        "20": 11,
        "22": 7,
        "23": 18,
        "24": 10,
        "25": 8,
        "26": 18,
        "28": 20,
        "31": 20,
        "33": 30,
        "34": 42,
        "37": 49,
        "38": 27,
        "42": 20,
        "43": 21,
        "44": 30,
        "46": 48,
        "47": 49,
        "48": 42,
        "49": 28,
        "50": 33,
        "52": 21,
        "54": 36,
        "55": 36,
        "56": 42,
        "58": 14,
        "60": 41,
        "62": 18,
        "63": 1,
        "64": 27,
        "66": 8,
        "69": 10,
        "71": 8,
        "72": 28,
        "73": 41,
        "75": 11,
        "76": 33,
        "77": 27,
        "80": 1,
        "81": 18,
        "82": 29,
        "83": 42,
        "85": 41,
        "88": 1,
        "91": 7,
        "92": 1,
        "93": 36,
        "94": 18,
        "95": 9,
        "96": 28,
        "97": 41
    },
    "instance": null,
    "parameters": null,
    "parameters_data": null,
    "patients": null,
    "capacity": null,
    "num_days": null,
    "num_ORs": null,
    "num_surgeons": null,
    "gap": 1.1253481894150419
}