{
    "proved_optimal": true,
    "obj": 55,
    "relax_obj": 54.333333333333336,
    "num_LCs": 99,
    "num_callbacks": 729,
    "num_CG_iterations": 18,
    "num_columns": 171,
    "num_nodes": 3,
    "overall_time": 14.024555683135986,
    "callback_time": 1.8998193740844727,
    "subproblem_time": 10.074030876159668,
    "mp_time": 3.9356963634490967,
    "inh_time": null,
    "ilp_time": 0.0,
    "surgeon_schedule": {
        "0": [
            24,
            34
        ],
        "1": [
            44
        ],
        "2": [
            0,
            30
        ],
        "4": [
            18
        ],
        "5": [
            4,
            40
        ],
        "6": [
            8
        ],
        "7": [
            11,
            37
        ],
        "9": [
            40
        ],
        "10": [
            49
        ],
        "11": [
            28,
            39,
            47
        ]
    },
    "patient_schedule": {
        "19": 24,
        "12": 34,
        "47": 34,
        "41": 44,
        "56": 44,
        "57": 44,
        "15": 0,
        "1": 30,
        "7": 30,
        "11": 18,
        "21": 18,
        "43": 18,
        "6": 4,
        "46": 4,
        "53": 4,
        "29": 40,
        "35": 40,
        "2": 8,
        "4": 8,
        "9": 8,
        "13": 8,
        "18": 8,
        "24": 8,
        "34": 8,
        "22": 11,
        "26": 11,
        "32": 11,
        "54": 37,
        "5": 40,
        "52": 40,
        "3": 49,
        "40": 49,
        "33": 28,
        "50": 28,
        "20": 39,
        "44": 39,
        "55": 39,
        "16": 47,
        "38": 47,
        "58": 47
    },
    "instance": null,
    "parameters": null,
    "parameters_data": null,
    "patients": null,
    "capacity": null,
    "num_days": null,
    "num_ORs": null,
    "num_surgeons": null,
    "initial_heuristics_time": 0.27037978172302246,
    "gap": 0.012269938650306704
}