{
    "proved_optimal": false,
    "obj": 49,
    "relax_obj": 30.0,
    "num_LCs": 24,
    "num_callbacks": 25,
    "num_CG_iterations": null,
    "num_columns": null,
    "num_nodes": null,
    "overall_time": 1200.0212624073029,
    "callback_time": 1.6070373058319092,
    "subproblem_time": null,
    "mp_time": null,
    "inh_time": null,
    "ilp_time": null,
    "surgeon_schedule": {
        "0": [
            4,
            45
        ],
        "1": [
            7,
            20
        ],
        "2": [
            30
        ],
        "3": [
            9
        ],
        "4": [
            0,
            40
        ],
        "5": [
            39
        ],
        "6": [
            35
        ],
        "7": [
            13
        ],
        "8": [
            29,
            49
        ],
        "9": [
            25
        ]
    },
    "patient_schedule": {
        "0": 39,
        "1": 20,
        "2": 9,
        "3": 35,
        "4": 25,
        "5": 0,
        "6": 13,
        "9": 4,
        "11": 49,
        "12": 39,
        "13": 29,
        "14": 25,
        "15": 13,
        "18": 29,
        "20": 0,
        "21": 40,
        "24": 9,
        "26": 35,
        "28": 0,
        "29": 25,
        "30": 45,
        "31": 35,
        "34": 20,
        "35": 30,
        "36": 0,
        "37": 13,
        "38": 13,
        "40": 13,
        "41": 4,
        "42": 30,
        "43": 49,
        "46": 45,
        "47": 25,
        "48": 13,
        "49": 7,
        "50": 30,
        "52": 45,
        "53": 9,
        "55": 35,
        "56": 35,
        "57": 29,
        "58": 25
    },
    "instance": null,
    "parameters": null,
    "parameters_data": null,
    "patients": null,
    "capacity": null,
    "num_days": null,
    "num_ORs": null,
    "num_surgeons": null,
    "gap": 0.6333333333333333
}