{
    "proved_optimal": true,
    "obj": 92,
    "relax_obj": 92.0,
    "num_LCs": 90,
    "num_callbacks": 1014,
    "num_CG_iterations": 15,
    "num_columns": 254,
    "num_nodes": 1,
    "overall_time": 26.543891668319702,
    "callback_time": 2.9296233654022217,
    "subproblem_time": 22.163005352020264,
    "mp_time": 4.368434429168701,
    "inh_time": null,
    "ilp_time": 0.0,
    "surgeon_schedule": {
        "0": [
            1,
            23
        ],
        "1": [
            48
        ],
        "2": [
            44
        ],
        "4": [
            10
        ],
        "5": [
            19,
            27,
            30
        ],
        "6": [
            12
        ],
        "8": [
            35,
            44
        ],
        "9": [
            9
        ],
        "10": [
            16
        ],
        "11": [
            20,
            48
        ],
        "13": [
            40
        ],
        "14": [
            7,
            39
        ],
        "15": [
            2
        ],
        "16": [
            24,
            36
        ],
        "17": [
            9,
            40
        ],
        "18": [
            30
        ],
        "19": [
            29
        ]
    },
    "patient_schedule": {
        "11": 1,
        "41": 1,
        "10": 23,
        "16": 23,
        "51": 23,
        "63": 23,
        "17": 48,
        "20": 48,
        "75": 48,
        "13": 44,
        "15": 44,
        "38": 10,
        "64": 10,
        "77": 10,
        "5": 19,
        "43": 19,
        "1": 27,
        "24": 27,
        "69": 27,
        "52": 30,
        "14": 12,
        "40": 12,
        "87": 12,
        "26": 35,
        "94": 35,
        "2": 44,
        "33": 44,
        "44": 44,
        "49": 9,
        "96": 9,
        "34": 16,
        "48": 16,
        "56": 16,
        "83": 16,
        "95": 20,
        "0": 48,
        "46": 48,
        "19": 40,
        "28": 40,
        "31": 40,
        "42": 40,
        "37": 7,
        "47": 7,
        "12": 29,
        "23": 2,
        "62": 2,
        "81": 2,
        "90": 2,
        "82": 24,
        "54": 36,
        "55": 36,
        "93": 36,
        "9": 9,
        "25": 9,
        "66": 40,
        "71": 40,
        "7": 30,
        "22": 30,
        "91": 30,
        "80": 29,
        "92": 29
    },
    "instance": null,
    "parameters": null,
    "parameters_data": null,
    "patients": null,
    "capacity": null,
    "num_days": null,
    "num_ORs": null,
    "num_surgeons": null,
    "initial_heuristics_time": 0.5118637084960938,
    "gap": 0.0
}