{
    "proved_optimal": true,
    "obj": 55,
    "relax_obj": 54.333333333333336,
    "num_LCs": 29,
    "num_callbacks": 806,
    "num_CG_iterations": 23,
    "num_columns": 210,
    "num_nodes": 7,
    "overall_time": 19.2441086769104,
    "callback_time": 1.21956205368042,
    "subproblem_time": 13.148170948028564,
    "mp_time": 6.060678482055664,
    "inh_time": null,
    "ilp_time": 0.0,
    "surgeon_schedule": {
        "0": [
            7,
            47
        ],
        "1": [
            9,
            19,
            23
        ],
        "4": [
            4,
            37
        ],
        "5": [
            14,
            39,
            45
        ],
        "6": [
            17,
            39
        ],
        "7": [
            14,
            31
        ],
        "9": [
            24
        ],
        "10": [
            40
        ],
        "11": [
            9,
            19,
            28
        ]
    },
    "patient_schedule": {
        "19": 7,
        "12": 47,
        "47": 47,
        "36": 9,
        "56": 9,
        "57": 9,
        "41": 19,
        "37": 23,
        "39": 23,
        "11": 4,
        "43": 4,
        "21": 37,
        "29": 14,
        "46": 14,
        "35": 39,
        "53": 39,
        "0": 45,
        "6": 45,
        "48": 45,
        "4": 17,
        "9": 17,
        "18": 17,
        "34": 17,
        "2": 39,
        "13": 39,
        "24": 39,
        "54": 14,
        "22": 31,
        "26": 31,
        "32": 31,
        "5": 24,
        "52": 24,
        "3": 40,
        "40": 40,
        "44": 9,
        "50": 9,
        "16": 19,
        "20": 19,
        "38": 19,
        "33": 28,
        "55": 28,
        "58": 28
    },
    "instance": null,
    "parameters": null,
    "parameters_data": null,
    "patients": null,
    "capacity": null,
    "num_days": null,
    "num_ORs": null,
    "num_surgeons": null,
    "initial_heuristics_time": 0.26776790618896484,
    "gap": 0.012269938650306704
}