{
    "proved_optimal": false,
    "obj": 57,
    "relax_obj": 30.0,
    "num_LCs": 31,
    "num_callbacks": 22,
    "num_CG_iterations": null,
    "num_columns": null,
    "num_nodes": null,
    "overall_time": 1200.019341468811,
    "callback_time": 1.3441007137298584,
    "subproblem_time": null,
    "mp_time": null,
    "inh_time": null,
    "ilp_time": null,
    "surgeon_schedule": {
        "0": [
            35
        ],
        "1": [
            28,
            41
        ],
        "4": [
            30,
            47
        ],
        "5": [
            10,
            49
        ],
        "6": [
            0,
            39
        ],
        "7": [
            18,
            20
        ],
        "9": [
            6
        ],
        "10": [
            14
        ],
        "11": [
            24
        ]
    },
    "patient_schedule": {
        "2": 0,
        "3": 14,
        "4": 0,
        "5": 6,
        "6": 49,
        "9": 0,
        "11": 30,
        "12": 35,
        "13": 39,
        "18": 0,
        "19": 35,
        "20": 24,
        "21": 47,
        "22": 18,
        "23": 6,
        "24": 39,
        "26": 18,
        "29": 10,
        "32": 18,
        "34": 39,
        "35": 10,
        "36": 28,
        "37": 41,
        "38": 24,
        "39": 28,
        "40": 14,
        "41": 41,
        "43": 30,
        "46": 49,
        "47": 35,
        "50": 24,
        "52": 6,
        "53": 49,
        "54": 20,
        "55": 24,
        "56": 28,
        "57": 28,
        "58": 24
    },
    "instance": null,
    "parameters": null,
    "parameters_data": null,
    "patients": null,
    "capacity": null,
    "num_days": null,
    "num_ORs": null,
    "num_surgeons": null,
    "gap": 0.9
}