{
    "proved_optimal": true,
    "obj": 49,
    "relax_obj": 49.0,
    "num_LCs": 21,
    "num_callbacks": 650,
    "num_CG_iterations": 18,
    "num_columns": 219,
    "num_nodes": 1,
    "overall_time": 23.985403299331665,
    "callback_time": 1.0194766521453857,
    "subproblem_time": 19.21681308746338,
    "mp_time": 4.758859634399414,
    "inh_time": null,
    "ilp_time": 0.0,
    "surgeon_schedule": {
        "0": [
            17,
            39
        ],
        "1": [
            20,
            30
        ],
        "3": [
            14
        ],
        "4": [
            40
        ],
        "5": [
            19
        ],
        "6": [
            34
        ],
        "7": [
            45
        ],
        "9": [
            9,
            49
        ],
        "11": [
            2,
            10,
            25
        ],
        "12": [
            37
        ],
        "13": [
            29
        ]
    },
    "patient_schedule": {
        "17": 17,
        "24": 17,
        "12": 39,
        "14": 39,
        "34": 39,
        "42": 39,
        "21": 20,
        "15": 30,
        "58": 30,
        "11": 14,
        "46": 14,
        "4": 40,
        "38": 40,
        "43": 40,
        "6": 19,
        "29": 19,
        "36": 19,
        "0": 34,
        "3": 45,
        "31": 45,
        "37": 45,
        "49": 9,
        "5": 49,
        "47": 49,
        "30": 2,
        "32": 2,
        "41": 2,
        "52": 2,
        "54": 10,
        "2": 25,
        "20": 25,
        "27": 25,
        "9": 37,
        "28": 37,
        "50": 37,
        "55": 37,
        "35": 29,
        "53": 29,
        "57": 29
    },
    "instance": null,
    "parameters": null,
    "parameters_data": null,
    "patients": null,
    "capacity": null,
    "num_days": null,
    "num_ORs": null,
    "num_surgeons": null,
    "initial_heuristics_time": 0.2969663143157959,
    "gap": 0.0
}