{
    "proved_optimal": false,
    "obj": 45,
    "relax_obj": 44.0,
    "num_LCs": 115,
    "num_callbacks": 24823,
    "num_CG_iterations": 1098,
    "num_columns": 2790,
    "num_nodes": 246,
    "overall_time": 1203.249269247055,
    "callback_time": 21.97917413711548,
    "subproblem_time": 706.7926709651947,
    "mp_time": 495.280695438385,
    "inh_time": null,
    "ilp_time": 0.0,
    "surgeon_schedule": {
        "0": [
            7,
            36
        ],
        "1": [
            0,
            27
        ],
        "3": [
            19,
            45
        ],
        "4": [
            4,
            30
        ],
        "5": [
            17
        ],
        "6": [
            29
        ],
        "7": [
            11,
            24,
            40
        ],
        "8": [
            20,
            49
        ],
        "9": [
            9
        ]
    },
    "patient_schedule": {
        "9": 7,
        "41": 7,
        "46": 36,
        "51": 36,
        "52": 36,
        "1": 0,
        "34": 0,
        "49": 27,
        "2": 19,
        "22": 19,
        "53": 19,
        "10": 45,
        "24": 45,
        "21": 4,
        "5": 30,
        "20": 30,
        "28": 30,
        "36": 30,
        "0": 17,
        "12": 17,
        "3": 29,
        "31": 29,
        "55": 29,
        "56": 29,
        "37": 11,
        "38": 11,
        "40": 11,
        "6": 24,
        "15": 24,
        "48": 40,
        "13": 20,
        "43": 20,
        "57": 20,
        "11": 49,
        "18": 49,
        "4": 9,
        "14": 9,
        "29": 9,
        "58": 9
    },
    "instance": null,
    "parameters": null,
    "parameters_data": null,
    "patients": null,
    "capacity": null,
    "num_days": null,
    "num_ORs": null,
    "num_surgeons": null,
    "initial_heuristics_time": 0.22431230545043945,
    "gap": 0.022727272727272728
}