{
    "proved_optimal": false,
    "obj": 49,
    "relax_obj": 30.0,
    "num_LCs": 15,
    "num_callbacks": 18,
    "num_CG_iterations": null,
    "num_columns": null,
    "num_nodes": null,
    "overall_time": 1200.0601108074188,
    "callback_time": 1.5744590759277344,
    "subproblem_time": null,
    "mp_time": null,
    "inh_time": null,
    "ilp_time": null,
    "surgeon_schedule": {
        "0": [
            14,
            24
        ],
        "1": [
            9,
            17
        ],
        "3": [
            20
        ],
        "4": [
            27
        ],
        "5": [
            7
        ],
        "6": [
            40
        ],
        "7": [
            1
        ],
        "9": [
            19,
            44
        ],
        "11": [
            33,
            48
        ],
        "12": [
            29
        ],
        "13": [
            10
        ]
    },
    "patient_schedule": {
        "0": 40,
        "2": 48,
        "3": 1,
        "4": 27,
        "5": 19,
        "6": 7,
        "9": 29,
        "11": 20,
        "12": 24,
        "14": 24,
        "15": 9,
        "17": 14,
        "20": 48,
        "21": 17,
        "24": 14,
        "27": 33,
        "28": 29,
        "29": 7,
        "30": 33,
        "31": 1,
        "32": 33,
        "34": 24,
        "35": 10,
        "36": 7,
        "37": 1,
        "38": 27,
        "41": 48,
        "42": 24,
        "43": 27,
        "46": 20,
        "47": 19,
        "49": 44,
        "50": 29,
        "52": 33,
        "53": 10,
        "54": 48,
        "55": 29,
        "57": 10,
        "58": 9
    },
    "instance": null,
    "parameters": null,
    "parameters_data": null,
    "patients": null,
    "capacity": null,
    "num_days": null,
    "num_ORs": null,
    "num_surgeons": null,
    "gap": 0.6333333333333333
}