{
    "proved_optimal": true,
    "obj": 92,
    "relax_obj": 92.0,
    "num_LCs": 79,
    "num_callbacks": 891,
    "num_CG_iterations": 15,
    "num_columns": 266,
    "num_nodes": 1,
    "overall_time": 26.31290078163147,
    "callback_time": 2.2150917053222656,
    "subproblem_time": 21.735777139663696,
    "mp_time": 4.563687562942505,
    "inh_time": null,
    "ilp_time": 0.0,
    "surgeon_schedule": {
        "0": [
            3
        ],
        "1": [
            38
        ],
        "2": [
            21,
            30
        ],
        "4": [
            19
        ],
        "5": [
            0,
            34,
            40
        ],
        "6": [
            46
        ],
        "8": [
            20,
            35
        ],
        "9": [
            24
        ],
        "10": [
            16
        ],
        "11": [
            11,
            39
        ],
        "13": [
            27
        ],
        "14": [
            29,
            49
        ],
        "15": [
            42
        ],
        "16": [
            6,
            10
        ],
        "17": [
            17,
            27
        ],
        "18": [
            30
        ],
        "19": [
            29
        ]
    },
    "patient_schedule": {
        "10": 3,
        "11": 3,
        "16": 3,
        "53": 3,
        "63": 3,
        "17": 38,
        "20": 38,
        "75": 38,
        "8": 21,
        "76": 21,
        "13": 30,
        "15": 30,
        "38": 19,
        "64": 19,
        "77": 19,
        "1": 0,
        "24": 0,
        "69": 0,
        "52": 34,
        "5": 40,
        "43": 40,
        "14": 46,
        "40": 46,
        "87": 46,
        "2": 20,
        "33": 20,
        "94": 20,
        "26": 35,
        "44": 35,
        "49": 24,
        "96": 24,
        "34": 16,
        "48": 16,
        "56": 16,
        "83": 16,
        "0": 11,
        "46": 11,
        "95": 39,
        "19": 27,
        "28": 27,
        "31": 27,
        "42": 27,
        "12": 29,
        "80": 29,
        "92": 29,
        "37": 49,
        "47": 49,
        "23": 42,
        "62": 42,
        "81": 42,
        "90": 42,
        "54": 6,
        "55": 6,
        "93": 6,
        "82": 10,
        "66": 17,
        "71": 17,
        "9": 27,
        "25": 27,
        "7": 30,
        "22": 30,
        "91": 30
    },
    "instance": null,
    "parameters": null,
    "parameters_data": null,
    "patients": null,
    "capacity": null,
    "num_days": null,
    "num_ORs": null,
    "num_surgeons": null,
    "initial_heuristics_time": 0.4955475330352783,
    "gap": 0.0
}