{
    "proved_optimal": false,
    "obj": 55,
    "relax_obj": 30.0,
    "num_LCs": 33,
    "num_callbacks": 27,
    "num_CG_iterations": null,
    "num_columns": null,
    "num_nodes": null,
    "overall_time": 1200.02184176445,
    "callback_time": 1.6685667037963867,
    "subproblem_time": null,
    "mp_time": null,
    "inh_time": null,
    "ilp_time": null,
    "surgeon_schedule": {
        "0": [
            7,
            49
        ],
        "1": [
            39
        ],
        "4": [
            10,
            44
        ],
        "5": [
            9,
            19,
            20,
            40
        ],
        "6": [
            0,
            14
        ],
        "7": [
            32
        ],
        "9": [
            4
        ],
        "10": [
            17
        ],
        "11": [
            26,
            47
        ]
    },
    "patient_schedule": {
        "0": 19,
        "2": 14,
        "3": 17,
        "4": 14,
        "5": 4,
        "6": 9,
        "9": 14,
        "11": 44,
        "12": 7,
        "13": 0,
        "16": 26,
        "18": 14,
        "19": 7,
        "20": 26,
        "21": 10,
        "22": 32,
        "24": 0,
        "26": 32,
        "29": 9,
        "32": 32,
        "33": 26,
        "34": 0,
        "35": 9,
        "38": 26,
        "40": 17,
        "41": 39,
        "43": 44,
        "44": 47,
        "46": 20,
        "47": 49,
        "48": 40,
        "50": 47,
        "52": 4,
        "53": 20,
        "54": 32,
        "55": 26,
        "56": 39,
        "57": 39,
        "58": 26
    },
    "instance": null,
    "parameters": null,
    "parameters_data": null,
    "patients": null,
    "capacity": null,
    "num_days": null,
    "num_ORs": null,
    "num_surgeons": null,
    "gap": 0.8333333333333334
}