{
    "proved_optimal": true,
    "obj": 83,
    "relax_obj": 82.25,
    "num_LCs": 105,
    "num_callbacks": 934,
    "num_CG_iterations": 15,
    "num_columns": 258,
    "num_nodes": 1,
    "overall_time": 57.23107385635376,
    "callback_time": 2.657294750213623,
    "subproblem_time": 52.88663959503174,
    "mp_time": 4.331165790557861,
    "inh_time": null,
    "ilp_time": 0.0,
    "surgeon_schedule": {
        "0": [
            24,
            38,
            46
        ],
        "2": [
            8,
            10,
            41
        ],
        "3": [
            2
        ],
        "5": [
            19,
            48
        ],
        "6": [
            30
        ],
        "7": [
            9,
            28,
            35
        ],
        "8": [
            15,
            34
        ],
        "10": [
            39
        ],
        "11": [
            15
        ],
        "12": [
            20
        ],
        "14": [
            19
        ],
        "15": [
            1
        ],
        "16": [
            30
        ],
        "17": [
            10,
            40
        ],
        "19": [
            23
        ]
    },
    "patient_schedule": {
        "21": 24,
        "35": 24,
        "26": 38,
        "53": 38,
        "68": 38,
        "5": 46,
        "15": 46,
        "31": 46,
        "50": 46,
        "76": 46,
        "36": 8,
        "49": 8,
        "95": 8,
        "54": 10,
        "96": 10,
        "3": 41,
        "17": 41,
        "77": 41,
        "18": 2,
        "42": 2,
        "58": 2,
        "93": 2,
        "19": 19,
        "46": 19,
        "65": 48,
        "79": 48,
        "94": 48,
        "63": 30,
        "91": 30,
        "2": 9,
        "23": 9,
        "62": 28,
        "70": 28,
        "89": 28,
        "39": 35,
        "84": 35,
        "44": 15,
        "56": 15,
        "67": 15,
        "28": 34,
        "7": 39,
        "71": 39,
        "8": 15,
        "40": 15,
        "43": 15,
        "66": 15,
        "6": 20,
        "38": 20,
        "92": 20,
        "13": 19,
        "69": 19,
        "0": 1,
        "14": 1,
        "88": 1,
        "41": 30,
        "82": 30,
        "51": 10,
        "34": 40,
        "72": 40,
        "4": 23,
        "37": 23,
        "52": 23,
        "64": 23
    },
    "instance": null,
    "parameters": null,
    "parameters_data": null,
    "patients": null,
    "capacity": null,
    "num_days": null,
    "num_ORs": null,
    "num_surgeons": null,
    "initial_heuristics_time": 0.46511125564575195,
    "gap": 0.00911854103343465
}