{
    "proved_optimal": true,
    "obj": 59,
    "relax_obj": 59.0,
    "num_LCs": 23,
    "num_callbacks": 763,
    "num_CG_iterations": 18,
    "num_columns": 208,
    "num_nodes": 1,
    "overall_time": 14.685425996780396,
    "callback_time": 1.2270305156707764,
    "subproblem_time": 10.4991295337677,
    "mp_time": 4.178142070770264,
    "inh_time": null,
    "ilp_time": 0.0,
    "surgeon_schedule": {
        "1": [
            12
        ],
        "2": [
            19
        ],
        "3": [
            46
        ],
        "4": [
            21
        ],
        "6": [
            40
        ],
        "8": [
            8,
            39
        ],
        "9": [
            0,
            37
        ],
        "10": [
            4
        ],
        "11": [
            34
        ],
        "12": [
            28,
            30
        ]
    },
    "patient_schedule": {
        "21": 12,
        "39": 12,
        "2": 19,
        "26": 19,
        "22": 46,
        "35": 46,
        "36": 46,
        "38": 46,
        "10": 21,
        "17": 21,
        "20": 40,
        "44": 40,
        "12": 8,
        "24": 8,
        "42": 8,
        "13": 39,
        "37": 0,
        "27": 37,
        "45": 37,
        "0": 4,
        "11": 4,
        "9": 34,
        "43": 34,
        "15": 28,
        "19": 28,
        "33": 30
    },
    "instance": null,
    "parameters": null,
    "parameters_data": null,
    "patients": null,
    "capacity": null,
    "num_days": null,
    "num_ORs": null,
    "num_surgeons": null,
    "initial_heuristics_time": 0.28598618507385254,
    "gap": 0.0
}