{
    "proved_optimal": true,
    "obj": 49,
    "relax_obj": 48.333333333333336,
    "num_LCs": 42,
    "num_callbacks": 775,
    "num_CG_iterations": 22,
    "num_columns": 219,
    "num_nodes": 3,
    "overall_time": 21.082875728607178,
    "callback_time": 2.2037785053253174,
    "subproblem_time": 15.555446863174438,
    "mp_time": 5.503644227981567,
    "inh_time": null,
    "ilp_time": 0.0,
    "surgeon_schedule": {
        "1": [
            30,
            41
        ],
        "2": [
            9,
            39
        ],
        "3": [
            37
        ],
        "5": [
            28,
            49
        ],
        "6": [
            4
        ],
        "7": [
            16
        ],
        "8": [
            10,
            21,
            34
        ],
        "10": [
            7,
            37
        ],
        "11": [
            0
        ]
    },
    "patient_schedule": {
        "2": 30,
        "33": 30,
        "21": 41,
        "47": 41,
        "37": 9,
        "18": 39,
        "43": 39,
        "15": 37,
        "30": 28,
        "41": 28,
        "44": 28,
        "10": 49,
        "34": 49,
        "24": 4,
        "35": 4,
        "22": 16,
        "29": 16,
        "31": 16,
        "8": 10,
        "42": 10,
        "9": 21,
        "12": 21,
        "20": 21,
        "26": 34,
        "27": 34,
        "11": 7,
        "36": 7,
        "5": 37,
        "0": 0,
        "1": 0,
        "13": 0
    },
    "instance": null,
    "parameters": null,
    "parameters_data": null,
    "patients": null,
    "capacity": null,
    "num_days": null,
    "num_ORs": null,
    "num_surgeons": null,
    "initial_heuristics_time": 0.0,
    "gap": 0.013793103448275812
}