{
    "proved_optimal": true,
    "obj": 83,
    "relax_obj": 82.25,
    "num_LCs": 106,
    "num_callbacks": 896,
    "num_CG_iterations": 14,
    "num_columns": 251,
    "num_nodes": 1,
    "overall_time": 37.74050736427307,
    "callback_time": 3.360344171524048,
    "subproblem_time": 33.78228521347046,
    "mp_time": 3.94484281539917,
    "inh_time": null,
    "ilp_time": 0.0,
    "surgeon_schedule": {
        "0": [
            18,
            29,
            46
        ],
        "2": [
            11,
            28,
            40
        ],
        "3": [
            22
        ],
        "4": [
            47
        ],
        "5": [
            16
        ],
        "6": [
            37
        ],
        "7": [
            1,
            24,
            41
        ],
        "8": [
            8,
            20
        ],
        "10": [
            39
        ],
        "11": [
            38
        ],
        "12": [
            10
        ],
        "15": [
            8
        ],
        "16": [
            34
        ],
        "17": [
            30,
            49
        ],
        "19": [
            1,
            31
        ]
    },
    "patient_schedule": {
        "5": 18,
        "35": 18,
        "50": 18,
        "21": 29,
        "68": 29,
        "15": 46,
        "26": 46,
        "31": 46,
        "53": 46,
        "76": 46,
        "3": 11,
        "17": 11,
        "36": 11,
        "49": 28,
        "54": 28,
        "77": 28,
        "95": 40,
        "96": 40,
        "18": 22,
        "42": 22,
        "58": 22,
        "93": 22,
        "83": 47,
        "97": 47,
        "19": 16,
        "46": 16,
        "65": 16,
        "79": 16,
        "94": 16,
        "63": 37,
        "91": 37,
        "70": 1,
        "89": 1,
        "2": 24,
        "23": 24,
        "62": 24,
        "39": 41,
        "84": 41,
        "44": 8,
        "56": 8,
        "67": 8,
        "28": 20,
        "7": 39,
        "71": 39,
        "8": 38,
        "40": 38,
        "43": 38,
        "66": 38,
        "6": 10,
        "38": 10,
        "92": 10,
        "0": 8,
        "14": 8,
        "88": 8,
        "41": 34,
        "82": 34,
        "51": 30,
        "13": 49,
        "34": 49,
        "69": 49,
        "72": 49,
        "37": 1,
        "64": 1,
        "4": 31,
        "52": 31
    },
    "instance": null,
    "parameters": null,
    "parameters_data": null,
    "patients": null,
    "capacity": null,
    "num_days": null,
    "num_ORs": null,
    "num_surgeons": null,
    "initial_heuristics_time": 0.4761471748352051,
    "gap": 0.00911854103343465
}