{
    "proved_optimal": true,
    "obj": 49,
    "relax_obj": 48.333333333333336,
    "num_LCs": 22,
    "num_callbacks": 1087,
    "num_CG_iterations": 126,
    "num_columns": 125,
    "num_nodes": 1,
    "overall_time": 30.521794319152832,
    "callback_time": 1.5129172801971436,
    "subproblem_time": 13.576104640960693,
    "mp_time": 16.90771484375,
    "inh_time": null,
    "ilp_time": 0.0,
    "surgeon_schedule": {
        "1": [
            14,
            28
        ],
        "2": [
            18
        ],
        "3": [
            0
        ],
        "5": [
            36
        ],
        "6": [
            10
        ],
        "7": [
            46
        ],
        "8": [
            8,
            24,
            30
        ],
        "10": [
            20,
            40
        ],
        "11": [
            4
        ]
    },
    "patient_schedule": {
        "33": 14,
        "2": 28,
        "21": 28,
        "47": 28,
        "18": 18,
        "37": 18,
        "43": 18,
        "15": 0,
        "10": 36,
        "30": 36,
        "34": 36,
        "41": 36,
        "44": 36,
        "24": 10,
        "35": 10,
        "22": 46,
        "29": 46,
        "31": 46,
        "12": 8,
        "20": 8,
        "26": 8,
        "8": 24,
        "42": 24,
        "9": 30,
        "27": 30,
        "5": 20,
        "36": 20,
        "11": 40,
        "0": 4,
        "1": 4,
        "13": 4
    },
    "instance": null,
    "parameters": null,
    "parameters_data": null,
    "patients": null,
    "capacity": null,
    "num_days": null,
    "num_ORs": null,
    "num_surgeons": null,
    "initial_heuristics_time": 0.26213622093200684,
    "gap": 0.013793103448275812
}