{
    "proved_optimal": false,
    "obj": 44,
    "relax_obj": 28.571428571428573,
    "num_LCs": 24,
    "num_callbacks": 19,
    "num_CG_iterations": null,
    "num_columns": null,
    "num_nodes": null,
    "overall_time": 1200.012876033783,
    "callback_time": 1.1136009693145752,
    "subproblem_time": null,
    "mp_time": null,
    "inh_time": null,
    "ilp_time": null,
    "surgeon_schedule": {
        "0": [
            18
        ],
        "1": [
            11,
            20
        ],
        "2": [
            42
        ],
        "3": [
            2
        ],
        "4": [
            9
        ],
        "5": [
            38
        ],
        "8": [
            26
        ],
        "9": [
            31,
            49
        ]
    },
    "patient_schedule": {
        "0": 42,
        "1": 2,
        "3": 42,
        "5": 2,
        "7": 26,
        "8": 11,
        "9": 2,
        "10": 9,
        "11": 26,
        "12": 31,
        "14": 11,
        "15": 42,
        "18": 18,
        "20": 9,
        "21": 2,
        "22": 31,
        "24": 26,
        "25": 42,
        "26": 20,
        "27": 20,
        "29": 26,
        "33": 49,
        "34": 38,
        "35": 18,
        "36": 42,
        "37": 38,
        "40": 18,
        "41": 38,
        "42": 18,
        "43": 49,
        "44": 11
    },
    "instance": null,
    "parameters": null,
    "parameters_data": null,
    "patients": null,
    "capacity": null,
    "num_days": null,
    "num_ORs": null,
    "num_surgeons": null,
    "gap": 0.5399999999999999
}