{
    "proved_optimal": false,
    "obj": 96,
    "relax_obj": 49.0,
    "num_LCs": 97,
    "num_callbacks": 42,
    "num_CG_iterations": null,
    "num_columns": null,
    "num_nodes": null,
    "overall_time": 1200.0134673118591,
    "callback_time": 4.123813629150391,
    "subproblem_time": null,
    "mp_time": null,
    "inh_time": null,
    "ilp_time": null,
    "surgeon_schedule": {
        "0": [
            31
        ],
        "1": [
            18
        ],
        "2": [
            36,
            42
        ],
        "3": [
            22
        ],
        "5": [
            2
        ],
        "6": [
            38,
            41
        ],
        "7": [
            2
        ],
        "8": [
            16
        ],
        "10": [
            30
        ],
        "11": [
            11
        ],
        "12": [
            10
        ],
        "14": [
            9
        ],
        "15": [
            21
        ],
        "16": [
            29
        ],
        "17": [
            9,
            49
        ],
        "19": [
            28,
            48
        ]
    },
    "patient_schedule": {
        "0": 21,
        "1": 41,
        "2": 2,
        "3": 36,
        "4": 48,
        "6": 10,
        "7": 30,
        "8": 11,
        "9": 18,
        "11": 38,
        "13": 9,
        "14": 21,
        "15": 31,
        "17": 36,
        "18": 22,
        "19": 2,
        "21": 31,
        "23": 2,
        "26": 31,
        "28": 16,
        "33": 42,
        "34": 49,
        "37": 28,
        "38": 10,
        "40": 11,
        "41": 29,
        "42": 22,
        "43": 11,
        "44": 16,
        "45": 18,
        "46": 2,
        "49": 36,
        "50": 31,
        "51": 9,
        "52": 48,
        "54": 36,
        "56": 16,
        "58": 22,
        "61": 38,
        "62": 2,
        "63": 41,
        "64": 28,
        "65": 2,
        "66": 11,
        "67": 16,
        "69": 9,
        "70": 2,
        "71": 30,
        "72": 49,
        "76": 31,
        "77": 42,
        "79": 2,
        "82": 29,
        "84": 2,
        "88": 21,
        "91": 41,
        "92": 10,
        "93": 22,
        "94": 2,
        "95": 42,
        "96": 42
    },
    "instance": null,
    "parameters": null,
    "parameters_data": null,
    "patients": null,
    "capacity": null,
    "num_days": null,
    "num_ORs": null,
    "num_surgeons": null,
    "gap": 0.9591836734693877
}