{
    "proved_optimal": false,
    "obj": 106,
    "relax_obj": 49.0,
    "num_LCs": 79,
    "num_callbacks": 29,
    "num_CG_iterations": null,
    "num_columns": null,
    "num_nodes": null,
    "overall_time": 1200.013617515564,
    "callback_time": 2.2701101303100586,
    "subproblem_time": null,
    "mp_time": null,
    "inh_time": null,
    "ilp_time": null,
    "surgeon_schedule": {
        "0": [
            5,
            12,
            46
        ],
        "1": [
            37
        ],
        "2": [
            0,
            10,
            25,
            40
        ],
        "3": [
            20
        ],
        "4": [
            15,
            29
        ],
        "5": [
            30,
            45
        ],
        "6": [
            9
        ],
        "7": [
            49
        ],
        "8": [
            36
        ],
        "10": [
            19
        ],
        "11": [
            25
        ],
        "12": [
            29
        ],
        "15": [
            30
        ],
        "16": [
            19
        ],
        "17": [
            39,
            40
        ],
        "18": [
            20,
            34
        ],
        "19": [
            3
        ]
    },
    "patient_schedule": {
        "2": 49,
        "3": 40,
        "4": 3,
        "5": 46,
        "6": 29,
        "7": 19,
        "8": 25,
        "9": 37,
        "10": 20,
        "15": 5,
        "19": 30,
        "21": 5,
        "23": 49,
        "26": 5,
        "28": 36,
        "31": 12,
        "33": 25,
        "34": 39,
        "35": 46,
        "37": 3,
        "38": 29,
        "40": 25,
        "41": 19,
        "43": 25,
        "44": 36,
        "46": 30,
        "49": 0,
        "50": 12,
        "51": 40,
        "52": 3,
        "53": 5,
        "54": 25,
        "56": 36,
        "58": 20,
        "62": 49,
        "63": 9,
        "64": 3,
        "65": 45,
        "66": 25,
        "67": 36,
        "68": 46,
        "71": 19,
        "72": 39,
        "75": 15,
        "76": 12,
        "77": 10,
        "78": 34,
        "79": 45,
        "82": 19,
        "83": 29,
        "87": 12,
        "88": 30,
        "91": 9,
        "92": 29,
        "93": 20,
        "94": 45,
        "95": 25,
        "96": 40,
        "97": 15
    },
    "instance": null,
    "parameters": null,
    "parameters_data": null,
    "patients": null,
    "capacity": null,
    "num_days": null,
    "num_ORs": null,
    "num_surgeons": null,
    "gap": 1.163265306122449
}