{
    "proved_optimal": false,
    "obj": 48,
    "relax_obj": 28.571428571428573,
    "num_LCs": 33,
    "num_callbacks": 34,
    "num_CG_iterations": null,
    "num_columns": null,
    "num_nodes": null,
    "overall_time": 1200.0242342948914,
    "callback_time": 1.8975684642791748,
    "subproblem_time": null,
    "mp_time": null,
    "inh_time": null,
    "ilp_time": null,
    "surgeon_schedule": {
        "0": [
            18
        ],
        "1": [
            39,
            45
        ],
        "2": [
            20
        ],
        "3": [
            26
        ],
        "4": [
            30
        ],
        "5": [
            2
        ],
        "6": [
            11
        ],
        "8": [
            35,
            40
        ],
        "9": [
            9,
            49
        ]
    },
    "patient_schedule": {
        "0": 20,
        "1": 26,
        "5": 26,
        "6": 11,
        "7": 35,
        "8": 45,
        "9": 26,
        "10": 30,
        "11": 40,
        "12": 9,
        "14": 45,
        "15": 20,
        "18": 18,
        "20": 30,
        "21": 26,
        "24": 35,
        "26": 39,
        "27": 39,
        "29": 40,
        "33": 49,
        "34": 2,
        "35": 18,
        "36": 20,
        "37": 2,
        "40": 18,
        "41": 2,
        "42": 18,
        "43": 49,
        "44": 45,
        "45": 2,
        "47": 11
    },
    "instance": null,
    "parameters": null,
    "parameters_data": null,
    "patients": null,
    "capacity": null,
    "num_days": null,
    "num_ORs": null,
    "num_surgeons": null,
    "gap": 0.6799999999999999
}