{
    "proved_optimal": true,
    "obj": 59,
    "relax_obj": 59.0,
    "num_LCs": 20,
    "num_callbacks": 690,
    "num_CG_iterations": 17,
    "num_columns": 197,
    "num_nodes": 1,
    "overall_time": 13.643254041671753,
    "callback_time": 0.8014633655548096,
    "subproblem_time": 9.78522801399231,
    "mp_time": 3.850313425064087,
    "inh_time": null,
    "ilp_time": 0.0,
    "surgeon_schedule": {
        "1": [
            42
        ],
        "2": [
            7
        ],
        "3": [
            32
        ],
        "4": [
            15
        ],
        "6": [
            19
        ],
        "8": [
            1,
            27
        ],
        "9": [
            9,
            49
        ],
        "10": [
            29
        ],
        "11": [
            10
        ],
        "12": [
            21,
            39
        ]
    },
    "patient_schedule": {
        "21": 42,
        "39": 42,
        "2": 7,
        "26": 7,
        "22": 32,
        "35": 32,
        "36": 32,
        "38": 32,
        "10": 15,
        "17": 15,
        "20": 19,
        "44": 19,
        "12": 1,
        "24": 1,
        "42": 1,
        "13": 27,
        "27": 9,
        "45": 9,
        "37": 49,
        "0": 29,
        "11": 29,
        "9": 10,
        "43": 10,
        "15": 21,
        "19": 21,
        "33": 39
    },
    "instance": null,
    "parameters": null,
    "parameters_data": null,
    "patients": null,
    "capacity": null,
    "num_days": null,
    "num_ORs": null,
    "num_surgeons": null,
    "initial_heuristics_time": 0.28892040252685547,
    "gap": 0.0
}