{
    "proved_optimal": true,
    "obj": 49,
    "relax_obj": 48.333333333333336,
    "num_LCs": 31,
    "num_callbacks": 517,
    "num_CG_iterations": 15,
    "num_columns": 155,
    "num_nodes": 1,
    "overall_time": 12.611541748046875,
    "callback_time": 1.4722845554351807,
    "subproblem_time": 9.771310567855835,
    "mp_time": 2.8331985473632812,
    "inh_time": null,
    "ilp_time": 0.0,
    "surgeon_schedule": {
        "1": [
            0,
            28
        ],
        "2": [
            18
        ],
        "3": [
            44
        ],
        "5": [
            14,
            48
        ],
        "6": [
            10
        ],
        "7": [
            36
        ],
        "8": [
            8,
            24,
            30
        ],
        "10": [
            20,
            40
        ],
        "11": [
            4
        ]
    },
    "patient_schedule": {
        "33": 0,
        "2": 28,
        "21": 28,
        "47": 28,
        "18": 18,
        "37": 18,
        "43": 18,
        "15": 44,
        "10": 14,
        "34": 14,
        "30": 48,
        "41": 48,
        "44": 48,
        "24": 10,
        "35": 10,
        "22": 36,
        "29": 36,
        "31": 36,
        "12": 8,
        "20": 8,
        "26": 8,
        "8": 24,
        "42": 24,
        "9": 30,
        "27": 30,
        "5": 20,
        "36": 20,
        "11": 40,
        "0": 4,
        "1": 4,
        "13": 4
    },
    "instance": null,
    "parameters": null,
    "parameters_data": null,
    "patients": null,
    "capacity": null,
    "num_days": null,
    "num_ORs": null,
    "num_surgeons": null,
    "initial_heuristics_time": 0.2634000778198242,
    "gap": 0.013793103448275812
}