{
    "proved_optimal": true,
    "obj": 49,
    "relax_obj": 48.333333333333336,
    "num_LCs": 29,
    "num_callbacks": 470,
    "num_CG_iterations": 14,
    "num_columns": 142,
    "num_nodes": 1,
    "overall_time": 12.155936241149902,
    "callback_time": 0.8380899429321289,
    "subproblem_time": 9.613362073898315,
    "mp_time": 2.535721778869629,
    "inh_time": null,
    "ilp_time": 0.0,
    "surgeon_schedule": {
        "1": [
            19,
            25
        ],
        "2": [
            20,
            39
        ],
        "3": [
            47
        ],
        "5": [
            17,
            41
        ],
        "6": [
            10
        ],
        "7": [
            2
        ],
        "8": [
            14,
            29,
            31
        ],
        "10": [
            9,
            49
        ],
        "11": [
            37
        ]
    },
    "patient_schedule": {
        "2": 19,
        "33": 19,
        "21": 25,
        "47": 25,
        "18": 20,
        "43": 20,
        "37": 39,
        "15": 47,
        "34": 17,
        "41": 17,
        "10": 41,
        "30": 41,
        "44": 41,
        "24": 10,
        "35": 10,
        "22": 2,
        "29": 2,
        "31": 2,
        "26": 14,
        "27": 14,
        "8": 29,
        "42": 29,
        "9": 31,
        "12": 31,
        "20": 31,
        "5": 9,
        "11": 49,
        "36": 49,
        "0": 37,
        "1": 37,
        "13": 37
    },
    "instance": null,
    "parameters": null,
    "parameters_data": null,
    "patients": null,
    "capacity": null,
    "num_days": null,
    "num_ORs": null,
    "num_surgeons": null,
    "initial_heuristics_time": 0.2666897773742676,
    "gap": 0.013793103448275812
}