{
    "proved_optimal": false,
    "obj": 167,
    "relax_obj": 98.0,
    "num_LCs": 402,
    "num_callbacks": 111,
    "num_CG_iterations": null,
    "num_columns": null,
    "num_nodes": null,
    "overall_time": 1200.012573003769,
    "callback_time": 15.652913093566895,
    "subproblem_time": null,
    "mp_time": null,
    "inh_time": null,
    "ilp_time": null,
    "surgeon_schedule": {
        "0": [
            33,
            49
        ],
        "1": [
            3
        ],
        "2": [
            6,
            42
        ],
        "3": [
            19,
            40
        ],
        "4": [
            28,
            30,
            44
        ],
        "5": [
            18,
            21,
            49
        ],
        "6": [
            38,
            43
        ],
        "7": [
            19,
            37
        ],
        "8": [
            17,
            29
        ],
        "9": [
            12,
            38
        ],
        "10": [
            19,
            23,
            47
        ],
        "11": [
            1,
            15,
            21
        ],
        "12": [
            8,
            10,
            34,
            40
        ],
        "13": [
            3,
            27
        ],
        "14": [
            31
        ],
        "15": [
            31
        ],
        "16": [
            23
        ],
        "17": [
            10,
            39,
            44
        ],
        "18": [
            11,
            48
        ],
        "19": [
            0,
            14
        ]
    },
    "patient_schedule": {
        "0": 40,
        "3": 6,
        "4": 3,
        "6": 23,
        "8": 3,
        "9": 18,
        "10": 14,
        "11": 23,
        "12": 42,
        "14": 31,
        "15": 19,
        "16": 18,
        "19": 11,
        "21": 23,
        "24": 17,
        "26": 21,
        "28": 23,
        "29": 21,
        "31": 38,
        "33": 12,
        "36": 21,
        "37": 23,
        "38": 1,
        "39": 15,
        "40": 0,
        "41": 28,
        "42": 31,
        "46": 23,
        "47": 44,
        "48": 18,
        "49": 31,
        "51": 3,
        "52": 23,
        "53": 31,
        "54": 39,
        "55": 31,
        "56": 8,
        "60": 19,
        "61": 3,
        "62": 38,
        "64": 0,
        "65": 37,
        "66": 44,
        "67": 47,
        "68": 40,
        "69": 23,
        "70": 29,
        "72": 38,
        "73": 48,
        "77": 3,
        "80": 38,
        "81": 30,
        "82": 48,
        "83": 3,
        "84": 12,
        "85": 3,
        "88": 19,
        "89": 15,
        "93": 49,
        "94": 6,
        "95": 33,
        "96": 48,
        "97": 19,
        "99": 33,
        "100": 19,
        "101": 49,
        "102": 10,
        "103": 48,
        "104": 28,
        "105": 43,
        "106": 3,
        "108": 21,
        "109": 6,
        "110": 18,
        "113": 8,
        "114": 33,
        "115": 31,
        "116": 31,
        "118": 21,
        "121": 10,
        "122": 34,
        "124": 23,
        "126": 29,
        "127": 28,
        "129": 23,
        "130": 31,
        "132": 47,
        "134": 40,
        "135": 40,
        "137": 17,
        "140": 49,
        "141": 19,
        "142": 3,
        "144": 21,
        "146": 1,
        "147": 3,
        "150": 12,
        "151": 33,
        "152": 23,
        "153": 23,
        "157": 6,
        "158": 43,
        "160": 38,
        "162": 12,
        "163": 11,
        "164": 43,
        "166": 31,
        "168": 3,
        "169": 42,
        "170": 27,
        "171": 23,
        "172": 21,
        "174": 44,
        "175": 10,
        "176": 3
    },
    "instance": null,
    "parameters": null,
    "parameters_data": null,
    "patients": null,
    "capacity": null,
    "num_days": null,
    "num_ORs": null,
    "num_surgeons": null,
    "gap": 0.7040816326530612
}