{
    "proved_optimal": false,
    "obj": 69,
    "relax_obj": 44.666666666666664,
    "num_LCs": 32,
    "num_callbacks": 21,
    "num_CG_iterations": null,
    "num_columns": null,
    "num_nodes": null,
    "overall_time": 1200.053465604782,
    "callback_time": 1.5614519119262695,
    "subproblem_time": null,
    "mp_time": null,
    "inh_time": null,
    "ilp_time": null,
    "surgeon_schedule": {
        "0": [
            40
        ],
        "2": [
            49
        ],
        "3": [
            37
        ],
        "4": [
            39,
            47
        ],
        "6": [
            0,
            10,
            44
        ],
        "8": [
            14
        ],
        "9": [
            4
        ],
        "10": [
            8,
            31
        ],
        "11": [
            18,
            23
        ]
    },
    "patient_schedule": {
        "0": 37,
        "1": 18,
        "2": 23,
        "3": 4,
        "4": 49,
        "6": 39,
        "9": 31,
        "10": 47,
        "12": 0,
        "14": 14,
        "15": 8,
        "16": 39,
        "18": 37,
        "19": 14,
        "20": 31,
        "21": 23,
        "24": 8,
        "26": 23,
        "32": 37,
        "33": 44,
        "36": 10,
        "37": 18,
        "39": 23,
        "41": 40,
        "43": 18,
        "45": 4,
        "48": 0,
        "49": 49,
        "50": 10,
        "51": 47,
        "55": 0,
        "57": 44,
        "58": 18,
        "59": 40,
        "61": 23,
        "62": 40,
        "63": 47
    },
    "instance": null,
    "parameters": null,
    "parameters_data": null,
    "patients": null,
    "capacity": null,
    "num_days": null,
    "num_ORs": null,
    "num_surgeons": null,
    "gap": 0.5447761194029852
}