{
    "proved_optimal": false,
    "obj": 182,
    "relax_obj": 94.5,
    "num_LCs": 357,
    "num_callbacks": 75,
    "num_CG_iterations": null,
    "num_columns": null,
    "num_nodes": null,
    "overall_time": 1200.007655620575,
    "callback_time": 12.074429988861084,
    "subproblem_time": null,
    "mp_time": null,
    "inh_time": null,
    "ilp_time": null,
    "surgeon_schedule": {
        "0": [
            1,
            10,
            29,
            30,
            47
        ],
        "2": [
            8,
            21
        ],
        "3": [
            23,
            31
        ],
        "4": [
            0,
            17,
            20,
            39,
            40
        ],
        "5": [
            36
        ],
        "6": [
            1,
            14,
            27,
            30,
            42
        ],
        "8": [
            5,
            18,
            38
        ],
        "9": [
            9,
            41
        ],
        "10": [
            10,
            32
        ],
        "11": [
            26,
            49
        ],
        "12": [
            6,
            16
        ],
        "13": [
            9,
            19
        ],
        "14": [
            37,
            43
        ],
        "15": [
            13,
            28
        ],
        "16": [
            21,
            46
        ],
        "17": [
            0,
            11,
            34,
            49
        ],
        "18": [
            7
        ],
        "19": [
            39
        ]
    },
    "patient_schedule": {
        "3": 32,
        "5": 21,
        "6": 21,
        "8": 36,
        "9": 21,
        "12": 40,
        "13": 7,
        "14": 31,
        "15": 11,
        "17": 21,
        "18": 7,
        "20": 5,
        "21": 6,
        "22": 9,
        "24": 30,
        "28": 10,
        "29": 21,
        "31": 19,
        "32": 34,
        "33": 6,
        "37": 26,
        "38": 16,
        "39": 10,
        "40": 1,
        "41": 13,
        "42": 46,
        "43": 7,
        "45": 43,
        "46": 23,
        "48": 43,
        "49": 36,
        "50": 31,
        "51": 38,
        "52": 46,
        "54": 17,
        "55": 1,
        "57": 13,
        "59": 23,
        "60": 41,
        "62": 19,
        "64": 47,
        "65": 46,
        "66": 8,
        "67": 0,
        "68": 23,
        "69": 27,
        "70": 10,
        "71": 6,
        "72": 39,
        "73": 9,
        "75": 9,
        "77": 18,
        "80": 21,
        "81": 5,
        "83": 20,
        "84": 16,
        "85": 49,
        "86": 42,
        "87": 0,
        "88": 39,
        "90": 49,
        "91": 26,
        "92": 38,
        "93": 40,
        "94": 23,
        "95": 30,
        "96": 8,
        "97": 41,
        "98": 8,
        "99": 43,
        "100": 28,
        "102": 39,
        "104": 19,
        "105": 41,
        "107": 36,
        "111": 1,
        "112": 14,
        "113": 23,
        "114": 29,
        "116": 26,
        "117": 0,
        "118": 0,
        "120": 21,
        "121": 42,
        "123": 17,
        "124": 5,
        "126": 11,
        "127": 18,
        "128": 20,
        "129": 31,
        "130": 16,
        "131": 1,
        "132": 7,
        "136": 6,
        "139": 41,
        "140": 36,
        "141": 49,
        "142": 10,
        "145": 11,
        "146": 36,
        "147": 9,
        "148": 36,
        "149": 49,
        "153": 9,
        "155": 30,
        "158": 42,
        "159": 29,
        "164": 26,
        "166": 28,
        "167": 37,
        "169": 36,
        "170": 23,
        "171": 1,
        "173": 46,
        "174": 20,
        "176": 28,
        "177": 10,
        "180": 23,
        "181": 31,
        "183": 39,
        "184": 42,
        "185": 36,
        "186": 21,
        "187": 32,
        "189": 43
    },
    "instance": null,
    "parameters": null,
    "parameters_data": null,
    "patients": null,
    "capacity": null,
    "num_days": null,
    "num_ORs": null,
    "num_surgeons": null,
    "gap": 0.9259259259259259
}