{
    "proved_optimal": true,
    "obj": 37,
    "relax_obj": 37.0,
    "num_LCs": 22,
    "num_callbacks": 517,
    "num_CG_iterations": 16,
    "num_columns": 147,
    "num_nodes": 1,
    "overall_time": 9.971504211425781,
    "callback_time": 0.6884860992431641,
    "subproblem_time": 7.109468221664429,
    "mp_time": 2.8568081855773926,
    "inh_time": null,
    "ilp_time": 0.0,
    "surgeon_schedule": {
        "1": [
            31
        ],
        "3": [
            25
        ],
        "4": [
            48
        ],
        "6": [
            29,
            41
        ],
        "7": [
            20
        ],
        "8": [
            19,
            38
        ],
        "9": [
            3,
            11
        ],
        "10": [
            17
        ]
    },
    "patient_schedule": {
        "22": 31,
        "26": 31,
        "12": 25,
        "8": 48,
        "20": 48,
        "2": 29,
        "3": 41,
        "30": 41,
        "5": 20,
        "6": 19,
        "15": 19,
        "29": 38,
        "9": 3,
        "14": 3,
        "24": 3,
        "10": 11,
        "21": 11,
        "11": 17,
        "27": 17
    },
    "instance": null,
    "parameters": null,
    "parameters_data": null,
    "patients": null,
    "capacity": null,
    "num_days": null,
    "num_ORs": null,
    "num_surgeons": null,
    "initial_heuristics_time": 0.20800161361694336,
    "gap": 0.0
}