{
    "proved_optimal": true,
    "obj": 97,
    "relax_obj": 96.66666666666667,
    "num_LCs": 98,
    "num_callbacks": 1021,
    "num_CG_iterations": 15,
    "num_columns": 258,
    "num_nodes": 1,
    "overall_time": 52.346460580825806,
    "callback_time": 2.4829277992248535,
    "subproblem_time": 47.566317319869995,
    "mp_time": 4.766446113586426,
    "inh_time": null,
    "ilp_time": 0.0,
    "surgeon_schedule": {
        "1": [
            27,
            40
        ],
        "2": [
            8,
            30,
            49
        ],
        "3": [
            18
        ],
        "4": [
            47
        ],
        "8": [
            7,
            40
        ],
        "9": [
            1
        ],
        "10": [
            20
        ],
        "13": [
            32,
            48
        ],
        "14": [
            36,
            44
        ],
        "16": [
            14,
            29
        ],
        "17": [
            9,
            13,
            23
        ],
        "18": [
            1,
            24
        ],
        "19": [
            10,
            39,
            44
        ]
    },
    "patient_schedule": {
        "19": 27,
        "61": 27,
        "62": 40,
        "6": 8,
        "66": 8,
        "30": 30,
        "43": 30,
        "54": 49,
        "2": 18,
        "40": 18,
        "1": 47,
        "52": 47,
        "13": 7,
        "50": 7,
        "11": 40,
        "38": 40,
        "23": 1,
        "83": 1,
        "33": 20,
        "55": 20,
        "78": 20,
        "12": 32,
        "49": 32,
        "58": 32,
        "36": 48,
        "41": 48,
        "10": 36,
        "16": 36,
        "25": 36,
        "7": 44,
        "56": 44,
        "47": 14,
        "37": 29,
        "22": 9,
        "74": 9,
        "57": 13,
        "77": 13,
        "82": 13,
        "21": 23,
        "60": 23,
        "65": 23,
        "28": 1,
        "81": 1,
        "15": 24,
        "70": 24,
        "51": 10,
        "5": 39,
        "67": 44,
        "68": 44
    },
    "instance": null,
    "parameters": null,
    "parameters_data": null,
    "patients": null,
    "capacity": null,
    "num_days": null,
    "num_ORs": null,
    "num_surgeons": null,
    "initial_heuristics_time": 0.4222753047943115,
    "gap": 0.0034482758620689165
}