{
    "proved_optimal": true,
    "obj": 68,
    "relax_obj": 68.0,
    "num_LCs": 71,
    "num_callbacks": 793,
    "num_CG_iterations": 21,
    "num_columns": 193,
    "num_nodes": 5,
    "overall_time": 30.732428312301636,
    "callback_time": 1.4621820449829102,
    "subproblem_time": 25.017685413360596,
    "mp_time": 5.691974878311157,
    "inh_time": null,
    "ilp_time": 0.0,
    "surgeon_schedule": {
        "0": [
            17
        ],
        "2": [
            30
        ],
        "3": [
            0
        ],
        "4": [
            4,
            24
        ],
        "6": [
            19,
            49
        ],
        "8": [
            7,
            47
        ],
        "9": [
            39
        ],
        "10": [
            28,
            41
        ],
        "11": [
            9,
            11,
            20,
            35
        ]
    },
    "patient_schedule": {
        "41": 17,
        "59": 17,
        "62": 17,
        "4": 30,
        "49": 30,
        "0": 0,
        "18": 0,
        "32": 0,
        "6": 4,
        "10": 4,
        "16": 24,
        "51": 24,
        "63": 24,
        "12": 19,
        "48": 19,
        "55": 19,
        "33": 49,
        "57": 49,
        "14": 7,
        "19": 7,
        "28": 47,
        "3": 39,
        "45": 39,
        "15": 28,
        "24": 28,
        "9": 41,
        "20": 41,
        "21": 9,
        "58": 9,
        "2": 11,
        "37": 11,
        "26": 20,
        "43": 20,
        "1": 35,
        "39": 35,
        "61": 35
    },
    "instance": null,
    "parameters": null,
    "parameters_data": null,
    "patients": null,
    "capacity": null,
    "num_days": null,
    "num_ORs": null,
    "num_surgeons": null,
    "initial_heuristics_time": 0.26171350479125977,
    "gap": 0.0
}