{
    "proved_optimal": true,
    "obj": 97,
    "relax_obj": 96.66666666666667,
    "num_LCs": 109,
    "num_callbacks": 1177,
    "num_CG_iterations": 17,
    "num_columns": 290,
    "num_nodes": 1,
    "overall_time": 44.169134855270386,
    "callback_time": 4.123553991317749,
    "subproblem_time": 38.51991391181946,
    "mp_time": 5.635146379470825,
    "inh_time": null,
    "ilp_time": 0.0,
    "surgeon_schedule": {
        "1": [
            28
        ],
        "2": [
            13
        ],
        "3": [
            48
        ],
        "4": [
            20
        ],
        "8": [
            28
        ],
        "9": [
            41
        ],
        "10": [
            24
        ],
        "13": [
            12,
            48
        ],
        "14": [
            32,
            40
        ],
        "16": [
            20,
            39
        ],
        "17": [
            3,
            33,
            44
        ],
        "18": [
            6
        ],
        "19": [
            0,
            19,
            24
        ]
    },
    "patient_schedule": {
        "19": 28,
        "61": 28,
        "62": 28,
        "6": 13,
        "30": 13,
        "43": 13,
        "54": 13,
        "66": 13,
        "2": 48,
        "40": 48,
        "1": 20,
        "52": 20,
        "11": 28,
        "13": 28,
        "38": 28,
        "50": 28,
        "23": 41,
        "83": 41,
        "33": 24,
        "55": 24,
        "78": 24,
        "12": 12,
        "49": 12,
        "58": 12,
        "36": 48,
        "41": 48,
        "10": 32,
        "16": 32,
        "56": 32,
        "7": 40,
        "25": 40,
        "37": 20,
        "47": 39,
        "21": 3,
        "57": 3,
        "60": 3,
        "65": 33,
        "77": 33,
        "82": 33,
        "22": 44,
        "74": 44,
        "15": 6,
        "28": 6,
        "70": 6,
        "81": 6,
        "67": 0,
        "68": 0,
        "51": 19,
        "5": 24
    },
    "instance": null,
    "parameters": null,
    "parameters_data": null,
    "patients": null,
    "capacity": null,
    "num_days": null,
    "num_ORs": null,
    "num_surgeons": null,
    "initial_heuristics_time": 0.4119701385498047,
    "gap": 0.0034482758620689165
}