{
    "proved_optimal": false,
    "obj": 105,
    "relax_obj": 57.57142857142857,
    "num_LCs": 91,
    "num_callbacks": 56,
    "num_CG_iterations": null,
    "num_columns": null,
    "num_nodes": null,
    "overall_time": 1200.0284621715546,
    "callback_time": 9.271121501922607,
    "subproblem_time": null,
    "mp_time": null,
    "inh_time": null,
    "ilp_time": null,
    "surgeon_schedule": {
        "0": [
            37
        ],
        "1": [
            10,
            47
        ],
        "2": [
            12,
            49
        ],
        "3": [
            18,
            33
        ],
        "4": [
            27
        ],
        "8": [
            0,
            19
        ],
        "9": [
            21
        ],
        "10": [
            9
        ],
        "11": [
            20
        ],
        "12": [
            5,
            29
        ],
        "13": [
            1,
            26
        ],
        "14": [
            49
        ],
        "16": [
            7,
            40
        ],
        "17": [
            31
        ],
        "18": [
            14,
            39,
            45
        ],
        "19": [
            9,
            41
        ]
    },
    "patient_schedule": {
        "1": 27,
        "2": 33,
        "5": 9,
        "6": 12,
        "7": 49,
        "9": 33,
        "11": 19,
        "12": 26,
        "13": 19,
        "14": 5,
        "15": 14,
        "19": 10,
        "22": 31,
        "23": 21,
        "27": 18,
        "28": 39,
        "30": 12,
        "31": 37,
        "33": 9,
        "34": 5,
        "35": 20,
        "36": 1,
        "37": 7,
        "38": 0,
        "40": 18,
        "41": 1,
        "43": 12,
        "47": 40,
        "48": 29,
        "49": 26,
        "50": 0,
        "51": 41,
        "52": 27,
        "54": 49,
        "55": 9,
        "56": 49,
        "57": 31,
        "58": 26,
        "61": 10,
        "62": 47,
        "64": 45,
        "65": 31,
        "66": 12,
        "67": 41,
        "68": 41,
        "70": 14,
        "78": 9,
        "83": 21
    },
    "instance": null,
    "parameters": null,
    "parameters_data": null,
    "patients": null,
    "capacity": null,
    "num_days": null,
    "num_ORs": null,
    "num_surgeons": null,
    "gap": 0.8238213399503723
}