{
    "proved_optimal": true,
    "obj": 37,
    "relax_obj": 37.0,
    "num_LCs": 27,
    "num_callbacks": 483,
    "num_CG_iterations": 15,
    "num_columns": 136,
    "num_nodes": 1,
    "overall_time": 10.382687330245972,
    "callback_time": 0.5571224689483643,
    "subproblem_time": 7.578943967819214,
    "mp_time": 2.7981324195861816,
    "inh_time": null,
    "ilp_time": 0.0,
    "surgeon_schedule": {
        "1": [
            38
        ],
        "3": [
            25
        ],
        "4": [
            31
        ],
        "6": [
            9,
            43
        ],
        "7": [
            29
        ],
        "8": [
            0
        ],
        "9": [
            5,
            13
        ],
        "10": [
            20
        ]
    },
    "patient_schedule": {
        "22": 38,
        "26": 38,
        "12": 25,
        "8": 31,
        "20": 31,
        "2": 9,
        "3": 43,
        "16": 43,
        "30": 43,
        "5": 29,
        "6": 0,
        "15": 0,
        "10": 5,
        "21": 5,
        "9": 13,
        "14": 13,
        "24": 13,
        "11": 20,
        "27": 20
    },
    "instance": null,
    "parameters": null,
    "parameters_data": null,
    "patients": null,
    "capacity": null,
    "num_days": null,
    "num_ORs": null,
    "num_surgeons": null,
    "initial_heuristics_time": 0.20760607719421387,
    "gap": 0.0
}