{
    "proved_optimal": true,
    "obj": 68,
    "relax_obj": 68.0,
    "num_LCs": 73,
    "num_callbacks": 963,
    "num_CG_iterations": 24,
    "num_columns": 218,
    "num_nodes": 7,
    "overall_time": 36.87038850784302,
    "callback_time": 2.093522310256958,
    "subproblem_time": 29.86618208885193,
    "mp_time": 6.973527431488037,
    "inh_time": null,
    "ilp_time": 0.0,
    "surgeon_schedule": {
        "0": [
            49
        ],
        "2": [
            1,
            39,
            47
        ],
        "3": [
            44
        ],
        "4": [
            4,
            24
        ],
        "6": [
            18,
            24
        ],
        "8": [
            30,
            40
        ],
        "9": [
            20
        ],
        "10": [
            1,
            35
        ],
        "11": [
            8,
            14,
            28,
            47
        ]
    },
    "patient_schedule": {
        "41": 49,
        "59": 49,
        "62": 49,
        "34": 1,
        "38": 39,
        "4": 47,
        "49": 47,
        "0": 44,
        "18": 44,
        "32": 44,
        "6": 4,
        "10": 4,
        "16": 24,
        "51": 24,
        "63": 24,
        "33": 18,
        "48": 18,
        "50": 18,
        "57": 18,
        "12": 24,
        "36": 24,
        "55": 24,
        "14": 30,
        "19": 30,
        "28": 40,
        "3": 20,
        "45": 20,
        "15": 1,
        "24": 1,
        "9": 35,
        "20": 35,
        "2": 8,
        "37": 8,
        "58": 14,
        "61": 14,
        "1": 28,
        "26": 28,
        "39": 28,
        "21": 47,
        "43": 47
    },
    "instance": null,
    "parameters": null,
    "parameters_data": null,
    "patients": null,
    "capacity": null,
    "num_days": null,
    "num_ORs": null,
    "num_surgeons": null,
    "initial_heuristics_time": 0.26703643798828125,
    "gap": 0.0
}