{
    "proved_optimal": true,
    "obj": 75,
    "relax_obj": 75.0,
    "num_LCs": 122,
    "num_callbacks": 1732,
    "num_CG_iterations": 35,
    "num_columns": 273,
    "num_nodes": 13,
    "overall_time": 59.48304891586304,
    "callback_time": 4.07134222984314,
    "subproblem_time": 47.33127975463867,
    "mp_time": 12.080654382705688,
    "inh_time": null,
    "ilp_time": 0.0,
    "surgeon_schedule": {
        "0": [
            9,
            11,
            37
        ],
        "1": [
            17,
            21,
            30,
            41
        ],
        "2": [
            9,
            26
        ],
        "3": [
            20
        ],
        "5": [
            47
        ],
        "6": [
            0,
            20,
            38
        ],
        "11": [
            18
        ]
    },
    "patient_schedule": {
        "42": 9,
        "56": 9,
        "12": 11,
        "49": 11,
        "60": 11,
        "8": 37,
        "15": 37,
        "37": 17,
        "24": 21,
        "35": 21,
        "47": 21,
        "19": 30,
        "55": 30,
        "7": 41,
        "52": 41,
        "6": 9,
        "50": 9,
        "1": 26,
        "28": 26,
        "58": 26,
        "23": 20,
        "59": 20,
        "62": 20,
        "22": 47,
        "54": 47,
        "5": 0,
        "44": 0,
        "53": 0,
        "9": 20,
        "61": 20,
        "3": 38,
        "41": 38,
        "2": 18,
        "4": 18,
        "26": 18,
        "34": 18
    },
    "instance": null,
    "parameters": null,
    "parameters_data": null,
    "patients": null,
    "capacity": null,
    "num_days": null,
    "num_ORs": null,
    "num_surgeons": null,
    "initial_heuristics_time": 0.27028775215148926,
    "gap": 0.0
}