{
    "proved_optimal": false,
    "obj": 80,
    "relax_obj": 47.8,
    "num_LCs": 37,
    "num_callbacks": 24,
    "num_CG_iterations": null,
    "num_columns": null,
    "num_nodes": null,
    "overall_time": 1200.024240732193,
    "callback_time": 1.8701348304748535,
    "subproblem_time": null,
    "mp_time": null,
    "inh_time": null,
    "ilp_time": null,
    "surgeon_schedule": {
        "0": [
            20
        ],
        "1": [
            2,
            32
        ],
        "2": [
            18,
            41
        ],
        "3": [
            9
        ],
        "5": [
            39
        ],
        "6": [
            28,
            49
        ],
        "9": [
            24,
            47
        ],
        "11": [
            11
        ]
    },
    "patient_schedule": {
        "1": 41,
        "2": 11,
        "4": 11,
        "5": 28,
        "6": 18,
        "7": 32,
        "8": 20,
        "9": 28,
        "13": 47,
        "18": 49,
        "19": 2,
        "22": 39,
        "23": 9,
        "24": 2,
        "26": 11,
        "28": 18,
        "33": 24,
        "34": 11,
        "35": 2,
        "37": 32,
        "41": 28,
        "42": 20,
        "44": 49,
        "47": 2,
        "49": 20,
        "50": 41,
        "52": 32,
        "54": 39,
        "55": 2,
        "57": 47,
        "58": 41,
        "59": 9,
        "61": 49,
        "62": 9
    },
    "instance": null,
    "parameters": null,
    "parameters_data": null,
    "patients": null,
    "capacity": null,
    "num_days": null,
    "num_ORs": null,
    "num_surgeons": null,
    "gap": 0.6736401673640169
}