{
    "proved_optimal": true,
    "obj": 30,
    "relax_obj": 30.0,
    "num_LCs": 21,
    "num_callbacks": 435,
    "num_CG_iterations": 15,
    "num_columns": 144,
    "num_nodes": 1,
    "overall_time": 7.145277976989746,
    "callback_time": 0.7629618644714355,
    "subproblem_time": 4.489341974258423,
    "mp_time": 2.6506125926971436,
    "inh_time": null,
    "ilp_time": 0.0,
    "surgeon_schedule": {
        "0": [
            21
        ],
        "1": [
            30
        ],
        "3": [
            28
        ],
        "4": [
            9,
            40
        ],
        "5": [
            7
        ],
        "6": [
            0,
            49
        ],
        "7": [
            13,
            36
        ],
        "9": [
            45
        ],
        "11": [
            4
        ]
    },
    "patient_schedule": {
        "19": 21,
        "25": 21,
        "29": 21,
        "10": 30,
        "28": 30,
        "11": 28,
        "31": 28,
        "18": 9,
        "23": 40,
        "5": 7,
        "21": 7,
        "4": 0,
        "0": 49,
        "9": 49,
        "7": 13,
        "12": 13,
        "30": 13,
        "8": 36,
        "15": 36,
        "26": 36,
        "2": 45,
        "14": 45,
        "3": 4
    },
    "instance": null,
    "parameters": null,
    "parameters_data": null,
    "patients": null,
    "capacity": null,
    "num_days": null,
    "num_ORs": null,
    "num_surgeons": null,
    "initial_heuristics_time": 0.20519351959228516,
    "gap": 0.0
}