{
    "proved_optimal": true,
    "obj": 30,
    "relax_obj": 30.0,
    "num_LCs": 26,
    "num_callbacks": 472,
    "num_CG_iterations": 16,
    "num_columns": 155,
    "num_nodes": 1,
    "overall_time": 7.616840600967407,
    "callback_time": 0.604407548904419,
    "subproblem_time": 4.820350885391235,
    "mp_time": 2.7910516262054443,
    "inh_time": null,
    "ilp_time": 0.0,
    "surgeon_schedule": {
        "0": [
            38
        ],
        "1": [
            10
        ],
        "3": [
            45
        ],
        "4": [
            20,
            49
        ],
        "5": [
            40
        ],
        "6": [
            19,
            30
        ],
        "7": [
            3,
            26
        ],
        "9": [
            15
        ],
        "11": [
            34
        ]
    },
    "patient_schedule": {
        "19": 38,
        "25": 38,
        "29": 38,
        "10": 10,
        "28": 10,
        "11": 45,
        "31": 45,
        "23": 20,
        "18": 49,
        "5": 40,
        "21": 40,
        "4": 19,
        "9": 19,
        "0": 30,
        "7": 3,
        "12": 3,
        "30": 3,
        "8": 26,
        "15": 26,
        "26": 26,
        "2": 15,
        "14": 15,
        "3": 34
    },
    "instance": null,
    "parameters": null,
    "parameters_data": null,
    "patients": null,
    "capacity": null,
    "num_days": null,
    "num_ORs": null,
    "num_surgeons": null,
    "initial_heuristics_time": 0.20633292198181152,
    "gap": 0.0
}