{
    "proved_optimal": false,
    "obj": 71,
    "relax_obj": 50.333333333333336,
    "num_LCs": 55,
    "num_callbacks": 47,
    "num_CG_iterations": null,
    "num_columns": null,
    "num_nodes": null,
    "overall_time": 1200.014244556427,
    "callback_time": 3.2777302265167236,
    "subproblem_time": null,
    "mp_time": null,
    "inh_time": null,
    "ilp_time": null,
    "surgeon_schedule": {
        "1": [
            1,
            10,
            41
        ],
        "3": [
            25
        ],
        "5": [
            31
        ],
        "6": [
            29
        ],
        "7": [
            7,
            16
        ],
        "8": [
            48
        ],
        "9": [
            20,
            38
        ],
        "10": [
            9
        ]
    },
    "patient_schedule": {
        "0": 41,
        "1": 25,
        "2": 48,
        "5": 20,
        "7": 1,
        "10": 31,
        "13": 20,
        "14": 16,
        "22": 9,
        "23": 7,
        "26": 25,
        "28": 31,
        "29": 9,
        "30": 16,
        "31": 41,
        "33": 16,
        "34": 10,
        "37": 1,
        "39": 48,
        "40": 38,
        "41": 29,
        "42": 48,
        "43": 38,
        "44": 41,
        "45": 31,
        "47": 25,
        "48": 38,
        "49": 16,
        "50": 1,
        "53": 10,
        "54": 31,
        "56": 1
    },
    "instance": null,
    "parameters": null,
    "parameters_data": null,
    "patients": null,
    "capacity": null,
    "num_days": null,
    "num_ORs": null,
    "num_surgeons": null,
    "gap": 0.41059602649006616
}