{
    "proved_optimal": true,
    "obj": 71,
    "relax_obj": 71.0,
    "num_LCs": 63,
    "num_callbacks": 852,
    "num_CG_iterations": 21,
    "num_columns": 184,
    "num_nodes": 7,
    "overall_time": 25.793718576431274,
    "callback_time": 1.5275681018829346,
    "subproblem_time": 20.44432830810547,
    "mp_time": 5.321404695510864,
    "inh_time": null,
    "ilp_time": 0.0,
    "surgeon_schedule": {
        "0": [
            44
        ],
        "1": [
            0,
            14,
            27,
            37,
            47
        ],
        "2": [
            48
        ],
        "3": [
            8
        ],
        "5": [
            8
        ],
        "6": [
            34
        ],
        "7": [
            14
        ],
        "8": [
            28
        ],
        "9": [
            0,
            30,
            40
        ],
        "10": [
            9
        ]
    },
    "patient_schedule": {
        "17": 44,
        "36": 44,
        "34": 0,
        "53": 0,
        "56": 0,
        "37": 14,
        "7": 27,
        "44": 27,
        "0": 37,
        "50": 37,
        "31": 47,
        "12": 48,
        "55": 48,
        "1": 8,
        "26": 8,
        "47": 8,
        "10": 8,
        "28": 8,
        "45": 8,
        "54": 8,
        "41": 34,
        "33": 14,
        "49": 14,
        "2": 28,
        "39": 28,
        "42": 28,
        "13": 0,
        "48": 0,
        "5": 30,
        "43": 30,
        "40": 40,
        "22": 9,
        "29": 9
    },
    "instance": null,
    "parameters": null,
    "parameters_data": null,
    "patients": null,
    "capacity": null,
    "num_days": null,
    "num_ORs": null,
    "num_surgeons": null,
    "initial_heuristics_time": 0.26914024353027344,
    "gap": 0.0
}