{
    "proved_optimal": true,
    "obj": 40,
    "relax_obj": 40.0,
    "num_LCs": 32,
    "num_callbacks": 568,
    "num_CG_iterations": 19,
    "num_columns": 170,
    "num_nodes": 1,
    "overall_time": 15.707361698150635,
    "callback_time": 1.1749019622802734,
    "subproblem_time": 11.621192455291748,
    "mp_time": 4.077106237411499,
    "inh_time": null,
    "ilp_time": 0.0,
    "surgeon_schedule": {
        "0": [
            16
        ],
        "1": [
            10,
            35
        ],
        "2": [
            9,
            39
        ],
        "3": [
            28
        ],
        "5": [
            2,
            24
        ],
        "6": [
            41
        ],
        "7": [
            48
        ],
        "8": [
            20,
            30
        ]
    },
    "patient_schedule": {
        "4": 16,
        "11": 16,
        "12": 16,
        "40": 16,
        "13": 10,
        "24": 10,
        "2": 35,
        "31": 35,
        "43": 35,
        "15": 9,
        "27": 9,
        "37": 39,
        "9": 28,
        "28": 28,
        "17": 2,
        "26": 2,
        "1": 24,
        "35": 24,
        "38": 24,
        "0": 41,
        "3": 41,
        "25": 48,
        "41": 48,
        "33": 20,
        "5": 30,
        "18": 30,
        "20": 30,
        "39": 30
    },
    "instance": null,
    "parameters": null,
    "parameters_data": null,
    "patients": null,
    "capacity": null,
    "num_days": null,
    "num_ORs": null,
    "num_surgeons": null,
    "initial_heuristics_time": 0.2120356559753418,
    "gap": 0.0
}