{
    "proved_optimal": false,
    "obj": 42,
    "relax_obj": 40.25,
    "num_LCs": 103,
    "num_callbacks": 49210,
    "num_CG_iterations": 2788,
    "num_columns": 2515,
    "num_nodes": 273,
    "overall_time": 1200.2011833190918,
    "callback_time": 51.928285360336304,
    "subproblem_time": 487.94566082954407,
    "mp_time": 710.847678899765,
    "inh_time": null,
    "ilp_time": 0.0,
    "surgeon_schedule": {
        "0": [
            4,
            43
        ],
        "1": [
            0
        ],
        "2": [
            8
        ],
        "3": [
            21
        ],
        "4": [
            28,
            32
        ],
        "5": [
            13
        ],
        "11": [
            39
        ]
    },
    "patient_schedule": {
        "40": 4,
        "43": 4,
        "3": 43,
        "8": 43,
        "11": 43,
        "24": 43,
        "20": 0,
        "39": 0,
        "1": 8,
        "15": 8,
        "33": 8,
        "38": 8,
        "0": 21,
        "5": 21,
        "14": 21,
        "28": 21,
        "2": 28,
        "9": 28,
        "6": 32,
        "21": 32,
        "17": 13,
        "18": 13,
        "32": 13,
        "36": 13,
        "13": 39,
        "37": 39
    },
    "instance": null,
    "parameters": null,
    "parameters_data": null,
    "patients": null,
    "capacity": null,
    "num_days": null,
    "num_ORs": null,
    "num_surgeons": null,
    "initial_heuristics_time": 0.2533550262451172,
    "gap": 0.043478260869565216
}