{
    "proved_optimal": false,
    "obj": 47,
    "relax_obj": 20.615384615384617,
    "num_LCs": 12,
    "num_callbacks": 19,
    "num_CG_iterations": null,
    "num_columns": null,
    "num_nodes": null,
    "overall_time": 1200.008909702301,
    "callback_time": 0.9213211536407471,
    "subproblem_time": null,
    "mp_time": null,
    "inh_time": null,
    "ilp_time": null,
    "surgeon_schedule": {
        "0": [
            21
        ],
        "1": [
            18
        ],
        "2": [
            11
        ],
        "3": [
            36
        ],
        "4": [
            41
        ],
        "5": [
            28
        ],
        "6": [
            30
        ],
        "8": [
            4
        ],
        "9": [
            47
        ],
        "11": [
            49
        ],
        "12": [
            0
        ],
        "13": [
            8
        ]
    },
    "patient_schedule": {
        "0": 21,
        "1": 41,
        "2": 36,
        "3": 8,
        "5": 47,
        "8": 11,
        "9": 36,
        "10": 18,
        "13": 47,
        "14": 0,
        "15": 4,
        "18": 4,
        "20": 11,
        "23": 21,
        "26": 28,
        "28": 28,
        "29": 30,
        "31": 41,
        "33": 8,
        "35": 21,
        "36": 47,
        "37": 36,
        "38": 49,
        "39": 0,
        "40": 49,
        "41": 11,
        "43": 21
    },
    "instance": null,
    "parameters": null,
    "parameters_data": null,
    "patients": null,
    "capacity": null,
    "num_days": null,
    "num_ORs": null,
    "num_surgeons": null,
    "gap": 1.2798507462686566
}