{
    "proved_optimal": false,
    "obj": 40,
    "relax_obj": 20.615384615384617,
    "num_LCs": 25,
    "num_callbacks": 29,
    "num_CG_iterations": null,
    "num_columns": null,
    "num_nodes": null,
    "overall_time": 1200.0136346817017,
    "callback_time": 1.641235589981079,
    "subproblem_time": null,
    "mp_time": null,
    "inh_time": null,
    "ilp_time": null,
    "surgeon_schedule": {
        "0": [
            6
        ],
        "1": [
            14,
            31
        ],
        "2": [
            0,
            10
        ],
        "3": [
            18
        ],
        "5": [
            21,
            48
        ],
        "6": [
            38
        ],
        "7": [
            28
        ],
        "8": [
            41
        ]
    },
    "patient_schedule": {
        "0": 38,
        "1": 48,
        "2": 31,
        "3": 38,
        "4": 6,
        "5": 41,
        "9": 18,
        "11": 6,
        "12": 6,
        "13": 14,
        "15": 0,
        "17": 48,
        "18": 41,
        "20": 41,
        "24": 14,
        "25": 28,
        "26": 21,
        "27": 0,
        "28": 18,
        "31": 31,
        "33": 41,
        "35": 21,
        "37": 10,
        "38": 48,
        "39": 41,
        "40": 6,
        "41": 28,
        "43": 31
    },
    "instance": null,
    "parameters": null,
    "parameters_data": null,
    "patients": null,
    "capacity": null,
    "num_days": null,
    "num_ORs": null,
    "num_surgeons": null,
    "gap": 0.9402985074626864
}