{
    "proved_optimal": true,
    "obj": 47,
    "relax_obj": 47.0,
    "num_LCs": 17,
    "num_callbacks": 737,
    "num_CG_iterations": 18,
    "num_columns": 213,
    "num_nodes": 1,
    "overall_time": 12.039422988891602,
    "callback_time": 0.8361093997955322,
    "subproblem_time": 8.189844131469727,
    "mp_time": 3.840543031692505,
    "inh_time": null,
    "ilp_time": 0.0,
    "surgeon_schedule": {
        "0": [
            38
        ],
        "1": [
            41
        ],
        "2": [
            1
        ],
        "3": [
            18,
            24
        ],
        "4": [
            48
        ],
        "5": [
            28
        ],
        "6": [
            7
        ],
        "8": [
            20
        ],
        "9": [
            14
        ],
        "11": [
            10
        ],
        "12": [
            9
        ],
        "13": [
            31
        ]
    },
    "patient_schedule": {
        "0": 38,
        "23": 38,
        "35": 38,
        "43": 38,
        "10": 41,
        "8": 1,
        "20": 1,
        "41": 1,
        "2": 18,
        "9": 18,
        "37": 24,
        "1": 48,
        "31": 48,
        "26": 28,
        "28": 28,
        "29": 7,
        "15": 20,
        "18": 20,
        "5": 14,
        "13": 14,
        "36": 14,
        "38": 10,
        "40": 10,
        "14": 9,
        "39": 9,
        "3": 31,
        "33": 31
    },
    "instance": null,
    "parameters": null,
    "parameters_data": null,
    "patients": null,
    "capacity": null,
    "num_days": null,
    "num_ORs": null,
    "num_surgeons": null,
    "initial_heuristics_time": 0.264920711517334,
    "gap": 0.0
}