{
    "proved_optimal": false,
    "obj": 42,
    "relax_obj": 40.25,
    "num_LCs": 97,
    "num_callbacks": 51184,
    "num_CG_iterations": 1445,
    "num_columns": 2229,
    "num_nodes": 483,
    "overall_time": 1200.1410429477692,
    "callback_time": 58.72307014465332,
    "subproblem_time": 384.3922860622406,
    "mp_time": 813.9343230724335,
    "inh_time": null,
    "ilp_time": 0.0,
    "surgeon_schedule": {
        "0": [
            1,
            29,
            38
        ],
        "1": [
            49
        ],
        "2": [
            8
        ],
        "3": [
            21
        ],
        "4": [
            31,
            42
        ],
        "5": [
            13
        ],
        "11": [
            27
        ]
    },
    "patient_schedule": {
        "8": 1,
        "11": 1,
        "40": 29,
        "43": 29,
        "3": 38,
        "24": 38,
        "20": 49,
        "39": 49,
        "1": 8,
        "15": 8,
        "33": 8,
        "38": 8,
        "0": 21,
        "5": 21,
        "14": 21,
        "28": 21,
        "2": 31,
        "6": 31,
        "9": 42,
        "21": 42,
        "17": 13,
        "18": 13,
        "32": 13,
        "36": 13,
        "13": 27,
        "37": 27
    },
    "instance": null,
    "parameters": null,
    "parameters_data": null,
    "patients": null,
    "capacity": null,
    "num_days": null,
    "num_ORs": null,
    "num_surgeons": null,
    "initial_heuristics_time": 0.0,
    "gap": 0.043478260869565216
}