{
    "proved_optimal": false,
    "obj": 42,
    "relax_obj": 40.25,
    "num_LCs": 93,
    "num_callbacks": 48380,
    "num_CG_iterations": 1483,
    "num_columns": 2385,
    "num_nodes": 464,
    "overall_time": 1200.1110467910767,
    "callback_time": 46.57966923713684,
    "subproblem_time": 390.299813747406,
    "mp_time": 808.1303024291992,
    "inh_time": null,
    "ilp_time": 0.0,
    "surgeon_schedule": {
        "0": [
            11,
            21,
            30
        ],
        "1": [
            39
        ],
        "2": [
            8
        ],
        "3": [
            18
        ],
        "4": [
            1,
            46
        ],
        "5": [
            35
        ],
        "8": [
            28
        ],
        "11": [
            40
        ]
    },
    "patient_schedule": {
        "3": 11,
        "40": 11,
        "8": 21,
        "11": 21,
        "24": 30,
        "43": 30,
        "20": 39,
        "39": 39,
        "1": 8,
        "15": 8,
        "33": 8,
        "38": 8,
        "0": 18,
        "5": 18,
        "14": 18,
        "28": 18,
        "2": 1,
        "6": 1,
        "9": 46,
        "21": 46,
        "17": 35,
        "18": 35,
        "36": 35,
        "26": 28,
        "35": 28,
        "13": 40,
        "37": 40
    },
    "instance": null,
    "parameters": null,
    "parameters_data": null,
    "patients": null,
    "capacity": null,
    "num_days": null,
    "num_ORs": null,
    "num_surgeons": null,
    "initial_heuristics_time": 0.23534011840820312,
    "gap": 0.043478260869565216
}