{
    "proved_optimal": true,
    "obj": 47,
    "relax_obj": 47.0,
    "num_LCs": 20,
    "num_callbacks": 706,
    "num_CG_iterations": 17,
    "num_columns": 191,
    "num_nodes": 1,
    "overall_time": 11.110000133514404,
    "callback_time": 0.9984252452850342,
    "subproblem_time": 7.319118499755859,
    "mp_time": 3.7828731536865234,
    "inh_time": null,
    "ilp_time": 0.0,
    "surgeon_schedule": {
        "0": [
            31
        ],
        "1": [
            5
        ],
        "2": [
            15
        ],
        "3": [
            21,
            39
        ],
        "4": [
            48
        ],
        "5": [
            28
        ],
        "6": [
            37
        ],
        "8": [
            19
        ],
        "9": [
            9
        ],
        "11": [
            10
        ],
        "12": [
            0
        ],
        "13": [
            41
        ]
    },
    "patient_schedule": {
        "0": 31,
        "23": 31,
        "35": 31,
        "43": 31,
        "10": 5,
        "8": 15,
        "20": 15,
        "41": 15,
        "2": 21,
        "9": 21,
        "37": 39,
        "1": 48,
        "31": 48,
        "26": 28,
        "28": 28,
        "29": 37,
        "15": 19,
        "18": 19,
        "5": 9,
        "13": 9,
        "36": 9,
        "38": 10,
        "40": 10,
        "14": 0,
        "39": 0,
        "3": 41,
        "33": 41
    },
    "instance": null,
    "parameters": null,
    "parameters_data": null,
    "patients": null,
    "capacity": null,
    "num_days": null,
    "num_ORs": null,
    "num_surgeons": null,
    "initial_heuristics_time": 0.26435303688049316,
    "gap": 0.0
}