{
    "proved_optimal": true,
    "obj": 40,
    "relax_obj": 40.0,
    "num_LCs": 33,
    "num_callbacks": 615,
    "num_CG_iterations": 22,
    "num_columns": 192,
    "num_nodes": 3,
    "overall_time": 20.203652381896973,
    "callback_time": 0.9190716743469238,
    "subproblem_time": 15.109462261199951,
    "mp_time": 5.080094337463379,
    "inh_time": null,
    "ilp_time": 0.0,
    "surgeon_schedule": {
        "0": [
            36
        ],
        "1": [
            18,
            20
        ],
        "2": [
            0,
            30
        ],
        "3": [
            5
        ],
        "5": [
            26,
            49
        ],
        "6": [
            11
        ],
        "7": [
            18
        ],
        "8": [
            9,
            47
        ]
    },
    "patient_schedule": {
        "4": 36,
        "11": 36,
        "12": 36,
        "40": 36,
        "2": 18,
        "13": 18,
        "31": 18,
        "34": 20,
        "43": 20,
        "15": 0,
        "27": 0,
        "37": 30,
        "9": 5,
        "28": 5,
        "17": 26,
        "26": 26,
        "1": 49,
        "35": 49,
        "38": 49,
        "0": 11,
        "3": 11,
        "25": 18,
        "41": 18,
        "5": 9,
        "18": 9,
        "39": 9,
        "20": 47,
        "33": 47
    },
    "instance": null,
    "parameters": null,
    "parameters_data": null,
    "patients": null,
    "capacity": null,
    "num_days": null,
    "num_ORs": null,
    "num_surgeons": null,
    "initial_heuristics_time": 0.22666430473327637,
    "gap": 0.0
}