{
    "proved_optimal": true,
    "obj": 71,
    "relax_obj": 71.0,
    "num_LCs": 55,
    "num_callbacks": 915,
    "num_CG_iterations": 22,
    "num_columns": 189,
    "num_nodes": 9,
    "overall_time": 23.80815029144287,
    "callback_time": 2.1018176078796387,
    "subproblem_time": 18.00533127784729,
    "mp_time": 5.776781797409058,
    "inh_time": null,
    "ilp_time": 0.0,
    "surgeon_schedule": {
        "1": [
            4
        ],
        "2": [
            35
        ],
        "3": [
            48
        ],
        "5": [
            8,
            10,
            22,
            39
        ],
        "6": [
            34
        ],
        "7": [
            44
        ],
        "8": [
            28
        ],
        "9": [
            0,
            30,
            40
        ],
        "10": [
            10,
            49
        ]
    },
    "patient_schedule": {
        "34": 4,
        "50": 4,
        "56": 4,
        "12": 35,
        "55": 35,
        "1": 48,
        "26": 48,
        "47": 48,
        "32": 8,
        "10": 10,
        "52": 22,
        "54": 22,
        "28": 39,
        "45": 39,
        "41": 34,
        "33": 44,
        "49": 44,
        "2": 28,
        "39": 28,
        "42": 28,
        "13": 0,
        "48": 0,
        "5": 30,
        "43": 30,
        "40": 40,
        "51": 10,
        "22": 49,
        "29": 49
    },
    "instance": null,
    "parameters": null,
    "parameters_data": null,
    "patients": null,
    "capacity": null,
    "num_days": null,
    "num_ORs": null,
    "num_surgeons": null,
    "initial_heuristics_time": 0.26098012924194336,
    "gap": 0.0
}