{
    "proved_optimal": false,
    "obj": 41,
    "relax_obj": 20.615384615384617,
    "num_LCs": 21,
    "num_callbacks": 18,
    "num_CG_iterations": null,
    "num_columns": null,
    "num_nodes": null,
    "overall_time": 1200.0233137607574,
    "callback_time": 0.9737780094146729,
    "subproblem_time": null,
    "mp_time": null,
    "inh_time": null,
    "ilp_time": null,
    "surgeon_schedule": {
        "0": [
            6
        ],
        "1": [
            19,
            38
        ],
        "2": [
            29
        ],
        "3": [
            11
        ],
        "5": [
            0,
            22
        ],
        "6": [
            48
        ],
        "7": [
            31
        ],
        "8": [
            17,
            40
        ],
        "9": [
            44
        ]
    },
    "patient_schedule": {
        "0": 48,
        "1": 0,
        "2": 38,
        "3": 48,
        "4": 6,
        "5": 40,
        "8": 44,
        "9": 11,
        "11": 6,
        "12": 6,
        "13": 19,
        "15": 29,
        "17": 22,
        "18": 40,
        "20": 17,
        "24": 19,
        "25": 31,
        "26": 22,
        "27": 29,
        "28": 11,
        "31": 38,
        "33": 17,
        "35": 0,
        "36": 44,
        "38": 0,
        "39": 40,
        "40": 6,
        "41": 31,
        "43": 38
    },
    "instance": null,
    "parameters": null,
    "parameters_data": null,
    "patients": null,
    "capacity": null,
    "num_days": null,
    "num_ORs": null,
    "num_surgeons": null,
    "gap": 0.9888059701492536
}