{
    "proved_optimal": false,
    "obj": 48,
    "relax_obj": 20.615384615384617,
    "num_LCs": 12,
    "num_callbacks": 18,
    "num_CG_iterations": null,
    "num_columns": null,
    "num_nodes": null,
    "overall_time": 1200.0249853134155,
    "callback_time": 0.8895609378814697,
    "subproblem_time": null,
    "mp_time": null,
    "inh_time": null,
    "ilp_time": null,
    "surgeon_schedule": {
        "0": [
            38
        ],
        "1": [
            16
        ],
        "2": [
            41
        ],
        "3": [
            8,
            34
        ],
        "5": [
            21
        ],
        "6": [
            27
        ],
        "8": [
            1
        ],
        "9": [
            30
        ],
        "11": [
            29
        ],
        "12": [
            10
        ],
        "13": [
            48
        ]
    },
    "patient_schedule": {
        "0": 38,
        "2": 8,
        "3": 48,
        "5": 30,
        "8": 41,
        "9": 8,
        "10": 16,
        "13": 30,
        "14": 10,
        "15": 1,
        "18": 1,
        "20": 41,
        "23": 38,
        "24": 16,
        "26": 21,
        "28": 21,
        "29": 27,
        "33": 48,
        "34": 1,
        "35": 38,
        "36": 30,
        "37": 34,
        "38": 29,
        "39": 10,
        "40": 29,
        "41": 41,
        "43": 38
    },
    "instance": null,
    "parameters": null,
    "parameters_data": null,
    "patients": null,
    "capacity": null,
    "num_days": null,
    "num_ORs": null,
    "num_surgeons": null,
    "gap": 1.3283582089552237
}