{
    "proved_optimal": false,
    "obj": 193,
    "relax_obj": 105.85714285714286,
    "num_LCs": 419,
    "num_callbacks": 85,
    "num_CG_iterations": null,
    "num_columns": null,
    "num_nodes": null,
    "overall_time": 1200.0188059806824,
    "callback_time": 14.770943403244019,
    "subproblem_time": null,
    "mp_time": null,
    "inh_time": null,
    "ilp_time": null,
    "surgeon_schedule": {
        "0": [
            0,
            16
        ],
        "1": [
            5,
            44
        ],
        "2": [
            36,
            49
        ],
        "3": [
            28,
            35,
            48
        ],
        "4": [
            18,
            39
        ],
        "5": [
            0,
            14,
            30
        ],
        "6": [
            18,
            26
        ],
        "7": [
            29,
            42
        ],
        "8": [
            30,
            40
        ],
        "9": [
            5,
            11,
            35,
            48
        ],
        "10": [
            9,
            13
        ],
        "11": [
            30,
            49
        ],
        "12": [
            6,
            20
        ],
        "13": [
            2,
            20,
            38,
            45
        ],
        "14": [
            0,
            27,
            30,
            40
        ],
        "15": [
            9,
            10,
            29
        ],
        "16": [
            41
        ],
        "17": [
            9,
            21,
            39
        ],
        "18": [
            10,
            25
        ],
        "19": [
            21,
            34
        ]
    },
    "patient_schedule": {
        "1": 39,
        "2": 18,
        "3": 21,
        "5": 28,
        "6": 30,
        "7": 6,
        "8": 11,
        "9": 9,
        "10": 30,
        "11": 38,
        "12": 48,
        "13": 13,
        "14": 0,
        "15": 41,
        "18": 13,
        "19": 10,
        "21": 0,
        "23": 44,
        "24": 27,
        "25": 48,
        "29": 2,
        "32": 26,
        "33": 18,
        "35": 30,
        "36": 26,
        "37": 10,
        "39": 36,
        "40": 45,
        "41": 40,
        "47": 48,
        "50": 26,
        "51": 9,
        "52": 10,
        "53": 13,
        "55": 18,
        "56": 38,
        "57": 49,
        "60": 39,
        "62": 41,
        "63": 2,
        "64": 39,
        "65": 26,
        "66": 29,
        "67": 41,
        "68": 20,
        "69": 28,
        "70": 10,
        "71": 27,
        "74": 2,
        "76": 5,
        "77": 13,
        "78": 2,
        "79": 5,
        "81": 11,
        "82": 16,
        "83": 30,
        "87": 35,
        "88": 42,
        "92": 13,
        "93": 18,
        "94": 48,
        "95": 6,
        "97": 14,
        "99": 10,
        "100": 49,
        "101": 21,
        "102": 25,
        "103": 40,
        "104": 0,
        "107": 2,
        "108": 48,
        "110": 14,
        "111": 5,
        "112": 25,
        "113": 0,
        "114": 21,
        "118": 49,
        "119": 9,
        "121": 2,
        "123": 26,
        "124": 29,
        "126": 36,
        "127": 21,
        "128": 0,
        "129": 13,
        "130": 42,
        "131": 39,
        "132": 44,
        "133": 40,
        "135": 5,
        "136": 29,
        "137": 35,
        "138": 28,
        "139": 25,
        "140": 5,
        "142": 36,
        "144": 30,
        "146": 16,
        "147": 29,
        "148": 9,
        "149": 21,
        "153": 35,
        "155": 45,
        "156": 16,
        "158": 0,
        "163": 40,
        "166": 48,
        "167": 49,
        "169": 21,
        "171": 42,
        "172": 6,
        "174": 41,
        "177": 30,
        "179": 20,
        "180": 26,
        "181": 42,
        "182": 30,
        "183": 48,
        "184": 28,
        "185": 18,
        "186": 35,
        "187": 11,
        "189": 20,
        "190": 36,
        "191": 34,
        "193": 9,
        "194": 10,
        "195": 30
    },
    "instance": null,
    "parameters": null,
    "parameters_data": null,
    "patients": null,
    "capacity": null,
    "num_days": null,
    "num_ORs": null,
    "num_surgeons": null,
    "gap": 0.8232118758434547
}