{
    "proved_optimal": true,
    "obj": 53,
    "relax_obj": 52.75,
    "num_LCs": 167,
    "num_callbacks": 943,
    "num_CG_iterations": 21,
    "num_columns": 198,
    "num_nodes": 3,
    "overall_time": 25.180667400360107,
    "callback_time": 2.5905890464782715,
    "subproblem_time": 19.738523960113525,
    "mp_time": 5.425685405731201,
    "inh_time": null,
    "ilp_time": 0.0,
    "surgeon_schedule": {
        "0": [
            48
        ],
        "1": [
            19,
            37
        ],
        "2": [
            39,
            48
        ],
        "3": [
            7,
            22
        ],
        "6": [
            29
        ],
        "8": [
            9,
            17
        ],
        "9": [
            31
        ],
        "10": [
            1
        ],
        "11": [
            41
        ]
    },
    "patient_schedule": {
        "13": 48,
        "18": 48,
        "25": 48,
        "3": 19,
        "26": 19,
        "5": 37,
        "14": 39,
        "11": 48,
        "37": 48,
        "21": 7,
        "22": 22,
        "44": 22,
        "9": 29,
        "27": 29,
        "2": 9,
        "32": 17,
        "4": 31,
        "34": 31,
        "35": 31,
        "8": 1,
        "15": 1,
        "41": 1,
        "7": 41,
        "33": 41,
        "40": 41
    },
    "instance": null,
    "parameters": null,
    "parameters_data": null,
    "patients": null,
    "capacity": null,
    "num_days": null,
    "num_ORs": null,
    "num_surgeons": null,
    "initial_heuristics_time": 0.257035493850708,
    "gap": 0.004739336492890996
}