{
    "proved_optimal": false,
    "obj": 54,
    "relax_obj": 26.714285714285715,
    "num_LCs": 18,
    "num_callbacks": 20,
    "num_CG_iterations": null,
    "num_columns": null,
    "num_nodes": null,
    "overall_time": 1200.0127613544464,
    "callback_time": 0.9285569190979004,
    "subproblem_time": null,
    "mp_time": null,
    "inh_time": null,
    "ilp_time": null,
    "surgeon_schedule": {
        "0": [
            28
        ],
        "1": [
            14,
            49
        ],
        "2": [
            2
        ],
        "3": [
            30,
            42
        ],
        "6": [
            9
        ],
        "8": [
            10
        ],
        "9": [
            21
        ],
        "10": [
            35
        ],
        "11": [
            18,
            39
        ]
    },
    "patient_schedule": {
        "3": 14,
        "4": 21,
        "5": 49,
        "7": 18,
        "8": 35,
        "9": 9,
        "11": 2,
        "13": 28,
        "14": 2,
        "15": 35,
        "18": 28,
        "21": 30,
        "22": 42,
        "24": 18,
        "25": 28,
        "26": 14,
        "27": 9,
        "32": 10,
        "33": 39,
        "34": 21,
        "35": 21,
        "37": 2,
        "40": 18,
        "41": 35,
        "44": 42
    },
    "instance": null,
    "parameters": null,
    "parameters_data": null,
    "patients": null,
    "capacity": null,
    "num_days": null,
    "num_ORs": null,
    "num_surgeons": null,
    "gap": 1.0213903743315507
}