{
    "proved_optimal": true,
    "obj": 53,
    "relax_obj": 52.75,
    "num_LCs": 29,
    "num_callbacks": 785,
    "num_CG_iterations": 21,
    "num_columns": 184,
    "num_nodes": 5,
    "overall_time": 25.34323811531067,
    "callback_time": 1.378150224685669,
    "subproblem_time": 19.80772376060486,
    "mp_time": 5.51911473274231,
    "inh_time": null,
    "ilp_time": 0.0,
    "surgeon_schedule": {
        "0": [
            25
        ],
        "1": [
            4,
            14
        ],
        "2": [
            8,
            29
        ],
        "3": [
            10,
            42
        ],
        "6": [
            27
        ],
        "8": [
            0,
            49
        ],
        "9": [
            21
        ],
        "10": [
            25
        ],
        "11": [
            31
        ]
    },
    "patient_schedule": {
        "13": 25,
        "18": 25,
        "25": 25,
        "3": 4,
        "26": 4,
        "5": 14,
        "11": 8,
        "37": 8,
        "14": 29,
        "21": 10,
        "22": 42,
        "44": 42,
        "9": 27,
        "27": 27,
        "2": 0,
        "32": 49,
        "4": 21,
        "34": 21,
        "35": 21,
        "8": 25,
        "15": 25,
        "41": 25,
        "7": 31,
        "33": 31,
        "40": 31
    },
    "instance": null,
    "parameters": null,
    "parameters_data": null,
    "patients": null,
    "capacity": null,
    "num_days": null,
    "num_ORs": null,
    "num_surgeons": null,
    "initial_heuristics_time": 0.25579118728637695,
    "gap": 0.004739336492890996
}