{
    "proved_optimal": true,
    "obj": 53,
    "relax_obj": 52.75,
    "num_LCs": 24,
    "num_callbacks": 733,
    "num_CG_iterations": 22,
    "num_columns": 240,
    "num_nodes": 1,
    "overall_time": 18.55454921722412,
    "callback_time": 1.4336493015289307,
    "subproblem_time": 13.346368312835693,
    "mp_time": 5.19775128364563,
    "inh_time": null,
    "ilp_time": 0.0,
    "surgeon_schedule": {
        "0": [
            25
        ],
        "1": [
            9,
            20
        ],
        "2": [
            18,
            29
        ],
        "3": [
            4,
            42
        ],
        "6": [
            7
        ],
        "8": [
            0,
            49
        ],
        "9": [
            11
        ],
        "10": [
            38
        ],
        "11": [
            31
        ]
    },
    "patient_schedule": {
        "13": 25,
        "18": 25,
        "25": 25,
        "3": 9,
        "26": 9,
        "5": 20,
        "11": 18,
        "37": 18,
        "14": 29,
        "21": 4,
        "22": 42,
        "44": 42,
        "9": 7,
        "27": 7,
        "2": 0,
        "32": 49,
        "4": 11,
        "34": 11,
        "35": 11,
        "8": 38,
        "15": 38,
        "41": 38,
        "7": 31,
        "33": 31,
        "40": 31
    },
    "instance": null,
    "parameters": null,
    "parameters_data": null,
    "patients": null,
    "capacity": null,
    "num_days": null,
    "num_ORs": null,
    "num_surgeons": null,
    "initial_heuristics_time": 0.0,
    "gap": 0.004739336492890996
}