{
    "proved_optimal": true,
    "obj": 53,
    "relax_obj": 52.75,
    "num_LCs": 32,
    "num_callbacks": 2130,
    "num_CG_iterations": 256,
    "num_columns": 254,
    "num_nodes": 3,
    "overall_time": 145.2966513633728,
    "callback_time": 3.083716869354248,
    "subproblem_time": 84.37574934959412,
    "mp_time": 60.81338286399841,
    "inh_time": null,
    "ilp_time": 0.0,
    "surgeon_schedule": {
        "0": [
            41
        ],
        "1": [
            9,
            24
        ],
        "2": [
            5,
            14
        ],
        "3": [
            24,
            36
        ],
        "6": [
            0
        ],
        "8": [
            20,
            30
        ],
        "9": [
            48
        ],
        "10": [
            18
        ],
        "11": [
            28
        ]
    },
    "patient_schedule": {
        "13": 41,
        "18": 41,
        "25": 41,
        "3": 9,
        "26": 9,
        "5": 24,
        "11": 5,
        "37": 5,
        "14": 14,
        "21": 24,
        "22": 36,
        "44": 36,
        "9": 0,
        "27": 0,
        "2": 20,
        "32": 30,
        "4": 48,
        "34": 48,
        "35": 48,
        "8": 18,
        "15": 18,
        "41": 18,
        "7": 28,
        "33": 28,
        "40": 28
    },
    "instance": null,
    "parameters": null,
    "parameters_data": null,
    "patients": null,
    "capacity": null,
    "num_days": null,
    "num_ORs": null,
    "num_surgeons": null,
    "initial_heuristics_time": 0.25530242919921875,
    "gap": 0.004739336492890996
}