{
    "proved_optimal": true,
    "obj": 20,
    "relax_obj": 19.5,
    "num_LCs": 19,
    "num_callbacks": 409,
    "num_CG_iterations": 16,
    "num_columns": 132,
    "num_nodes": 1,
    "overall_time": 5.263831377029419,
    "callback_time": 0.7990312576293945,
    "subproblem_time": 3.305001735687256,
    "mp_time": 1.953770399093628,
    "inh_time": null,
    "ilp_time": 0.0,
    "surgeon_schedule": {
        "0": [
            39
        ],
        "1": [
            17,
            37
        ],
        "2": [
            24,
            34
        ],
        "3": [
            19,
            20,
            30
        ],
        "5": [
            40
        ],
        "6": [
            1
        ],
        "7": [
            28
        ],
        "8": [
            8,
            11,
            46
        ]
    },
    "patient_schedule": {
        "17": 39,
        "29": 39,
        "11": 17,
        "18": 17,
        "5": 37,
        "16": 24,
        "21": 34,
        "23": 34,
        "0": 19,
        "28": 19,
        "8": 20,
        "2": 30,
        "7": 30,
        "10": 40,
        "15": 1,
        "19": 1,
        "20": 1,
        "30": 1,
        "3": 28,
        "9": 28,
        "24": 28,
        "12": 8,
        "25": 8,
        "4": 11,
        "1": 46,
        "6": 46,
        "13": 46,
        "26": 46
    },
    "instance": null,
    "parameters": null,
    "parameters_data": null,
    "patients": null,
    "capacity": null,
    "num_days": null,
    "num_ORs": null,
    "num_surgeons": null,
    "initial_heuristics_time": 0.0,
    "gap": 0.02564102564102564
}