{
    "proved_optimal": true,
    "obj": 83,
    "relax_obj": 83.0,
    "num_LCs": 91,
    "num_callbacks": 1271,
    "num_CG_iterations": 18,
    "num_columns": 274,
    "num_nodes": 5,
    "overall_time": 37.09638452529907,
    "callback_time": 3.0452921390533447,
    "subproblem_time": 30.055439233779907,
    "mp_time": 7.004124879837036,
    "inh_time": null,
    "ilp_time": 0.0,
    "surgeon_schedule": {
        "0": [
            0,
            30
        ],
        "1": [
            4,
            34,
            46
        ],
        "3": [
            15
        ],
        "4": [
            37,
            49
        ],
        "6": [
            21,
            39,
            49
        ],
        "7": [
            0,
            10,
            29,
            39
        ],
        "9": [
            19,
            40
        ],
        "10": [
            8,
            31
        ],
        "11": [
            4
        ],
        "12": [
            16,
            42
        ],
        "13": [
            27
        ],
        "14": [
            21
        ],
        "15": [
            37
        ],
        "16": [
            21
        ],
        "17": [
            10,
            29
        ]
    },
    "patient_schedule": {
        "39": 0,
        "83": 0,
        "37": 30,
        "33": 4,
        "31": 34,
        "0": 46,
        "45": 46,
        "75": 46,
        "34": 15,
        "46": 15,
        "68": 15,
        "76": 15,
        "63": 37,
        "40": 49,
        "72": 49,
        "21": 21,
        "58": 21,
        "49": 39,
        "67": 39,
        "24": 49,
        "65": 49,
        "41": 0,
        "9": 10,
        "5": 29,
        "20": 39,
        "22": 19,
        "66": 19,
        "54": 40,
        "73": 40,
        "78": 40,
        "8": 8,
        "43": 8,
        "28": 31,
        "32": 31,
        "51": 4,
        "82": 4,
        "3": 16,
        "80": 16,
        "13": 42,
        "35": 42,
        "48": 27,
        "38": 21,
        "60": 21,
        "2": 37,
        "87": 37,
        "10": 21,
        "11": 21,
        "47": 21,
        "42": 10,
        "52": 10,
        "64": 10,
        "70": 29,
        "84": 29
    },
    "instance": null,
    "parameters": null,
    "parameters_data": null,
    "patients": null,
    "capacity": null,
    "num_days": null,
    "num_ORs": null,
    "num_surgeons": null,
    "initial_heuristics_time": 0.4572601318359375,
    "gap": 0.0
}