{
    "proved_optimal": true,
    "obj": 83,
    "relax_obj": 83.0,
    "num_LCs": 91,
    "num_callbacks": 1002,
    "num_CG_iterations": 15,
    "num_columns": 239,
    "num_nodes": 3,
    "overall_time": 40.97746300697327,
    "callback_time": 1.9181432723999023,
    "subproblem_time": 36.02387356758118,
    "mp_time": 4.929122447967529,
    "inh_time": null,
    "ilp_time": 0.0,
    "surgeon_schedule": {
        "0": [
            0,
            49
        ],
        "1": [
            6,
            10,
            20
        ],
        "3": [
            35
        ],
        "4": [
            19,
            39
        ],
        "6": [
            15,
            30,
            40
        ],
        "7": [
            0,
            17,
            30,
            40
        ],
        "9": [
            9,
            29
        ],
        "10": [
            35,
            48
        ],
        "11": [
            44
        ],
        "12": [
            22,
            46
        ],
        "13": [
            29
        ],
        "14": [
            11
        ],
        "15": [
            27
        ],
        "16": [
            1
        ],
        "17": [
            19,
            39
        ]
    },
    "patient_schedule": {
        "39": 0,
        "83": 0,
        "37": 49,
        "0": 6,
        "45": 6,
        "75": 6,
        "33": 10,
        "31": 20,
        "34": 35,
        "46": 35,
        "68": 35,
        "76": 35,
        "63": 19,
        "40": 39,
        "72": 39,
        "58": 15,
        "65": 15,
        "67": 15,
        "24": 30,
        "21": 40,
        "49": 40,
        "9": 0,
        "5": 17,
        "20": 30,
        "41": 40,
        "54": 9,
        "73": 9,
        "78": 9,
        "22": 29,
        "66": 29,
        "28": 35,
        "32": 35,
        "8": 48,
        "43": 48,
        "51": 44,
        "82": 44,
        "13": 22,
        "35": 22,
        "3": 46,
        "80": 46,
        "48": 29,
        "38": 11,
        "60": 11,
        "2": 27,
        "87": 27,
        "10": 1,
        "11": 1,
        "47": 1,
        "70": 19,
        "84": 19,
        "42": 39,
        "52": 39,
        "64": 39
    },
    "instance": null,
    "parameters": null,
    "parameters_data": null,
    "patients": null,
    "capacity": null,
    "num_days": null,
    "num_ORs": null,
    "num_surgeons": null,
    "initial_heuristics_time": 0.44581007957458496,
    "gap": 0.0
}