{
    "proved_optimal": false,
    "obj": 35,
    "relax_obj": 12.2,
    "num_LCs": 21,
    "num_callbacks": 17,
    "num_CG_iterations": null,
    "num_columns": null,
    "num_nodes": null,
    "overall_time": 1200.0217621326447,
    "callback_time": 1.0301096439361572,
    "subproblem_time": null,
    "mp_time": null,
    "inh_time": null,
    "ilp_time": null,
    "surgeon_schedule": {
        "0": [
            15,
            37
        ],
        "1": [
            44
        ],
        "3": [
            34
        ],
        "4": [
            10
        ],
        "6": [
            20,
            30,
            40
        ],
        "7": [
            0
        ],
        "8": [
            5,
            39
        ],
        "9": [
            19
        ],
        "10": [
            9,
            26,
            48
        ]
    },
    "patient_schedule": {
        "0": 5,
        "2": 44,
        "4": 48,
        "5": 26,
        "7": 37,
        "8": 39,
        "9": 19,
        "10": 15,
        "11": 26,
        "12": 20,
        "13": 44,
        "14": 10,
        "15": 0,
        "18": 19,
        "20": 26,
        "21": 40,
        "23": 9,
        "26": 48,
        "27": 20,
        "28": 39,
        "29": 0,
        "31": 15,
        "32": 37,
        "33": 30,
        "35": 39,
        "37": 5,
        "39": 39,
        "40": 26,
        "41": 40,
        "42": 34,
        "43": 37,
        "44": 10
    },
    "instance": null,
    "parameters": null,
    "parameters_data": null,
    "patients": null,
    "capacity": null,
    "num_days": null,
    "num_ORs": null,
    "num_surgeons": null,
    "gap": 1.8688524590163935
}