{
    "proved_optimal": false,
    "obj": 87,
    "relax_obj": 47.714285714285715,
    "num_LCs": 86,
    "num_callbacks": 47,
    "num_CG_iterations": null,
    "num_columns": null,
    "num_nodes": null,
    "overall_time": 1200.0233631134033,
    "callback_time": 5.991189002990723,
    "subproblem_time": null,
    "mp_time": null,
    "inh_time": null,
    "ilp_time": null,
    "surgeon_schedule": {
        "0": [
            10,
            37
        ],
        "1": [
            8,
            36
        ],
        "2": [
            23
        ],
        "3": [
            30
        ],
        "4": [
            41
        ],
        "6": [
            34,
            42
        ],
        "7": [
            16,
            39
        ],
        "9": [
            1
        ],
        "10": [
            13
        ],
        "11": [
            30
        ],
        "12": [
            21
        ],
        "15": [
            29
        ],
        "16": [
            48
        ],
        "17": [
            27,
            49
        ],
        "18": [
            3
        ]
    },
    "patient_schedule": {
        "0": 36,
        "1": 3,
        "2": 29,
        "4": 23,
        "5": 16,
        "8": 13,
        "9": 39,
        "10": 48,
        "11": 48,
        "15": 3,
        "16": 23,
        "20": 16,
        "21": 42,
        "22": 1,
        "24": 42,
        "28": 13,
        "31": 8,
        "32": 13,
        "33": 8,
        "35": 21,
        "37": 37,
        "39": 10,
        "40": 41,
        "41": 16,
        "42": 27,
        "43": 13,
        "45": 36,
        "46": 30,
        "47": 48,
        "49": 34,
        "51": 30,
        "52": 27,
        "54": 1,
        "58": 42,
        "62": 23,
        "63": 41,
        "64": 49,
        "65": 42,
        "66": 1,
        "67": 34,
        "68": 30,
        "70": 49,
        "72": 41,
        "73": 1,
        "75": 36,
        "76": 30,
        "78": 1,
        "80": 21,
        "82": 30,
        "83": 10,
        "84": 27,
        "85": 3,
        "87": 29
    },
    "instance": null,
    "parameters": null,
    "parameters_data": null,
    "patients": null,
    "capacity": null,
    "num_days": null,
    "num_ORs": null,
    "num_surgeons": null,
    "gap": 0.8233532934131736
}