{
    "proved_optimal": true,
    "obj": 35,
    "relax_obj": 35.0,
    "num_LCs": 11,
    "num_callbacks": 776,
    "num_CG_iterations": 21,
    "num_columns": 173,
    "num_nodes": 7,
    "overall_time": 19.804296493530273,
    "callback_time": 1.4082190990447998,
    "subproblem_time": 14.623834133148193,
    "mp_time": 5.154930114746094,
    "inh_time": null,
    "ilp_time": 0.0,
    "surgeon_schedule": {
        "0": [
            4
        ],
        "1": [
            14
        ],
        "3": [
            9,
            14,
            27
        ],
        "4": [
            9
        ],
        "6": [
            17,
            39,
            40
        ],
        "7": [
            37
        ],
        "8": [
            0,
            28
        ],
        "9": [
            10
        ],
        "10": [
            19,
            21,
            31,
            47
        ]
    },
    "patient_schedule": {
        "7": 4,
        "31": 4,
        "2": 14,
        "13": 14,
        "42": 14,
        "14": 9,
        "44": 9,
        "21": 17,
        "41": 17,
        "12": 39,
        "27": 39,
        "33": 40,
        "15": 37,
        "29": 37,
        "8": 0,
        "37": 0,
        "0": 28,
        "28": 28,
        "35": 28,
        "39": 28,
        "9": 10,
        "18": 10,
        "11": 19,
        "40": 19,
        "5": 21,
        "20": 21,
        "4": 31,
        "26": 31,
        "23": 47
    },
    "instance": null,
    "parameters": null,
    "parameters_data": null,
    "patients": null,
    "capacity": null,
    "num_days": null,
    "num_ORs": null,
    "num_surgeons": null,
    "initial_heuristics_time": 0.23789501190185547,
    "gap": 0.0
}