{
    "proved_optimal": true,
    "obj": 35,
    "relax_obj": 35.0,
    "num_LCs": 14,
    "num_callbacks": 636,
    "num_CG_iterations": 19,
    "num_columns": 175,
    "num_nodes": 5,
    "overall_time": 17.280881881713867,
    "callback_time": 0.8721935749053955,
    "subproblem_time": 13.02424669265747,
    "mp_time": 4.237466812133789,
    "inh_time": null,
    "ilp_time": 0.0,
    "surgeon_schedule": {
        "0": [
            14,
            41
        ],
        "1": [
            9
        ],
        "3": [
            30
        ],
        "4": [
            0
        ],
        "6": [
            7,
            17,
            24
        ],
        "7": [
            10
        ],
        "8": [
            0,
            28
        ],
        "9": [
            20
        ],
        "10": [
            4,
            19,
            43
        ]
    },
    "patient_schedule": {
        "7": 14,
        "32": 14,
        "43": 14,
        "10": 41,
        "31": 41,
        "2": 9,
        "13": 9,
        "42": 30,
        "14": 0,
        "44": 0,
        "27": 7,
        "41": 7,
        "12": 17,
        "21": 17,
        "33": 24,
        "15": 10,
        "29": 10,
        "8": 0,
        "37": 0,
        "0": 28,
        "28": 28,
        "35": 28,
        "39": 28,
        "9": 20,
        "18": 20,
        "40": 4,
        "23": 19,
        "4": 43,
        "5": 43,
        "11": 43,
        "20": 43,
        "26": 43
    },
    "instance": null,
    "parameters": null,
    "parameters_data": null,
    "patients": null,
    "capacity": null,
    "num_days": null,
    "num_ORs": null,
    "num_surgeons": null,
    "initial_heuristics_time": 0.23883843421936035,
    "gap": 0.0
}