{
    "proved_optimal": false,
    "obj": 68,
    "relax_obj": 52.333333333333336,
    "num_LCs": 38,
    "num_callbacks": 35,
    "num_CG_iterations": null,
    "num_columns": null,
    "num_nodes": null,
    "overall_time": 1200.0370388031006,
    "callback_time": 2.9366681575775146,
    "subproblem_time": null,
    "mp_time": null,
    "inh_time": null,
    "ilp_time": null,
    "surgeon_schedule": {
        "1": [
            46
        ],
        "2": [
            19
        ],
        "3": [
            0,
            30
        ],
        "4": [
            4,
            40
        ],
        "6": [
            17,
            34
        ],
        "7": [
            14,
            21
        ],
        "8": [
            10
        ],
        "9": [
            8
        ],
        "10": [
            28,
            38
        ]
    },
    "patient_schedule": {
        "0": 17,
        "1": 40,
        "2": 28,
        "3": 21,
        "5": 21,
        "7": 14,
        "10": 40,
        "11": 46,
        "12": 38,
        "14": 19,
        "17": 14,
        "18": 46,
        "20": 0,
        "21": 30,
        "22": 46,
        "24": 28,
        "26": 8,
        "30": 38,
        "31": 10,
        "32": 14,
        "34": 46,
        "36": 28,
        "38": 4,
        "40": 46,
        "41": 10,
        "45": 34,
        "47": 17,
        "48": 21,
        "49": 28,
        "51": 46,
        "52": 19,
        "53": 0,
        "56": 4,
        "58": 30,
        "62": 8,
        "64": 8,
        "65": 38
    },
    "instance": null,
    "parameters": null,
    "parameters_data": null,
    "patients": null,
    "capacity": null,
    "num_days": null,
    "num_ORs": null,
    "num_surgeons": null,
    "gap": 0.2993630573248407
}