{
    "proved_optimal": false,
    "obj": 67,
    "relax_obj": 52.333333333333336,
    "num_LCs": 43,
    "num_callbacks": 36,
    "num_CG_iterations": null,
    "num_columns": null,
    "num_nodes": null,
    "overall_time": 1200.0156497955322,
    "callback_time": 3.5236728191375732,
    "subproblem_time": null,
    "mp_time": null,
    "inh_time": null,
    "ilp_time": null,
    "surgeon_schedule": {
        "1": [
            5,
            18
        ],
        "2": [
            44
        ],
        "3": [
            30,
            40
        ],
        "4": [
            47
        ],
        "6": [
            20,
            49
        ],
        "7": [
            36
        ],
        "8": [
            9
        ],
        "9": [
            11
        ],
        "10": [
            0,
            26
        ]
    },
    "patient_schedule": {
        "0": 49,
        "1": 47,
        "2": 26,
        "3": 36,
        "4": 18,
        "5": 36,
        "7": 36,
        "11": 5,
        "12": 0,
        "13": 47,
        "14": 44,
        "17": 36,
        "18": 18,
        "20": 40,
        "21": 30,
        "22": 5,
        "23": 18,
        "24": 0,
        "26": 11,
        "30": 26,
        "31": 9,
        "32": 36,
        "34": 5,
        "36": 26,
        "40": 5,
        "41": 9,
        "43": 5,
        "45": 20,
        "47": 49,
        "48": 36,
        "49": 0,
        "52": 44,
        "53": 40,
        "56": 47,
        "58": 30,
        "62": 11,
        "64": 11,
        "65": 26
    },
    "instance": null,
    "parameters": null,
    "parameters_data": null,
    "patients": null,
    "capacity": null,
    "num_days": null,
    "num_ORs": null,
    "num_surgeons": null,
    "gap": 0.28025477707006363
}