{
    "proved_optimal": true,
    "obj": 67,
    "relax_obj": 67.0,
    "num_LCs": 81,
    "num_callbacks": 821,
    "num_CG_iterations": 21,
    "num_columns": 193,
    "num_nodes": 5,
    "overall_time": 53.95317459106445,
    "callback_time": 2.1635196208953857,
    "subproblem_time": 48.67142701148987,
    "mp_time": 5.25883150100708,
    "inh_time": null,
    "ilp_time": 0.0,
    "surgeon_schedule": {
        "1": [
            29,
            31,
            44
        ],
        "2": [
            49
        ],
        "3": [
            8
        ],
        "4": [
            40
        ],
        "6": [
            29,
            34
        ],
        "7": [
            0,
            11
        ],
        "8": [
            20
        ],
        "9": [
            18
        ],
        "10": [
            38,
            45
        ]
    },
    "patient_schedule": {
        "11": 29,
        "34": 29,
        "4": 31,
        "18": 31,
        "43": 31,
        "22": 44,
        "23": 44,
        "40": 44,
        "14": 49,
        "52": 49,
        "20": 8,
        "21": 8,
        "53": 8,
        "58": 8,
        "1": 40,
        "13": 40,
        "56": 40,
        "0": 29,
        "47": 29,
        "45": 34,
        "7": 0,
        "17": 0,
        "32": 0,
        "3": 11,
        "5": 11,
        "48": 11,
        "31": 20,
        "41": 20,
        "26": 18,
        "62": 18,
        "64": 18,
        "2": 38,
        "24": 38,
        "30": 38,
        "49": 38,
        "12": 45,
        "36": 45,
        "65": 45
    },
    "instance": null,
    "parameters": null,
    "parameters_data": null,
    "patients": null,
    "capacity": null,
    "num_days": null,
    "num_ORs": null,
    "num_surgeons": null,
    "initial_heuristics_time": 0.2664356231689453,
    "gap": 0.0
}