{
    "proved_optimal": true,
    "obj": 67,
    "relax_obj": 67.0,
    "num_LCs": 69,
    "num_callbacks": 723,
    "num_CG_iterations": 19,
    "num_columns": 200,
    "num_nodes": 1,
    "overall_time": 31.387702703475952,
    "callback_time": 1.6066205501556396,
    "subproblem_time": 27.204402446746826,
    "mp_time": 4.174218654632568,
    "inh_time": null,
    "ilp_time": 0.0,
    "surgeon_schedule": {
        "1": [
            4,
            38,
            40
        ],
        "2": [
            30
        ],
        "3": [
            8
        ],
        "4": [
            20
        ],
        "6": [
            14,
            34
        ],
        "7": [
            10,
            48
        ],
        "8": [
            44
        ],
        "9": [
            18
        ],
        "10": [
            0,
            26
        ]
    },
    "patient_schedule": {
        "4": 4,
        "11": 4,
        "18": 38,
        "22": 38,
        "23": 38,
        "43": 38,
        "34": 40,
        "40": 40,
        "14": 30,
        "52": 30,
        "20": 8,
        "21": 8,
        "53": 8,
        "58": 8,
        "1": 20,
        "13": 20,
        "56": 20,
        "0": 14,
        "47": 14,
        "45": 34,
        "3": 10,
        "7": 10,
        "5": 48,
        "17": 48,
        "32": 48,
        "48": 48,
        "31": 44,
        "41": 44,
        "26": 18,
        "62": 18,
        "64": 18,
        "12": 0,
        "24": 0,
        "49": 0,
        "2": 26,
        "30": 26,
        "36": 26,
        "65": 26
    },
    "instance": null,
    "parameters": null,
    "parameters_data": null,
    "patients": null,
    "capacity": null,
    "num_days": null,
    "num_ORs": null,
    "num_surgeons": null,
    "initial_heuristics_time": 0.2647411823272705,
    "gap": 0.0
}