{
    "proved_optimal": false,
    "obj": 168,
    "relax_obj": 95.2,
    "num_LCs": 376,
    "num_callbacks": 76,
    "num_CG_iterations": null,
    "num_columns": null,
    "num_nodes": null,
    "overall_time": 1200.0080270767212,
    "callback_time": 13.111269235610962,
    "subproblem_time": null,
    "mp_time": null,
    "inh_time": null,
    "ilp_time": null,
    "surgeon_schedule": {
        "0": [
            0,
            17,
            24
        ],
        "1": [
            14,
            22,
            31
        ],
        "2": [
            27
        ],
        "3": [
            6
        ],
        "4": [
            13,
            26,
            40
        ],
        "5": [
            7,
            29,
            40
        ],
        "6": [
            49
        ],
        "7": [
            1
        ],
        "8": [
            0,
            28,
            33
        ],
        "9": [
            11,
            45
        ],
        "10": [
            4,
            11,
            40
        ],
        "11": [
            8
        ],
        "12": [
            9,
            10,
            29,
            30
        ],
        "13": [
            1,
            17,
            36
        ],
        "14": [
            8,
            19,
            20,
            38,
            45
        ],
        "15": [
            20
        ],
        "16": [
            43
        ],
        "17": [
            19,
            49
        ],
        "18": [
            46
        ],
        "19": [
            18,
            21,
            33
        ]
    },
    "patient_schedule": {
        "1": 17,
        "2": 43,
        "3": 28,
        "7": 33,
        "9": 36,
        "10": 19,
        "11": 28,
        "12": 17,
        "13": 11,
        "14": 6,
        "15": 17,
        "19": 24,
        "20": 40,
        "21": 6,
        "23": 7,
        "24": 38,
        "25": 29,
        "26": 33,
        "28": 13,
        "29": 24,
        "30": 24,
        "32": 19,
        "33": 10,
        "34": 46,
        "35": 8,
        "38": 11,
        "40": 20,
        "41": 40,
        "42": 33,
        "43": 20,
        "46": 45,
        "48": 27,
        "49": 14,
        "50": 28,
        "54": 49,
        "55": 21,
        "59": 33,
        "60": 14,
        "61": 1,
        "62": 21,
        "64": 22,
        "65": 6,
        "66": 18,
        "67": 13,
        "68": 9,
        "69": 45,
        "70": 40,
        "73": 40,
        "76": 1,
        "77": 11,
        "78": 19,
        "79": 33,
        "80": 33,
        "82": 26,
        "83": 8,
        "87": 33,
        "88": 0,
        "89": 9,
        "91": 40,
        "92": 1,
        "93": 13,
        "94": 8,
        "95": 29,
        "96": 6,
        "97": 29,
        "98": 4,
        "99": 30,
        "100": 43,
        "102": 22,
        "105": 20,
        "106": 13,
        "107": 11,
        "109": 33,
        "112": 8,
        "113": 10,
        "115": 1,
        "118": 43,
        "119": 8,
        "120": 8,
        "121": 45,
        "122": 18,
        "123": 17,
        "124": 46,
        "125": 1,
        "126": 31,
        "127": 46,
        "130": 36,
        "132": 1,
        "134": 27,
        "135": 21,
        "136": 0,
        "137": 43,
        "138": 11,
        "140": 49,
        "141": 43,
        "142": 45,
        "144": 20,
        "146": 38,
        "147": 26,
        "148": 33,
        "149": 33,
        "150": 43,
        "151": 22,
        "153": 6,
        "154": 1,
        "155": 17,
        "156": 46,
        "157": 8,
        "158": 6,
        "159": 4,
        "160": 13,
        "162": 7,
        "163": 1,
        "168": 20,
        "169": 8,
        "170": 46,
        "172": 43,
        "173": 49,
        "178": 1,
        "180": 1,
        "183": 33,
        "184": 11,
        "185": 49,
        "186": 33,
        "187": 45,
        "188": 43,
        "189": 29,
        "192": 31,
        "193": 1,
        "196": 0
    },
    "instance": null,
    "parameters": null,
    "parameters_data": null,
    "patients": null,
    "capacity": null,
    "num_days": null,
    "num_ORs": null,
    "num_surgeons": null,
    "gap": 0.7647058823529411
}