{
    "proved_optimal": false,
    "obj": 162,
    "relax_obj": 101.5,
    "num_LCs": 446,
    "num_callbacks": 97,
    "num_CG_iterations": null,
    "num_columns": null,
    "num_nodes": null,
    "overall_time": 1200.0103011131287,
    "callback_time": 15.928396463394165,
    "subproblem_time": null,
    "mp_time": null,
    "inh_time": null,
    "ilp_time": null,
    "surgeon_schedule": {
        "0": [
            27,
            43
        ],
        "1": [
            13
        ],
        "2": [
            8,
            26,
            38
        ],
        "3": [
            0,
            33
        ],
        "4": [
            6,
            47
        ],
        "5": [
            0,
            17,
            39,
            46
        ],
        "6": [
            8,
            23
        ],
        "7": [
            21,
            31
        ],
        "8": [
            1
        ],
        "9": [
            22
        ],
        "10": [
            19,
            29
        ],
        "11": [
            34
        ],
        "12": [
            11,
            31
        ],
        "13": [
            3,
            39,
            40
        ],
        "14": [
            19,
            30,
            44
        ],
        "15": [
            12
        ],
        "16": [
            4,
            37,
            40
        ],
        "17": [
            12,
            29,
            49
        ],
        "18": [
            19,
            20,
            37,
            40
        ],
        "19": [
            46
        ]
    },
    "patient_schedule": {
        "2": 12,
        "3": 26,
        "5": 1,
        "7": 34,
        "8": 1,
        "9": 22,
        "10": 19,
        "11": 3,
        "12": 3,
        "13": 31,
        "14": 21,
        "15": 13,
        "16": 40,
        "17": 26,
        "18": 6,
        "19": 12,
        "20": 46,
        "21": 44,
        "22": 12,
        "23": 0,
        "24": 23,
        "25": 37,
        "26": 3,
        "28": 49,
        "29": 12,
        "31": 6,
        "32": 43,
        "33": 31,
        "34": 22,
        "35": 3,
        "40": 11,
        "41": 31,
        "44": 20,
        "46": 33,
        "47": 13,
        "50": 3,
        "51": 19,
        "52": 8,
        "53": 39,
        "54": 31,
        "55": 38,
        "56": 40,
        "57": 13,
        "59": 12,
        "61": 19,
        "62": 27,
        "63": 23,
        "64": 19,
        "67": 40,
        "68": 38,
        "69": 12,
        "70": 8,
        "71": 13,
        "72": 46,
        "74": 46,
        "75": 21,
        "76": 49,
        "77": 38,
        "78": 13,
        "79": 49,
        "80": 23,
        "82": 46,
        "83": 3,
        "85": 29,
        "86": 20,
        "87": 8,
        "88": 8,
        "89": 21,
        "91": 31,
        "92": 39,
        "93": 12,
        "96": 29,
        "99": 12,
        "100": 40,
        "102": 12,
        "103": 0,
        "105": 19,
        "107": 43,
        "109": 23,
        "111": 27,
        "112": 0,
        "113": 46,
        "114": 19,
        "116": 4,
        "118": 33,
        "121": 31,
        "124": 0,
        "126": 37,
        "127": 29,
        "129": 40,
        "130": 13,
        "131": 12,
        "132": 8,
        "135": 33,
        "136": 11,
        "137": 29,
        "140": 37,
        "141": 6,
        "142": 17,
        "144": 8,
        "145": 19,
        "146": 47,
        "149": 46,
        "150": 34,
        "151": 47,
        "153": 6,
        "154": 8,
        "155": 19,
        "156": 46,
        "157": 22,
        "158": 34,
        "161": 43,
        "162": 6,
        "163": 1,
        "167": 13,
        "169": 30,
        "171": 43,
        "172": 39,
        "173": 11,
        "174": 37,
        "175": 23,
        "177": 12,
        "178": 0,
        "180": 33,
        "181": 33,
        "187": 26
    },
    "instance": null,
    "parameters": null,
    "parameters_data": null,
    "patients": null,
    "capacity": null,
    "num_days": null,
    "num_ORs": null,
    "num_surgeons": null,
    "gap": 0.5960591133004927
}