{
    "proved_optimal": true,
    "obj": 75,
    "relax_obj": 75.0,
    "num_LCs": 125,
    "num_callbacks": 5152,
    "num_CG_iterations": 90,
    "num_columns": 525,
    "num_nodes": 43,
    "overall_time": 172.94840049743652,
    "callback_time": 9.020224332809448,
    "subproblem_time": 130.68143463134766,
    "mp_time": 42.07801342010498,
    "inh_time": null,
    "ilp_time": 0.0,
    "surgeon_schedule": {
        "0": [
            29,
            32
        ],
        "2": [
            0
        ],
        "3": [
            39
        ],
        "4": [
            18
        ],
        "6": [
            10,
            37
        ],
        "7": [
            10
        ],
        "8": [
            21,
            48
        ],
        "10": [
            31
        ],
        "12": [
            23
        ],
        "13": [
            14
        ],
        "14": [
            9,
            17,
            41
        ],
        "15": [
            5,
            19
        ],
        "16": [
            39
        ],
        "17": [
            14,
            27
        ],
        "18": [
            2
        ],
        "19": [
            9,
            43
        ]
    },
    "patient_schedule": {
        "0": 29,
        "76": 29,
        "10": 32,
        "28": 32,
        "57": 32,
        "70": 32,
        "54": 0,
        "31": 39,
        "58": 39,
        "5": 18,
        "33": 18,
        "89": 18,
        "64": 10,
        "68": 10,
        "18": 37,
        "83": 37,
        "14": 10,
        "37": 10,
        "59": 10,
        "8": 21,
        "43": 21,
        "40": 48,
        "79": 48,
        "4": 31,
        "12": 31,
        "87": 31,
        "9": 23,
        "52": 23,
        "75": 23,
        "41": 14,
        "42": 14,
        "2": 9,
        "6": 9,
        "32": 9,
        "47": 9,
        "3": 17,
        "16": 17,
        "63": 41,
        "77": 41,
        "35": 5,
        "38": 5,
        "81": 5,
        "22": 19,
        "60": 19,
        "93": 19,
        "67": 39,
        "92": 39,
        "26": 14,
        "62": 14,
        "20": 27,
        "78": 27,
        "15": 2,
        "21": 2,
        "34": 2,
        "88": 2,
        "51": 9,
        "84": 9,
        "11": 43,
        "17": 43,
        "46": 43,
        "65": 43
    },
    "instance": null,
    "parameters": null,
    "parameters_data": null,
    "patients": null,
    "capacity": null,
    "num_days": null,
    "num_ORs": null,
    "num_surgeons": null,
    "initial_heuristics_time": 0.4041874408721924,
    "gap": 0.0
}