{
    "proved_optimal": false,
    "obj": 90,
    "relax_obj": 44.25,
    "num_LCs": 95,
    "num_callbacks": 46,
    "num_CG_iterations": null,
    "num_columns": null,
    "num_nodes": null,
    "overall_time": 1200.0188102722168,
    "callback_time": 3.28286075592041,
    "subproblem_time": null,
    "mp_time": null,
    "inh_time": null,
    "ilp_time": null,
    "surgeon_schedule": {
        "0": [
            2,
            35,
            49
        ],
        "3": [
            40
        ],
        "4": [
            38,
            40
        ],
        "6": [
            10,
            30
        ],
        "7": [
            39
        ],
        "8": [
            14
        ],
        "9": [
            20
        ],
        "10": [
            44
        ],
        "13": [
            3,
            48
        ],
        "14": [
            9,
            28,
            47
        ],
        "15": [
            20,
            31
        ],
        "16": [
            44
        ],
        "17": [
            18
        ],
        "18": [
            26
        ],
        "19": [
            13,
            24
        ]
    },
    "patient_schedule": {
        "0": 35,
        "2": 9,
        "3": 47,
        "5": 38,
        "6": 28,
        "10": 35,
        "11": 13,
        "14": 39,
        "15": 26,
        "16": 47,
        "17": 13,
        "18": 10,
        "19": 20,
        "20": 18,
        "21": 26,
        "22": 31,
        "26": 18,
        "28": 2,
        "31": 40,
        "32": 28,
        "33": 38,
        "34": 26,
        "35": 31,
        "37": 39,
        "38": 20,
        "39": 48,
        "40": 14,
        "41": 3,
        "42": 3,
        "46": 13,
        "47": 9,
        "48": 40,
        "49": 3,
        "51": 24,
        "57": 49,
        "58": 40,
        "59": 39,
        "60": 20,
        "62": 18,
        "63": 28,
        "64": 30,
        "65": 13,
        "67": 44,
        "68": 30,
        "70": 2,
        "71": 2,
        "76": 2,
        "77": 9,
        "78": 18,
        "81": 31,
        "83": 10,
        "84": 24,
        "86": 48,
        "87": 44,
        "88": 26,
        "89": 38,
        "91": 2,
        "92": 44,
        "93": 31
    },
    "instance": null,
    "parameters": null,
    "parameters_data": null,
    "patients": null,
    "capacity": null,
    "num_days": null,
    "num_ORs": null,
    "num_surgeons": null,
    "gap": 1.0338983050847457
}