{
    "proved_optimal": true,
    "obj": 75,
    "relax_obj": 75.0,
    "num_LCs": 93,
    "num_callbacks": 3385,
    "num_CG_iterations": 66,
    "num_columns": 462,
    "num_nodes": 41,
    "overall_time": 104.32052636146545,
    "callback_time": 4.8772008419036865,
    "subproblem_time": 74.16714787483215,
    "mp_time": 30.008835792541504,
    "inh_time": null,
    "ilp_time": 0.0,
    "surgeon_schedule": {
        "0": [
            6,
            44
        ],
        "2": [
            40
        ],
        "3": [
            14
        ],
        "4": [
            18
        ],
        "6": [
            7,
            17
        ],
        "7": [
            29
        ],
        "8": [
            1,
            21
        ],
        "10": [
            11
        ],
        "12": [
            43
        ],
        "13": [
            0
        ],
        "14": [
            9,
            31,
            47
        ],
        "15": [
            10,
            38
        ],
        "16": [
            49
        ],
        "17": [
            19,
            29
        ],
        "18": [
            22
        ],
        "19": [
            27,
            33
        ]
    },
    "patient_schedule": {
        "10": 6,
        "28": 6,
        "57": 6,
        "70": 6,
        "0": 44,
        "76": 44,
        "54": 40,
        "31": 14,
        "58": 14,
        "5": 18,
        "33": 18,
        "89": 18,
        "64": 7,
        "68": 7,
        "18": 17,
        "83": 17,
        "14": 29,
        "37": 29,
        "59": 29,
        "8": 1,
        "43": 1,
        "40": 21,
        "79": 21,
        "4": 11,
        "12": 11,
        "87": 11,
        "9": 43,
        "52": 43,
        "75": 43,
        "41": 0,
        "42": 0,
        "32": 9,
        "77": 9,
        "2": 31,
        "6": 31,
        "47": 31,
        "63": 31,
        "3": 47,
        "16": 47,
        "22": 10,
        "60": 10,
        "93": 10,
        "35": 38,
        "38": 38,
        "81": 38,
        "67": 49,
        "92": 49,
        "26": 19,
        "62": 19,
        "20": 29,
        "78": 29,
        "15": 22,
        "21": 22,
        "34": 22,
        "88": 22,
        "51": 27,
        "84": 27,
        "11": 33,
        "17": 33,
        "46": 33,
        "65": 33
    },
    "instance": null,
    "parameters": null,
    "parameters_data": null,
    "patients": null,
    "capacity": null,
    "num_days": null,
    "num_ORs": null,
    "num_surgeons": null,
    "initial_heuristics_time": 0.41190671920776367,
    "gap": 0.0
}