{
    "proved_optimal": false,
    "obj": 64,
    "relax_obj": 46.4,
    "num_LCs": 31,
    "num_callbacks": 26,
    "num_CG_iterations": null,
    "num_columns": null,
    "num_nodes": null,
    "overall_time": 1200.0279824733734,
    "callback_time": 2.032379627227783,
    "subproblem_time": null,
    "mp_time": null,
    "inh_time": null,
    "ilp_time": null,
    "surgeon_schedule": {
        "0": [
            9,
            21,
            46
        ],
        "1": [
            32,
            40
        ],
        "2": [
            5
        ],
        "5": [
            10,
            29
        ],
        "6": [
            27
        ],
        "7": [
            18
        ],
        "8": [
            0
        ],
        "10": [
            14
        ],
        "11": [
            39
        ]
    },
    "patient_schedule": {
        "0": 29,
        "2": 46,
        "5": 27,
        "7": 14,
        "8": 29,
        "11": 18,
        "12": 10,
        "14": 32,
        "15": 18,
        "16": 46,
        "17": 27,
        "20": 21,
        "21": 39,
        "22": 46,
        "24": 18,
        "26": 21,
        "27": 5,
        "29": 27,
        "30": 21,
        "32": 46,
        "35": 39,
        "36": 46,
        "37": 5,
        "40": 32,
        "41": 0,
        "43": 40,
        "44": 46,
        "46": 9,
        "47": 32,
        "48": 40,
        "49": 18,
        "51": 9,
        "52": 10,
        "54": 14,
        "58": 29,
        "63": 5,
        "64": 0
    },
    "instance": null,
    "parameters": null,
    "parameters_data": null,
    "patients": null,
    "capacity": null,
    "num_days": null,
    "num_ORs": null,
    "num_surgeons": null,
    "gap": 0.37931034482758624
}