{
    "proved_optimal": false,
    "obj": 78,
    "relax_obj": 44.25,
    "num_LCs": 90,
    "num_callbacks": 44,
    "num_CG_iterations": null,
    "num_columns": null,
    "num_nodes": null,
    "overall_time": 1200.0077352523804,
    "callback_time": 3.5315403938293457,
    "subproblem_time": null,
    "mp_time": null,
    "inh_time": null,
    "ilp_time": null,
    "surgeon_schedule": {
        "0": [
            26,
            36
        ],
        "2": [
            9
        ],
        "3": [
            40
        ],
        "4": [
            8
        ],
        "6": [
            39,
            40
        ],
        "7": [
            19
        ],
        "8": [
            12
        ],
        "10": [
            5
        ],
        "12": [
            20
        ],
        "13": [
            34
        ],
        "14": [
            30,
            46
        ],
        "15": [
            1,
            10
        ],
        "16": [
            0
        ],
        "17": [
            16,
            37
        ],
        "18": [
            46
        ],
        "19": [
            23,
            30
        ]
    },
    "patient_schedule": {
        "0": 36,
        "2": 46,
        "3": 30,
        "4": 5,
        "5": 8,
        "6": 30,
        "8": 12,
        "10": 36,
        "11": 23,
        "12": 5,
        "13": 16,
        "14": 19,
        "15": 46,
        "16": 46,
        "17": 23,
        "18": 39,
        "20": 16,
        "21": 46,
        "22": 1,
        "26": 37,
        "28": 26,
        "31": 40,
        "32": 46,
        "33": 8,
        "34": 46,
        "35": 10,
        "37": 19,
        "38": 1,
        "40": 12,
        "41": 34,
        "42": 34,
        "43": 12,
        "44": 20,
        "46": 23,
        "47": 30,
        "51": 30,
        "52": 20,
        "54": 9,
        "57": 36,
        "58": 40,
        "59": 19,
        "60": 10,
        "62": 37,
        "63": 46,
        "64": 40,
        "65": 23,
        "66": 16,
        "67": 0,
        "68": 40,
        "70": 26,
        "71": 26,
        "76": 26,
        "77": 46,
        "81": 1,
        "83": 39,
        "84": 30,
        "87": 5,
        "88": 46,
        "89": 8,
        "91": 26,
        "92": 0,
        "93": 1
    },
    "instance": null,
    "parameters": null,
    "parameters_data": null,
    "patients": null,
    "capacity": null,
    "num_days": null,
    "num_ORs": null,
    "num_surgeons": null,
    "gap": 0.7627118644067796
}