{
    "proved_optimal": true,
    "obj": 62,
    "relax_obj": 62.0,
    "num_LCs": 49,
    "num_callbacks": 840,
    "num_CG_iterations": 23,
    "num_columns": 202,
    "num_nodes": 7,
    "overall_time": 92.27419972419739,
    "callback_time": 1.6000194549560547,
    "subproblem_time": 86.33370399475098,
    "mp_time": 5.897537469863892,
    "inh_time": null,
    "ilp_time": 0.0,
    "surgeon_schedule": {
        "0": [
            15,
            29,
            31,
            47
        ],
        "1": [
            24,
            34,
            41
        ],
        "2": [
            48
        ],
        "5": [
            0,
            30
        ],
        "6": [
            10
        ],
        "7": [
            38
        ],
        "8": [
            39
        ],
        "9": [
            8
        ],
        "10": [
            28
        ],
        "11": [
            20
        ]
    },
    "patient_schedule": {
        "30": 15,
        "44": 15,
        "51": 15,
        "22": 29,
        "36": 29,
        "2": 31,
        "26": 31,
        "32": 31,
        "46": 31,
        "16": 47,
        "20": 47,
        "43": 24,
        "48": 24,
        "47": 34,
        "14": 41,
        "40": 41,
        "27": 48,
        "37": 48,
        "63": 48,
        "0": 0,
        "8": 0,
        "58": 0,
        "12": 30,
        "52": 30,
        "5": 10,
        "17": 10,
        "29": 10,
        "11": 38,
        "15": 38,
        "24": 38,
        "49": 38,
        "41": 39,
        "64": 39,
        "33": 8,
        "60": 8,
        "61": 8,
        "10": 28,
        "34": 28,
        "54": 28,
        "21": 20,
        "35": 20
    },
    "instance": null,
    "parameters": null,
    "parameters_data": null,
    "patients": null,
    "capacity": null,
    "num_days": null,
    "num_ORs": null,
    "num_surgeons": null,
    "initial_heuristics_time": 0.2706117630004883,
    "gap": 0.0
}