{
    "proved_optimal": true,
    "obj": 62,
    "relax_obj": 62.0,
    "num_LCs": 52,
    "num_callbacks": 1306,
    "num_CG_iterations": 36,
    "num_columns": 285,
    "num_nodes": 13,
    "overall_time": 221.95390796661377,
    "callback_time": 2.8802220821380615,
    "subproblem_time": 210.74539375305176,
    "mp_time": 11.159700155258179,
    "inh_time": null,
    "ilp_time": 0.0,
    "surgeon_schedule": {
        "0": [
            4,
            18,
            44
        ],
        "1": [
            21,
            39,
            40
        ],
        "5": [
            9,
            24
        ],
        "6": [
            27
        ],
        "7": [
            11
        ],
        "8": [
            37
        ],
        "9": [
            7,
            39
        ],
        "10": [
            10,
            28,
            30
        ],
        "11": [
            0,
            20
        ]
    },
    "patient_schedule": {
        "20": 4,
        "32": 4,
        "36": 4,
        "2": 18,
        "26": 18,
        "44": 18,
        "46": 44,
        "51": 44,
        "14": 21,
        "40": 21,
        "43": 39,
        "48": 39,
        "47": 40,
        "12": 9,
        "52": 9,
        "0": 24,
        "8": 24,
        "58": 24,
        "5": 27,
        "17": 27,
        "29": 27,
        "11": 11,
        "15": 11,
        "24": 11,
        "49": 11,
        "41": 37,
        "64": 37,
        "33": 7,
        "60": 39,
        "61": 39,
        "34": 10,
        "6": 28,
        "10": 28,
        "7": 30,
        "54": 30,
        "21": 0,
        "59": 0,
        "19": 20,
        "35": 20
    },
    "instance": null,
    "parameters": null,
    "parameters_data": null,
    "patients": null,
    "capacity": null,
    "num_days": null,
    "num_ORs": null,
    "num_surgeons": null,
    "initial_heuristics_time": 0.273529052734375,
    "gap": 0.0
}