{
    "proved_optimal": false,
    "obj": 69,
    "relax_obj": 42.0,
    "num_LCs": 38,
    "num_callbacks": 32,
    "num_CG_iterations": null,
    "num_columns": null,
    "num_nodes": null,
    "overall_time": 1200.0258259773254,
    "callback_time": 2.9411771297454834,
    "subproblem_time": null,
    "mp_time": null,
    "inh_time": null,
    "ilp_time": null,
    "surgeon_schedule": {
        "0": [
            7,
            48
        ],
        "2": [
            10
        ],
        "3": [
            1,
            32
        ],
        "4": [
            18
        ],
        "6": [
            14
        ],
        "7": [
            20
        ],
        "8": [
            44
        ],
        "9": [
            24
        ],
        "10": [
            9,
            28,
            39
        ],
        "11": [
            40
        ]
    },
    "patient_schedule": {
        "0": 44,
        "3": 39,
        "4": 18,
        "5": 9,
        "6": 40,
        "8": 18,
        "9": 28,
        "13": 24,
        "15": 40,
        "17": 7,
        "19": 20,
        "21": 18,
        "23": 32,
        "24": 39,
        "29": 20,
        "32": 39,
        "33": 44,
        "35": 24,
        "36": 7,
        "37": 32,
        "38": 48,
        "40": 32,
        "41": 28,
        "43": 32,
        "46": 1,
        "47": 1,
        "49": 14,
        "50": 14,
        "52": 10,
        "53": 48
    },
    "instance": null,
    "parameters": null,
    "parameters_data": null,
    "patients": null,
    "capacity": null,
    "num_days": null,
    "num_ORs": null,
    "num_surgeons": null,
    "gap": 0.6428571428571429
}