{
    "proved_optimal": true,
    "obj": 69,
    "relax_obj": 69.0,
    "num_LCs": 81,
    "num_callbacks": 701,
    "num_CG_iterations": 19,
    "num_columns": 180,
    "num_nodes": 5,
    "overall_time": 18.408162355422974,
    "callback_time": 1.511615514755249,
    "subproblem_time": 13.955140352249146,
    "mp_time": 4.4359869956970215,
    "inh_time": null,
    "ilp_time": 0.0,
    "surgeon_schedule": {
        "0": [
            5,
            24
        ],
        "3": [
            1,
            29,
            31
        ],
        "4": [
            8
        ],
        "5": [
            27
        ],
        "6": [
            14
        ],
        "7": [
            19
        ],
        "8": [
            30
        ],
        "9": [
            10
        ],
        "10": [
            20,
            42
        ],
        "11": [
            17
        ]
    },
    "patient_schedule": {
        "38": 5,
        "53": 5,
        "17": 24,
        "36": 24,
        "23": 1,
        "46": 1,
        "43": 29,
        "47": 29,
        "37": 31,
        "40": 31,
        "4": 8,
        "8": 8,
        "21": 8,
        "2": 27,
        "45": 27,
        "49": 14,
        "50": 14,
        "19": 19,
        "29": 19,
        "0": 30,
        "33": 30,
        "13": 10,
        "35": 10,
        "5": 20,
        "3": 42,
        "9": 42,
        "24": 42,
        "32": 42,
        "41": 42,
        "6": 17,
        "15": 17
    },
    "instance": null,
    "parameters": null,
    "parameters_data": null,
    "patients": null,
    "capacity": null,
    "num_days": null,
    "num_ORs": null,
    "num_surgeons": null,
    "initial_heuristics_time": 0.2538316249847412,
    "gap": 0.0
}