{
    "proved_optimal": true,
    "obj": 84,
    "relax_obj": 84.0,
    "num_LCs": 63,
    "num_callbacks": 811,
    "num_CG_iterations": 15,
    "num_columns": 260,
    "num_nodes": 1,
    "overall_time": 22.22191286087036,
    "callback_time": 1.5541024208068848,
    "subproblem_time": 17.60368776321411,
    "mp_time": 4.6055238246917725,
    "inh_time": null,
    "ilp_time": 0.0,
    "surgeon_schedule": {
        "1": [
            10,
            48
        ],
        "2": [
            0
        ],
        "3": [
            33
        ],
        "4": [
            0,
            28,
            43
        ],
        "6": [
            9,
            37
        ],
        "7": [
            5
        ],
        "8": [
            7,
            18
        ],
        "9": [
            31
        ],
        "10": [
            11
        ],
        "12": [
            19
        ],
        "14": [
            23
        ],
        "15": [
            21
        ],
        "16": [
            41
        ],
        "17": [
            9
        ],
        "18": [
            4,
            15,
            39
        ]
    },
    "patient_schedule": {
        "72": 10,
        "33": 48,
        "60": 48,
        "63": 48,
        "2": 0,
        "42": 0,
        "95": 0,
        "38": 33,
        "51": 33,
        "58": 33,
        "61": 33,
        "93": 33,
        "3": 0,
        "5": 0,
        "80": 28,
        "91": 28,
        "14": 43,
        "25": 43,
        "48": 43,
        "53": 43,
        "6": 9,
        "83": 9,
        "31": 37,
        "11": 5,
        "71": 5,
        "75": 5,
        "77": 5,
        "47": 7,
        "70": 7,
        "12": 18,
        "15": 18,
        "87": 18,
        "17": 31,
        "39": 31,
        "56": 31,
        "66": 31,
        "52": 11,
        "57": 11,
        "62": 11,
        "37": 19,
        "94": 19,
        "28": 23,
        "45": 23,
        "88": 23,
        "92": 23,
        "21": 21,
        "65": 21,
        "84": 21,
        "26": 41,
        "41": 41,
        "44": 41,
        "79": 41,
        "49": 9,
        "46": 4,
        "74": 4,
        "20": 15,
        "54": 15,
        "30": 39,
        "43": 39
    },
    "instance": null,
    "parameters": null,
    "parameters_data": null,
    "patients": null,
    "capacity": null,
    "num_days": null,
    "num_ORs": null,
    "num_surgeons": null,
    "initial_heuristics_time": 0.49276065826416016,
    "gap": 0.0
}