{
    "proved_optimal": true,
    "obj": 39,
    "relax_obj": 39.0,
    "num_LCs": 16,
    "num_callbacks": 511,
    "num_CG_iterations": 14,
    "num_columns": 131,
    "num_nodes": 3,
    "overall_time": 9.620123147964478,
    "callback_time": 0.6130461692810059,
    "subproblem_time": 7.051324844360352,
    "mp_time": 2.555048704147339,
    "inh_time": null,
    "ilp_time": 0.0,
    "surgeon_schedule": {
        "0": [
            39
        ],
        "1": [
            19,
            37
        ],
        "2": [
            9,
            26
        ],
        "3": [
            0
        ],
        "5": [
            45
        ],
        "6": [
            0,
            28,
            30
        ],
        "7": [
            7,
            49
        ],
        "8": [
            4,
            12
        ],
        "9": [
            31
        ]
    },
    "patient_schedule": {
        "6": 39,
        "34": 39,
        "9": 19,
        "35": 19,
        "2": 37,
        "24": 9,
        "21": 26,
        "22": 26,
        "10": 0,
        "28": 45,
        "16": 0,
        "20": 0,
        "5": 28,
        "15": 28,
        "0": 30,
        "36": 30,
        "11": 7,
        "8": 49,
        "32": 49,
        "7": 4,
        "3": 12,
        "13": 12,
        "17": 12,
        "18": 12,
        "19": 31,
        "31": 31
    },
    "instance": null,
    "parameters": null,
    "parameters_data": null,
    "patients": null,
    "capacity": null,
    "num_days": null,
    "num_ORs": null,
    "num_surgeons": null,
    "initial_heuristics_time": 0.23119759559631348,
    "gap": 0.0
}