{
    "proved_optimal": true,
    "obj": 84,
    "relax_obj": 84.0,
    "num_LCs": 79,
    "num_callbacks": 1381,
    "num_CG_iterations": 22,
    "num_columns": 292,
    "num_nodes": 9,
    "overall_time": 43.471970319747925,
    "callback_time": 3.1785261631011963,
    "subproblem_time": 33.82469987869263,
    "mp_time": 9.605858325958252,
    "inh_time": null,
    "ilp_time": 0.0,
    "surgeon_schedule": {
        "1": [
            7,
            28
        ],
        "2": [
            29
        ],
        "3": [
            33
        ],
        "4": [
            1,
            10,
            20,
            42
        ],
        "6": [
            10
        ],
        "7": [
            15
        ],
        "8": [
            41
        ],
        "9": [
            9,
            16
        ],
        "10": [
            15
        ],
        "12": [
            30
        ],
        "14": [
            3
        ],
        "15": [
            48
        ],
        "16": [
            21
        ],
        "17": [
            49
        ],
        "18": [
            19,
            25,
            34
        ]
    },
    "patient_schedule": {
        "72": 7,
        "33": 28,
        "60": 28,
        "63": 28,
        "2": 29,
        "42": 29,
        "95": 29,
        "38": 33,
        "51": 33,
        "58": 33,
        "61": 33,
        "93": 33,
        "14": 1,
        "80": 1,
        "53": 10,
        "5": 20,
        "25": 20,
        "3": 42,
        "48": 42,
        "91": 42,
        "6": 10,
        "83": 10,
        "11": 15,
        "71": 15,
        "75": 15,
        "77": 15,
        "12": 41,
        "18": 41,
        "47": 41,
        "87": 41,
        "39": 9,
        "56": 9,
        "40": 16,
        "66": 16,
        "82": 16,
        "52": 15,
        "57": 15,
        "62": 15,
        "37": 30,
        "94": 30,
        "28": 3,
        "45": 3,
        "88": 3,
        "92": 3,
        "21": 48,
        "65": 48,
        "84": 48,
        "26": 21,
        "41": 21,
        "44": 21,
        "79": 21,
        "1": 49,
        "49": 49,
        "30": 19,
        "43": 19,
        "20": 25,
        "54": 25,
        "46": 34,
        "74": 34
    },
    "instance": null,
    "parameters": null,
    "parameters_data": null,
    "patients": null,
    "capacity": null,
    "num_days": null,
    "num_ORs": null,
    "num_surgeons": null,
    "initial_heuristics_time": 0.4658079147338867,
    "gap": 0.0
}