{
    "proved_optimal": false,
    "obj": 92,
    "relax_obj": 54.4,
    "num_LCs": 70,
    "num_callbacks": 40,
    "num_CG_iterations": null,
    "num_columns": null,
    "num_nodes": null,
    "overall_time": 1200.0094757080078,
    "callback_time": 3.317882776260376,
    "subproblem_time": null,
    "mp_time": null,
    "inh_time": null,
    "ilp_time": null,
    "surgeon_schedule": {
        "1": [
            26
        ],
        "2": [
            40
        ],
        "3": [
            18,
            31
        ],
        "4": [
            33
        ],
        "5": [
            14,
            20
        ],
        "6": [
            49
        ],
        "7": [
            48
        ],
        "8": [
            9,
            18
        ],
        "9": [
            11,
            21
        ],
        "10": [
            45
        ],
        "12": [
            10
        ],
        "14": [
            3
        ],
        "15": [
            28
        ],
        "16": [
            41
        ],
        "18": [
            1,
            38
        ],
        "19": [
            7
        ]
    },
    "patient_schedule": {
        "1": 14,
        "2": 40,
        "3": 33,
        "5": 33,
        "6": 49,
        "11": 48,
        "12": 9,
        "14": 33,
        "15": 18,
        "17": 11,
        "20": 1,
        "21": 28,
        "24": 7,
        "25": 33,
        "26": 41,
        "28": 3,
        "30": 38,
        "32": 20,
        "33": 26,
        "37": 10,
        "38": 31,
        "40": 11,
        "41": 41,
        "42": 40,
        "44": 41,
        "45": 3,
        "46": 38,
        "47": 18,
        "51": 18,
        "52": 45,
        "53": 33,
        "54": 1,
        "55": 38,
        "56": 21,
        "57": 45,
        "58": 31,
        "60": 26,
        "61": 18,
        "62": 45,
        "63": 26,
        "65": 28,
        "66": 11,
        "70": 9,
        "71": 48,
        "72": 26,
        "75": 48,
        "77": 48,
        "79": 41,
        "82": 21,
        "83": 49,
        "84": 28,
        "87": 18,
        "88": 3,
        "91": 33,
        "92": 3,
        "93": 18,
        "94": 10,
        "95": 40
    },
    "instance": null,
    "parameters": null,
    "parameters_data": null,
    "patients": null,
    "capacity": null,
    "num_days": null,
    "num_ORs": null,
    "num_surgeons": null,
    "gap": 0.6911764705882354
}