{
    "proved_optimal": false,
    "obj": 97,
    "relax_obj": 54.4,
    "num_LCs": 74,
    "num_callbacks": 35,
    "num_CG_iterations": null,
    "num_columns": null,
    "num_nodes": null,
    "overall_time": 1200.0092997550964,
    "callback_time": 3.141033887863159,
    "subproblem_time": null,
    "mp_time": null,
    "inh_time": null,
    "ilp_time": null,
    "surgeon_schedule": {
        "1": [
            4,
            18
        ],
        "2": [
            34,
            40
        ],
        "3": [
            5,
            15
        ],
        "4": [
            0,
            19,
            28,
            37,
            44
        ],
        "6": [
            11
        ],
        "7": [
            21
        ],
        "8": [
            0,
            48
        ],
        "9": [
            38,
            49
        ],
        "10": [
            31
        ],
        "11": [
            39
        ],
        "12": [
            30
        ],
        "14": [
            41
        ],
        "15": [
            28,
            47
        ],
        "16": [
            21
        ],
        "17": [
            8
        ],
        "18": [
            9,
            10
        ]
    },
    "patient_schedule": {
        "0": 8,
        "2": 40,
        "3": 0,
        "5": 44,
        "6": 11,
        "8": 34,
        "11": 21,
        "12": 0,
        "13": 39,
        "14": 37,
        "15": 48,
        "16": 28,
        "17": 49,
        "20": 10,
        "21": 47,
        "25": 0,
        "26": 21,
        "28": 41,
        "30": 9,
        "31": 11,
        "33": 18,
        "34": 8,
        "37": 30,
        "38": 15,
        "39": 49,
        "40": 38,
        "41": 21,
        "42": 34,
        "43": 9,
        "44": 21,
        "45": 41,
        "46": 10,
        "47": 48,
        "51": 5,
        "52": 31,
        "53": 19,
        "56": 38,
        "57": 31,
        "58": 15,
        "59": 47,
        "60": 18,
        "61": 5,
        "62": 31,
        "63": 18,
        "65": 28,
        "66": 38,
        "69": 44,
        "70": 0,
        "71": 21,
        "72": 4,
        "75": 21,
        "77": 21,
        "79": 21,
        "80": 28,
        "81": 39,
        "83": 11,
        "84": 28,
        "87": 48,
        "88": 41,
        "91": 28,
        "93": 5,
        "94": 30,
        "95": 40
    },
    "instance": null,
    "parameters": null,
    "parameters_data": null,
    "patients": null,
    "capacity": null,
    "num_days": null,
    "num_ORs": null,
    "num_surgeons": null,
    "gap": 0.7830882352941176
}