{
    "proved_optimal": true,
    "obj": 39,
    "relax_obj": 39.0,
    "num_LCs": 13,
    "num_callbacks": 555,
    "num_CG_iterations": 15,
    "num_columns": 144,
    "num_nodes": 3,
    "overall_time": 10.197585821151733,
    "callback_time": 0.8174688816070557,
    "subproblem_time": 7.172915935516357,
    "mp_time": 3.0084197521209717,
    "inh_time": null,
    "ilp_time": 0.0,
    "surgeon_schedule": {
        "0": [
            34
        ],
        "1": [
            20,
            47
        ],
        "2": [
            20,
            48
        ],
        "3": [
            30
        ],
        "6": [
            7,
            40
        ],
        "7": [
            9,
            19
        ],
        "8": [
            1,
            17,
            44
        ],
        "9": [
            38
        ]
    },
    "patient_schedule": {
        "6": 34,
        "34": 34,
        "2": 20,
        "9": 47,
        "35": 47,
        "24": 20,
        "14": 48,
        "10": 30,
        "0": 7,
        "20": 7,
        "15": 40,
        "16": 40,
        "36": 40,
        "11": 9,
        "8": 19,
        "32": 19,
        "3": 1,
        "7": 1,
        "18": 1,
        "13": 17,
        "17": 44,
        "19": 38,
        "31": 38
    },
    "instance": null,
    "parameters": null,
    "parameters_data": null,
    "patients": null,
    "capacity": null,
    "num_days": null,
    "num_ORs": null,
    "num_surgeons": null,
    "initial_heuristics_time": 0.2306363582611084,
    "gap": 0.0
}