{
    "proved_optimal": true,
    "obj": 51,
    "relax_obj": 51.0,
    "num_LCs": 49,
    "num_callbacks": 566,
    "num_CG_iterations": 16,
    "num_columns": 158,
    "num_nodes": 1,
    "overall_time": 20.476524353027344,
    "callback_time": 1.0963101387023926,
    "subproblem_time": 17.369144678115845,
    "mp_time": 3.1004552841186523,
    "inh_time": null,
    "ilp_time": 0.0,
    "surgeon_schedule": {
        "0": [
            25
        ],
        "1": [
            4,
            44
        ],
        "2": [
            30,
            40
        ],
        "3": [
            13
        ],
        "4": [
            0
        ],
        "6": [
            8
        ],
        "7": [
            20,
            36
        ],
        "8": [
            48
        ],
        "9": [
            29
        ]
    },
    "patient_schedule": {
        "4": 25,
        "28": 25,
        "35": 25,
        "22": 4,
        "33": 4,
        "26": 44,
        "3": 30,
        "12": 30,
        "18": 40,
        "40": 40,
        "1": 13,
        "9": 13,
        "37": 13,
        "48": 13,
        "8": 0,
        "21": 0,
        "32": 0,
        "36": 0,
        "0": 8,
        "29": 8,
        "42": 8,
        "45": 20,
        "11": 36,
        "13": 36,
        "20": 36,
        "24": 48,
        "38": 48,
        "41": 48,
        "34": 29,
        "46": 29
    },
    "instance": null,
    "parameters": null,
    "parameters_data": null,
    "patients": null,
    "capacity": null,
    "num_days": null,
    "num_ORs": null,
    "num_surgeons": null,
    "initial_heuristics_time": 0.2420034408569336,
    "gap": 0.0
}