{
    "proved_optimal": false,
    "obj": 55,
    "relax_obj": 35.0,
    "num_LCs": 23,
    "num_callbacks": 25,
    "num_CG_iterations": null,
    "num_columns": null,
    "num_nodes": null,
    "overall_time": 1200.0125017166138,
    "callback_time": 1.7654030323028564,
    "subproblem_time": null,
    "mp_time": null,
    "inh_time": null,
    "ilp_time": null,
    "surgeon_schedule": {
        "0": [
            40
        ],
        "3": [
            34
        ],
        "4": [
            0
        ],
        "5": [
            4
        ],
        "6": [
            11,
            28
        ],
        "7": [
            9
        ],
        "8": [
            38
        ],
        "9": [
            21
        ],
        "10": [
            44
        ],
        "11": [
            48
        ],
        "12": [
            7,
            17,
            30
        ],
        "13": [
            19
        ]
    },
    "patient_schedule": {
        "0": 48,
        "1": 30,
        "3": 40,
        "4": 11,
        "5": 28,
        "6": 28,
        "7": 28,
        "8": 19,
        "10": 4,
        "12": 4,
        "13": 44,
        "14": 11,
        "18": 38,
        "20": 11,
        "21": 9,
        "22": 40,
        "24": 21,
        "25": 9,
        "26": 0,
        "28": 30,
        "31": 17,
        "32": 34,
        "34": 48,
        "36": 38,
        "37": 21,
        "38": 17,
        "40": 21,
        "41": 38,
        "42": 44,
        "44": 48,
        "45": 7,
        "46": 34,
        "48": 19
    },
    "instance": null,
    "parameters": null,
    "parameters_data": null,
    "patients": null,
    "capacity": null,
    "num_days": null,
    "num_ORs": null,
    "num_surgeons": null,
    "gap": 0.5714285714285714
}