{
    "proved_optimal": true,
    "obj": 99,
    "relax_obj": 99.0,
    "num_LCs": 75,
    "num_callbacks": 961,
    "num_CG_iterations": 14,
    "num_columns": 249,
    "num_nodes": 1,
    "overall_time": 36.56363534927368,
    "callback_time": 2.6804683208465576,
    "subproblem_time": 32.48438382148743,
    "mp_time": 4.068096399307251,
    "inh_time": null,
    "ilp_time": 0.0,
    "surgeon_schedule": {
        "0": [
            40
        ],
        "1": [
            10,
            29,
            39,
            45
        ],
        "2": [
            19,
            48
        ],
        "3": [
            12
        ],
        "4": [
            1
        ],
        "5": [
            20
        ],
        "6": [
            22
        ],
        "8": [
            27
        ],
        "9": [
            29
        ],
        "10": [
            6
        ],
        "11": [
            15,
            32
        ],
        "12": [
            24,
            31,
            41
        ],
        "16": [
            8,
            38,
            49
        ],
        "17": [
            0
        ],
        "18": [
            19
        ]
    },
    "patient_schedule": {
        "16": 40,
        "76": 40,
        "39": 10,
        "45": 10,
        "50": 29,
        "68": 39,
        "9": 45,
        "28": 45,
        "41": 19,
        "54": 19,
        "20": 48,
        "25": 48,
        "23": 12,
        "38": 12,
        "48": 12,
        "88": 12,
        "43": 1,
        "47": 1,
        "56": 1,
        "14": 20,
        "52": 20,
        "17": 22,
        "18": 22,
        "61": 22,
        "75": 22,
        "86": 22,
        "22": 27,
        "36": 27,
        "40": 29,
        "3": 6,
        "31": 6,
        "46": 6,
        "66": 6,
        "55": 15,
        "80": 15,
        "15": 32,
        "19": 32,
        "33": 32,
        "10": 24,
        "67": 24,
        "83": 31,
        "51": 41,
        "92": 41,
        "12": 8,
        "64": 8,
        "26": 38,
        "53": 38,
        "84": 38,
        "65": 49,
        "77": 49,
        "5": 0,
        "49": 19,
        "87": 19
    },
    "instance": null,
    "parameters": null,
    "parameters_data": null,
    "patients": null,
    "capacity": null,
    "num_days": null,
    "num_ORs": null,
    "num_surgeons": null,
    "initial_heuristics_time": 0.5754411220550537,
    "gap": 0.0
}