{
    "proved_optimal": true,
    "obj": 56,
    "relax_obj": 56.0,
    "num_LCs": 53,
    "num_callbacks": 783,
    "num_CG_iterations": 23,
    "num_columns": 201,
    "num_nodes": 3,
    "overall_time": 31.244410276412964,
    "callback_time": 2.0871951580047607,
    "subproblem_time": 25.65846347808838,
    "mp_time": 5.569670915603638,
    "inh_time": null,
    "ilp_time": 0.0,
    "surgeon_schedule": {
        "0": [
            19
        ],
        "1": [
            26
        ],
        "2": [
            17
        ],
        "3": [
            9,
            40
        ],
        "4": [
            1,
            24
        ],
        "5": [
            10,
            20,
            33
        ],
        "6": [
            28
        ],
        "8": [
            7
        ],
        "9": [
            14
        ]
    },
    "patient_schedule": {
        "4": 19,
        "18": 19,
        "21": 19,
        "33": 26,
        "44": 26,
        "49": 26,
        "8": 17,
        "12": 17,
        "14": 17,
        "24": 9,
        "34": 9,
        "10": 40,
        "13": 40,
        "5": 1,
        "41": 1,
        "26": 24,
        "31": 10,
        "0": 20,
        "11": 33,
        "35": 33,
        "40": 33,
        "47": 33,
        "3": 28,
        "29": 28,
        "48": 28,
        "1": 7,
        "32": 7,
        "38": 7,
        "36": 14,
        "46": 14
    },
    "instance": null,
    "parameters": null,
    "parameters_data": null,
    "patients": null,
    "capacity": null,
    "num_days": null,
    "num_ORs": null,
    "num_surgeons": null,
    "initial_heuristics_time": 0.23050379753112793,
    "gap": 0.0
}