{
    "proved_optimal": true,
    "obj": 55,
    "relax_obj": 55.0,
    "num_LCs": 15,
    "num_callbacks": 459,
    "num_CG_iterations": 13,
    "num_columns": 155,
    "num_nodes": 1,
    "overall_time": 7.065778970718384,
    "callback_time": 0.7949812412261963,
    "subproblem_time": 4.678504467010498,
    "mp_time": 2.3808951377868652,
    "inh_time": null,
    "ilp_time": 0.0,
    "surgeon_schedule": {
        "0": [
            29
        ],
        "3": [
            49
        ],
        "4": [
            34
        ],
        "5": [
            14,
            37
        ],
        "6": [
            4,
            39,
            45
        ],
        "7": [
            10
        ],
        "8": [
            25
        ],
        "9": [
            8
        ],
        "11": [
            18
        ],
        "12": [
            0,
            30,
            40
        ],
        "13": [
            20
        ]
    },
    "patient_schedule": {
        "3": 29,
        "22": 29,
        "32": 49,
        "46": 49,
        "26": 34,
        "33": 14,
        "10": 37,
        "12": 37,
        "7": 4,
        "14": 4,
        "4": 39,
        "5": 39,
        "6": 45,
        "20": 45,
        "21": 10,
        "30": 10,
        "18": 25,
        "36": 25,
        "41": 25,
        "24": 8,
        "37": 8,
        "40": 8,
        "0": 18,
        "34": 18,
        "44": 18,
        "1": 0,
        "28": 0,
        "31": 30,
        "38": 30,
        "45": 40,
        "8": 20,
        "48": 20
    },
    "instance": null,
    "parameters": null,
    "parameters_data": null,
    "patients": null,
    "capacity": null,
    "num_days": null,
    "num_ORs": null,
    "num_surgeons": null,
    "initial_heuristics_time": 0.27088165283203125,
    "gap": 0.0
}