{
    "proved_optimal": false,
    "obj": 121,
    "relax_obj": 49.0,
    "num_LCs": 93,
    "num_callbacks": 42,
    "num_CG_iterations": null,
    "num_columns": null,
    "num_nodes": null,
    "overall_time": 1200.0250244140625,
    "callback_time": 4.504538536071777,
    "subproblem_time": null,
    "mp_time": null,
    "inh_time": null,
    "ilp_time": null,
    "surgeon_schedule": {
        "1": [
            8,
            11,
            39
        ],
        "2": [
            40
        ],
        "3": [
            29
        ],
        "4": [
            48
        ],
        "5": [
            19
        ],
        "6": [
            20
        ],
        "8": [
            29
        ],
        "9": [
            17
        ],
        "10": [
            18,
            22,
            40
        ],
        "11": [
            2
        ],
        "12": [
            9,
            11
        ],
        "13": [
            1
        ],
        "14": [
            44
        ],
        "15": [
            24,
            34,
            46
        ],
        "16": [
            33
        ],
        "17": [
            27,
            37
        ],
        "18": [
            30
        ]
    },
    "patient_schedule": {
        "0": 18,
        "3": 22,
        "5": 27,
        "6": 34,
        "7": 44,
        "9": 11,
        "10": 9,
        "11": 1,
        "14": 19,
        "17": 20,
        "19": 2,
        "20": 40,
        "21": 46,
        "22": 29,
        "24": 40,
        "26": 33,
        "28": 8,
        "31": 22,
        "33": 2,
        "34": 37,
        "36": 29,
        "38": 29,
        "39": 11,
        "40": 17,
        "43": 48,
        "45": 11,
        "46": 18,
        "47": 48,
        "48": 29,
        "49": 30,
        "50": 39,
        "51": 11,
        "52": 19,
        "53": 33,
        "54": 40,
        "55": 2,
        "56": 48,
        "57": 46,
        "64": 33,
        "65": 33,
        "66": 22,
        "67": 9,
        "68": 8,
        "72": 1,
        "75": 20,
        "77": 33,
        "80": 2,
        "84": 33,
        "85": 44,
        "87": 30,
        "89": 18,
        "91": 24,
        "92": 11
    },
    "instance": null,
    "parameters": null,
    "parameters_data": null,
    "patients": null,
    "capacity": null,
    "num_days": null,
    "num_ORs": null,
    "num_surgeons": null,
    "gap": 1.469387755102041
}