{
    "proved_optimal": false,
    "obj": 59,
    "relax_obj": 35.0,
    "num_LCs": 35,
    "num_callbacks": 25,
    "num_CG_iterations": null,
    "num_columns": null,
    "num_nodes": null,
    "overall_time": 1200.035655260086,
    "callback_time": 1.2700693607330322,
    "subproblem_time": null,
    "mp_time": null,
    "inh_time": null,
    "ilp_time": null,
    "surgeon_schedule": {
        "0": [
            24
        ],
        "1": [
            2
        ],
        "2": [
            28,
            40
        ],
        "3": [
            35
        ],
        "4": [
            10,
            45
        ],
        "5": [
            16,
            20
        ],
        "6": [
            30
        ],
        "7": [
            49
        ],
        "8": [
            9
        ],
        "9": [
            39
        ]
    },
    "patient_schedule": {
        "1": 9,
        "3": 30,
        "4": 24,
        "5": 45,
        "8": 40,
        "10": 35,
        "11": 16,
        "12": 28,
        "13": 35,
        "14": 28,
        "18": 24,
        "21": 24,
        "23": 49,
        "24": 35,
        "26": 10,
        "28": 30,
        "30": 28,
        "31": 16,
        "32": 9,
        "33": 2,
        "34": 35,
        "36": 39,
        "37": 40,
        "38": 9,
        "40": 16,
        "41": 45,
        "42": 28,
        "44": 2,
        "46": 39,
        "47": 20,
        "49": 2
    },
    "instance": null,
    "parameters": null,
    "parameters_data": null,
    "patients": null,
    "capacity": null,
    "num_days": null,
    "num_ORs": null,
    "num_surgeons": null,
    "gap": 0.6857142857142857
}