{
    "proved_optimal": true,
    "obj": 67,
    "relax_obj": 66.66666666666667,
    "num_LCs": 62,
    "num_callbacks": 791,
    "num_CG_iterations": 19,
    "num_columns": 185,
    "num_nodes": 1,
    "overall_time": 23.536009311676025,
    "callback_time": 1.4850289821624756,
    "subproblem_time": 19.52854013442993,
    "mp_time": 3.997450590133667,
    "inh_time": null,
    "ilp_time": 0.0,
    "surgeon_schedule": {
        "0": [
            4
        ],
        "1": [
            0,
            12,
            20
        ],
        "4": [
            19,
            43
        ],
        "5": [
            25
        ],
        "6": [
            39
        ],
        "8": [
            35
        ],
        "11": [
            8,
            29,
            30
        ]
    },
    "patient_schedule": {
        "0": 4,
        "20": 4,
        "55": 4,
        "15": 0,
        "11": 12,
        "37": 12,
        "2": 20,
        "9": 20,
        "4": 19,
        "21": 19,
        "35": 43,
        "41": 43,
        "49": 43,
        "53": 43,
        "10": 25,
        "17": 25,
        "51": 25,
        "28": 39,
        "32": 39,
        "3": 35,
        "26": 35,
        "29": 35,
        "56": 35,
        "22": 8,
        "46": 8,
        "52": 8,
        "33": 29,
        "23": 30,
        "40": 30
    },
    "instance": null,
    "parameters": null,
    "parameters_data": null,
    "patients": null,
    "capacity": null,
    "num_days": null,
    "num_ORs": null,
    "num_surgeons": null,
    "initial_heuristics_time": 0.26752710342407227,
    "gap": 0.004999999999999929
}