{
    "proved_optimal": false,
    "obj": 110,
    "relax_obj": 49.0,
    "num_LCs": 89,
    "num_callbacks": 37,
    "num_CG_iterations": null,
    "num_columns": null,
    "num_nodes": null,
    "overall_time": 1200.0276679992676,
    "callback_time": 5.03445291519165,
    "subproblem_time": null,
    "mp_time": null,
    "inh_time": null,
    "ilp_time": null,
    "surgeon_schedule": {
        "1": [
            9,
            11,
            39
        ],
        "2": [
            49
        ],
        "3": [
            19,
            20
        ],
        "4": [
            1
        ],
        "5": [
            17
        ],
        "6": [
            42
        ],
        "7": [
            25
        ],
        "8": [
            19
        ],
        "9": [
            29
        ],
        "10": [
            12
        ],
        "11": [
            0,
            23
        ],
        "12": [
            5,
            39
        ],
        "14": [
            35
        ],
        "16": [
            8,
            32,
            49
        ],
        "17": [
            42
        ],
        "18": [
            30
        ]
    },
    "patient_schedule": {
        "2": 42,
        "3": 12,
        "5": 42,
        "7": 35,
        "9": 11,
        "10": 39,
        "12": 8,
        "14": 17,
        "15": 23,
        "17": 42,
        "18": 42,
        "19": 0,
        "20": 49,
        "22": 19,
        "23": 19,
        "26": 8,
        "28": 11,
        "31": 12,
        "32": 35,
        "33": 23,
        "34": 42,
        "35": 25,
        "36": 19,
        "38": 19,
        "39": 39,
        "40": 29,
        "43": 1,
        "46": 12,
        "47": 1,
        "48": 20,
        "49": 30,
        "50": 9,
        "51": 5,
        "52": 17,
        "53": 32,
        "54": 49,
        "55": 0,
        "56": 1,
        "58": 25,
        "60": 20,
        "61": 42,
        "64": 32,
        "65": 32,
        "66": 12,
        "67": 39,
        "68": 39,
        "75": 42,
        "77": 8,
        "79": 49,
        "80": 23,
        "84": 32,
        "85": 35,
        "86": 42,
        "87": 30,
        "92": 5
    },
    "instance": null,
    "parameters": null,
    "parameters_data": null,
    "patients": null,
    "capacity": null,
    "num_days": null,
    "num_ORs": null,
    "num_surgeons": null,
    "gap": 1.2448979591836735
}