{
    "proved_optimal": false,
    "obj": 68,
    "relax_obj": 41.333333333333336,
    "num_LCs": 23,
    "num_callbacks": 23,
    "num_CG_iterations": null,
    "num_columns": null,
    "num_nodes": null,
    "overall_time": 1200.0506329536438,
    "callback_time": 1.4708945751190186,
    "subproblem_time": null,
    "mp_time": null,
    "inh_time": null,
    "ilp_time": null,
    "surgeon_schedule": {
        "0": [
            17
        ],
        "1": [
            26,
            48
        ],
        "4": [
            9
        ],
        "5": [
            41
        ],
        "6": [
            7
        ],
        "7": [
            1,
            20
        ],
        "8": [
            11
        ],
        "9": [
            19,
            31
        ],
        "11": [
            38
        ]
    },
    "patient_schedule": {
        "0": 17,
        "1": 20,
        "2": 48,
        "3": 11,
        "5": 1,
        "9": 48,
        "10": 41,
        "11": 26,
        "14": 1,
        "15": 48,
        "17": 41,
        "19": 20,
        "20": 17,
        "21": 9,
        "22": 38,
        "26": 11,
        "28": 7,
        "29": 11,
        "32": 7,
        "33": 38,
        "37": 26,
        "40": 38,
        "41": 9,
        "45": 31,
        "47": 19,
        "48": 31,
        "51": 41,
        "52": 38,
        "55": 17,
        "56": 11,
        "59": 38
    },
    "instance": null,
    "parameters": null,
    "parameters_data": null,
    "patients": null,
    "capacity": null,
    "num_days": null,
    "num_ORs": null,
    "num_surgeons": null,
    "gap": 0.6451612903225805
}