{
    "proved_optimal": true,
    "obj": 56,
    "relax_obj": 56.0,
    "num_LCs": 54,
    "num_callbacks": 727,
    "num_CG_iterations": 21,
    "num_columns": 184,
    "num_nodes": 3,
    "overall_time": 28.054676055908203,
    "callback_time": 1.3823506832122803,
    "subproblem_time": 23.479644060134888,
    "mp_time": 4.554200172424316,
    "inh_time": null,
    "ilp_time": 0.0,
    "surgeon_schedule": {
        "0": [
            0
        ],
        "1": [
            36
        ],
        "2": [
            14
        ],
        "3": [
            14,
            40
        ],
        "4": [
            5,
            10
        ],
        "5": [
            9,
            26,
            41
        ],
        "6": [
            48
        ],
        "8": [
            20
        ],
        "9": [
            17
        ]
    },
    "patient_schedule": {
        "4": 0,
        "18": 0,
        "21": 0,
        "33": 36,
        "44": 36,
        "49": 36,
        "8": 14,
        "12": 14,
        "14": 14,
        "13": 14,
        "24": 14,
        "10": 40,
        "34": 40,
        "5": 5,
        "41": 5,
        "26": 10,
        "0": 9,
        "31": 26,
        "35": 26,
        "40": 26,
        "11": 41,
        "47": 41,
        "3": 48,
        "29": 48,
        "48": 48,
        "1": 20,
        "32": 20,
        "38": 20,
        "36": 17,
        "46": 17
    },
    "instance": null,
    "parameters": null,
    "parameters_data": null,
    "patients": null,
    "capacity": null,
    "num_days": null,
    "num_ORs": null,
    "num_surgeons": null,
    "initial_heuristics_time": 0.22601699829101562,
    "gap": 0.0
}