{
    "proved_optimal": true,
    "obj": 55,
    "relax_obj": 55.0,
    "num_LCs": 14,
    "num_callbacks": 386,
    "num_CG_iterations": 11,
    "num_columns": 130,
    "num_nodes": 1,
    "overall_time": 5.877399444580078,
    "callback_time": 0.5532734394073486,
    "subproblem_time": 4.131081819534302,
    "mp_time": 1.73921537399292,
    "inh_time": null,
    "ilp_time": 0.0,
    "surgeon_schedule": {
        "0": [
            39
        ],
        "2": [
            44
        ],
        "3": [
            24
        ],
        "4": [
            34
        ],
        "5": [
            4
        ],
        "6": [
            14,
            28,
            37
        ],
        "7": [
            10
        ],
        "8": [
            48
        ],
        "9": [
            8
        ],
        "11": [
            18
        ],
        "12": [
            0,
            30,
            40
        ],
        "13": [
            20
        ]
    },
    "patient_schedule": {
        "3": 39,
        "22": 39,
        "23": 44,
        "32": 24,
        "46": 24,
        "26": 34,
        "10": 4,
        "12": 4,
        "7": 14,
        "14": 14,
        "6": 28,
        "20": 28,
        "4": 37,
        "5": 37,
        "21": 10,
        "30": 10,
        "18": 48,
        "36": 48,
        "41": 48,
        "24": 8,
        "37": 8,
        "40": 8,
        "0": 18,
        "34": 18,
        "44": 18,
        "1": 0,
        "28": 0,
        "31": 30,
        "38": 30,
        "45": 40,
        "8": 20,
        "48": 20
    },
    "instance": null,
    "parameters": null,
    "parameters_data": null,
    "patients": null,
    "capacity": null,
    "num_days": null,
    "num_ORs": null,
    "num_surgeons": null,
    "initial_heuristics_time": 0.27242469787597656,
    "gap": 0.0
}