{
    "proved_optimal": true,
    "obj": 51,
    "relax_obj": 51.0,
    "num_LCs": 155,
    "num_callbacks": 662,
    "num_CG_iterations": 15,
    "num_columns": 157,
    "num_nodes": 1,
    "overall_time": 16.54508686065674,
    "callback_time": 2.6334502696990967,
    "subproblem_time": 13.675330877304077,
    "mp_time": 2.8636269569396973,
    "inh_time": null,
    "ilp_time": 0.0,
    "surgeon_schedule": {
        "0": [
            38
        ],
        "1": [
            14,
            24
        ],
        "2": [
            10,
            34
        ],
        "3": [
            43
        ],
        "4": [
            0
        ],
        "6": [
            18
        ],
        "7": [
            6,
            30
        ],
        "8": [
            28
        ],
        "9": [
            20
        ]
    },
    "patient_schedule": {
        "4": 38,
        "28": 38,
        "35": 38,
        "26": 14,
        "22": 24,
        "33": 24,
        "18": 10,
        "40": 10,
        "3": 34,
        "12": 34,
        "1": 43,
        "9": 43,
        "37": 43,
        "48": 43,
        "8": 0,
        "21": 0,
        "32": 0,
        "36": 0,
        "0": 18,
        "29": 18,
        "42": 18,
        "11": 6,
        "13": 6,
        "20": 6,
        "45": 30,
        "24": 28,
        "38": 28,
        "41": 28,
        "34": 20,
        "46": 20
    },
    "instance": null,
    "parameters": null,
    "parameters_data": null,
    "patients": null,
    "capacity": null,
    "num_days": null,
    "num_ORs": null,
    "num_surgeons": null,
    "initial_heuristics_time": 0.24952197074890137,
    "gap": 0.0
}