{
    "proved_optimal": false,
    "obj": 55,
    "relax_obj": 35.0,
    "num_LCs": 24,
    "num_callbacks": 21,
    "num_CG_iterations": null,
    "num_columns": null,
    "num_nodes": null,
    "overall_time": 1200.023666381836,
    "callback_time": 1.260148525238037,
    "subproblem_time": null,
    "mp_time": null,
    "inh_time": null,
    "ilp_time": null,
    "surgeon_schedule": {
        "0": [
            19
        ],
        "3": [
            29
        ],
        "4": [
            27
        ],
        "5": [
            0
        ],
        "6": [
            43
        ],
        "7": [
            9
        ],
        "8": [
            35
        ],
        "9": [
            5
        ],
        "10": [
            30
        ],
        "11": [
            11
        ],
        "12": [
            17,
            24,
            39
        ],
        "13": [
            20
        ]
    },
    "patient_schedule": {
        "0": 11,
        "1": 24,
        "3": 19,
        "4": 43,
        "5": 43,
        "6": 43,
        "7": 43,
        "8": 20,
        "10": 0,
        "12": 0,
        "13": 30,
        "14": 43,
        "18": 35,
        "20": 43,
        "21": 9,
        "22": 19,
        "24": 5,
        "25": 9,
        "26": 27,
        "28": 24,
        "31": 39,
        "32": 29,
        "34": 11,
        "36": 35,
        "37": 5,
        "38": 39,
        "40": 5,
        "41": 35,
        "42": 30,
        "44": 11,
        "45": 17,
        "46": 29,
        "48": 20
    },
    "instance": null,
    "parameters": null,
    "parameters_data": null,
    "patients": null,
    "capacity": null,
    "num_days": null,
    "num_ORs": null,
    "num_surgeons": null,
    "gap": 0.5714285714285714
}