{
    "proved_optimal": true,
    "obj": 99,
    "relax_obj": 99.0,
    "num_LCs": 72,
    "num_callbacks": 803,
    "num_CG_iterations": 13,
    "num_columns": 233,
    "num_nodes": 1,
    "overall_time": 47.95182800292969,
    "callback_time": 1.6567249298095703,
    "subproblem_time": 44.30311918258667,
    "mp_time": 3.6384544372558594,
    "inh_time": null,
    "ilp_time": 0.0,
    "surgeon_schedule": {
        "0": [
            19
        ],
        "1": [
            1,
            14,
            38
        ],
        "2": [
            0
        ],
        "3": [
            12
        ],
        "4": [
            41
        ],
        "5": [
            20
        ],
        "6": [
            26
        ],
        "8": [
            17
        ],
        "10": [
            6
        ],
        "11": [
            28,
            36
        ],
        "12": [
            8,
            21,
            30
        ],
        "13": [
            43
        ],
        "16": [
            19,
            31,
            48
        ],
        "18": [
            10
        ]
    },
    "patient_schedule": {
        "16": 19,
        "76": 19,
        "28": 1,
        "68": 1,
        "9": 14,
        "39": 14,
        "45": 38,
        "50": 38,
        "20": 0,
        "54": 0,
        "23": 12,
        "38": 12,
        "48": 12,
        "88": 12,
        "43": 41,
        "47": 41,
        "56": 41,
        "14": 20,
        "52": 20,
        "17": 26,
        "18": 26,
        "61": 26,
        "75": 26,
        "86": 26,
        "22": 17,
        "36": 17,
        "3": 6,
        "31": 6,
        "46": 6,
        "66": 6,
        "55": 28,
        "80": 28,
        "15": 36,
        "19": 36,
        "33": 36,
        "83": 8,
        "51": 21,
        "92": 21,
        "10": 30,
        "67": 30,
        "11": 43,
        "72": 43,
        "82": 43,
        "65": 19,
        "77": 19,
        "26": 31,
        "53": 31,
        "84": 31,
        "12": 48,
        "64": 48,
        "49": 10,
        "87": 10
    },
    "instance": null,
    "parameters": null,
    "parameters_data": null,
    "patients": null,
    "capacity": null,
    "num_days": null,
    "num_ORs": null,
    "num_surgeons": null,
    "initial_heuristics_time": 0.4626491069793701,
    "gap": 0.0
}