{
    "proved_optimal": true,
    "obj": 51,
    "relax_obj": 51.0,
    "num_LCs": 56,
    "num_callbacks": 1206,
    "num_CG_iterations": 154,
    "num_columns": 153,
    "num_nodes": 1,
    "overall_time": 76.53638815879822,
    "callback_time": 2.470453977584839,
    "subproblem_time": 51.792205572128296,
    "mp_time": 24.687495470046997,
    "inh_time": null,
    "ilp_time": 0.0,
    "surgeon_schedule": {
        "0": [
            38
        ],
        "1": [
            24,
            34
        ],
        "2": [
            14,
            20
        ],
        "3": [
            43
        ],
        "4": [
            30
        ],
        "6": [
            18
        ],
        "7": [
            3
        ],
        "8": [
            28
        ],
        "9": [
            10
        ]
    },
    "patient_schedule": {
        "4": 38,
        "28": 38,
        "35": 38,
        "26": 24,
        "22": 34,
        "33": 34,
        "3": 14,
        "12": 14,
        "18": 20,
        "40": 20,
        "1": 43,
        "9": 43,
        "37": 43,
        "48": 43,
        "8": 30,
        "21": 30,
        "32": 30,
        "36": 30,
        "0": 18,
        "29": 18,
        "42": 18,
        "11": 3,
        "13": 3,
        "20": 3,
        "45": 3,
        "24": 28,
        "38": 28,
        "41": 28,
        "34": 10,
        "46": 10
    },
    "instance": null,
    "parameters": null,
    "parameters_data": null,
    "patients": null,
    "capacity": null,
    "num_days": null,
    "num_ORs": null,
    "num_surgeons": null,
    "initial_heuristics_time": 0.24730348587036133,
    "gap": 0.0
}