{
    "proved_optimal": true,
    "obj": 51,
    "relax_obj": 51.0,
    "num_LCs": 66,
    "num_callbacks": 667,
    "num_CG_iterations": 18,
    "num_columns": 193,
    "num_nodes": 1,
    "overall_time": 17.869330406188965,
    "callback_time": 1.8983941078186035,
    "subproblem_time": 14.253899097442627,
    "mp_time": 3.607964515686035,
    "inh_time": null,
    "ilp_time": 0.0,
    "surgeon_schedule": {
        "0": [
            8
        ],
        "1": [
            10,
            29
        ],
        "2": [
            17,
            40
        ],
        "3": [
            33
        ],
        "4": [
            19
        ],
        "6": [
            21
        ],
        "7": [
            14,
            46
        ],
        "8": [
            1
        ],
        "9": [
            27
        ]
    },
    "patient_schedule": {
        "4": 8,
        "28": 8,
        "35": 8,
        "22": 10,
        "33": 10,
        "26": 29,
        "3": 17,
        "12": 17,
        "18": 40,
        "40": 40,
        "1": 33,
        "9": 33,
        "37": 33,
        "48": 33,
        "8": 19,
        "21": 19,
        "32": 19,
        "36": 19,
        "0": 21,
        "29": 21,
        "42": 21,
        "45": 14,
        "11": 46,
        "13": 46,
        "20": 46,
        "24": 1,
        "38": 1,
        "41": 1,
        "34": 27,
        "46": 27
    },
    "instance": null,
    "parameters": null,
    "parameters_data": null,
    "patients": null,
    "capacity": null,
    "num_days": null,
    "num_ORs": null,
    "num_surgeons": null,
    "initial_heuristics_time": 0.0,
    "gap": 0.0
}