{
    "proved_optimal": true,
    "obj": 47,
    "relax_obj": 46.5,
    "num_LCs": 49,
    "num_callbacks": 916,
    "num_CG_iterations": 25,
    "num_columns": 229,
    "num_nodes": 5,
    "overall_time": 20.163589477539062,
    "callback_time": 1.8885633945465088,
    "subproblem_time": 13.56490445137024,
    "mp_time": 6.574807643890381,
    "inh_time": null,
    "ilp_time": 0.0,
    "surgeon_schedule": {
        "0": [
            19,
            27
        ],
        "2": [
            38
        ],
        "3": [
            10,
            38
        ],
        "4": [
            25
        ],
        "5": [
            30
        ],
        "7": [
            34
        ],
        "9": [
            7
        ],
        "10": [
            43
        ],
        "11": [
            13
        ]
    },
    "patient_schedule": {
        "0": 19,
        "2": 27,
        "11": 27,
        "14": 38,
        "25": 38,
        "37": 38,
        "23": 10,
        "43": 10,
        "9": 38,
        "12": 38,
        "19": 25,
        "24": 25,
        "15": 30,
        "26": 30,
        "31": 30,
        "40": 30,
        "3": 34,
        "10": 34,
        "45": 34,
        "28": 7,
        "38": 7,
        "46": 7,
        "1": 43,
        "29": 43,
        "33": 43,
        "18": 13,
        "22": 13,
        "39": 13
    },
    "instance": null,
    "parameters": null,
    "parameters_data": null,
    "patients": null,
    "capacity": null,
    "num_days": null,
    "num_ORs": null,
    "num_surgeons": null,
    "initial_heuristics_time": 0.0,
    "gap": 0.010752688172043012
}