{
    "proved_optimal": true,
    "obj": 95,
    "relax_obj": 95.0,
    "num_LCs": 120,
    "num_callbacks": 1055,
    "num_CG_iterations": 18,
    "num_columns": 251,
    "num_nodes": 7,
    "overall_time": 46.50657510757446,
    "callback_time": 2.6859233379364014,
    "subproblem_time": 39.50076651573181,
    "mp_time": 6.970840930938721,
    "inh_time": null,
    "ilp_time": 0.0,
    "surgeon_schedule": {
        "2": [
            19,
            37
        ],
        "3": [
            8
        ],
        "6": [
            11,
            31,
            49
        ],
        "9": [
            4,
            27
        ],
        "10": [
            0,
            41
        ],
        "14": [
            4,
            15,
            27
        ],
        "15": [
            33
        ],
        "16": [
            10,
            21,
            39
        ],
        "17": [
            3,
            45
        ],
        "18": [
            18,
            29,
            48
        ],
        "19": [
            26
        ]
    },
    "patient_schedule": {
        "32": 19,
        "70": 19,
        "75": 19,
        "7": 37,
        "95": 37,
        "72": 8,
        "89": 8,
        "93": 8,
        "0": 11,
        "3": 11,
        "24": 11,
        "83": 31,
        "91": 31,
        "66": 49,
        "37": 4,
        "20": 27,
        "68": 27,
        "5": 0,
        "71": 0,
        "2": 41,
        "8": 41,
        "92": 41,
        "52": 4,
        "48": 15,
        "53": 15,
        "67": 15,
        "81": 27,
        "98": 27,
        "19": 33,
        "45": 33,
        "47": 33,
        "63": 33,
        "4": 10,
        "31": 10,
        "38": 10,
        "84": 10,
        "25": 21,
        "69": 21,
        "78": 21,
        "42": 39,
        "50": 39,
        "12": 3,
        "14": 3,
        "15": 3,
        "29": 3,
        "40": 3,
        "97": 3,
        "99": 3,
        "9": 45,
        "54": 45,
        "82": 45,
        "43": 18,
        "46": 18,
        "41": 29,
        "55": 48,
        "62": 48,
        "86": 48,
        "18": 26,
        "51": 26,
        "87": 26,
        "88": 26
    },
    "instance": null,
    "parameters": null,
    "parameters_data": null,
    "patients": null,
    "capacity": null,
    "num_days": null,
    "num_ORs": null,
    "num_surgeons": null,
    "initial_heuristics_time": 0.4761221408843994,
    "gap": 0.0
}