{
    "proved_optimal": true,
    "obj": 95,
    "relax_obj": 95.0,
    "num_LCs": 119,
    "num_callbacks": 1890,
    "num_CG_iterations": 32,
    "num_columns": 327,
    "num_nodes": 23,
    "overall_time": 71.668039560318,
    "callback_time": 4.61244010925293,
    "subproblem_time": 54.48922038078308,
    "mp_time": 17.0695538520813,
    "inh_time": null,
    "ilp_time": 0.0,
    "surgeon_schedule": {
        "2": [
            0,
            10,
            30
        ],
        "3": [
            15
        ],
        "4": [
            27,
            44
        ],
        "6": [
            1,
            11,
            27
        ],
        "9": [
            10,
            34
        ],
        "10": [
            10,
            38
        ],
        "11": [
            49
        ],
        "14": [
            9,
            21,
            49
        ],
        "15": [
            33
        ],
        "16": [
            1,
            19,
            40
        ],
        "17": [
            3,
            45
        ],
        "18": [
            29,
            35,
            41
        ],
        "19": [
            26
        ]
    },
    "patient_schedule": {
        "75": 0,
        "95": 0,
        "7": 10,
        "32": 10,
        "16": 30,
        "70": 30,
        "72": 15,
        "89": 15,
        "93": 15,
        "44": 27,
        "61": 27,
        "90": 27,
        "76": 44,
        "24": 1,
        "83": 1,
        "0": 11,
        "3": 11,
        "91": 11,
        "66": 27,
        "20": 10,
        "68": 10,
        "37": 34,
        "5": 10,
        "71": 10,
        "2": 38,
        "8": 38,
        "92": 38,
        "21": 49,
        "67": 9,
        "81": 9,
        "48": 21,
        "53": 21,
        "98": 21,
        "52": 49,
        "19": 33,
        "45": 33,
        "47": 33,
        "63": 33,
        "38": 1,
        "69": 1,
        "78": 1,
        "84": 1,
        "4": 19,
        "25": 19,
        "31": 19,
        "42": 40,
        "50": 40,
        "12": 3,
        "14": 3,
        "15": 3,
        "29": 3,
        "40": 3,
        "97": 3,
        "99": 3,
        "9": 45,
        "54": 45,
        "82": 45,
        "41": 29,
        "43": 35,
        "46": 35,
        "55": 41,
        "62": 41,
        "86": 41,
        "18": 26,
        "51": 26,
        "87": 26,
        "88": 26
    },
    "instance": null,
    "parameters": null,
    "parameters_data": null,
    "patients": null,
    "capacity": null,
    "num_days": null,
    "num_ORs": null,
    "num_surgeons": null,
    "initial_heuristics_time": 0.47717928886413574,
    "gap": 0.0
}