{
    "proved_optimal": false,
    "obj": 69,
    "relax_obj": 51.0,
    "num_LCs": 45,
    "num_callbacks": 37,
    "num_CG_iterations": null,
    "num_columns": null,
    "num_nodes": null,
    "overall_time": 1200.013332605362,
    "callback_time": 1.7967352867126465,
    "subproblem_time": null,
    "mp_time": null,
    "inh_time": null,
    "ilp_time": null,
    "surgeon_schedule": {
        "0": [
            11,
            38
        ],
        "2": [
            40
        ],
        "3": [
            45
        ],
        "4": [
            28
        ],
        "5": [
            8
        ],
        "7": [
            4,
            49
        ],
        "8": [
            31
        ],
        "9": [
            21
        ],
        "10": [
            18
        ],
        "11": [
            0
        ]
    },
    "patient_schedule": {
        "0": 49,
        "1": 0,
        "2": 38,
        "3": 28,
        "5": 8,
        "9": 28,
        "11": 18,
        "13": 45,
        "14": 18,
        "15": 31,
        "20": 38,
        "22": 21,
        "24": 4,
        "26": 40,
        "27": 4,
        "32": 11,
        "33": 0,
        "34": 8,
        "35": 31,
        "36": 21,
        "37": 11,
        "38": 28,
        "39": 18,
        "40": 0,
        "41": 49,
        "42": 11,
        "43": 38,
        "46": 45,
        "47": 45,
        "50": 8,
        "53": 21,
        "54": 40,
        "55": 8,
        "57": 31
    },
    "instance": null,
    "parameters": null,
    "parameters_data": null,
    "patients": null,
    "capacity": null,
    "num_days": null,
    "num_ORs": null,
    "num_surgeons": null,
    "gap": 0.35294117647058826
}