{
    "proved_optimal": true,
    "obj": 63,
    "relax_obj": 62.5,
    "num_LCs": 125,
    "num_callbacks": 861,
    "num_CG_iterations": 20,
    "num_columns": 208,
    "num_nodes": 1,
    "overall_time": 24.951279401779175,
    "callback_time": 2.556187152862549,
    "subproblem_time": 20.52904486656189,
    "mp_time": 4.411746978759766,
    "inh_time": null,
    "ilp_time": 0.0,
    "surgeon_schedule": {
        "0": [
            42
        ],
        "2": [
            14
        ],
        "3": [
            31
        ],
        "4": [
            18
        ],
        "5": [
            20
        ],
        "7": [
            8,
            29
        ],
        "8": [
            25
        ],
        "9": [
            38
        ],
        "10": [
            1,
            49
        ],
        "11": [
            10
        ]
    },
    "patient_schedule": {
        "2": 42,
        "20": 42,
        "32": 42,
        "37": 42,
        "43": 42,
        "26": 14,
        "54": 14,
        "13": 31,
        "46": 31,
        "47": 31,
        "3": 18,
        "9": 18,
        "38": 18,
        "5": 20,
        "34": 20,
        "12": 8,
        "24": 8,
        "27": 8,
        "30": 8,
        "0": 29,
        "41": 29,
        "15": 25,
        "35": 25,
        "57": 25,
        "22": 38,
        "36": 38,
        "53": 38,
        "11": 1,
        "14": 1,
        "23": 1,
        "17": 49,
        "39": 49,
        "1": 10,
        "33": 10,
        "40": 10
    },
    "instance": null,
    "parameters": null,
    "parameters_data": null,
    "patients": null,
    "capacity": null,
    "num_days": null,
    "num_ORs": null,
    "num_surgeons": null,
    "initial_heuristics_time": 0.27907586097717285,
    "gap": 0.008
}