{
    "proved_optimal": false,
    "obj": 63,
    "relax_obj": 51.0,
    "num_LCs": 35,
    "num_callbacks": 22,
    "num_CG_iterations": null,
    "num_columns": null,
    "num_nodes": null,
    "overall_time": 1200.0356056690216,
    "callback_time": 1.269944190979004,
    "subproblem_time": null,
    "mp_time": null,
    "inh_time": null,
    "ilp_time": null,
    "surgeon_schedule": {
        "0": [
            22
        ],
        "2": [
            39
        ],
        "3": [
            41
        ],
        "4": [
            11
        ],
        "5": [
            29
        ],
        "7": [
            8,
            19
        ],
        "8": [
            48
        ],
        "9": [
            31
        ],
        "10": [
            1,
            17
        ],
        "11": [
            37
        ]
    },
    "patient_schedule": {
        "0": 8,
        "1": 37,
        "2": 22,
        "3": 11,
        "5": 29,
        "9": 11,
        "11": 1,
        "12": 19,
        "13": 41,
        "14": 1,
        "15": 48,
        "17": 17,
        "20": 22,
        "22": 31,
        "23": 17,
        "24": 8,
        "26": 39,
        "27": 19,
        "30": 8,
        "32": 22,
        "33": 37,
        "34": 29,
        "35": 48,
        "36": 31,
        "37": 22,
        "38": 11,
        "39": 1,
        "40": 37,
        "41": 8,
        "43": 22,
        "46": 41,
        "47": 41,
        "53": 31,
        "54": 39,
        "57": 48
    },
    "instance": null,
    "parameters": null,
    "parameters_data": null,
    "patients": null,
    "capacity": null,
    "num_days": null,
    "num_ORs": null,
    "num_surgeons": null,
    "gap": 0.23529411764705882
}