{
    "proved_optimal": false,
    "obj": 97,
    "relax_obj": 62.333333333333336,
    "num_LCs": 100,
    "num_callbacks": 43,
    "num_CG_iterations": null,
    "num_columns": null,
    "num_nodes": null,
    "overall_time": 1200.015928030014,
    "callback_time": 4.124998092651367,
    "subproblem_time": null,
    "mp_time": null,
    "inh_time": null,
    "ilp_time": null,
    "surgeon_schedule": {
        "2": [
            34,
            49
        ],
        "3": [
            25
        ],
        "4": [
            20
        ],
        "6": [
            23,
            47
        ],
        "9": [
            49
        ],
        "10": [
            30,
            45
        ],
        "11": [
            39
        ],
        "14": [
            6
        ],
        "15": [
            13,
            40
        ],
        "16": [
            38,
            41
        ],
        "17": [
            13,
            29,
            37
        ],
        "18": [
            3
        ],
        "19": [
            0,
            31
        ]
    },
    "patient_schedule": {
        "0": 23,
        "2": 45,
        "3": 23,
        "4": 41,
        "5": 30,
        "7": 34,
        "8": 45,
        "9": 37,
        "12": 13,
        "14": 37,
        "15": 13,
        "18": 0,
        "19": 13,
        "20": 49,
        "21": 39,
        "24": 23,
        "25": 38,
        "29": 13,
        "31": 38,
        "32": 49,
        "38": 38,
        "40": 13,
        "41": 3,
        "42": 41,
        "44": 20,
        "45": 13,
        "46": 3,
        "47": 13,
        "48": 6,
        "50": 41,
        "51": 31,
        "53": 6,
        "54": 29,
        "55": 3,
        "62": 3,
        "63": 13,
        "66": 47,
        "67": 6,
        "68": 49,
        "69": 41,
        "70": 34,
        "71": 30,
        "72": 25,
        "75": 34,
        "76": 20,
        "78": 38,
        "80": 40,
        "81": 6,
        "82": 13,
        "83": 23,
        "84": 41,
        "87": 31,
        "88": 31,
        "89": 25,
        "91": 23,
        "92": 45,
        "93": 25,
        "95": 49,
        "97": 13,
        "98": 6,
        "99": 37
    },
    "instance": null,
    "parameters": null,
    "parameters_data": null,
    "patients": null,
    "capacity": null,
    "num_days": null,
    "num_ORs": null,
    "num_surgeons": null,
    "gap": 0.5561497326203207
}