{
    "proved_optimal": true,
    "obj": 55,
    "relax_obj": 55.0,
    "num_LCs": 36,
    "num_callbacks": 649,
    "num_CG_iterations": 18,
    "num_columns": 198,
    "num_nodes": 1,
    "overall_time": 16.53908348083496,
    "callback_time": 1.490023136138916,
    "subproblem_time": 12.689258813858032,
    "mp_time": 3.8405377864837646,
    "inh_time": null,
    "ilp_time": 0.0,
    "surgeon_schedule": {
        "0": [
            14
        ],
        "1": [
            10,
            48
        ],
        "2": [
            38,
            44
        ],
        "3": [
            34
        ],
        "4": [
            9,
            19
        ],
        "6": [
            4
        ],
        "7": [
            30
        ],
        "8": [
            0,
            28
        ],
        "9": [
            21
        ],
        "11": [
            7,
            17,
            40
        ]
    },
    "patient_schedule": {
        "3": 14,
        "9": 14,
        "8": 10,
        "12": 10,
        "4": 48,
        "28": 48,
        "1": 38,
        "10": 38,
        "42": 38,
        "47": 44,
        "46": 34,
        "34": 9,
        "48": 9,
        "19": 19,
        "37": 19,
        "0": 4,
        "21": 4,
        "53": 4,
        "49": 30,
        "45": 0,
        "51": 0,
        "54": 0,
        "33": 28,
        "35": 28,
        "38": 28,
        "5": 21,
        "15": 21,
        "2": 7,
        "11": 17,
        "24": 17,
        "43": 17,
        "7": 40,
        "26": 40
    },
    "instance": null,
    "parameters": null,
    "parameters_data": null,
    "patients": null,
    "capacity": null,
    "num_days": null,
    "num_ORs": null,
    "num_surgeons": null,
    "initial_heuristics_time": 0.2590360641479492,
    "gap": 0.0
}