{
    "proved_optimal": true,
    "obj": 55,
    "relax_obj": 55.0,
    "num_LCs": 35,
    "num_callbacks": 612,
    "num_CG_iterations": 19,
    "num_columns": 197,
    "num_nodes": 3,
    "overall_time": 18.954042673110962,
    "callback_time": 0.978130578994751,
    "subproblem_time": 14.413215160369873,
    "mp_time": 4.521890878677368,
    "inh_time": null,
    "ilp_time": 0.0,
    "surgeon_schedule": {
        "0": [
            14
        ],
        "1": [
            17,
            21
        ],
        "2": [
            24,
            38
        ],
        "3": [
            10
        ],
        "4": [
            38
        ],
        "6": [
            4
        ],
        "7": [
            7
        ],
        "8": [
            0,
            28
        ],
        "9": [
            45
        ],
        "11": [
            9,
            19,
            49
        ]
    },
    "patient_schedule": {
        "3": 14,
        "9": 14,
        "8": 17,
        "12": 17,
        "4": 21,
        "28": 21,
        "47": 24,
        "1": 38,
        "10": 38,
        "42": 38,
        "46": 10,
        "19": 38,
        "34": 38,
        "37": 38,
        "48": 38,
        "0": 4,
        "21": 4,
        "53": 4,
        "49": 7,
        "45": 0,
        "51": 0,
        "54": 0,
        "33": 28,
        "35": 28,
        "38": 28,
        "5": 45,
        "15": 45,
        "2": 9,
        "7": 19,
        "26": 19,
        "11": 49,
        "24": 49,
        "43": 49
    },
    "instance": null,
    "parameters": null,
    "parameters_data": null,
    "patients": null,
    "capacity": null,
    "num_days": null,
    "num_ORs": null,
    "num_surgeons": null,
    "initial_heuristics_time": 0.25740504264831543,
    "gap": 0.0
}