{
    "proved_optimal": false,
    "obj": 55,
    "relax_obj": 41.0,
    "num_LCs": 19,
    "num_callbacks": 15,
    "num_CG_iterations": null,
    "num_columns": null,
    "num_nodes": null,
    "overall_time": 1200.0285215377808,
    "callback_time": 1.1634118556976318,
    "subproblem_time": null,
    "mp_time": null,
    "inh_time": null,
    "ilp_time": null,
    "surgeon_schedule": {
        "0": [
            20
        ],
        "1": [
            19,
            41
        ],
        "2": [
            9,
            31
        ],
        "3": [
            47
        ],
        "4": [
            0,
            49
        ],
        "6": [
            39
        ],
        "7": [
            37
        ],
        "8": [
            5,
            17
        ],
        "9": [
            11
        ],
        "11": [
            26
        ]
    },
    "patient_schedule": {
        "0": 39,
        "1": 31,
        "2": 26,
        "3": 20,
        "4": 41,
        "5": 11,
        "7": 26,
        "8": 19,
        "9": 20,
        "10": 31,
        "11": 26,
        "12": 19,
        "15": 11,
        "19": 49,
        "21": 39,
        "24": 26,
        "26": 26,
        "28": 41,
        "33": 5,
        "34": 0,
        "35": 5,
        "37": 49,
        "38": 5,
        "42": 31,
        "43": 26,
        "45": 17,
        "46": 47,
        "47": 9,
        "48": 0,
        "49": 37,
        "51": 17,
        "53": 39,
        "54": 17
    },
    "instance": null,
    "parameters": null,
    "parameters_data": null,
    "patients": null,
    "capacity": null,
    "num_days": null,
    "num_ORs": null,
    "num_surgeons": null,
    "gap": 0.34146341463414637
}