{
    "proved_optimal": false,
    "obj": 55,
    "relax_obj": 41.0,
    "num_LCs": 28,
    "num_callbacks": 28,
    "num_CG_iterations": null,
    "num_columns": null,
    "num_nodes": null,
    "overall_time": 1200.0116872787476,
    "callback_time": 1.3526175022125244,
    "subproblem_time": null,
    "mp_time": null,
    "inh_time": null,
    "ilp_time": null,
    "surgeon_schedule": {
        "0": [
            29
        ],
        "1": [
            6
        ],
        "2": [
            12
        ],
        "3": [
            49
        ],
        "4": [
            19,
            40
        ],
        "6": [
            30
        ],
        "7": [
            27
        ],
        "8": [
            21,
            39
        ],
        "9": [
            45
        ],
        "11": [
            0,
            35
        ]
    },
    "patient_schedule": {
        "0": 30,
        "1": 12,
        "2": 0,
        "3": 29,
        "4": 6,
        "5": 45,
        "7": 35,
        "8": 6,
        "9": 29,
        "10": 12,
        "11": 35,
        "12": 6,
        "15": 45,
        "19": 40,
        "21": 30,
        "24": 35,
        "26": 35,
        "28": 6,
        "33": 21,
        "34": 19,
        "35": 21,
        "37": 40,
        "38": 39,
        "42": 12,
        "43": 0,
        "45": 21,
        "46": 49,
        "47": 12,
        "48": 19,
        "49": 27,
        "51": 39,
        "53": 30,
        "54": 21
    },
    "instance": null,
    "parameters": null,
    "parameters_data": null,
    "patients": null,
    "capacity": null,
    "num_days": null,
    "num_ORs": null,
    "num_surgeons": null,
    "gap": 0.34146341463414637
}