{
    "proved_optimal": false,
    "obj": 111,
    "relax_obj": 47.75,
    "num_LCs": 63,
    "num_callbacks": 33,
    "num_CG_iterations": null,
    "num_columns": null,
    "num_nodes": null,
    "overall_time": 1200.0221102237701,
    "callback_time": 3.3909835815429688,
    "subproblem_time": null,
    "mp_time": null,
    "inh_time": null,
    "ilp_time": null,
    "surgeon_schedule": {
        "0": [
            14,
            37
        ],
        "2": [
            12,
            40
        ],
        "4": [
            29
        ],
        "5": [
            21
        ],
        "6": [
            45
        ],
        "7": [
            8,
            30
        ],
        "8": [
            18
        ],
        "9": [
            20,
            39,
            47
        ],
        "10": [
            1
        ],
        "11": [
            28
        ],
        "12": [
            3,
            24
        ],
        "13": [
            33
        ],
        "14": [
            19,
            27,
            34
        ],
        "15": [
            41
        ],
        "17": [
            49
        ],
        "18": [
            49
        ],
        "19": [
            10
        ]
    },
    "patient_schedule": {
        "0": 47,
        "1": 21,
        "7": 29,
        "8": 49,
        "9": 1,
        "10": 18,
        "11": 20,
        "12": 40,
        "13": 10,
        "15": 12,
        "18": 45,
        "19": 34,
        "21": 49,
        "22": 24,
        "23": 3,
        "24": 30,
        "26": 49,
        "27": 40,
        "31": 21,
        "32": 49,
        "33": 14,
        "34": 33,
        "35": 45,
        "37": 18,
        "38": 3,
        "39": 1,
        "40": 33,
        "41": 41,
        "43": 12,
        "44": 19,
        "46": 8,
        "47": 3,
        "48": 33,
        "49": 20,
        "51": 45,
        "52": 33,
        "53": 37,
        "54": 27,
        "55": 39,
        "57": 19,
        "58": 14,
        "61": 28,
        "62": 49,
        "63": 33,
        "64": 10,
        "65": 18,
        "66": 41,
        "68": 12,
        "70": 34,
        "73": 3,
        "77": 29,
        "79": 27,
        "82": 21,
        "83": 1,
        "87": 8,
        "91": 18,
        "93": 28,
        "94": 8,
        "95": 30,
        "96": 28
    },
    "instance": null,
    "parameters": null,
    "parameters_data": null,
    "patients": null,
    "capacity": null,
    "num_days": null,
    "num_ORs": null,
    "num_surgeons": null,
    "gap": 1.324607329842932
}