{
    "proved_optimal": true,
    "obj": 63,
    "relax_obj": 62.333333333333336,
    "num_LCs": 42,
    "num_callbacks": 555,
    "num_CG_iterations": 14,
    "num_columns": 162,
    "num_nodes": 1,
    "overall_time": 20.44246530532837,
    "callback_time": 1.0392811298370361,
    "subproblem_time": 17.544252395629883,
    "mp_time": 2.891200542449951,
    "inh_time": null,
    "ilp_time": 0.0,
    "surgeon_schedule": {
        "0": [
            19
        ],
        "2": [
            8,
            39
        ],
        "4": [
            11,
            49
        ],
        "6": [
            4,
            17,
            23,
            37
        ],
        "10": [
            0
        ],
        "12": [
            31
        ],
        "13": [
            42
        ]
    },
    "patient_schedule": {
        "23": 19,
        "29": 19,
        "9": 8,
        "32": 8,
        "46": 8,
        "24": 39,
        "4": 11,
        "10": 11,
        "49": 11,
        "18": 49,
        "1": 4,
        "38": 4,
        "0": 17,
        "40": 17,
        "2": 23,
        "5": 23,
        "35": 23,
        "13": 37,
        "20": 37,
        "14": 0,
        "33": 0,
        "17": 31,
        "21": 31,
        "47": 31,
        "28": 42,
        "34": 42
    },
    "instance": null,
    "parameters": null,
    "parameters_data": null,
    "patients": null,
    "capacity": null,
    "num_days": null,
    "num_ORs": null,
    "num_surgeons": null,
    "initial_heuristics_time": 0.2945435047149658,
    "gap": 0.010695187165775362
}