{
    "proved_optimal": true,
    "obj": 48,
    "relax_obj": 48.0,
    "num_LCs": 55,
    "num_callbacks": 1267,
    "num_CG_iterations": 33,
    "num_columns": 233,
    "num_nodes": 5,
    "overall_time": 59.829681396484375,
    "callback_time": 2.9022421836853027,
    "subproblem_time": 50.265610456466675,
    "mp_time": 9.53030252456665,
    "inh_time": null,
    "ilp_time": 0.0,
    "surgeon_schedule": {
        "0": [
            3
        ],
        "2": [
            20,
            41
        ],
        "5": [
            21,
            34
        ],
        "6": [
            18,
            41
        ],
        "8": [
            27,
            48
        ],
        "9": [
            10
        ]
    },
    "patient_schedule": {
        "2": 3,
        "10": 3,
        "39": 3,
        "46": 3,
        "48": 3,
        "7": 20,
        "13": 20,
        "12": 41,
        "41": 41,
        "47": 41,
        "17": 21,
        "22": 21,
        "29": 21,
        "15": 34,
        "21": 34,
        "26": 18,
        "37": 18,
        "38": 18,
        "3": 41,
        "31": 41,
        "49": 41,
        "28": 27,
        "40": 27,
        "5": 48,
        "23": 48,
        "8": 10,
        "9": 10
    },
    "instance": null,
    "parameters": null,
    "parameters_data": null,
    "patients": null,
    "capacity": null,
    "num_days": null,
    "num_ORs": null,
    "num_surgeons": null,
    "initial_heuristics_time": 0.5092356204986572,
    "gap": 0.0
}