{
    "proved_optimal": false,
    "obj": 51,
    "relax_obj": 25.76923076923077,
    "num_LCs": 27,
    "num_callbacks": 28,
    "num_CG_iterations": null,
    "num_columns": null,
    "num_nodes": null,
    "overall_time": 1200.055014371872,
    "callback_time": 1.4680473804473877,
    "subproblem_time": null,
    "mp_time": null,
    "inh_time": null,
    "ilp_time": null,
    "surgeon_schedule": {
        "0": [
            0
        ],
        "2": [
            29,
            40
        ],
        "3": [
            9
        ],
        "4": [
            18,
            39
        ],
        "7": [
            11
        ],
        "8": [
            32
        ],
        "9": [
            27,
            46
        ],
        "11": [
            5,
            21
        ]
    },
    "patient_schedule": {
        "0": 21,
        "2": 18,
        "3": 27,
        "4": 46,
        "5": 5,
        "6": 9,
        "7": 11,
        "9": 40,
        "11": 46,
        "15": 11,
        "16": 32,
        "18": 29,
        "19": 0,
        "20": 11,
        "21": 11,
        "22": 46,
        "23": 18,
        "28": 32,
        "29": 27,
        "31": 32,
        "32": 39,
        "33": 0,
        "38": 11,
        "39": 18,
        "40": 5,
        "41": 40,
        "44": 9,
        "45": 39,
        "46": 21,
        "49": 18
    },
    "instance": null,
    "parameters": null,
    "parameters_data": null,
    "patients": null,
    "capacity": null,
    "num_days": null,
    "num_ORs": null,
    "num_surgeons": null,
    "gap": 0.9791044776119402
}