{
    "proved_optimal": false,
    "obj": 58,
    "relax_obj": 25.76923076923077,
    "num_LCs": 42,
    "num_callbacks": 28,
    "num_CG_iterations": null,
    "num_columns": null,
    "num_nodes": null,
    "overall_time": 1200.0526654720306,
    "callback_time": 1.9964251518249512,
    "subproblem_time": null,
    "mp_time": null,
    "inh_time": null,
    "ilp_time": null,
    "surgeon_schedule": {
        "0": [
            8,
            45
        ],
        "1": [
            4
        ],
        "2": [
            36
        ],
        "3": [
            0
        ],
        "5": [
            18,
            30,
            40
        ],
        "6": [
            23
        ],
        "8": [
            11
        ],
        "9": [
            49
        ]
    },
    "patient_schedule": {
        "0": 18,
        "2": 45,
        "3": 23,
        "7": 36,
        "8": 49,
        "9": 49,
        "10": 8,
        "12": 36,
        "13": 36,
        "14": 0,
        "15": 30,
        "17": 40,
        "19": 11,
        "21": 18,
        "22": 18,
        "24": 4,
        "26": 23,
        "28": 11,
        "29": 30,
        "31": 23,
        "37": 23,
        "38": 23,
        "40": 11,
        "41": 36,
        "46": 8,
        "47": 36,
        "48": 45,
        "49": 23
    },
    "instance": null,
    "parameters": null,
    "parameters_data": null,
    "patients": null,
    "capacity": null,
    "num_days": null,
    "num_ORs": null,
    "num_surgeons": null,
    "gap": 1.2507462686567161
}