{
    "proved_optimal": true,
    "obj": 51,
    "relax_obj": 51.0,
    "num_LCs": 198,
    "num_callbacks": 1586,
    "num_CG_iterations": 39,
    "num_columns": 255,
    "num_nodes": 19,
    "overall_time": 32.353092193603516,
    "callback_time": 3.6012141704559326,
    "subproblem_time": 19.99278712272644,
    "mp_time": 12.297558069229126,
    "inh_time": null,
    "ilp_time": 0.0,
    "surgeon_schedule": {
        "0": [
            47
        ],
        "2": [
            10,
            34
        ],
        "3": [
            24,
            44
        ],
        "4": [
            9,
            20,
            37
        ],
        "5": [
            21
        ],
        "7": [
            4,
            41
        ],
        "8": [
            16,
            39
        ],
        "9": [
            4,
            38
        ],
        "11": [
            29
        ]
    },
    "patient_schedule": {
        "19": 47,
        "33": 47,
        "18": 10,
        "9": 34,
        "41": 34,
        "6": 24,
        "44": 24,
        "27": 44,
        "39": 9,
        "45": 9,
        "32": 20,
        "49": 20,
        "2": 37,
        "23": 37,
        "10": 21,
        "48": 21,
        "7": 4,
        "15": 4,
        "20": 41,
        "21": 41,
        "24": 41,
        "38": 41,
        "16": 16,
        "28": 16,
        "31": 16,
        "43": 39,
        "4": 4,
        "29": 4,
        "3": 38,
        "11": 38,
        "0": 29,
        "40": 29
    },
    "instance": null,
    "parameters": null,
    "parameters_data": null,
    "patients": null,
    "capacity": null,
    "num_days": null,
    "num_ORs": null,
    "num_surgeons": null,
    "initial_heuristics_time": 0.258974552154541,
    "gap": 0.0
}