{
    "proved_optimal": true,
    "obj": 70,
    "relax_obj": 69.5,
    "num_LCs": 76,
    "num_callbacks": 956,
    "num_CG_iterations": 23,
    "num_columns": 207,
    "num_nodes": 5,
    "overall_time": 33.33951234817505,
    "callback_time": 2.1991279125213623,
    "subproblem_time": 27.07497525215149,
    "mp_time": 6.249223470687866,
    "inh_time": null,
    "ilp_time": 0.0,
    "surgeon_schedule": {
        "1": [
            45
        ],
        "2": [
            8,
            13,
            24,
            30,
            41
        ],
        "3": [
            4,
            28
        ],
        "4": [
            48
        ],
        "5": [
            19,
            35
        ],
        "6": [
            0,
            21
        ],
        "7": [
            30,
            49
        ],
        "10": [
            10,
            39,
            40
        ]
    },
    "patient_schedule": {
        "22": 45,
        "24": 45,
        "43": 45,
        "37": 8,
        "53": 8,
        "3": 13,
        "46": 13,
        "21": 24,
        "16": 30,
        "55": 30,
        "33": 41,
        "48": 41,
        "49": 41,
        "13": 4,
        "27": 4,
        "51": 4,
        "0": 28,
        "2": 28,
        "12": 48,
        "31": 48,
        "7": 19,
        "40": 19,
        "28": 35,
        "38": 35,
        "6": 0,
        "15": 0,
        "14": 21,
        "47": 21,
        "52": 30,
        "54": 30,
        "4": 49,
        "57": 49,
        "41": 10,
        "26": 39,
        "50": 39,
        "35": 40,
        "56": 40
    },
    "instance": null,
    "parameters": null,
    "parameters_data": null,
    "patients": null,
    "capacity": null,
    "num_days": null,
    "num_ORs": null,
    "num_surgeons": null,
    "initial_heuristics_time": 0.26787376403808594,
    "gap": 0.007194244604316547
}