{
    "proved_optimal": false,
    "obj": 70,
    "relax_obj": 44.2,
    "num_LCs": 49,
    "num_callbacks": 41,
    "num_CG_iterations": null,
    "num_columns": null,
    "num_nodes": null,
    "overall_time": 1200.054569721222,
    "callback_time": 4.047174453735352,
    "subproblem_time": null,
    "mp_time": null,
    "inh_time": null,
    "ilp_time": null,
    "surgeon_schedule": {
        "1": [
            38
        ],
        "2": [
            19,
            28
        ],
        "3": [
            12
        ],
        "4": [
            31
        ],
        "5": [
            41
        ],
        "6": [
            0
        ],
        "7": [
            21
        ],
        "8": [
            48
        ],
        "10": [
            6
        ]
    },
    "patient_schedule": {
        "0": 12,
        "1": 48,
        "2": 12,
        "4": 21,
        "7": 41,
        "12": 31,
        "13": 12,
        "15": 0,
        "16": 19,
        "21": 28,
        "22": 38,
        "23": 48,
        "24": 38,
        "26": 6,
        "27": 12,
        "29": 48,
        "31": 31,
        "33": 19,
        "35": 6,
        "37": 19,
        "38": 41,
        "40": 41,
        "41": 6,
        "43": 38,
        "46": 28,
        "47": 0,
        "49": 19,
        "50": 6,
        "51": 12,
        "52": 21,
        "54": 21,
        "56": 6,
        "57": 21
    },
    "instance": null,
    "parameters": null,
    "parameters_data": null,
    "patients": null,
    "capacity": null,
    "num_days": null,
    "num_ORs": null,
    "num_surgeons": null,
    "gap": 0.5837104072398189
}