{
    "proved_optimal": false,
    "obj": 51,
    "relax_obj": 25.76923076923077,
    "num_LCs": 17,
    "num_callbacks": 18,
    "num_CG_iterations": null,
    "num_columns": null,
    "num_nodes": null,
    "overall_time": 1200.033662557602,
    "callback_time": 1.3956117630004883,
    "subproblem_time": null,
    "mp_time": null,
    "inh_time": null,
    "ilp_time": null,
    "surgeon_schedule": {
        "0": [
            9
        ],
        "2": [
            7,
            10
        ],
        "3": [
            19
        ],
        "4": [
            1,
            49
        ],
        "7": [
            15
        ],
        "8": [
            42
        ],
        "9": [
            33
        ],
        "11": [
            23
        ]
    },
    "patient_schedule": {
        "0": 23,
        "2": 1,
        "3": 33,
        "4": 33,
        "5": 23,
        "6": 19,
        "7": 15,
        "9": 7,
        "11": 33,
        "15": 15,
        "16": 42,
        "18": 10,
        "19": 9,
        "20": 15,
        "21": 15,
        "22": 33,
        "23": 1,
        "28": 42,
        "29": 33,
        "31": 42,
        "32": 1,
        "33": 9,
        "38": 15,
        "39": 49,
        "40": 23,
        "41": 7,
        "44": 19,
        "45": 49,
        "46": 23,
        "49": 1
    },
    "instance": null,
    "parameters": null,
    "parameters_data": null,
    "patients": null,
    "capacity": null,
    "num_days": null,
    "num_ORs": null,
    "num_surgeons": null,
    "gap": 0.9791044776119402
}