{
    "proved_optimal": true,
    "obj": 70,
    "relax_obj": 69.5,
    "num_LCs": 87,
    "num_callbacks": 1094,
    "num_CG_iterations": 27,
    "num_columns": 232,
    "num_nodes": 9,
    "overall_time": 50.722631216049194,
    "callback_time": 1.8595311641693115,
    "subproblem_time": 42.342124223709106,
    "mp_time": 8.34613847732544,
    "inh_time": null,
    "ilp_time": 0.0,
    "surgeon_schedule": {
        "1": [
            1
        ],
        "2": [
            9,
            10
        ],
        "3": [
            4,
            28
        ],
        "4": [
            48
        ],
        "5": [
            7,
            21
        ],
        "6": [
            10
        ],
        "7": [
            39,
            40
        ],
        "8": [
            18
        ],
        "10": [
            9,
            27,
            30
        ]
    },
    "patient_schedule": {
        "22": 1,
        "24": 1,
        "43": 1,
        "37": 9,
        "55": 9,
        "21": 10,
        "33": 10,
        "49": 10,
        "13": 4,
        "27": 4,
        "51": 4,
        "0": 28,
        "2": 28,
        "12": 48,
        "31": 48,
        "28": 7,
        "7": 21,
        "38": 21,
        "40": 21,
        "15": 10,
        "47": 10,
        "4": 39,
        "57": 39,
        "52": 40,
        "54": 40,
        "1": 18,
        "23": 18,
        "29": 18,
        "26": 9,
        "50": 9,
        "35": 27,
        "56": 27,
        "41": 30
    },
    "instance": null,
    "parameters": null,
    "parameters_data": null,
    "patients": null,
    "capacity": null,
    "num_days": null,
    "num_ORs": null,
    "num_surgeons": null,
    "initial_heuristics_time": 0.26818394660949707,
    "gap": 0.007194244604316547
}