{
    "proved_optimal": false,
    "obj": 65,
    "relax_obj": 25.76923076923077,
    "num_LCs": 34,
    "num_callbacks": 36,
    "num_CG_iterations": null,
    "num_columns": null,
    "num_nodes": null,
    "overall_time": 1200.0180282592773,
    "callback_time": 1.8960402011871338,
    "subproblem_time": null,
    "mp_time": null,
    "inh_time": null,
    "ilp_time": null,
    "surgeon_schedule": {
        "0": [
            20
        ],
        "2": [
            11
        ],
        "4": [
            28,
            30
        ],
        "5": [
            19
        ],
        "6": [
            3,
            24,
            48
        ],
        "10": [
            17
        ],
        "11": [
            36
        ],
        "12": [
            41
        ]
    },
    "patient_schedule": {
        "0": 3,
        "1": 3,
        "2": 24,
        "4": 28,
        "5": 48,
        "7": 36,
        "8": 11,
        "9": 11,
        "10": 28,
        "11": 36,
        "13": 3,
        "14": 17,
        "17": 41,
        "18": 30,
        "20": 3,
        "21": 41,
        "22": 36,
        "23": 20,
        "24": 11,
        "26": 19,
        "29": 20,
        "30": 19,
        "33": 17,
        "35": 3,
        "38": 48,
        "40": 24,
        "44": 19,
        "47": 41,
        "49": 28
    },
    "instance": null,
    "parameters": null,
    "parameters_data": null,
    "patients": null,
    "capacity": null,
    "num_days": null,
    "num_ORs": null,
    "num_surgeons": null,
    "gap": 1.5223880597014923
}