{
    "proved_optimal": true,
    "obj": 94,
    "relax_obj": 93.2,
    "num_LCs": 60,
    "num_callbacks": 913,
    "num_CG_iterations": 15,
    "num_columns": 261,
    "num_nodes": 1,
    "overall_time": 29.360836029052734,
    "callback_time": 1.6885812282562256,
    "subproblem_time": 24.894808292388916,
    "mp_time": 4.451235771179199,
    "inh_time": null,
    "ilp_time": 0.0,
    "surgeon_schedule": {
        "0": [
            46
        ],
        "2": [
            2,
            17
        ],
        "4": [
            9,
            34
        ],
        "5": [
            18,
            48
        ],
        "6": [
            14,
            34
        ],
        "7": [
            21,
            40
        ],
        "8": [
            37,
            44
        ],
        "9": [
            10
        ],
        "10": [
            21
        ],
        "11": [
            2
        ],
        "13": [
            14,
            27,
            38,
            40
        ],
        "14": [
            9,
            19,
            28,
            30
        ],
        "15": [
            10
        ],
        "17": [
            39
        ],
        "18": [
            29
        ],
        "19": [
            30
        ]
    },
    "patient_schedule": {
        "5": 46,
        "33": 46,
        "53": 46,
        "58": 46,
        "15": 2,
        "43": 2,
        "68": 2,
        "12": 17,
        "27": 17,
        "7": 9,
        "77": 9,
        "71": 34,
        "2": 18,
        "20": 18,
        "1": 48,
        "31": 48,
        "82": 48,
        "18": 14,
        "35": 34,
        "51": 34,
        "87": 21,
        "95": 21,
        "24": 40,
        "46": 40,
        "94": 40,
        "65": 37,
        "91": 37,
        "10": 44,
        "37": 44,
        "11": 10,
        "49": 10,
        "9": 21,
        "39": 21,
        "83": 21,
        "30": 2,
        "61": 2,
        "93": 2,
        "96": 2,
        "63": 14,
        "48": 27,
        "34": 38,
        "40": 38,
        "52": 40,
        "89": 40,
        "44": 9,
        "70": 9,
        "54": 19,
        "79": 19,
        "29": 28,
        "57": 28,
        "19": 30,
        "86": 30,
        "66": 10,
        "8": 39,
        "62": 39,
        "21": 29,
        "26": 29,
        "32": 29,
        "13": 30,
        "64": 30
    },
    "instance": null,
    "parameters": null,
    "parameters_data": null,
    "patients": null,
    "capacity": null,
    "num_days": null,
    "num_ORs": null,
    "num_surgeons": null,
    "initial_heuristics_time": 0.4571397304534912,
    "gap": 0.008583690987124432
}