{
    "proved_optimal": true,
    "obj": 48,
    "relax_obj": 48.0,
    "num_LCs": 62,
    "num_callbacks": 997,
    "num_CG_iterations": 27,
    "num_columns": 210,
    "num_nodes": 3,
    "overall_time": 53.753220319747925,
    "callback_time": 1.6903564929962158,
    "subproblem_time": 47.280502796173096,
    "mp_time": 6.451231241226196,
    "inh_time": null,
    "ilp_time": 0.0,
    "surgeon_schedule": {
        "0": [
            3
        ],
        "2": [
            11,
            40
        ],
        "5": [
            11,
            30
        ],
        "6": [
            19,
            26
        ],
        "8": [
            17,
            48
        ],
        "9": [
            36
        ]
    },
    "patient_schedule": {
        "2": 3,
        "10": 3,
        "39": 3,
        "46": 3,
        "48": 3,
        "13": 11,
        "41": 11,
        "47": 11,
        "7": 40,
        "12": 40,
        "17": 11,
        "21": 11,
        "22": 11,
        "15": 30,
        "29": 30,
        "26": 19,
        "31": 19,
        "38": 19,
        "3": 26,
        "37": 26,
        "49": 26,
        "28": 17,
        "40": 17,
        "5": 48,
        "23": 48,
        "8": 36,
        "9": 36,
        "32": 36,
        "35": 36
    },
    "instance": null,
    "parameters": null,
    "parameters_data": null,
    "patients": null,
    "capacity": null,
    "num_days": null,
    "num_ORs": null,
    "num_surgeons": null,
    "initial_heuristics_time": 0.2332162857055664,
    "gap": 0.0
}