{
    "proved_optimal": true,
    "obj": 51,
    "relax_obj": 51.0,
    "num_LCs": 34,
    "num_callbacks": 3544,
    "num_CG_iterations": 333,
    "num_columns": 326,
    "num_nodes": 13,
    "overall_time": 130.11847567558289,
    "callback_time": 5.281565427780151,
    "subproblem_time": 57.58285045623779,
    "mp_time": 72.38314533233643,
    "inh_time": null,
    "ilp_time": 0.0,
    "surgeon_schedule": {
        "0": [
            14,
            34
        ],
        "2": [
            10,
            40
        ],
        "3": [
            4
        ],
        "4": [
            21,
            30
        ],
        "5": [
            48
        ],
        "7": [
            17,
            40
        ],
        "8": [
            6,
            44
        ],
        "9": [
            28,
            38
        ],
        "11": [
            0
        ]
    },
    "patient_schedule": {
        "12": 14,
        "33": 14,
        "19": 34,
        "18": 10,
        "9": 40,
        "41": 40,
        "6": 4,
        "44": 4,
        "2": 21,
        "23": 21,
        "39": 21,
        "45": 21,
        "32": 30,
        "49": 30,
        "10": 48,
        "48": 48,
        "15": 17,
        "21": 17,
        "7": 40,
        "20": 40,
        "38": 40,
        "16": 6,
        "28": 6,
        "31": 6,
        "43": 44,
        "3": 28,
        "4": 28,
        "22": 28,
        "11": 38,
        "29": 38,
        "0": 0,
        "40": 0
    },
    "instance": null,
    "parameters": null,
    "parameters_data": null,
    "patients": null,
    "capacity": null,
    "num_days": null,
    "num_ORs": null,
    "num_surgeons": null,
    "initial_heuristics_time": 0.25980234146118164,
    "gap": 0.0
}