{
    "proved_optimal": true,
    "obj": 51,
    "relax_obj": 51.0,
    "num_LCs": 30,
    "num_callbacks": 1202,
    "num_CG_iterations": 35,
    "num_columns": 268,
    "num_nodes": 15,
    "overall_time": 28.4350323677063,
    "callback_time": 1.7119073867797852,
    "subproblem_time": 17.33568286895752,
    "mp_time": 11.05215072631836,
    "inh_time": null,
    "ilp_time": 0.0,
    "surgeon_schedule": {
        "0": [
            14
        ],
        "2": [
            17,
            29
        ],
        "3": [
            0
        ],
        "4": [
            8,
            10
        ],
        "5": [
            1
        ],
        "7": [
            4,
            19,
            37
        ],
        "9": [
            4,
            31,
            44
        ],
        "11": [
            24
        ]
    },
    "patient_schedule": {
        "19": 14,
        "33": 14,
        "9": 17,
        "41": 17,
        "18": 29,
        "6": 0,
        "44": 0,
        "2": 8,
        "23": 8,
        "39": 8,
        "45": 8,
        "32": 10,
        "49": 10,
        "10": 1,
        "48": 1,
        "20": 4,
        "21": 4,
        "38": 4,
        "7": 19,
        "15": 19,
        "24": 37,
        "3": 4,
        "29": 4,
        "4": 31,
        "11": 31,
        "22": 44,
        "0": 24,
        "40": 24
    },
    "instance": null,
    "parameters": null,
    "parameters_data": null,
    "patients": null,
    "capacity": null,
    "num_days": null,
    "num_ORs": null,
    "num_surgeons": null,
    "initial_heuristics_time": 0.2488868236541748,
    "gap": 0.0
}