{
    "proved_optimal": false,
    "obj": 70,
    "relax_obj": 44.2,
    "num_LCs": 45,
    "num_callbacks": 36,
    "num_CG_iterations": null,
    "num_columns": null,
    "num_nodes": null,
    "overall_time": 1200.0374593734741,
    "callback_time": 1.8203907012939453,
    "subproblem_time": null,
    "mp_time": null,
    "inh_time": null,
    "ilp_time": null,
    "surgeon_schedule": {
        "1": [
            35
        ],
        "2": [
            11
        ],
        "3": [
            18,
            39
        ],
        "5": [
            21
        ],
        "6": [
            28,
            44
        ],
        "7": [
            30,
            40
        ],
        "8": [
            9,
            48
        ],
        "10": [
            2
        ]
    },
    "patient_schedule": {
        "0": 18,
        "1": 48,
        "2": 18,
        "4": 30,
        "6": 44,
        "7": 21,
        "9": 9,
        "13": 39,
        "14": 28,
        "15": 44,
        "21": 11,
        "22": 35,
        "23": 48,
        "24": 35,
        "26": 2,
        "27": 39,
        "29": 48,
        "33": 11,
        "35": 2,
        "37": 11,
        "38": 21,
        "40": 21,
        "41": 2,
        "43": 35,
        "47": 28,
        "49": 11,
        "50": 2,
        "51": 39,
        "52": 40,
        "54": 40,
        "55": 11,
        "56": 2,
        "57": 30
    },
    "instance": null,
    "parameters": null,
    "parameters_data": null,
    "patients": null,
    "capacity": null,
    "num_days": null,
    "num_ORs": null,
    "num_surgeons": null,
    "gap": 0.5837104072398189
}