{
    "proved_optimal": false,
    "obj": 48,
    "relax_obj": 27.076923076923077,
    "num_LCs": 27,
    "num_callbacks": 26,
    "num_CG_iterations": null,
    "num_columns": null,
    "num_nodes": null,
    "overall_time": 1200.022659778595,
    "callback_time": 1.3959753513336182,
    "subproblem_time": null,
    "mp_time": null,
    "inh_time": null,
    "ilp_time": null,
    "surgeon_schedule": {
        "0": [
            10,
            35
        ],
        "2": [
            43
        ],
        "3": [
            25,
            39
        ],
        "4": [
            19
        ],
        "5": [
            15
        ],
        "6": [
            0
        ],
        "7": [
            29
        ],
        "8": [
            5,
            30
        ],
        "9": [
            20
        ],
        "11": [
            9
        ]
    },
    "patient_schedule": {
        "0": 30,
        "1": 20,
        "3": 0,
        "6": 43,
        "8": 29,
        "9": 9,
        "10": 25,
        "11": 25,
        "13": 9,
        "14": 43,
        "15": 43,
        "18": 0,
        "19": 10,
        "20": 5,
        "21": 35,
        "22": 5,
        "25": 30,
        "26": 20,
        "28": 15,
        "31": 35,
        "33": 19,
        "36": 15,
        "37": 9,
        "38": 20,
        "39": 39,
        "43": 43,
        "44": 15
    },
    "instance": null,
    "parameters": null,
    "parameters_data": null,
    "patients": null,
    "capacity": null,
    "num_days": null,
    "num_ORs": null,
    "num_surgeons": null,
    "gap": 0.7727272727272727
}