{
    "proved_optimal": false,
    "obj": 43,
    "relax_obj": 27.076923076923077,
    "num_LCs": 19,
    "num_callbacks": 21,
    "num_CG_iterations": null,
    "num_columns": null,
    "num_nodes": null,
    "overall_time": 1200.0215339660645,
    "callback_time": 0.8369510173797607,
    "subproblem_time": null,
    "mp_time": null,
    "inh_time": null,
    "ilp_time": null,
    "surgeon_schedule": {
        "0": [
            37,
            45
        ],
        "2": [
            2,
            10
        ],
        "3": [
            28,
            39
        ],
        "5": [
            31
        ],
        "6": [
            18,
            40
        ],
        "8": [
            14,
            21
        ],
        "9": [
            9
        ],
        "11": [
            49
        ]
    },
    "patient_schedule": {
        "0": 14,
        "1": 9,
        "3": 18,
        "6": 2,
        "9": 49,
        "10": 28,
        "11": 28,
        "12": 40,
        "13": 49,
        "14": 2,
        "15": 2,
        "18": 40,
        "19": 37,
        "20": 21,
        "21": 45,
        "22": 21,
        "25": 14,
        "26": 9,
        "28": 31,
        "31": 45,
        "34": 18,
        "36": 31,
        "37": 49,
        "38": 9,
        "39": 39,
        "43": 10,
        "44": 31
    },
    "instance": null,
    "parameters": null,
    "parameters_data": null,
    "patients": null,
    "capacity": null,
    "num_days": null,
    "num_ORs": null,
    "num_surgeons": null,
    "gap": 0.5880681818181819
}