{
    "proved_optimal": false,
    "obj": 47,
    "relax_obj": 27.076923076923077,
    "num_LCs": 18,
    "num_callbacks": 24,
    "num_CG_iterations": null,
    "num_columns": null,
    "num_nodes": null,
    "overall_time": 1200.0188176631927,
    "callback_time": 1.0583839416503906,
    "subproblem_time": null,
    "mp_time": null,
    "inh_time": null,
    "ilp_time": null,
    "surgeon_schedule": {
        "0": [
            39
        ],
        "2": [
            35
        ],
        "3": [
            49
        ],
        "6": [
            1
        ],
        "7": [
            30
        ],
        "8": [
            12
        ],
        "10": [
            26
        ],
        "11": [
            19,
            20
        ],
        "12": [
            42
        ],
        "13": [
            8
        ]
    },
    "patient_schedule": {
        "0": 42,
        "3": 1,
        "4": 42,
        "5": 35,
        "9": 12,
        "10": 26,
        "11": 12,
        "13": 12,
        "15": 1,
        "16": 42,
        "18": 30,
        "19": 49,
        "20": 20,
        "21": 26,
        "24": 30,
        "25": 30,
        "26": 39,
        "29": 12,
        "32": 39,
        "33": 8,
        "34": 26,
        "36": 1,
        "37": 20,
        "38": 12,
        "41": 8,
        "43": 19
    },
    "instance": null,
    "parameters": null,
    "parameters_data": null,
    "patients": null,
    "capacity": null,
    "num_days": null,
    "num_ORs": null,
    "num_surgeons": null,
    "gap": 0.7357954545454546
}