{
    "proved_optimal": true,
    "obj": 45,
    "relax_obj": 45.0,
    "num_LCs": 71,
    "num_callbacks": 1174,
    "num_CG_iterations": 35,
    "num_columns": 230,
    "num_nodes": 11,
    "overall_time": 78.41455507278442,
    "callback_time": 2.010779619216919,
    "subproblem_time": 69.37681579589844,
    "mp_time": 8.986536264419556,
    "inh_time": null,
    "ilp_time": 0.0,
    "surgeon_schedule": {
        "0": [
            9,
            18,
            20
        ],
        "1": [
            1
        ],
        "2": [
            7,
            10,
            40
        ],
        "3": [
            14
        ],
        "4": [
            24
        ],
        "6": [
            33
        ],
        "7": [
            27,
            48
        ],
        "9": [
            29,
            44
        ]
    },
    "patient_schedule": {
        "10": 9,
        "8": 18,
        "24": 18,
        "27": 18,
        "11": 20,
        "1": 1,
        "16": 1,
        "26": 1,
        "0": 7,
        "15": 10,
        "20": 40,
        "28": 40,
        "18": 14,
        "32": 14,
        "3": 24,
        "38": 24,
        "14": 33,
        "33": 33,
        "34": 33,
        "39": 33,
        "19": 27,
        "9": 48,
        "12": 48,
        "13": 48,
        "35": 48,
        "43": 29,
        "21": 44,
        "36": 44
    },
    "instance": null,
    "parameters": null,
    "parameters_data": null,
    "patients": null,
    "capacity": null,
    "num_days": null,
    "num_ORs": null,
    "num_surgeons": null,
    "initial_heuristics_time": 0.23212814331054688,
    "gap": 0.0
}