{
    "proved_optimal": true,
    "obj": 45,
    "relax_obj": 45.0,
    "num_LCs": 67,
    "num_callbacks": 1065,
    "num_CG_iterations": 30,
    "num_columns": 210,
    "num_nodes": 7,
    "overall_time": 71.6439197063446,
    "callback_time": 2.7417781352996826,
    "subproblem_time": 63.208447217941284,
    "mp_time": 8.398349046707153,
    "inh_time": null,
    "ilp_time": 0.0,
    "surgeon_schedule": {
        "0": [
            10,
            26,
            47
        ],
        "1": [
            48
        ],
        "2": [
            19,
            28
        ],
        "3": [
            10
        ],
        "4": [
            34
        ],
        "6": [
            43
        ],
        "7": [
            0,
            14,
            30
        ],
        "9": [
            17,
            20
        ]
    },
    "patient_schedule": {
        "10": 10,
        "8": 26,
        "11": 26,
        "41": 26,
        "24": 47,
        "1": 48,
        "16": 48,
        "26": 48,
        "20": 19,
        "0": 28,
        "15": 28,
        "28": 28,
        "18": 10,
        "32": 10,
        "3": 34,
        "38": 34,
        "14": 43,
        "33": 43,
        "34": 43,
        "39": 43,
        "19": 0,
        "9": 14,
        "35": 14,
        "12": 30,
        "13": 30,
        "43": 17,
        "21": 20,
        "36": 20
    },
    "instance": null,
    "parameters": null,
    "parameters_data": null,
    "patients": null,
    "capacity": null,
    "num_days": null,
    "num_ORs": null,
    "num_surgeons": null,
    "initial_heuristics_time": 0.24580788612365723,
    "gap": 0.0
}