{
    "proved_optimal": false,
    "obj": 144,
    "relax_obj": 89.75,
    "num_LCs": 295,
    "num_callbacks": 57,
    "num_CG_iterations": null,
    "num_columns": null,
    "num_nodes": null,
    "overall_time": 1200.0131795406342,
    "callback_time": 9.7389497756958,
    "subproblem_time": null,
    "mp_time": null,
    "inh_time": null,
    "ilp_time": null,
    "surgeon_schedule": {
        "0": [
            32,
            49
        ],
        "1": [
            44
        ],
        "2": [
            8,
            21,
            39
        ],
        "3": [
            10,
            36
        ],
        "4": [
            8,
            40
        ],
        "5": [
            21,
            40
        ],
        "6": [
            42
        ],
        "7": [
            11,
            30,
            49
        ],
        "8": [
            1,
            10,
            37,
            43
        ],
        "9": [
            6,
            38
        ],
        "10": [
            0,
            18,
            20,
            30,
            46
        ],
        "11": [
            28
        ],
        "13": [
            1,
            28,
            31
        ],
        "14": [
            11,
            21
        ],
        "15": [
            9,
            16,
            29,
            34,
            47
        ],
        "16": [
            16
        ],
        "17": [
            18,
            25
        ],
        "18": [
            28,
            39
        ],
        "19": [
            2
        ]
    },
    "patient_schedule": {
        "1": 6,
        "3": 39,
        "5": 16,
        "6": 18,
        "7": 38,
        "8": 36,
        "9": 46,
        "10": 32,
        "11": 38,
        "12": 8,
        "14": 16,
        "15": 49,
        "16": 0,
        "17": 10,
        "18": 31,
        "19": 40,
        "20": 1,
        "21": 18,
        "22": 30,
        "25": 21,
        "28": 42,
        "31": 10,
        "32": 8,
        "33": 10,
        "34": 28,
        "35": 16,
        "37": 46,
        "39": 37,
        "40": 18,
        "41": 16,
        "43": 46,
        "44": 20,
        "45": 9,
        "46": 21,
        "47": 28,
        "48": 6,
        "49": 44,
        "51": 11,
        "52": 37,
        "53": 11,
        "54": 28,
        "56": 49,
        "57": 28,
        "58": 28,
        "62": 0,
        "63": 47,
        "65": 21,
        "66": 16,
        "67": 18,
        "70": 30,
        "71": 39,
        "72": 16,
        "75": 8,
        "78": 42,
        "82": 28,
        "83": 16,
        "86": 21,
        "87": 21,
        "88": 21,
        "89": 43,
        "91": 40,
        "92": 49,
        "94": 28,
        "95": 2,
        "96": 42,
        "98": 46,
        "99": 47,
        "100": 11,
        "102": 8,
        "103": 25,
        "105": 21,
        "106": 36,
        "107": 44,
        "108": 2,
        "112": 16,
        "113": 28,
        "114": 0,
        "115": 28,
        "116": 18,
        "118": 21,
        "120": 6,
        "124": 30,
        "125": 40,
        "127": 6,
        "128": 38,
        "129": 32,
        "130": 1,
        "132": 28,
        "133": 32,
        "134": 2,
        "135": 1,
        "139": 34,
        "140": 40,
        "141": 18,
        "142": 32,
        "143": 43,
        "144": 18,
        "145": 49,
        "146": 36,
        "147": 1,
        "150": 8,
        "153": 43,
        "154": 39,
        "155": 25,
        "156": 29,
        "157": 38,
        "158": 40,
        "160": 8,
        "161": 20,
        "162": 36,
        "163": 10,
        "164": 31,
        "166": 6,
        "167": 28,
        "168": 18,
        "169": 2,
        "172": 43,
        "173": 21,
        "174": 11,
        "175": 18,
        "181": 47,
        "182": 25,
        "183": 10,
        "184": 42
    },
    "instance": null,
    "parameters": null,
    "parameters_data": null,
    "patients": null,
    "capacity": null,
    "num_days": null,
    "num_ORs": null,
    "num_surgeons": null,
    "gap": 0.6044568245125348
}