{
    "proved_optimal": false,
    "obj": 189,
    "relax_obj": 89.75,
    "num_LCs": 204,
    "num_callbacks": 36,
    "num_CG_iterations": null,
    "num_columns": null,
    "num_nodes": null,
    "overall_time": 1200.0105602741241,
    "callback_time": 4.649350166320801,
    "subproblem_time": null,
    "mp_time": null,
    "inh_time": null,
    "ilp_time": null,
    "surgeon_schedule": {
        "0": [
            0,
            18,
            33
        ],
        "1": [
            20
        ],
        "2": [
            0,
            10,
            31
        ],
        "3": [
            43
        ],
        "4": [
            14,
            26
        ],
        "5": [
            19,
            41
        ],
        "6": [
            10,
            38,
            48
        ],
        "7": [
            28
        ],
        "8": [
            6,
            14,
            24,
            38
        ],
        "9": [
            8,
            21
        ],
        "10": [
            9,
            37,
            43
        ],
        "11": [
            4,
            10,
            20,
            39
        ],
        "12": [
            0
        ],
        "13": [
            15,
            29,
            30
        ],
        "14": [
            29,
            34
        ],
        "15": [
            14,
            42
        ],
        "16": [
            7,
            17,
            27,
            34
        ],
        "17": [
            6,
            22
        ],
        "18": [
            19,
            30,
            49
        ],
        "19": [
            1,
            18
        ]
    },
    "patient_schedule": {
        "0": 4,
        "1": 21,
        "3": 0,
        "5": 42,
        "7": 8,
        "8": 43,
        "9": 43,
        "10": 18,
        "11": 21,
        "12": 26,
        "14": 42,
        "15": 28,
        "16": 43,
        "17": 43,
        "19": 26,
        "20": 15,
        "21": 22,
        "22": 37,
        "28": 48,
        "29": 33,
        "31": 38,
        "32": 31,
        "33": 43,
        "34": 20,
        "35": 7,
        "39": 14,
        "40": 22,
        "41": 34,
        "43": 43,
        "44": 43,
        "46": 34,
        "47": 39,
        "48": 8,
        "49": 20,
        "52": 14,
        "53": 29,
        "54": 30,
        "55": 18,
        "56": 28,
        "57": 19,
        "58": 19,
        "62": 9,
        "63": 42,
        "64": 33,
        "65": 41,
        "66": 14,
        "67": 6,
        "71": 19,
        "72": 17,
        "73": 14,
        "74": 34,
        "75": 26,
        "77": 38,
        "78": 48,
        "79": 0,
        "82": 49,
        "83": 42,
        "86": 10,
        "87": 19,
        "88": 41,
        "89": 6,
        "91": 41,
        "92": 0,
        "94": 30,
        "95": 1,
        "96": 10,
        "98": 43,
        "99": 42,
        "102": 26,
        "103": 6,
        "105": 10,
        "106": 43,
        "107": 20,
        "111": 17,
        "112": 27,
        "113": 20,
        "114": 43,
        "115": 29,
        "116": 43,
        "118": 41,
        "124": 43,
        "125": 26,
        "126": 0,
        "127": 8,
        "129": 18,
        "130": 6,
        "132": 30,
        "134": 18,
        "135": 6,
        "140": 19,
        "141": 6,
        "142": 33,
        "144": 22,
        "145": 18,
        "146": 43,
        "147": 15,
        "148": 6,
        "150": 26,
        "152": 10,
        "153": 38,
        "154": 49,
        "155": 22,
        "157": 21,
        "158": 41,
        "161": 43,
        "162": 43,
        "163": 24,
        "166": 8,
        "167": 49,
        "168": 6,
        "169": 1,
        "172": 38,
        "173": 31,
        "174": 28,
        "175": 37,
        "178": 0,
        "181": 14,
        "182": 22,
        "183": 38,
        "184": 38,
        "185": 21
    },
    "instance": null,
    "parameters": null,
    "parameters_data": null,
    "patients": null,
    "capacity": null,
    "num_days": null,
    "num_ORs": null,
    "num_surgeons": null,
    "gap": 1.105849582172702
}