{
    "proved_optimal": true,
    "obj": 47,
    "relax_obj": 46.5,
    "num_LCs": 22,
    "num_callbacks": 555,
    "num_CG_iterations": 13,
    "num_columns": 151,
    "num_nodes": 1,
    "overall_time": 10.258681058883667,
    "callback_time": 0.734734296798706,
    "subproblem_time": 7.506988763809204,
    "mp_time": 2.7444732189178467,
    "inh_time": null,
    "ilp_time": 0.0,
    "surgeon_schedule": {
        "0": [
            0
        ],
        "1": [
            48
        ],
        "3": [
            20
        ],
        "6": [
            7
        ],
        "7": [
            4
        ],
        "8": [
            32
        ],
        "9": [
            40
        ],
        "10": [
            18,
            24
        ],
        "11": [
            39,
            44
        ],
        "12": [
            9,
            11
        ],
        "13": [
            28
        ]
    },
    "patient_schedule": {
        "26": 0,
        "32": 0,
        "40": 48,
        "19": 20,
        "15": 7,
        "36": 7,
        "18": 4,
        "24": 4,
        "25": 4,
        "9": 32,
        "11": 32,
        "13": 32,
        "29": 32,
        "38": 32,
        "12": 40,
        "21": 18,
        "34": 18,
        "10": 24,
        "20": 39,
        "37": 39,
        "43": 44,
        "0": 9,
        "4": 11,
        "16": 11,
        "33": 28,
        "41": 28
    },
    "instance": null,
    "parameters": null,
    "parameters_data": null,
    "patients": null,
    "capacity": null,
    "num_days": null,
    "num_ORs": null,
    "num_surgeons": null,
    "initial_heuristics_time": 0.26782751083374023,
    "gap": 0.010752688172043012
}