{
    "proved_optimal": true,
    "obj": 32,
    "relax_obj": 32.0,
    "num_LCs": 7,
    "num_callbacks": 457,
    "num_CG_iterations": 13,
    "num_columns": 140,
    "num_nodes": 1,
    "overall_time": 5.003089666366577,
    "callback_time": 0.7474935054779053,
    "subproblem_time": 3.178487777709961,
    "mp_time": 1.8188233375549316,
    "inh_time": null,
    "ilp_time": 0.0,
    "surgeon_schedule": {
        "0": [
            31
        ],
        "1": [
            8
        ],
        "2": [
            27,
            40
        ],
        "4": [
            18
        ],
        "5": [
            44
        ],
        "6": [
            38
        ],
        "7": [
            10,
            21
        ],
        "8": [
            29,
            48
        ],
        "9": [
            0
        ],
        "10": [
            4
        ],
        "11": [
            14
        ]
    },
    "patient_schedule": {
        "12": 31,
        "15": 31,
        "21": 31,
        "2": 8,
        "27": 8,
        "4": 27,
        "17": 27,
        "18": 40,
        "35": 40,
        "3": 18,
        "24": 18,
        "23": 44,
        "7": 38,
        "22": 38,
        "30": 10,
        "38": 10,
        "19": 21,
        "36": 21,
        "20": 29,
        "13": 48,
        "14": 48,
        "28": 48,
        "0": 0,
        "1": 0,
        "37": 0,
        "9": 4,
        "10": 4,
        "34": 4,
        "31": 14,
        "33": 14
    },
    "instance": null,
    "parameters": null,
    "parameters_data": null,
    "patients": null,
    "capacity": null,
    "num_days": null,
    "num_ORs": null,
    "num_surgeons": null,
    "initial_heuristics_time": 0.21938037872314453,
    "gap": 0.0
}