{
    "proved_optimal": true,
    "obj": 46,
    "relax_obj": 46.0,
    "num_LCs": 33,
    "num_callbacks": 742,
    "num_CG_iterations": 20,
    "num_columns": 191,
    "num_nodes": 3,
    "overall_time": 18.519787549972534,
    "callback_time": 1.624936819076538,
    "subproblem_time": 13.67115306854248,
    "mp_time": 4.836804389953613,
    "inh_time": null,
    "ilp_time": 0.0,
    "surgeon_schedule": {
        "1": [
            1
        ],
        "3": [
            48
        ],
        "4": [
            18,
            36,
            41
        ],
        "5": [
            7
        ],
        "6": [
            1
        ],
        "7": [
            11
        ],
        "8": [
            9,
            24,
            30
        ],
        "10": [
            20
        ]
    },
    "patient_schedule": {
        "7": 1,
        "29": 1,
        "34": 1,
        "8": 48,
        "11": 48,
        "3": 18,
        "42": 18,
        "10": 36,
        "33": 36,
        "23": 41,
        "32": 41,
        "37": 41,
        "4": 7,
        "19": 7,
        "24": 7,
        "15": 1,
        "31": 1,
        "21": 11,
        "26": 11,
        "2": 9,
        "27": 9,
        "20": 24,
        "22": 24,
        "1": 30,
        "41": 20
    },
    "instance": null,
    "parameters": null,
    "parameters_data": null,
    "patients": null,
    "capacity": null,
    "num_days": null,
    "num_ORs": null,
    "num_surgeons": null,
    "initial_heuristics_time": 0.3136789798736572,
    "gap": 0.0
}