{
    "proved_optimal": true,
    "obj": 40,
    "relax_obj": 40.0,
    "num_LCs": 74,
    "num_callbacks": 901,
    "num_CG_iterations": 25,
    "num_columns": 206,
    "num_nodes": 1,
    "overall_time": 29.71828579902649,
    "callback_time": 1.5877501964569092,
    "subproblem_time": 24.526649475097656,
    "mp_time": 5.179370403289795,
    "inh_time": null,
    "ilp_time": 0.0,
    "surgeon_schedule": {
        "0": [
            31
        ],
        "1": [
            29
        ],
        "2": [
            12,
            38
        ],
        "3": [
            8
        ],
        "4": [
            49
        ],
        "5": [
            19
        ],
        "6": [
            1
        ],
        "8": [
            42
        ],
        "9": [
            22
        ]
    },
    "patient_schedule": {
        "18": 31,
        "26": 31,
        "31": 29,
        "37": 29,
        "5": 12,
        "7": 12,
        "11": 12,
        "10": 38,
        "12": 38,
        "34": 38,
        "21": 8,
        "24": 8,
        "20": 49,
        "38": 49,
        "0": 19,
        "19": 19,
        "2": 1,
        "17": 1,
        "22": 1,
        "32": 1,
        "9": 42,
        "15": 42,
        "39": 42,
        "3": 22,
        "14": 22,
        "41": 22
    },
    "instance": null,
    "parameters": null,
    "parameters_data": null,
    "patients": null,
    "capacity": null,
    "num_days": null,
    "num_ORs": null,
    "num_surgeons": null,
    "initial_heuristics_time": 0.7835142612457275,
    "gap": 0.0
}