{
    "proved_optimal": false,
    "obj": 47,
    "relax_obj": 46.0,
    "num_LCs": 85,
    "num_callbacks": 39392,
    "num_CG_iterations": 1216,
    "num_columns": 2786,
    "num_nodes": 281,
    "overall_time": 1202.3401455879211,
    "callback_time": 30.085044384002686,
    "subproblem_time": 561.135285615921,
    "mp_time": 640.1522922515869,
    "inh_time": null,
    "ilp_time": 0.0,
    "surgeon_schedule": {
        "0": [
            18
        ],
        "2": [
            10
        ],
        "3": [
            2,
            39
        ],
        "4": [
            14,
            28
        ],
        "5": [
            43
        ],
        "9": [
            21
        ],
        "11": [
            9
        ],
        "13": [
            32
        ]
    },
    "patient_schedule": {
        "0": 18,
        "12": 18,
        "25": 18,
        "20": 10,
        "34": 10,
        "2": 2,
        "19": 2,
        "33": 2,
        "37": 2,
        "29": 39,
        "11": 14,
        "14": 28,
        "24": 28,
        "3": 43,
        "6": 43,
        "35": 43,
        "39": 43,
        "8": 21,
        "10": 21,
        "26": 9,
        "38": 9,
        "17": 32,
        "21": 32,
        "41": 32
    },
    "instance": null,
    "parameters": null,
    "parameters_data": null,
    "patients": null,
    "capacity": null,
    "num_days": null,
    "num_ORs": null,
    "num_surgeons": null,
    "initial_heuristics_time": 0.26027345657348633,
    "gap": 0.021739130434782608
}