{
    "proved_optimal": false,
    "obj": 47,
    "relax_obj": 46.0,
    "num_LCs": 93,
    "num_callbacks": 41318,
    "num_CG_iterations": 1161,
    "num_columns": 3215,
    "num_nodes": 385,
    "overall_time": 1202.639641046524,
    "callback_time": 44.42822456359863,
    "subproblem_time": 401.9782977104187,
    "mp_time": 799.4656138420105,
    "inh_time": null,
    "ilp_time": 0.0,
    "surgeon_schedule": {
        "0": [
            28
        ],
        "2": [
            39
        ],
        "3": [
            37
        ],
        "4": [
            21,
            49
        ],
        "5": [
            13
        ],
        "7": [
            8
        ],
        "8": [
            34
        ],
        "9": [
            1
        ],
        "11": [
            30
        ],
        "13": [
            42
        ]
    },
    "patient_schedule": {
        "0": 28,
        "12": 28,
        "25": 28,
        "20": 39,
        "34": 39,
        "2": 37,
        "19": 37,
        "37": 37,
        "14": 21,
        "24": 21,
        "11": 49,
        "3": 13,
        "6": 13,
        "35": 13,
        "39": 13,
        "9": 8,
        "42": 8,
        "1": 34,
        "8": 1,
        "10": 1,
        "26": 30,
        "38": 30,
        "17": 42,
        "21": 42,
        "41": 42
    },
    "instance": null,
    "parameters": null,
    "parameters_data": null,
    "patients": null,
    "capacity": null,
    "num_days": null,
    "num_ORs": null,
    "num_surgeons": null,
    "initial_heuristics_time": 0.253878116607666,
    "gap": 0.021739130434782608
}