{
    "proved_optimal": false,
    "obj": 92,
    "relax_obj": 55.0,
    "num_LCs": 83,
    "num_callbacks": 61,
    "num_CG_iterations": null,
    "num_columns": null,
    "num_nodes": null,
    "overall_time": 1200.0349905490875,
    "callback_time": 6.5370495319366455,
    "subproblem_time": null,
    "mp_time": null,
    "inh_time": null,
    "ilp_time": null,
    "surgeon_schedule": {
        "0": [
            7,
            18
        ],
        "1": [
            14
        ],
        "2": [
            30
        ],
        "4": [
            12
        ],
        "5": [
            48
        ],
        "6": [
            29,
            39
        ],
        "7": [
            35
        ],
        "9": [
            3
        ],
        "10": [
            10
        ],
        "11": [
            1,
            41
        ],
        "12": [
            19,
            27
        ],
        "13": [
            21,
            48
        ],
        "14": [
            41
        ],
        "15": [
            30
        ],
        "16": [
            9
        ],
        "17": [
            27
        ],
        "18": [
            29,
            36
        ],
        "19": [
            21
        ]
    },
    "patient_schedule": {
        "0": 41,
        "1": 21,
        "3": 39,
        "8": 27,
        "11": 21,
        "13": 27,
        "15": 21,
        "16": 27,
        "17": 48,
        "18": 3,
        "20": 39,
        "21": 48,
        "22": 29,
        "24": 19,
        "26": 12,
        "28": 36,
        "29": 3,
        "30": 36,
        "32": 29,
        "33": 29,
        "34": 48,
        "35": 36,
        "37": 3,
        "38": 3,
        "40": 27,
        "41": 18,
        "44": 10,
        "47": 41,
        "48": 7,
        "49": 48,
        "51": 18,
        "52": 12,
        "54": 29,
        "55": 41,
        "56": 29,
        "57": 19,
        "58": 21,
        "59": 18,
        "60": 41,
        "61": 30,
        "62": 10,
        "63": 36,
        "64": 9,
        "65": 36,
        "68": 30,
        "69": 30,
        "70": 12,
        "71": 30,
        "76": 41,
        "77": 9,
        "78": 35,
        "80": 30,
        "82": 35,
        "83": 14,
        "84": 21,
        "87": 1,
        "88": 21,
        "90": 3
    },
    "instance": null,
    "parameters": null,
    "parameters_data": null,
    "patients": null,
    "capacity": null,
    "num_days": null,
    "num_ORs": null,
    "num_surgeons": null,
    "gap": 0.6727272727272727
}