{
    "proved_optimal": true,
    "obj": 46,
    "relax_obj": 46.0,
    "num_LCs": 43,
    "num_callbacks": 1716,
    "num_CG_iterations": 198,
    "num_columns": 197,
    "num_nodes": 1,
    "overall_time": 64.55635476112366,
    "callback_time": 2.7334771156311035,
    "subproblem_time": 27.11439824104309,
    "mp_time": 37.378910303115845,
    "inh_time": null,
    "ilp_time": 0.0,
    "surgeon_schedule": {
        "0": [
            0
        ],
        "1": [
            38
        ],
        "3": [
            28
        ],
        "4": [
            4,
            16,
            46
        ],
        "5": [
            30
        ],
        "6": [
            10
        ],
        "7": [
            21
        ],
        "8": [
            8,
            40
        ],
        "10": [
            34
        ]
    },
    "patient_schedule": {
        "9": 0,
        "7": 38,
        "29": 38,
        "34": 38,
        "8": 28,
        "11": 28,
        "3": 4,
        "37": 4,
        "10": 16,
        "33": 16,
        "32": 46,
        "40": 46,
        "4": 30,
        "19": 30,
        "24": 30,
        "31": 10,
        "38": 10,
        "21": 21,
        "26": 21,
        "1": 8,
        "2": 8,
        "20": 8,
        "22": 40,
        "27": 40,
        "41": 34
    },
    "instance": null,
    "parameters": null,
    "parameters_data": null,
    "patients": null,
    "capacity": null,
    "num_days": null,
    "num_ORs": null,
    "num_surgeons": null,
    "initial_heuristics_time": 0.27920007705688477,
    "gap": 0.0
}