{
    "proved_optimal": false,
    "obj": 107,
    "relax_obj": 55.0,
    "num_LCs": 57,
    "num_callbacks": 27,
    "num_CG_iterations": null,
    "num_columns": null,
    "num_nodes": null,
    "overall_time": 1200.0185296535492,
    "callback_time": 2.8352468013763428,
    "subproblem_time": null,
    "mp_time": null,
    "inh_time": null,
    "ilp_time": null,
    "surgeon_schedule": {
        "0": [
            9,
            31
        ],
        "1": [
            39
        ],
        "2": [
            17
        ],
        "4": [
            12
        ],
        "5": [
            28
        ],
        "6": [
            3,
            45
        ],
        "9": [
            49
        ],
        "10": [
            19,
            45
        ],
        "11": [
            26
        ],
        "12": [
            10
        ],
        "13": [
            19,
            21,
            40
        ],
        "14": [
            49
        ],
        "15": [
            40
        ],
        "16": [
            33
        ],
        "17": [
            37
        ],
        "18": [
            2,
            20
        ],
        "19": [
            14
        ]
    },
    "patient_schedule": {
        "1": 14,
        "2": 45,
        "3": 45,
        "8": 37,
        "10": 3,
        "15": 21,
        "17": 28,
        "20": 45,
        "21": 21,
        "22": 45,
        "24": 10,
        "26": 12,
        "28": 2,
        "29": 49,
        "30": 2,
        "31": 3,
        "32": 2,
        "33": 2,
        "34": 28,
        "35": 2,
        "37": 49,
        "40": 37,
        "41": 31,
        "44": 19,
        "45": 40,
        "47": 26,
        "48": 9,
        "49": 28,
        "50": 33,
        "51": 31,
        "52": 12,
        "54": 3,
        "56": 2,
        "57": 10,
        "58": 19,
        "59": 31,
        "60": 49,
        "61": 17,
        "62": 19,
        "63": 20,
        "64": 33,
        "65": 2,
        "68": 40,
        "69": 40,
        "70": 12,
        "71": 17,
        "72": 33,
        "73": 33,
        "74": 45,
        "75": 3,
        "76": 49,
        "77": 33,
        "79": 33,
        "80": 40,
        "83": 39,
        "87": 26
    },
    "instance": null,
    "parameters": null,
    "parameters_data": null,
    "patients": null,
    "capacity": null,
    "num_days": null,
    "num_ORs": null,
    "num_surgeons": null,
    "gap": 0.9454545454545454
}