{
    "proved_optimal": false,
    "obj": 33,
    "relax_obj": 8.923076923076923,
    "num_LCs": 14,
    "num_callbacks": 23,
    "num_CG_iterations": null,
    "num_columns": null,
    "num_nodes": null,
    "overall_time": 1200.0163099765778,
    "callback_time": 1.2847144603729248,
    "subproblem_time": null,
    "mp_time": null,
    "inh_time": null,
    "ilp_time": null,
    "surgeon_schedule": {
        "0": [
            31
        ],
        "1": [
            41
        ],
        "2": [
            7,
            37
        ],
        "3": [
            10,
            22
        ],
        "4": [
            15
        ],
        "5": [
            4
        ],
        "6": [
            48
        ],
        "7": [
            39
        ],
        "8": [
            9
        ],
        "9": [
            19
        ],
        "10": [
            29
        ],
        "11": [
            0
        ]
    },
    "patient_schedule": {
        "0": 19,
        "1": 19,
        "2": 41,
        "3": 15,
        "4": 37,
        "7": 48,
        "8": 10,
        "9": 29,
        "10": 29,
        "11": 22,
        "12": 31,
        "14": 9,
        "15": 31,
        "17": 37,
        "18": 7,
        "20": 9,
        "21": 31,
        "22": 48,
        "23": 4,
        "24": 15,
        "27": 41,
        "30": 39,
        "31": 0,
        "32": 22,
        "33": 0,
        "34": 29,
        "35": 7,
        "37": 19,
        "38": 39
    },
    "instance": null,
    "parameters": null,
    "parameters_data": null,
    "patients": null,
    "capacity": null,
    "num_days": null,
    "num_ORs": null,
    "num_surgeons": null,
    "gap": 2.6982758620689653
}