{
    "proved_optimal": true,
    "obj": 83,
    "relax_obj": 83.0,
    "num_LCs": 52,
    "num_callbacks": 925,
    "num_CG_iterations": 17,
    "num_columns": 286,
    "num_nodes": 3,
    "overall_time": 17.761979341506958,
    "callback_time": 1.5890986919403076,
    "subproblem_time": 11.844999074935913,
    "mp_time": 5.888621807098389,
    "inh_time": null,
    "ilp_time": 0.0,
    "surgeon_schedule": {
        "0": [
            15,
            49
        ],
        "1": [
            19,
            44
        ],
        "2": [
            30
        ],
        "5": [
            21
        ],
        "6": [
            5
        ],
        "9": [
            19,
            47
        ],
        "10": [
            28,
            35,
            40
        ],
        "11": [
            21,
            41
        ],
        "12": [
            10,
            39
        ],
        "13": [
            12
        ],
        "14": [
            9
        ],
        "15": [
            0
        ],
        "16": [
            9,
            28
        ],
        "17": [
            47
        ],
        "18": [
            2,
            49
        ],
        "19": [
            33
        ]
    },
    "patient_schedule": {
        "41": 15,
        "51": 15,
        "59": 15,
        "48": 49,
        "83": 19,
        "86": 44,
        "61": 30,
        "71": 30,
        "17": 21,
        "34": 21,
        "49": 21,
        "3": 5,
        "20": 5,
        "22": 5,
        "54": 5,
        "29": 19,
        "37": 19,
        "18": 47,
        "89": 28,
        "2": 35,
        "74": 35,
        "44": 40,
        "62": 40,
        "0": 21,
        "47": 21,
        "87": 41,
        "16": 10,
        "57": 10,
        "13": 39,
        "24": 39,
        "15": 12,
        "45": 12,
        "58": 12,
        "88": 12,
        "60": 9,
        "76": 9,
        "68": 0,
        "69": 0,
        "80": 0,
        "73": 9,
        "77": 9,
        "39": 28,
        "64": 28,
        "72": 28,
        "8": 47,
        "40": 47,
        "28": 2,
        "30": 2,
        "35": 2,
        "63": 2,
        "65": 2,
        "32": 49,
        "33": 49,
        "56": 49,
        "1": 33,
        "11": 33,
        "53": 33,
        "84": 33
    },
    "instance": null,
    "parameters": null,
    "parameters_data": null,
    "patients": null,
    "capacity": null,
    "num_days": null,
    "num_ORs": null,
    "num_surgeons": null,
    "initial_heuristics_time": 0.39073681831359863,
    "gap": 0.0
}