{
    "proved_optimal": false,
    "obj": 67,
    "relax_obj": 65.66666666666667,
    "num_LCs": 128,
    "num_callbacks": 18270,
    "num_CG_iterations": 572,
    "num_columns": 1941,
    "num_nodes": 123,
    "overall_time": 1202.7072224617004,
    "callback_time": 23.693203687667847,
    "subproblem_time": 963.2562940120697,
    "mp_time": 238.88307094573975,
    "inh_time": null,
    "ilp_time": 0.0,
    "surgeon_schedule": {
        "1": [
            4,
            44
        ],
        "2": [
            9,
            20,
            47
        ],
        "4": [
            10,
            24
        ],
        "5": [
            7
        ],
        "6": [
            0
        ],
        "7": [
            40
        ],
        "8": [
            32,
            49
        ],
        "9": [
            39
        ],
        "10": [
            19,
            28
        ],
        "11": [
            15
        ]
    },
    "patient_schedule": {
        "11": 4,
        "32": 4,
        "55": 4,
        "60": 4,
        "47": 44,
        "44": 9,
        "51": 9,
        "63": 9,
        "10": 20,
        "43": 20,
        "0": 47,
        "26": 47,
        "17": 10,
        "23": 10,
        "57": 10,
        "40": 24,
        "28": 7,
        "66": 7,
        "8": 0,
        "33": 0,
        "64": 0,
        "12": 40,
        "52": 40,
        "1": 32,
        "2": 32,
        "67": 32,
        "9": 49,
        "49": 49,
        "25": 39,
        "31": 39,
        "50": 39,
        "42": 19,
        "62": 19,
        "15": 28,
        "37": 28,
        "54": 28,
        "21": 15,
        "38": 15,
        "53": 15
    },
    "instance": null,
    "parameters": null,
    "parameters_data": null,
    "patients": null,
    "capacity": null,
    "num_days": null,
    "num_ORs": null,
    "num_surgeons": null,
    "initial_heuristics_time": 0.272829532623291,
    "gap": 0.020304568527918707
}