{
    "proved_optimal": true,
    "obj": 84,
    "relax_obj": 83.33333333333333,
    "num_LCs": 58,
    "num_callbacks": 1071,
    "num_CG_iterations": 19,
    "num_columns": 322,
    "num_nodes": 1,
    "overall_time": 26.626179456710815,
    "callback_time": 2.5157320499420166,
    "subproblem_time": 20.183162212371826,
    "mp_time": 6.429131269454956,
    "inh_time": null,
    "ilp_time": 0.0,
    "surgeon_schedule": {
        "0": [
            23
        ],
        "1": [
            21,
            47
        ],
        "3": [
            11
        ],
        "4": [
            7
        ],
        "5": [
            30
        ],
        "7": [
            9
        ],
        "8": [
            33
        ],
        "9": [
            0,
            28,
            47
        ],
        "11": [
            36
        ],
        "12": [
            49
        ],
        "13": [
            41
        ],
        "14": [
            1,
            16,
            49
        ],
        "15": [
            6
        ],
        "17": [
            18
        ],
        "18": [
            44
        ],
        "19": [
            10,
            40
        ]
    },
    "patient_schedule": {
        "7": 1,
        "24": 49,
        "26": 23,
        "34": 1,
        "35": 23,
        "54": 49,
        "56": 23,
        "63": 16,
        "94": 23,
        "96": 23,
        "9": 21,
        "17": 21,
        "38": 21,
        "10": 47,
        "91": 47,
        "3": 11,
        "75": 11,
        "76": 11,
        "88": 11,
        "41": 7,
        "49": 7,
        "82": 7,
        "90": 7,
        "6": 30,
        "30": 30,
        "43": 30,
        "33": 9,
        "36": 9,
        "58": 9,
        "21": 33,
        "45": 33,
        "62": 33,
        "69": 33,
        "73": 33,
        "1": 0,
        "53": 0,
        "65": 0,
        "20": 28,
        "28": 28,
        "89": 47,
        "14": 36,
        "71": 36,
        "80": 36,
        "92": 36,
        "57": 49,
        "68": 49,
        "84": 49,
        "13": 41,
        "46": 41,
        "78": 41,
        "95": 41,
        "87": 16,
        "5": 6,
        "12": 6,
        "40": 6,
        "93": 6,
        "97": 6,
        "18": 18,
        "44": 18,
        "74": 18,
        "11": 44,
        "66": 10,
        "32": 40,
        "60": 40
    },
    "instance": null,
    "parameters": null,
    "parameters_data": null,
    "patients": null,
    "capacity": null,
    "num_days": null,
    "num_ORs": null,
    "num_surgeons": null,
    "initial_heuristics_time": 0.4061543941497803,
    "gap": 0.008000000000000057
}