{
    "proved_optimal": true,
    "obj": 46,
    "relax_obj": 45.5,
    "num_LCs": 59,
    "num_callbacks": 3260,
    "num_CG_iterations": 287,
    "num_columns": 281,
    "num_nodes": 11,
    "overall_time": 90.30423831939697,
    "callback_time": 4.299076318740845,
    "subproblem_time": 36.76669001579285,
    "mp_time": 53.42099905014038,
    "inh_time": null,
    "ilp_time": 0.0,
    "surgeon_schedule": {
        "0": [
            28
        ],
        "1": [
            4
        ],
        "4": [
            36
        ],
        "5": [
            29
        ],
        "6": [
            9,
            20,
            39,
            49
        ],
        "7": [
            14,
            31
        ],
        "8": [
            24,
            32
        ],
        "9": [
            40
        ],
        "10": [
            0
        ],
        "11": [
            45
        ]
    },
    "patient_schedule": {
        "0": 28,
        "10": 28,
        "41": 28,
        "8": 4,
        "14": 4,
        "22": 4,
        "15": 36,
        "27": 36,
        "43": 36,
        "47": 36,
        "18": 29,
        "28": 29,
        "37": 29,
        "51": 9,
        "40": 20,
        "19": 39,
        "23": 39,
        "36": 39,
        "3": 49,
        "6": 49,
        "21": 49,
        "49": 49,
        "5": 14,
        "44": 14,
        "31": 31,
        "39": 31,
        "20": 24,
        "33": 24,
        "1": 32,
        "32": 32,
        "34": 32,
        "52": 32,
        "30": 40,
        "38": 40,
        "17": 0,
        "48": 0,
        "12": 45,
        "26": 45,
        "50": 45
    },
    "instance": null,
    "parameters": null,
    "parameters_data": null,
    "patients": null,
    "capacity": null,
    "num_days": null,
    "num_ORs": null,
    "num_surgeons": null,
    "initial_heuristics_time": 0.24860286712646484,
    "gap": 0.01098901098901099
}