{
    "proved_optimal": true,
    "obj": 46,
    "relax_obj": 45.5,
    "num_LCs": 49,
    "num_callbacks": 729,
    "num_CG_iterations": 21,
    "num_columns": 196,
    "num_nodes": 5,
    "overall_time": 24.99364423751831,
    "callback_time": 1.7621331214904785,
    "subproblem_time": 19.590587854385376,
    "mp_time": 5.37474513053894,
    "inh_time": null,
    "ilp_time": 0.0,
    "surgeon_schedule": {
        "0": [
            15
        ],
        "1": [
            7
        ],
        "4": [
            24,
            38
        ],
        "5": [
            20
        ],
        "6": [
            9,
            10,
            30,
            44
        ],
        "7": [
            49
        ],
        "8": [
            12,
            49
        ],
        "9": [
            19
        ],
        "10": [
            47
        ],
        "11": [
            25
        ]
    },
    "patient_schedule": {
        "0": 15,
        "10": 15,
        "41": 15,
        "8": 7,
        "14": 7,
        "22": 7,
        "15": 24,
        "27": 24,
        "43": 38,
        "47": 38,
        "18": 20,
        "28": 20,
        "37": 20,
        "3": 9,
        "21": 9,
        "23": 9,
        "36": 9,
        "49": 9,
        "6": 10,
        "19": 10,
        "40": 30,
        "51": 44,
        "5": 49,
        "31": 49,
        "1": 12,
        "32": 12,
        "34": 12,
        "52": 12,
        "20": 49,
        "33": 49,
        "30": 19,
        "38": 19,
        "17": 47,
        "48": 47,
        "12": 25,
        "26": 25,
        "50": 25
    },
    "instance": null,
    "parameters": null,
    "parameters_data": null,
    "patients": null,
    "capacity": null,
    "num_days": null,
    "num_ORs": null,
    "num_surgeons": null,
    "initial_heuristics_time": 0.2499840259552002,
    "gap": 0.01098901098901099
}