{
    "proved_optimal": false,
    "obj": 45,
    "relax_obj": 30.384615384615383,
    "num_LCs": 34,
    "num_callbacks": 28,
    "num_CG_iterations": null,
    "num_columns": null,
    "num_nodes": null,
    "overall_time": 1200.021106004715,
    "callback_time": 1.580582618713379,
    "subproblem_time": null,
    "mp_time": null,
    "inh_time": null,
    "ilp_time": null,
    "surgeon_schedule": {
        "1": [
            7
        ],
        "2": [
            9,
            22
        ],
        "4": [
            45
        ],
        "5": [
            10,
            49
        ],
        "6": [
            1,
            39
        ],
        "7": [
            29
        ],
        "8": [
            16,
            40
        ],
        "9": [
            32
        ]
    },
    "patient_schedule": {
        "0": 49,
        "1": 16,
        "2": 22,
        "3": 9,
        "4": 16,
        "5": 29,
        "6": 45,
        "8": 29,
        "12": 32,
        "14": 7,
        "15": 10,
        "18": 1,
        "19": 49,
        "20": 32,
        "21": 1,
        "23": 29,
        "24": 32,
        "28": 45,
        "30": 1,
        "31": 16,
        "32": 10,
        "33": 45,
        "34": 16,
        "35": 32,
        "37": 32,
        "38": 45,
        "39": 22,
        "40": 1,
        "41": 40,
        "44": 45,
        "47": 40,
        "48": 7,
        "49": 1,
        "51": 39,
        "52": 9
    },
    "instance": null,
    "parameters": null,
    "parameters_data": null,
    "patients": null,
    "capacity": null,
    "num_days": null,
    "num_ORs": null,
    "num_surgeons": null,
    "gap": 0.48101265822784817
}