{
    "proved_optimal": false,
    "obj": 57,
    "relax_obj": 30.384615384615383,
    "num_LCs": 15,
    "num_callbacks": 18,
    "num_CG_iterations": null,
    "num_columns": null,
    "num_nodes": null,
    "overall_time": 1200.0611793994904,
    "callback_time": 1.352626085281372,
    "subproblem_time": null,
    "mp_time": null,
    "inh_time": null,
    "ilp_time": null,
    "surgeon_schedule": {
        "3": [
            10
        ],
        "4": [
            9,
            37
        ],
        "5": [
            16
        ],
        "6": [
            41
        ],
        "7": [
            26,
            49
        ],
        "8": [
            39,
            47
        ],
        "10": [
            20
        ],
        "11": [
            7
        ],
        "12": [
            0
        ],
        "13": [
            4,
            31
        ]
    },
    "patient_schedule": {
        "2": 26,
        "5": 41,
        "8": 47,
        "9": 31,
        "10": 0,
        "11": 16,
        "12": 37,
        "14": 7,
        "15": 49,
        "17": 4,
        "18": 10,
        "19": 7,
        "20": 31,
        "21": 26,
        "22": 16,
        "23": 20,
        "25": 49,
        "27": 41,
        "28": 0,
        "29": 26,
        "30": 26,
        "32": 37,
        "33": 20,
        "34": 10,
        "35": 16,
        "37": 4,
        "38": 41,
        "40": 9,
        "41": 16,
        "44": 41,
        "47": 20,
        "50": 47,
        "51": 39
    },
    "instance": null,
    "parameters": null,
    "parameters_data": null,
    "patients": null,
    "capacity": null,
    "num_days": null,
    "num_ORs": null,
    "num_surgeons": null,
    "gap": 0.8759493670886077
}