{
    "proved_optimal": true,
    "obj": 44,
    "relax_obj": 44.0,
    "num_LCs": 51,
    "num_callbacks": 697,
    "num_CG_iterations": 21,
    "num_columns": 177,
    "num_nodes": 3,
    "overall_time": 25.609751224517822,
    "callback_time": 2.1513147354125977,
    "subproblem_time": 20.244147777557373,
    "mp_time": 5.3479132652282715,
    "inh_time": null,
    "ilp_time": 0.0,
    "surgeon_schedule": {
        "0": [
            38
        ],
        "1": [
            19
        ],
        "2": [
            47
        ],
        "4": [
            27,
            44
        ],
        "5": [
            14,
            40
        ],
        "6": [
            17,
            29,
            49
        ],
        "7": [
            10
        ],
        "8": [
            9,
            32
        ],
        "9": [
            2,
            39
        ]
    },
    "patient_schedule": {
        "10": 38,
        "25": 38,
        "50": 38,
        "14": 19,
        "48": 19,
        "3": 47,
        "52": 47,
        "38": 27,
        "44": 27,
        "6": 44,
        "28": 44,
        "33": 44,
        "0": 14,
        "19": 14,
        "15": 40,
        "32": 40,
        "18": 17,
        "21": 17,
        "30": 17,
        "49": 17,
        "40": 29,
        "51": 49,
        "5": 10,
        "8": 10,
        "23": 10,
        "41": 9,
        "47": 9,
        "1": 32,
        "4": 32,
        "31": 32,
        "34": 32,
        "11": 2,
        "12": 2,
        "24": 2,
        "35": 2,
        "17": 39,
        "20": 39
    },
    "instance": null,
    "parameters": null,
    "parameters_data": null,
    "patients": null,
    "capacity": null,
    "num_days": null,
    "num_ORs": null,
    "num_surgeons": null,
    "initial_heuristics_time": 0.24837589263916016,
    "gap": 0.0
}