{
    "proved_optimal": false,
    "obj": 44,
    "relax_obj": 30.384615384615383,
    "num_LCs": 41,
    "num_callbacks": 30,
    "num_CG_iterations": null,
    "num_columns": null,
    "num_nodes": null,
    "overall_time": 1200.0194432735443,
    "callback_time": 2.810898542404175,
    "subproblem_time": null,
    "mp_time": null,
    "inh_time": null,
    "ilp_time": null,
    "surgeon_schedule": {
        "0": [
            38
        ],
        "1": [
            19
        ],
        "2": [
            49
        ],
        "4": [
            0,
            20
        ],
        "5": [
            31
        ],
        "6": [
            26
        ],
        "7": [
            4
        ],
        "8": [
            8,
            42
        ],
        "9": [
            12
        ]
    },
    "patient_schedule": {
        "0": 31,
        "1": 42,
        "3": 49,
        "4": 42,
        "5": 4,
        "6": 20,
        "8": 4,
        "10": 38,
        "12": 12,
        "14": 19,
        "15": 31,
        "18": 26,
        "19": 31,
        "20": 12,
        "21": 26,
        "23": 4,
        "24": 12,
        "25": 38,
        "28": 20,
        "30": 26,
        "31": 42,
        "32": 31,
        "33": 20,
        "34": 42,
        "35": 12,
        "37": 12,
        "38": 0,
        "40": 26,
        "41": 8,
        "44": 0,
        "45": 8,
        "47": 8,
        "48": 19,
        "49": 26,
        "50": 38,
        "51": 26,
        "52": 49
    },
    "instance": null,
    "parameters": null,
    "parameters_data": null,
    "patients": null,
    "capacity": null,
    "num_days": null,
    "num_ORs": null,
    "num_surgeons": null,
    "gap": 0.44810126582278487
}