{
    "proved_optimal": true,
    "obj": 57,
    "relax_obj": 57.0,
    "num_LCs": 15,
    "num_callbacks": 440,
    "num_CG_iterations": 12,
    "num_columns": 152,
    "num_nodes": 1,
    "overall_time": 5.29895806312561,
    "callback_time": 0.6865968704223633,
    "subproblem_time": 3.47217059135437,
    "mp_time": 1.8212549686431885,
    "inh_time": null,
    "ilp_time": 0.0,
    "surgeon_schedule": {
        "3": [
            24
        ],
        "4": [
            18
        ],
        "5": [
            8,
            34,
            44
        ],
        "6": [
            28
        ],
        "7": [
            4
        ],
        "8": [
            20,
            40
        ],
        "10": [
            0
        ],
        "11": [
            30
        ],
        "12": [
            14,
            48
        ],
        "13": [
            10,
            38
        ]
    },
    "patient_schedule": {
        "18": 24,
        "34": 24,
        "12": 18,
        "32": 18,
        "40": 18,
        "11": 8,
        "22": 8,
        "35": 8,
        "41": 34,
        "45": 44,
        "5": 28,
        "27": 28,
        "38": 28,
        "44": 28,
        "15": 4,
        "21": 4,
        "29": 4,
        "51": 20,
        "8": 40,
        "50": 40,
        "23": 0,
        "33": 0,
        "47": 0,
        "14": 30,
        "19": 30,
        "10": 14,
        "28": 14,
        "31": 48,
        "39": 48,
        "17": 10,
        "20": 10,
        "9": 38,
        "37": 38
    },
    "instance": null,
    "parameters": null,
    "parameters_data": null,
    "patients": null,
    "capacity": null,
    "num_days": null,
    "num_ORs": null,
    "num_surgeons": null,
    "initial_heuristics_time": 0.28071141242980957,
    "gap": 0.0
}