{
    "proved_optimal": true,
    "obj": 44,
    "relax_obj": 44.0,
    "num_LCs": 47,
    "num_callbacks": 637,
    "num_CG_iterations": 20,
    "num_columns": 183,
    "num_nodes": 1,
    "overall_time": 23.40637230873108,
    "callback_time": 1.335925579071045,
    "subproblem_time": 19.47108793258667,
    "mp_time": 3.924011707305908,
    "inh_time": null,
    "ilp_time": 0.0,
    "surgeon_schedule": {
        "0": [
            15
        ],
        "1": [
            47
        ],
        "2": [
            10
        ],
        "4": [
            39,
            40
        ],
        "5": [
            37,
            44
        ],
        "6": [
            9,
            19,
            30
        ],
        "7": [
            34
        ],
        "8": [
            2,
            29,
            49
        ],
        "9": [
            22
        ]
    },
    "patient_schedule": {
        "10": 15,
        "25": 15,
        "50": 15,
        "14": 47,
        "48": 47,
        "3": 10,
        "52": 10,
        "38": 39,
        "44": 39,
        "6": 40,
        "28": 40,
        "33": 40,
        "15": 37,
        "32": 37,
        "0": 44,
        "19": 44,
        "18": 9,
        "21": 9,
        "30": 9,
        "49": 9,
        "51": 19,
        "40": 30,
        "5": 34,
        "8": 34,
        "23": 34,
        "1": 2,
        "4": 2,
        "31": 2,
        "45": 2,
        "34": 29,
        "41": 49,
        "47": 49,
        "12": 22,
        "20": 22,
        "24": 22,
        "35": 22,
        "37": 22
    },
    "instance": null,
    "parameters": null,
    "parameters_data": null,
    "patients": null,
    "capacity": null,
    "num_days": null,
    "num_ORs": null,
    "num_surgeons": null,
    "initial_heuristics_time": 0.22301721572875977,
    "gap": 0.0
}