{
    "proved_optimal": true,
    "obj": 46,
    "relax_obj": 45.5,
    "num_LCs": 159,
    "num_callbacks": 802,
    "num_CG_iterations": 20,
    "num_columns": 183,
    "num_nodes": 5,
    "overall_time": 18.410951614379883,
    "callback_time": 3.094883441925049,
    "subproblem_time": 13.363626480102539,
    "mp_time": 5.020330429077148,
    "inh_time": null,
    "ilp_time": 0.0,
    "surgeon_schedule": {
        "0": [
            38
        ],
        "1": [
            37
        ],
        "4": [
            46
        ],
        "5": [
            10
        ],
        "6": [
            14,
            29,
            37,
            49
        ],
        "7": [
            14
        ],
        "8": [
            6,
            30
        ],
        "10": [
            29,
            39
        ],
        "11": [
            21
        ]
    },
    "patient_schedule": {
        "0": 38,
        "10": 38,
        "41": 38,
        "8": 37,
        "14": 37,
        "22": 37,
        "15": 46,
        "27": 46,
        "43": 46,
        "47": 46,
        "18": 10,
        "28": 10,
        "37": 10,
        "51": 14,
        "40": 29,
        "19": 37,
        "21": 37,
        "23": 37,
        "3": 49,
        "6": 49,
        "36": 49,
        "49": 49,
        "5": 14,
        "31": 14,
        "1": 6,
        "32": 6,
        "34": 6,
        "52": 6,
        "20": 30,
        "33": 30,
        "17": 29,
        "48": 29,
        "45": 39,
        "12": 21,
        "26": 21,
        "50": 21
    },
    "instance": null,
    "parameters": null,
    "parameters_data": null,
    "patients": null,
    "capacity": null,
    "num_days": null,
    "num_ORs": null,
    "num_surgeons": null,
    "initial_heuristics_time": 0.2530810832977295,
    "gap": 0.01098901098901099
}