{
    "proved_optimal": true,
    "obj": 46,
    "relax_obj": 45.5,
    "num_LCs": 51,
    "num_callbacks": 693,
    "num_CG_iterations": 20,
    "num_columns": 180,
    "num_nodes": 5,
    "overall_time": 16.29534101486206,
    "callback_time": 1.5130085945129395,
    "subproblem_time": 11.31636118888855,
    "mp_time": 4.9571919441223145,
    "inh_time": null,
    "ilp_time": 0.0,
    "surgeon_schedule": {
        "0": [
            38
        ],
        "1": [
            34
        ],
        "4": [
            46
        ],
        "5": [
            10
        ],
        "6": [
            19,
            27,
            30,
            40
        ],
        "7": [
            31,
            49
        ],
        "8": [
            6,
            24
        ],
        "9": [
            0
        ],
        "10": [
            20
        ],
        "11": [
            15
        ]
    },
    "patient_schedule": {
        "0": 38,
        "10": 38,
        "41": 38,
        "8": 34,
        "14": 34,
        "22": 34,
        "15": 46,
        "27": 46,
        "43": 46,
        "47": 46,
        "18": 10,
        "28": 10,
        "37": 10,
        "6": 19,
        "19": 19,
        "40": 27,
        "51": 30,
        "3": 40,
        "21": 40,
        "23": 40,
        "36": 40,
        "49": 40,
        "31": 31,
        "39": 31,
        "5": 49,
        "44": 49,
        "20": 6,
        "32": 6,
        "34": 6,
        "52": 6,
        "1": 24,
        "33": 24,
        "30": 0,
        "38": 0,
        "17": 20,
        "48": 20,
        "12": 15,
        "26": 15,
        "50": 15
    },
    "instance": null,
    "parameters": null,
    "parameters_data": null,
    "patients": null,
    "capacity": null,
    "num_days": null,
    "num_ORs": null,
    "num_surgeons": null,
    "initial_heuristics_time": 0.2474064826965332,
    "gap": 0.01098901098901099
}