{
    "proved_optimal": false,
    "obj": 112,
    "relax_obj": 50.714285714285715,
    "num_LCs": 59,
    "num_callbacks": 18,
    "num_CG_iterations": null,
    "num_columns": null,
    "num_nodes": null,
    "overall_time": 1200.0060868263245,
    "callback_time": 1.3042263984680176,
    "subproblem_time": null,
    "mp_time": null,
    "inh_time": null,
    "ilp_time": null,
    "surgeon_schedule": {
        "0": [
            18,
            48
        ],
        "1": [
            8,
            24
        ],
        "3": [
            11,
            21
        ],
        "4": [
            30
        ],
        "5": [
            9
        ],
        "6": [
            44
        ],
        "7": [
            5,
            31
        ],
        "8": [
            19,
            27
        ],
        "9": [
            11,
            20,
            39
        ],
        "11": [
            0
        ],
        "12": [
            37
        ],
        "13": [
            29,
            37
        ],
        "14": [
            1
        ],
        "15": [
            29,
            34,
            46
        ],
        "16": [
            27
        ],
        "17": [
            40
        ],
        "18": [
            39
        ],
        "19": [
            17,
            40
        ]
    },
    "patient_schedule": {
        "1": 39,
        "3": 21,
        "5": 34,
        "6": 9,
        "8": 27,
        "9": 8,
        "10": 24,
        "11": 39,
        "12": 46,
        "13": 29,
        "15": 31,
        "16": 11,
        "17": 8,
        "20": 39,
        "24": 1,
        "26": 48,
        "28": 11,
        "30": 9,
        "32": 17,
        "33": 5,
        "34": 1,
        "35": 18,
        "36": 5,
        "38": 8,
        "39": 27,
        "40": 46,
        "41": 30,
        "43": 9,
        "44": 40,
        "45": 19,
        "46": 37,
        "49": 30,
        "50": 44,
        "53": 39,
        "54": 1,
        "56": 48,
        "60": 17,
        "62": 19,
        "64": 11,
        "65": 11,
        "66": 40,
        "67": 46,
        "68": 37,
        "70": 37,
        "74": 40,
        "75": 21,
        "76": 21,
        "77": 46,
        "80": 0,
        "82": 30,
        "83": 5,
        "84": 37,
        "85": 31,
        "88": 21,
        "89": 20,
        "90": 30,
        "91": 24,
        "92": 0,
        "93": 29,
        "94": 18,
        "95": 37,
        "96": 18,
        "97": 34
    },
    "instance": null,
    "parameters": null,
    "parameters_data": null,
    "patients": null,
    "capacity": null,
    "num_days": null,
    "num_ORs": null,
    "num_surgeons": null,
    "gap": 1.208450704225352
}