{
    "proved_optimal": false,
    "obj": 46,
    "relax_obj": 30.384615384615383,
    "num_LCs": 32,
    "num_callbacks": 29,
    "num_CG_iterations": null,
    "num_columns": null,
    "num_nodes": null,
    "overall_time": 1200.0567586421967,
    "callback_time": 2.481935501098633,
    "subproblem_time": null,
    "mp_time": null,
    "inh_time": null,
    "ilp_time": null,
    "surgeon_schedule": {
        "0": [
            28
        ],
        "1": [
            39
        ],
        "4": [
            8,
            49
        ],
        "5": [
            20
        ],
        "6": [
            0,
            14,
            24,
            37
        ],
        "7": [
            10
        ],
        "8": [
            18,
            41
        ],
        "9": [
            4
        ],
        "10": [
            47
        ],
        "11": [
            31
        ]
    },
    "patient_schedule": {
        "0": 28,
        "1": 18,
        "3": 0,
        "5": 10,
        "6": 37,
        "8": 39,
        "10": 28,
        "12": 31,
        "14": 39,
        "15": 8,
        "17": 47,
        "18": 20,
        "19": 37,
        "20": 18,
        "21": 0,
        "22": 39,
        "23": 0,
        "26": 31,
        "27": 49,
        "28": 20,
        "30": 4,
        "31": 10,
        "32": 18,
        "33": 41,
        "34": 41,
        "36": 0,
        "37": 20,
        "38": 4,
        "40": 24,
        "41": 28,
        "43": 8,
        "47": 49,
        "48": 47,
        "49": 0,
        "50": 31,
        "51": 14,
        "52": 41
    },
    "instance": null,
    "parameters": null,
    "parameters_data": null,
    "patients": null,
    "capacity": null,
    "num_days": null,
    "num_ORs": null,
    "num_surgeons": null,
    "gap": 0.5139240506329115
}