{
    "proved_optimal": false,
    "obj": 93,
    "relax_obj": 50.714285714285715,
    "num_LCs": 69,
    "num_callbacks": 29,
    "num_CG_iterations": null,
    "num_columns": null,
    "num_nodes": null,
    "overall_time": 1200.0114378929138,
    "callback_time": 2.358710527420044,
    "subproblem_time": null,
    "mp_time": null,
    "inh_time": null,
    "ilp_time": null,
    "surgeon_schedule": {
        "0": [
            42
        ],
        "1": [
            20,
            35
        ],
        "3": [
            26,
            39
        ],
        "4": [
            25
        ],
        "5": [
            30
        ],
        "7": [
            43
        ],
        "8": [
            3
        ],
        "9": [
            9,
            36
        ],
        "11": [
            16
        ],
        "12": [
            30
        ],
        "13": [
            11
        ],
        "14": [
            2
        ],
        "15": [
            18,
            29,
            49
        ],
        "19": [
            10,
            20
        ]
    },
    "patient_schedule": {
        "1": 9,
        "3": 26,
        "5": 49,
        "6": 30,
        "7": 2,
        "9": 20,
        "10": 35,
        "12": 49,
        "13": 11,
        "14": 16,
        "15": 43,
        "16": 39,
        "17": 35,
        "20": 9,
        "21": 3,
        "24": 2,
        "26": 42,
        "28": 36,
        "30": 30,
        "32": 20,
        "33": 43,
        "34": 2,
        "35": 42,
        "36": 43,
        "38": 35,
        "40": 18,
        "41": 25,
        "43": 30,
        "45": 3,
        "46": 11,
        "49": 25,
        "53": 36,
        "54": 2,
        "57": 30,
        "60": 20,
        "62": 3,
        "64": 26,
        "65": 9,
        "66": 10,
        "68": 30,
        "69": 3,
        "71": 16,
        "73": 3,
        "75": 26,
        "76": 26,
        "77": 18,
        "78": 11,
        "79": 25,
        "80": 16,
        "82": 25,
        "83": 43,
        "84": 30,
        "85": 43,
        "88": 39,
        "89": 36,
        "90": 25,
        "91": 35,
        "92": 16,
        "93": 29,
        "94": 42,
        "95": 11,
        "96": 42,
        "97": 18
    },
    "instance": null,
    "parameters": null,
    "parameters_data": null,
    "patients": null,
    "capacity": null,
    "num_days": null,
    "num_ORs": null,
    "num_surgeons": null,
    "gap": 0.8338028169014085
}