{
    "proved_optimal": true,
    "obj": 84,
    "relax_obj": 83.33333333333333,
    "num_LCs": 56,
    "num_callbacks": 864,
    "num_CG_iterations": 16,
    "num_columns": 271,
    "num_nodes": 1,
    "overall_time": 24.95240569114685,
    "callback_time": 1.6703832149505615,
    "subproblem_time": 19.928516387939453,
    "mp_time": 5.01125693321228,
    "inh_time": null,
    "ilp_time": 0.0,
    "surgeon_schedule": {
        "0": [
            23
        ],
        "1": [
            1,
            30
        ],
        "3": [
            15
        ],
        "4": [
            27
        ],
        "5": [
            10
        ],
        "7": [
            29
        ],
        "8": [
            33
        ],
        "9": [
            9,
            10,
            41
        ],
        "11": [
            2
        ],
        "12": [
            19
        ],
        "13": [
            48
        ],
        "14": [
            19,
            21,
            36
        ],
        "15": [
            15,
            40
        ],
        "17": [
            8
        ],
        "19": [
            46
        ]
    },
    "patient_schedule": {
        "7": 21,
        "24": 19,
        "26": 23,
        "34": 21,
        "35": 23,
        "54": 19,
        "56": 23,
        "63": 36,
        "94": 23,
        "96": 23,
        "10": 1,
        "17": 1,
        "38": 1,
        "91": 1,
        "9": 30,
        "3": 15,
        "75": 15,
        "76": 15,
        "88": 15,
        "41": 27,
        "49": 27,
        "82": 27,
        "90": 27,
        "6": 10,
        "30": 10,
        "43": 10,
        "33": 29,
        "36": 29,
        "58": 29,
        "21": 33,
        "45": 33,
        "62": 33,
        "69": 33,
        "73": 33,
        "1": 9,
        "53": 9,
        "65": 9,
        "89": 10,
        "20": 41,
        "28": 41,
        "14": 2,
        "71": 2,
        "80": 2,
        "92": 2,
        "57": 19,
        "68": 19,
        "84": 19,
        "13": 48,
        "46": 48,
        "78": 48,
        "95": 48,
        "87": 36,
        "40": 15,
        "93": 15,
        "97": 15,
        "5": 40,
        "12": 40,
        "18": 8,
        "44": 8,
        "74": 8,
        "32": 46,
        "47": 46,
        "60": 46,
        "66": 46
    },
    "instance": null,
    "parameters": null,
    "parameters_data": null,
    "patients": null,
    "capacity": null,
    "num_days": null,
    "num_ORs": null,
    "num_surgeons": null,
    "initial_heuristics_time": 0.39890527725219727,
    "gap": 0.008000000000000057
}