{
    "proved_optimal": false,
    "obj": 67,
    "relax_obj": 44.0,
    "num_LCs": 47,
    "num_callbacks": 36,
    "num_CG_iterations": null,
    "num_columns": null,
    "num_nodes": null,
    "overall_time": 1200.0264847278595,
    "callback_time": 3.6938955783843994,
    "subproblem_time": null,
    "mp_time": null,
    "inh_time": null,
    "ilp_time": null,
    "surgeon_schedule": {
        "1": [
            26,
            40
        ],
        "2": [
            0,
            31
        ],
        "4": [
            4
        ],
        "5": [
            20
        ],
        "6": [
            7
        ],
        "7": [
            46
        ],
        "8": [
            9
        ],
        "9": [
            19
        ],
        "10": [
            17,
            38
        ],
        "11": [
            11
        ]
    },
    "patient_schedule": {
        "0": 0,
        "6": 26,
        "8": 7,
        "9": 9,
        "10": 31,
        "11": 26,
        "12": 46,
        "15": 38,
        "17": 4,
        "21": 11,
        "23": 4,
        "25": 19,
        "26": 0,
        "28": 20,
        "31": 19,
        "32": 26,
        "33": 7,
        "37": 38,
        "38": 11,
        "42": 17,
        "43": 31,
        "44": 31,
        "46": 26,
        "47": 40,
        "48": 46,
        "49": 9,
        "50": 19,
        "51": 31,
        "52": 46,
        "53": 11,
        "54": 38,
        "55": 26,
        "57": 4,
        "60": 26,
        "62": 17,
        "63": 31,
        "64": 7,
        "66": 20
    },
    "instance": null,
    "parameters": null,
    "parameters_data": null,
    "patients": null,
    "capacity": null,
    "num_days": null,
    "num_ORs": null,
    "num_surgeons": null,
    "gap": 0.5227272727272727
}