{
    "proved_optimal": true,
    "obj": 46,
    "relax_obj": 45.5,
    "num_LCs": 47,
    "num_callbacks": 661,
    "num_CG_iterations": 19,
    "num_columns": 199,
    "num_nodes": 1,
    "overall_time": 14.741950273513794,
    "callback_time": 1.8135533332824707,
    "subproblem_time": 10.797750473022461,
    "mp_time": 3.934342861175537,
    "inh_time": null,
    "ilp_time": 0.0,
    "surgeon_schedule": {
        "0": [
            15
        ],
        "1": [
            39
        ],
        "4": [
            4,
            21
        ],
        "5": [
            7
        ],
        "6": [
            9,
            10,
            27,
            49
        ],
        "7": [
            30
        ],
        "8": [
            29,
            42
        ],
        "9": [
            19
        ],
        "10": [
            0
        ],
        "11": [
            35
        ]
    },
    "patient_schedule": {
        "0": 15,
        "10": 15,
        "41": 15,
        "8": 39,
        "14": 39,
        "22": 39,
        "15": 4,
        "27": 4,
        "43": 21,
        "47": 21,
        "18": 7,
        "28": 7,
        "37": 7,
        "40": 9,
        "51": 10,
        "19": 27,
        "23": 27,
        "36": 27,
        "3": 49,
        "6": 49,
        "21": 49,
        "49": 49,
        "5": 30,
        "31": 30,
        "1": 29,
        "33": 29,
        "20": 42,
        "32": 42,
        "34": 42,
        "52": 42,
        "30": 19,
        "38": 19,
        "17": 0,
        "48": 0,
        "12": 35,
        "26": 35,
        "50": 35
    },
    "instance": null,
    "parameters": null,
    "parameters_data": null,
    "patients": null,
    "capacity": null,
    "num_days": null,
    "num_ORs": null,
    "num_surgeons": null,
    "initial_heuristics_time": 0.0,
    "gap": 0.01098901098901099
}