{
    "proved_optimal": false,
    "obj": 168,
    "relax_obj": 97.25,
    "num_LCs": 366,
    "num_callbacks": 73,
    "num_CG_iterations": null,
    "num_columns": null,
    "num_nodes": null,
    "overall_time": 1200.017748117447,
    "callback_time": 13.501776218414307,
    "subproblem_time": null,
    "mp_time": null,
    "inh_time": null,
    "ilp_time": null,
    "surgeon_schedule": {
        "0": [
            5,
            11
        ],
        "1": [
            8,
            30
        ],
        "2": [
            21,
            41
        ],
        "3": [
            19,
            29,
            49
        ],
        "4": [
            2,
            44
        ],
        "5": [
            21,
            35
        ],
        "6": [
            0,
            10
        ],
        "7": [
            16
        ],
        "8": [
            29,
            39,
            49
        ],
        "9": [
            22,
            43
        ],
        "10": [
            0,
            18,
            40
        ],
        "11": [
            9,
            38
        ],
        "12": [
            9,
            12,
            47
        ],
        "13": [
            1,
            27,
            34,
            40
        ],
        "15": [
            28,
            30
        ],
        "16": [
            6,
            18,
            32,
            47
        ],
        "17": [
            11,
            21,
            39
        ],
        "18": [
            33,
            46
        ],
        "19": [
            28
        ]
    },
    "patient_schedule": {
        "0": 40,
        "1": 49,
        "3": 44,
        "5": 18,
        "7": 0,
        "8": 0,
        "9": 6,
        "10": 6,
        "11": 9,
        "12": 22,
        "13": 41,
        "14": 16,
        "15": 11,
        "19": 28,
        "20": 18,
        "21": 41,
        "24": 41,
        "26": 11,
        "28": 32,
        "31": 43,
        "32": 8,
        "33": 35,
        "34": 33,
        "37": 22,
        "38": 8,
        "39": 27,
        "40": 30,
        "41": 39,
        "42": 0,
        "44": 38,
        "47": 1,
        "49": 18,
        "50": 16,
        "51": 33,
        "52": 5,
        "54": 35,
        "55": 2,
        "56": 0,
        "57": 0,
        "58": 2,
        "60": 11,
        "61": 21,
        "62": 21,
        "64": 0,
        "65": 21,
        "66": 18,
        "68": 47,
        "70": 21,
        "72": 32,
        "73": 21,
        "75": 0,
        "76": 29,
        "77": 2,
        "78": 19,
        "79": 2,
        "80": 29,
        "82": 49,
        "83": 40,
        "84": 21,
        "86": 32,
        "91": 5,
        "92": 21,
        "93": 21,
        "94": 21,
        "95": 10,
        "98": 46,
        "99": 8,
        "100": 28,
        "102": 12,
        "103": 22,
        "105": 35,
        "106": 46,
        "109": 28,
        "111": 30,
        "112": 11,
        "113": 21,
        "114": 33,
        "115": 6,
        "118": 27,
        "119": 28,
        "121": 40,
        "123": 8,
        "124": 22,
        "125": 34,
        "126": 43,
        "127": 39,
        "129": 43,
        "132": 28,
        "134": 33,
        "135": 1,
        "136": 12,
        "137": 9,
        "139": 43,
        "140": 9,
        "141": 49,
        "142": 35,
        "143": 16,
        "145": 11,
        "146": 9,
        "147": 10,
        "148": 46,
        "149": 49,
        "153": 44,
        "154": 46,
        "155": 30,
        "158": 30,
        "159": 16,
        "161": 12,
        "164": 47,
        "166": 47,
        "168": 18,
        "171": 29,
        "174": 39,
        "175": 46,
        "177": 38,
        "180": 12,
        "181": 19,
        "183": 2,
        "184": 16,
        "185": 18,
        "186": 40,
        "187": 38,
        "188": 35
    },
    "instance": null,
    "parameters": null,
    "parameters_data": null,
    "patients": null,
    "capacity": null,
    "num_days": null,
    "num_ORs": null,
    "num_surgeons": null,
    "gap": 0.7275064267352185
}