{
    "proved_optimal": true,
    "obj": 43,
    "relax_obj": 42.333333333333336,
    "num_LCs": 33,
    "num_callbacks": 632,
    "num_CG_iterations": 21,
    "num_columns": 188,
    "num_nodes": 1,
    "overall_time": 16.152692556381226,
    "callback_time": 2.075195789337158,
    "subproblem_time": 11.29433012008667,
    "mp_time": 4.848803997039795,
    "inh_time": null,
    "ilp_time": 0.0,
    "surgeon_schedule": {
        "0": [
            32
        ],
        "1": [
            28
        ],
        "2": [
            8,
            24
        ],
        "3": [
            11
        ],
        "4": [
            18,
            20
        ],
        "5": [
            1,
            39
        ],
        "6": [
            40
        ],
        "8": [
            44
        ],
        "9": [
            48
        ]
    },
    "patient_schedule": {
        "5": 32,
        "23": 32,
        "39": 32,
        "1": 28,
        "18": 28,
        "49": 28,
        "11": 8,
        "14": 8,
        "28": 8,
        "32": 8,
        "44": 24,
        "46": 24,
        "15": 11,
        "33": 11,
        "20": 18,
        "21": 18,
        "17": 20,
        "24": 20,
        "9": 1,
        "10": 1,
        "16": 1,
        "19": 1,
        "3": 39,
        "8": 39,
        "7": 40,
        "47": 40,
        "48": 40,
        "2": 44,
        "4": 44,
        "25": 44,
        "0": 48,
        "26": 48,
        "34": 48
    },
    "instance": null,
    "parameters": null,
    "parameters_data": null,
    "patients": null,
    "capacity": null,
    "num_days": null,
    "num_ORs": null,
    "num_surgeons": null,
    "initial_heuristics_time": 0.24645233154296875,
    "gap": 0.015748031496062936
}