{
    "proved_optimal": true,
    "obj": 49,
    "relax_obj": 49.0,
    "num_LCs": 16,
    "num_callbacks": 580,
    "num_CG_iterations": 16,
    "num_columns": 174,
    "num_nodes": 1,
    "overall_time": 9.213735580444336,
    "callback_time": 0.9612076282501221,
    "subproblem_time": 5.783388376235962,
    "mp_time": 3.4231574535369873,
    "inh_time": null,
    "ilp_time": 0.0,
    "surgeon_schedule": {
        "0": [
            47
        ],
        "1": [
            27
        ],
        "2": [
            20
        ],
        "3": [
            30
        ],
        "5": [
            8
        ],
        "6": [
            11
        ],
        "8": [
            19,
            41
        ],
        "9": [
            24
        ],
        "10": [
            1
        ],
        "11": [
            17
        ],
        "12": [
            29,
            36,
            49
        ]
    },
    "patient_schedule": {
        "16": 47,
        "46": 47,
        "8": 27,
        "14": 27,
        "28": 27,
        "49": 27,
        "9": 20,
        "24": 20,
        "7": 30,
        "12": 30,
        "0": 8,
        "10": 8,
        "32": 8,
        "48": 8,
        "18": 11,
        "30": 11,
        "25": 19,
        "26": 19,
        "5": 41,
        "11": 41,
        "4": 24,
        "20": 24,
        "15": 1,
        "40": 1,
        "2": 17,
        "23": 17,
        "34": 29,
        "42": 29,
        "21": 36,
        "41": 36,
        "3": 49,
        "17": 49
    },
    "instance": null,
    "parameters": null,
    "parameters_data": null,
    "patients": null,
    "capacity": null,
    "num_days": null,
    "num_ORs": null,
    "num_surgeons": null,
    "initial_heuristics_time": 0.3134493827819824,
    "gap": 0.0
}