{
    "proved_optimal": true,
    "obj": 51,
    "relax_obj": 50.333333333333336,
    "num_LCs": 129,
    "num_callbacks": 803,
    "num_CG_iterations": 18,
    "num_columns": 193,
    "num_nodes": 1,
    "overall_time": 13.838940858840942,
    "callback_time": 1.9874842166900635,
    "subproblem_time": 10.013561010360718,
    "mp_time": 3.816666603088379,
    "inh_time": null,
    "ilp_time": 0.0,
    "surgeon_schedule": {
        "0": [
            19
        ],
        "1": [
            31
        ],
        "2": [
            48
        ],
        "3": [
            8,
            12
        ],
        "5": [
            21
        ],
        "6": [
            4
        ],
        "7": [
            0
        ],
        "8": [
            28
        ],
        "9": [
            41
        ],
        "10": [
            37
        ],
        "11": [
            39
        ]
    },
    "patient_schedule": {
        "10": 19,
        "36": 19,
        "34": 31,
        "37": 31,
        "5": 48,
        "40": 48,
        "3": 8,
        "22": 8,
        "48": 8,
        "0": 12,
        "33": 12,
        "35": 12,
        "11": 21,
        "20": 21,
        "31": 21,
        "2": 4,
        "7": 4,
        "23": 4,
        "28": 0,
        "42": 0,
        "47": 0,
        "15": 28,
        "26": 28,
        "49": 28,
        "1": 41,
        "46": 41,
        "8": 37,
        "9": 37,
        "44": 37,
        "4": 39,
        "18": 39
    },
    "instance": null,
    "parameters": null,
    "parameters_data": null,
    "patients": null,
    "capacity": null,
    "num_days": null,
    "num_ORs": null,
    "num_surgeons": null,
    "initial_heuristics_time": 0.2545747756958008,
    "gap": 0.013245033112582735
}