{
    "proved_optimal": true,
    "obj": 51,
    "relax_obj": 50.333333333333336,
    "num_LCs": 55,
    "num_callbacks": 3865,
    "num_CG_iterations": 435,
    "num_columns": 421,
    "num_nodes": 17,
    "overall_time": 155.43108749389648,
    "callback_time": 5.6484644412994385,
    "subproblem_time": 75.05607604980469,
    "mp_time": 80.20256614685059,
    "inh_time": null,
    "ilp_time": 0.0,
    "surgeon_schedule": {
        "0": [
            21
        ],
        "1": [
            41
        ],
        "2": [
            7,
            46
        ],
        "3": [
            1
        ],
        "5": [
            35
        ],
        "6": [
            34
        ],
        "7": [
            40
        ],
        "8": [
            18
        ],
        "9": [
            8
        ],
        "10": [
            14
        ],
        "11": [
            10
        ]
    },
    "patient_schedule": {
        "10": 21,
        "41": 21,
        "34": 41,
        "37": 41,
        "40": 7,
        "5": 46,
        "32": 46,
        "38": 46,
        "3": 1,
        "33": 1,
        "48": 1,
        "11": 35,
        "20": 35,
        "31": 35,
        "2": 34,
        "7": 34,
        "23": 34,
        "28": 40,
        "42": 40,
        "47": 40,
        "15": 18,
        "26": 18,
        "49": 18,
        "1": 8,
        "46": 8,
        "8": 14,
        "9": 14,
        "44": 14,
        "4": 10,
        "18": 10
    },
    "instance": null,
    "parameters": null,
    "parameters_data": null,
    "patients": null,
    "capacity": null,
    "num_days": null,
    "num_ORs": null,
    "num_surgeons": null,
    "initial_heuristics_time": 0.2535831928253174,
    "gap": 0.013245033112582735
}