{
    "proved_optimal": true,
    "obj": 49,
    "relax_obj": 49.0,
    "num_LCs": 19,
    "num_callbacks": 608,
    "num_CG_iterations": 17,
    "num_columns": 201,
    "num_nodes": 1,
    "overall_time": 9.334871768951416,
    "callback_time": 0.8164966106414795,
    "subproblem_time": 5.447745084762573,
    "mp_time": 3.8795533180236816,
    "inh_time": null,
    "ilp_time": 0.0,
    "surgeon_schedule": {
        "0": [
            19
        ],
        "1": [
            4
        ],
        "2": [
            49
        ],
        "3": [
            30
        ],
        "5": [
            27,
            39
        ],
        "6": [
            35
        ],
        "8": [
            29,
            45
        ],
        "9": [
            0
        ],
        "10": [
            21
        ],
        "11": [
            7
        ],
        "12": [
            9,
            12,
            40
        ]
    },
    "patient_schedule": {
        "16": 19,
        "46": 19,
        "8": 4,
        "14": 4,
        "28": 4,
        "49": 4,
        "9": 49,
        "24": 49,
        "7": 30,
        "12": 30,
        "0": 27,
        "10": 27,
        "32": 39,
        "48": 39,
        "18": 35,
        "30": 35,
        "11": 29,
        "5": 45,
        "25": 45,
        "26": 45,
        "4": 0,
        "20": 0,
        "15": 21,
        "40": 21,
        "2": 7,
        "23": 7,
        "34": 9,
        "42": 9,
        "21": 12,
        "41": 12,
        "3": 40,
        "17": 40
    },
    "instance": null,
    "parameters": null,
    "parameters_data": null,
    "patients": null,
    "capacity": null,
    "num_days": null,
    "num_ORs": null,
    "num_surgeons": null,
    "initial_heuristics_time": 0.28019237518310547,
    "gap": 0.0
}