{
    "proved_optimal": true,
    "obj": 87,
    "relax_obj": 86.66666666666667,
    "num_LCs": 68,
    "num_callbacks": 887,
    "num_CG_iterations": 15,
    "num_columns": 226,
    "num_nodes": 1,
    "overall_time": 23.157391786575317,
    "callback_time": 1.645848274230957,
    "subproblem_time": 18.592294692993164,
    "mp_time": 4.552988052368164,
    "inh_time": null,
    "ilp_time": 0.0,
    "surgeon_schedule": {
        "0": [
            19,
            40
        ],
        "1": [
            37,
            48
        ],
        "5": [
            29,
            31
        ],
        "6": [
            0
        ],
        "7": [
            31
        ],
        "8": [
            9,
            15
        ],
        "10": [
            19,
            27,
            41
        ],
        "11": [
            2,
            39
        ],
        "12": [
            37
        ],
        "13": [
            10,
            21,
            46
        ],
        "16": [
            9
        ],
        "17": [
            5,
            17,
            39
        ],
        "18": [
            11
        ],
        "19": [
            23
        ]
    },
    "patient_schedule": {
        "46": 19,
        "75": 19,
        "48": 40,
        "76": 37,
        "9": 48,
        "53": 48,
        "5": 29,
        "24": 31,
        "73": 31,
        "30": 0,
        "40": 0,
        "62": 0,
        "68": 31,
        "71": 31,
        "17": 9,
        "44": 15,
        "63": 15,
        "21": 19,
        "60": 27,
        "72": 27,
        "29": 41,
        "34": 41,
        "55": 2,
        "78": 2,
        "11": 39,
        "32": 39,
        "10": 37,
        "64": 37,
        "14": 10,
        "66": 10,
        "37": 21,
        "18": 46,
        "26": 46,
        "51": 46,
        "56": 46,
        "4": 9,
        "59": 9,
        "2": 5,
        "28": 5,
        "54": 5,
        "47": 17,
        "15": 39,
        "52": 11,
        "58": 11,
        "12": 23,
        "35": 23,
        "36": 23,
        "77": 23
    },
    "instance": null,
    "parameters": null,
    "parameters_data": null,
    "patients": null,
    "capacity": null,
    "num_days": null,
    "num_ORs": null,
    "num_surgeons": null,
    "initial_heuristics_time": 0.4361419677734375,
    "gap": 0.0038461538461537913
}