{
    "proved_optimal": true,
    "obj": 87,
    "relax_obj": 86.66666666666667,
    "num_LCs": 82,
    "num_callbacks": 947,
    "num_CG_iterations": 16,
    "num_columns": 260,
    "num_nodes": 1,
    "overall_time": 24.14945888519287,
    "callback_time": 2.4614040851593018,
    "subproblem_time": 19.290691614151,
    "mp_time": 4.846505165100098,
    "inh_time": null,
    "ilp_time": 0.0,
    "surgeon_schedule": {
        "0": [
            29,
            40
        ],
        "1": [
            9,
            41
        ],
        "4": [
            32
        ],
        "5": [
            10,
            35
        ],
        "6": [
            0
        ],
        "8": [
            21
        ],
        "10": [
            7,
            39,
            48
        ],
        "11": [
            13
        ],
        "12": [
            20
        ],
        "13": [
            5,
            26,
            30
        ],
        "16": [
            9
        ],
        "17": [
            1,
            19,
            27
        ],
        "18": [
            15
        ],
        "19": [
            39,
            46
        ]
    },
    "patient_schedule": {
        "46": 29,
        "75": 29,
        "48": 40,
        "76": 9,
        "9": 41,
        "53": 41,
        "8": 32,
        "38": 32,
        "5": 10,
        "24": 35,
        "73": 35,
        "30": 0,
        "40": 0,
        "62": 0,
        "44": 21,
        "63": 21,
        "34": 7,
        "60": 7,
        "21": 39,
        "29": 48,
        "72": 48,
        "11": 13,
        "32": 13,
        "55": 13,
        "78": 13,
        "10": 20,
        "64": 20,
        "37": 5,
        "18": 26,
        "26": 26,
        "51": 26,
        "56": 26,
        "14": 30,
        "66": 30,
        "4": 9,
        "59": 9,
        "2": 1,
        "28": 1,
        "54": 1,
        "15": 19,
        "47": 27,
        "52": 15,
        "58": 15,
        "35": 39,
        "36": 39,
        "12": 46,
        "77": 46
    },
    "instance": null,
    "parameters": null,
    "parameters_data": null,
    "patients": null,
    "capacity": null,
    "num_days": null,
    "num_ORs": null,
    "num_surgeons": null,
    "initial_heuristics_time": 0.43409204483032227,
    "gap": 0.0038461538461537913
}