{
    "proved_optimal": false,
    "obj": 50,
    "relax_obj": 26.666666666666668,
    "num_LCs": 22,
    "num_callbacks": 20,
    "num_CG_iterations": null,
    "num_columns": null,
    "num_nodes": null,
    "overall_time": 1200.0190167427063,
    "callback_time": 1.374786376953125,
    "subproblem_time": null,
    "mp_time": null,
    "inh_time": null,
    "ilp_time": null,
    "surgeon_schedule": {
        "0": [
            8
        ],
        "1": [
            47
        ],
        "2": [
            39
        ],
        "3": [
            30
        ],
        "5": [
            35
        ],
        "8": [
            0,
            15
        ],
        "9": [
            4,
            19
        ],
        "10": [
            41
        ],
        "11": [
            10
        ],
        "12": [
            23,
            49
        ]
    },
    "patient_schedule": {
        "0": 35,
        "2": 10,
        "3": 49,
        "4": 19,
        "5": 15,
        "7": 30,
        "8": 47,
        "9": 39,
        "10": 35,
        "11": 15,
        "12": 30,
        "14": 47,
        "15": 41,
        "17": 49,
        "20": 19,
        "21": 23,
        "22": 4,
        "23": 10,
        "24": 39,
        "25": 0,
        "26": 0,
        "28": 47,
        "32": 35,
        "34": 23,
        "37": 8,
        "40": 41,
        "41": 23,
        "42": 23,
        "46": 8,
        "48": 35,
        "49": 47
    },
    "instance": null,
    "parameters": null,
    "parameters_data": null,
    "patients": null,
    "capacity": null,
    "num_days": null,
    "num_ORs": null,
    "num_surgeons": null,
    "gap": 0.8749999999999999
}