{
    "proved_optimal": false,
    "obj": 44,
    "relax_obj": 26.666666666666668,
    "num_LCs": 29,
    "num_callbacks": 27,
    "num_CG_iterations": null,
    "num_columns": null,
    "num_nodes": null,
    "overall_time": 1200.0178017616272,
    "callback_time": 1.3618292808532715,
    "subproblem_time": null,
    "mp_time": null,
    "inh_time": null,
    "ilp_time": null,
    "surgeon_schedule": {
        "1": [
            41
        ],
        "2": [
            0,
            17,
            25
        ],
        "3": [
            11
        ],
        "4": [
            32
        ],
        "5": [
            6,
            19,
            29
        ],
        "6": [
            39
        ],
        "8": [
            20
        ],
        "9": [
            48
        ]
    },
    "patient_schedule": {
        "0": 48,
        "1": 41,
        "2": 20,
        "3": 29,
        "4": 20,
        "7": 39,
        "8": 6,
        "9": 29,
        "10": 19,
        "11": 25,
        "14": 0,
        "15": 11,
        "17": 32,
        "18": 41,
        "19": 6,
        "20": 32,
        "21": 32,
        "24": 32,
        "25": 20,
        "26": 48,
        "28": 0,
        "29": 6,
        "33": 11,
        "34": 48,
        "37": 25,
        "42": 0,
        "43": 19,
        "44": 17,
        "46": 17,
        "47": 39,
        "48": 39,
        "49": 41
    },
    "instance": null,
    "parameters": null,
    "parameters_data": null,
    "patients": null,
    "capacity": null,
    "num_days": null,
    "num_ORs": null,
    "num_surgeons": null,
    "gap": 0.6499999999999999
}