{
    "proved_optimal": true,
    "obj": 51,
    "relax_obj": 50.333333333333336,
    "num_LCs": 36,
    "num_callbacks": 744,
    "num_CG_iterations": 19,
    "num_columns": 199,
    "num_nodes": 1,
    "overall_time": 13.758880853652954,
    "callback_time": 1.3404226303100586,
    "subproblem_time": 9.601993560791016,
    "mp_time": 4.14832878112793,
    "inh_time": null,
    "ilp_time": 0.0,
    "surgeon_schedule": {
        "0": [
            29
        ],
        "1": [
            38
        ],
        "2": [
            48
        ],
        "3": [
            2,
            31
        ],
        "5": [
            18
        ],
        "6": [
            20
        ],
        "7": [
            9
        ],
        "8": [
            25
        ],
        "9": [
            41
        ],
        "10": [
            14
        ],
        "11": [
            10
        ]
    },
    "patient_schedule": {
        "10": 29,
        "36": 29,
        "34": 38,
        "37": 38,
        "5": 48,
        "40": 48,
        "0": 2,
        "33": 2,
        "35": 2,
        "3": 31,
        "22": 31,
        "48": 31,
        "11": 18,
        "20": 18,
        "31": 18,
        "2": 20,
        "7": 20,
        "23": 20,
        "28": 9,
        "42": 9,
        "47": 9,
        "15": 25,
        "26": 25,
        "49": 25,
        "1": 41,
        "46": 41,
        "8": 14,
        "9": 14,
        "44": 14,
        "4": 10,
        "18": 10
    },
    "instance": null,
    "parameters": null,
    "parameters_data": null,
    "patients": null,
    "capacity": null,
    "num_days": null,
    "num_ORs": null,
    "num_surgeons": null,
    "initial_heuristics_time": 0.2984926700592041,
    "gap": 0.013245033112582735
}