{
    "proved_optimal": true,
    "obj": 43,
    "relax_obj": 42.333333333333336,
    "num_LCs": 30,
    "num_callbacks": 539,
    "num_CG_iterations": 20,
    "num_columns": 183,
    "num_nodes": 1,
    "overall_time": 12.63697075843811,
    "callback_time": 0.834918737411499,
    "subproblem_time": 8.736972093582153,
    "mp_time": 3.8912103176116943,
    "inh_time": null,
    "ilp_time": 0.0,
    "surgeon_schedule": {
        "0": [
            42
        ],
        "1": [
            14
        ],
        "2": [
            8,
            24
        ],
        "3": [
            1
        ],
        "4": [
            18,
            49
        ],
        "5": [
            10,
            28
        ],
        "6": [
            30
        ],
        "8": [
            20
        ],
        "9": [
            36
        ]
    },
    "patient_schedule": {
        "5": 42,
        "23": 42,
        "39": 42,
        "18": 14,
        "49": 14,
        "11": 8,
        "14": 8,
        "28": 8,
        "32": 8,
        "44": 24,
        "46": 24,
        "15": 1,
        "33": 1,
        "20": 18,
        "21": 18,
        "17": 49,
        "24": 49,
        "3": 10,
        "9": 10,
        "8": 28,
        "10": 28,
        "16": 28,
        "19": 28,
        "7": 30,
        "47": 30,
        "48": 30,
        "2": 20,
        "4": 20,
        "25": 20,
        "0": 36,
        "26": 36,
        "34": 36,
        "38": 36
    },
    "instance": null,
    "parameters": null,
    "parameters_data": null,
    "patients": null,
    "capacity": null,
    "num_days": null,
    "num_ORs": null,
    "num_surgeons": null,
    "initial_heuristics_time": 0.2258312702178955,
    "gap": 0.015748031496062936
}