{
    "proved_optimal": false,
    "obj": 91,
    "relax_obj": 49.64705882352941,
    "num_LCs": 42,
    "num_callbacks": 27,
    "num_CG_iterations": null,
    "num_columns": null,
    "num_nodes": null,
    "overall_time": 1200.0192611217499,
    "callback_time": 3.9242634773254395,
    "subproblem_time": null,
    "mp_time": null,
    "inh_time": null,
    "ilp_time": null,
    "surgeon_schedule": {
        "0": [
            29,
            39
        ],
        "1": [
            8
        ],
        "2": [
            13
        ],
        "6": [
            9
        ],
        "8": [
            11
        ],
        "10": [
            2,
            30
        ],
        "11": [
            19,
            46
        ],
        "12": [
            17
        ],
        "13": [
            1,
            21,
            35
        ],
        "14": [
            46
        ],
        "16": [
            40
        ],
        "17": [
            33
        ],
        "18": [
            28
        ],
        "19": [
            22,
            40
        ]
    },
    "patient_schedule": {
        "1": 46,
        "2": 33,
        "4": 40,
        "6": 46,
        "10": 17,
        "11": 19,
        "12": 22,
        "14": 35,
        "15": 33,
        "18": 21,
        "19": 13,
        "21": 2,
        "26": 35,
        "28": 33,
        "29": 2,
        "30": 9,
        "31": 13,
        "32": 19,
        "33": 13,
        "34": 2,
        "35": 40,
        "36": 40,
        "37": 1,
        "40": 9,
        "44": 11,
        "45": 8,
        "46": 39,
        "47": 33,
        "48": 29,
        "51": 21,
        "52": 28,
        "53": 8,
        "54": 33,
        "55": 46,
        "56": 21,
        "58": 28,
        "59": 40,
        "60": 30,
        "62": 9,
        "63": 11,
        "64": 17,
        "66": 21,
        "72": 30,
        "75": 39,
        "76": 8,
        "77": 22,
        "78": 46,
        "80": 46
    },
    "instance": null,
    "parameters": null,
    "parameters_data": null,
    "patients": null,
    "capacity": null,
    "num_days": null,
    "num_ORs": null,
    "num_surgeons": null,
    "gap": 0.8329383886255923
}