{
    "proved_optimal": false,
    "obj": 49,
    "relax_obj": 26.666666666666668,
    "num_LCs": 27,
    "num_callbacks": 29,
    "num_CG_iterations": null,
    "num_columns": null,
    "num_nodes": null,
    "overall_time": 1200.024962902069,
    "callback_time": 1.5502934455871582,
    "subproblem_time": null,
    "mp_time": null,
    "inh_time": null,
    "ilp_time": null,
    "surgeon_schedule": {
        "0": [
            18
        ],
        "1": [
            49
        ],
        "2": [
            30
        ],
        "3": [
            0
        ],
        "5": [
            7,
            47
        ],
        "6": [
            35
        ],
        "8": [
            41
        ],
        "9": [
            9
        ],
        "10": [
            11
        ],
        "11": [
            4
        ],
        "12": [
            23,
            39
        ]
    },
    "patient_schedule": {
        "0": 7,
        "2": 4,
        "3": 39,
        "4": 9,
        "5": 41,
        "7": 0,
        "8": 49,
        "9": 30,
        "10": 7,
        "12": 0,
        "14": 49,
        "15": 11,
        "17": 23,
        "18": 35,
        "20": 9,
        "21": 23,
        "23": 4,
        "24": 30,
        "25": 41,
        "26": 41,
        "28": 49,
        "30": 35,
        "32": 47,
        "34": 23,
        "37": 18,
        "40": 11,
        "41": 23,
        "42": 23,
        "46": 18,
        "48": 47,
        "49": 49
    },
    "instance": null,
    "parameters": null,
    "parameters_data": null,
    "patients": null,
    "capacity": null,
    "num_days": null,
    "num_ORs": null,
    "num_surgeons": null,
    "gap": 0.8374999999999999
}