{
    "proved_optimal": false,
    "obj": 167,
    "relax_obj": 89.72727272727273,
    "num_LCs": 320,
    "num_callbacks": 77,
    "num_CG_iterations": null,
    "num_columns": null,
    "num_nodes": null,
    "overall_time": 1200.0143728256226,
    "callback_time": 12.931519985198975,
    "subproblem_time": null,
    "mp_time": null,
    "inh_time": null,
    "ilp_time": null,
    "surgeon_schedule": {
        "0": [
            16,
            43
        ],
        "1": [
            12,
            20,
            48
        ],
        "3": [
            8,
            20
        ],
        "4": [
            4,
            20,
            44
        ],
        "5": [
            19
        ],
        "6": [
            33
        ],
        "7": [
            6,
            28,
            43
        ],
        "8": [
            9,
            24
        ],
        "9": [
            0,
            19,
            26,
            30
        ],
        "10": [
            11,
            38,
            48
        ],
        "11": [
            0,
            30
        ],
        "12": [
            25,
            36
        ],
        "13": [
            28
        ],
        "14": [
            2,
            10,
            30
        ],
        "15": [
            10,
            29,
            41
        ],
        "16": [
            16,
            36
        ],
        "17": [
            17,
            34,
            40
        ],
        "18": [
            3,
            21
        ]
    },
    "patient_schedule": {
        "1": 28,
        "2": 20,
        "3": 28,
        "5": 2,
        "7": 30,
        "8": 33,
        "9": 43,
        "10": 36,
        "11": 30,
        "13": 48,
        "15": 11,
        "17": 48,
        "19": 3,
        "20": 16,
        "21": 12,
        "23": 30,
        "27": 0,
        "29": 2,
        "30": 28,
        "32": 48,
        "33": 43,
        "34": 36,
        "37": 43,
        "38": 21,
        "40": 16,
        "41": 20,
        "42": 26,
        "43": 2,
        "44": 0,
        "46": 2,
        "48": 38,
        "49": 43,
        "50": 19,
        "51": 2,
        "52": 20,
        "54": 28,
        "56": 36,
        "57": 41,
        "58": 20,
        "59": 19,
        "62": 3,
        "63": 3,
        "64": 44,
        "65": 6,
        "66": 40,
        "68": 36,
        "69": 26,
        "70": 36,
        "71": 43,
        "72": 24,
        "75": 40,
        "76": 3,
        "77": 0,
        "78": 11,
        "80": 43,
        "81": 28,
        "82": 3,
        "83": 28,
        "84": 21,
        "85": 16,
        "87": 29,
        "89": 20,
        "90": 34,
        "92": 8,
        "94": 25,
        "95": 16,
        "96": 48,
        "97": 20,
        "98": 48,
        "99": 9,
        "100": 41,
        "102": 0,
        "103": 20,
        "104": 6,
        "105": 28,
        "106": 10,
        "107": 12,
        "108": 30,
        "109": 25,
        "110": 20,
        "111": 38,
        "114": 34,
        "115": 43,
        "116": 19,
        "117": 34,
        "118": 10,
        "119": 33,
        "121": 26,
        "122": 20,
        "125": 25,
        "129": 36,
        "130": 17,
        "131": 41,
        "134": 11,
        "135": 0,
        "136": 48,
        "142": 8,
        "143": 28,
        "144": 16,
        "145": 43,
        "146": 28,
        "147": 36,
        "148": 33,
        "149": 10,
        "150": 12,
        "151": 16,
        "156": 33,
        "157": 29,
        "158": 6,
        "159": 43,
        "160": 8,
        "162": 19,
        "169": 40,
        "170": 30,
        "171": 16,
        "174": 4,
        "177": 12,
        "178": 33,
        "179": 21,
        "180": 20,
        "181": 11,
        "183": 10,
        "186": 43,
        "187": 26,
        "188": 0
    },
    "instance": null,
    "parameters": null,
    "parameters_data": null,
    "patients": null,
    "capacity": null,
    "num_days": null,
    "num_ORs": null,
    "num_surgeons": null,
    "gap": 0.8611955420466058
}