{
    "proved_optimal": true,
    "obj": 32,
    "relax_obj": 31.25,
    "num_LCs": 31,
    "num_callbacks": 950,
    "num_CG_iterations": 28,
    "num_columns": 168,
    "num_nodes": 11,
    "overall_time": 27.241676568984985,
    "callback_time": 1.0966804027557373,
    "subproblem_time": 21.153064727783203,
    "mp_time": 6.053722620010376,
    "inh_time": null,
    "ilp_time": 0.0,
    "surgeon_schedule": {
        "1": [
            8,
            19,
            49
        ],
        "2": [
            12,
            21,
            41
        ],
        "5": [
            42
        ],
        "6": [
            0,
            20
        ]
    },
    "patient_schedule": {
        "3": 8,
        "29": 8,
        "2": 19,
        "4": 49,
        "15": 49,
        "0": 12,
        "20": 12,
        "5": 21,
        "6": 41,
        "7": 41,
        "9": 41,
        "8": 42,
        "10": 42,
        "11": 42,
        "22": 0,
        "13": 20,
        "21": 20
    },
    "instance": null,
    "parameters": null,
    "parameters_data": null,
    "patients": null,
    "capacity": null,
    "num_days": null,
    "num_ORs": null,
    "num_surgeons": null,
    "initial_heuristics_time": 0.21204829216003418,
    "gap": 0.024
}