{
    "proved_optimal": true,
    "obj": 32,
    "relax_obj": 31.25,
    "num_LCs": 22,
    "num_callbacks": 546,
    "num_CG_iterations": 19,
    "num_columns": 150,
    "num_nodes": 3,
    "overall_time": 14.164071559906006,
    "callback_time": 0.9373023509979248,
    "subproblem_time": 10.463578462600708,
    "mp_time": 3.690681219100952,
    "inh_time": null,
    "ilp_time": 0.0,
    "surgeon_schedule": {
        "0": [
            15,
            30,
            49
        ],
        "1": [
            5,
            10,
            29
        ],
        "2": [
            9,
            36,
            42
        ],
        "5": [
            22
        ],
        "6": [
            0,
            19
        ]
    },
    "patient_schedule": {
        "14": 15,
        "23": 15,
        "24": 30,
        "26": 49,
        "3": 5,
        "4": 5,
        "15": 5,
        "29": 10,
        "2": 29,
        "7": 9,
        "5": 36,
        "6": 36,
        "9": 36,
        "0": 42,
        "20": 42,
        "8": 22,
        "10": 22,
        "11": 22,
        "22": 0,
        "13": 19,
        "21": 19
    },
    "instance": null,
    "parameters": null,
    "parameters_data": null,
    "patients": null,
    "capacity": null,
    "num_days": null,
    "num_ORs": null,
    "num_surgeons": null,
    "initial_heuristics_time": 0.21542954444885254,
    "gap": 0.024
}