{
    "proved_optimal": false,
    "obj": 98,
    "relax_obj": 54.27272727272727,
    "num_LCs": 104,
    "num_callbacks": 43,
    "num_CG_iterations": null,
    "num_columns": null,
    "num_nodes": null,
    "overall_time": 1200.0082759857178,
    "callback_time": 3.5805904865264893,
    "subproblem_time": null,
    "mp_time": null,
    "inh_time": null,
    "ilp_time": null,
    "surgeon_schedule": {
        "0": [
            1
        ],
        "1": [
            11
        ],
        "4": [
            1
        ],
        "5": [
            40
        ],
        "7": [
            21
        ],
        "8": [
            8,
            28
        ],
        "9": [
            8
        ],
        "10": [
            16
        ],
        "11": [
            10
        ],
        "12": [
            18,
            30
        ],
        "13": [
            33
        ],
        "16": [
            43
        ],
        "17": [
            36
        ],
        "18": [
            23
        ],
        "19": [
            46
        ]
    },
    "patient_schedule": {
        "0": 36,
        "1": 16,
        "2": 18,
        "3": 40,
        "5": 1,
        "7": 43,
        "8": 8,
        "10": 33,
        "11": 46,
        "14": 43,
        "15": 36,
        "17": 21,
        "21": 46,
        "22": 23,
        "23": 10,
        "24": 16,
        "26": 10,
        "28": 11,
        "30": 23,
        "32": 30,
        "33": 18,
        "35": 1,
        "36": 36,
        "37": 8,
        "39": 28,
        "40": 28,
        "41": 43,
        "47": 8,
        "48": 11,
        "49": 33,
        "50": 46,
        "51": 23,
        "52": 23,
        "53": 1,
        "55": 1,
        "57": 30,
        "58": 36,
        "61": 33,
        "62": 33,
        "63": 33,
        "64": 40,
        "65": 36,
        "66": 10,
        "67": 33,
        "68": 18,
        "69": 21,
        "71": 43,
        "72": 21,
        "74": 18,
        "75": 8,
        "76": 23,
        "77": 33,
        "80": 1,
        "82": 43,
        "83": 11,
        "85": 11,
        "87": 8,
        "88": 46,
        "89": 40,
        "92": 16,
        "95": 43
    },
    "instance": null,
    "parameters": null,
    "parameters_data": null,
    "patients": null,
    "capacity": null,
    "num_days": null,
    "num_ORs": null,
    "num_surgeons": null,
    "gap": 0.8056951423785594
}