{
    "proved_optimal": false,
    "obj": 63,
    "relax_obj": 48.333333333333336,
    "num_LCs": 50,
    "num_callbacks": 40,
    "num_CG_iterations": null,
    "num_columns": null,
    "num_nodes": null,
    "overall_time": 1200.0116667747498,
    "callback_time": 2.9051969051361084,
    "subproblem_time": null,
    "mp_time": null,
    "inh_time": null,
    "ilp_time": null,
    "surgeon_schedule": {
        "2": [
            6,
            14
        ],
        "3": [
            0,
            31,
            48
        ],
        "5": [
            10,
            20
        ],
        "6": [
            19,
            37
        ],
        "7": [
            26
        ],
        "8": [
            39
        ],
        "9": [
            17
        ],
        "11": [
            41
        ]
    },
    "patient_schedule": {
        "0": 10,
        "1": 6,
        "2": 31,
        "3": 14,
        "5": 19,
        "6": 41,
        "8": 6,
        "9": 6,
        "11": 39,
        "12": 41,
        "14": 17,
        "15": 26,
        "16": 19,
        "17": 0,
        "19": 26,
        "20": 48,
        "21": 0,
        "26": 37,
        "28": 20,
        "29": 26,
        "33": 6,
        "34": 26,
        "35": 0,
        "36": 17,
        "39": 26,
        "41": 6,
        "43": 39,
        "48": 14,
        "49": 41,
        "51": 20,
        "55": 6,
        "56": 31,
        "57": 10
    },
    "instance": null,
    "parameters": null,
    "parameters_data": null,
    "patients": null,
    "capacity": null,
    "num_days": null,
    "num_ORs": null,
    "num_surgeons": null,
    "gap": 0.3034482758620689
}