{
    "proved_optimal": true,
    "obj": 41,
    "relax_obj": 41.0,
    "num_LCs": 24,
    "num_callbacks": 512,
    "num_CG_iterations": 15,
    "num_columns": 155,
    "num_nodes": 1,
    "overall_time": 8.302980184555054,
    "callback_time": 0.8513298034667969,
    "subproblem_time": 5.460102081298828,
    "mp_time": 2.836444139480591,
    "inh_time": null,
    "ilp_time": 0.0,
    "surgeon_schedule": {
        "1": [
            14,
            47
        ],
        "2": [
            19
        ],
        "3": [
            17,
            25
        ],
        "4": [
            20
        ],
        "5": [
            30,
            41
        ],
        "6": [
            38
        ],
        "7": [
            3,
            49
        ],
        "9": [
            10,
            34
        ],
        "10": [
            29
        ]
    },
    "patient_schedule": {
        "10": 14,
        "11": 47,
        "13": 19,
        "37": 17,
        "12": 25,
        "18": 25,
        "23": 25,
        "1": 20,
        "29": 20,
        "39": 20,
        "0": 30,
        "20": 41,
        "32": 41,
        "15": 38,
        "24": 38,
        "25": 38,
        "38": 38,
        "7": 3,
        "21": 3,
        "28": 3,
        "31": 3,
        "34": 49,
        "36": 49,
        "2": 10,
        "5": 10,
        "33": 34,
        "3": 29,
        "6": 29
    },
    "instance": null,
    "parameters": null,
    "parameters_data": null,
    "patients": null,
    "capacity": null,
    "num_days": null,
    "num_ORs": null,
    "num_surgeons": null,
    "initial_heuristics_time": 0.22626209259033203,
    "gap": 0.0
}