{
    "proved_optimal": false,
    "obj": 68,
    "relax_obj": 0.0,
    "num_LCs": 49,
    "num_callbacks": 478,
    "num_CG_iterations": 15,
    "num_columns": 150,
    "num_nodes": 1,
    "overall_time": 1200.6479482650757,
    "callback_time": 1.4366843700408936,
    "subproblem_time": 1198.2460782527924,
    "mp_time": 2.3975841999053955,
    "inh_time": null,
    "ilp_time": 0.0,
    "surgeon_schedule": {
        "2": [
            4,
            28,
            34,
            48
        ],
        "3": [
            0
        ],
        "4": [
            44
        ],
        "5": [
            8
        ],
        "6": [
            24,
            30
        ],
        "7": [
            14,
            38
        ],
        "8": [
            10
        ],
        "9": [
            20
        ],
        "10": [
            40
        ],
        "11": [
            18
        ]
    },
    "patient_schedule": {
        "1": 4,
        "3": 4,
        "8": 4,
        "7": 28,
        "9": 28,
        "47": 28,
        "33": 34,
        "48": 34,
        "41": 48,
        "55": 48,
        "17": 0,
        "21": 0,
        "35": 0,
        "54": 44,
        "0": 8,
        "28": 8,
        "51": 8,
        "57": 8,
        "5": 24,
        "16": 24,
        "26": 30,
        "15": 14,
        "19": 14,
        "29": 38,
        "34": 38,
        "39": 38,
        "11": 10,
        "43": 10,
        "14": 20,
        "36": 20,
        "38": 40,
        "6": 18,
        "12": 18,
        "49": 18
    },
    "instance": null,
    "parameters": null,
    "parameters_data": null,
    "patients": null,
    "capacity": null,
    "num_days": null,
    "num_ORs": null,
    "num_surgeons": null,
    "initial_heuristics_time": 0.27779579162597656,
    "gap": null
}