{
    "proved_optimal": true,
    "obj": 91,
    "relax_obj": 91.0,
    "num_LCs": 100,
    "num_callbacks": 1046,
    "num_CG_iterations": 17,
    "num_columns": 298,
    "num_nodes": 1,
    "overall_time": 26.34488582611084,
    "callback_time": 2.8399322032928467,
    "subproblem_time": 20.870450973510742,
    "mp_time": 5.460761308670044,
    "inh_time": null,
    "ilp_time": 0.0,
    "surgeon_schedule": {
        "0": [
            42
        ],
        "1": [
            0,
            24
        ],
        "4": [
            18
        ],
        "5": [
            9
        ],
        "7": [
            18
        ],
        "8": [
            33,
            49
        ],
        "9": [
            11
        ],
        "11": [
            20,
            48
        ],
        "12": [
            9,
            38
        ],
        "13": [
            4,
            21,
            44
        ],
        "16": [
            28,
            31
        ],
        "17": [
            7,
            11
        ],
        "18": [
            2
        ],
        "19": [
            28,
            40
        ]
    },
    "patient_schedule": {
        "5": 42,
        "25": 42,
        "46": 42,
        "48": 0,
        "83": 0,
        "28": 24,
        "85": 24,
        "35": 18,
        "53": 18,
        "80": 18,
        "3": 9,
        "64": 9,
        "89": 9,
        "17": 18,
        "69": 18,
        "72": 18,
        "20": 33,
        "39": 33,
        "75": 33,
        "87": 33,
        "40": 49,
        "8": 11,
        "37": 11,
        "47": 11,
        "23": 20,
        "27": 20,
        "26": 48,
        "66": 48,
        "96": 48,
        "33": 9,
        "57": 9,
        "2": 38,
        "32": 38,
        "68": 38,
        "74": 38,
        "67": 4,
        "77": 4,
        "10": 21,
        "61": 21,
        "62": 21,
        "49": 44,
        "63": 44,
        "14": 28,
        "41": 28,
        "95": 28,
        "7": 31,
        "71": 31,
        "82": 31,
        "0": 7,
        "15": 7,
        "36": 11,
        "58": 11,
        "65": 11,
        "18": 2,
        "22": 2,
        "30": 2,
        "51": 2,
        "76": 2,
        "11": 28,
        "88": 28,
        "21": 40,
        "50": 40
    },
    "instance": null,
    "parameters": null,
    "parameters_data": null,
    "patients": null,
    "capacity": null,
    "num_days": null,
    "num_ORs": null,
    "num_surgeons": null,
    "initial_heuristics_time": 0.45822620391845703,
    "gap": 0.0
}