{
    "proved_optimal": false,
    "obj": 110,
    "relax_obj": 54.27272727272727,
    "num_LCs": 72,
    "num_callbacks": 28,
    "num_CG_iterations": null,
    "num_columns": null,
    "num_nodes": null,
    "overall_time": 1200.008249759674,
    "callback_time": 2.0516202449798584,
    "subproblem_time": null,
    "mp_time": null,
    "inh_time": null,
    "ilp_time": null,
    "surgeon_schedule": {
        "0": [
            8
        ],
        "1": [
            49
        ],
        "4": [
            45
        ],
        "5": [
            41
        ],
        "6": [
            40
        ],
        "8": [
            21,
            39
        ],
        "9": [
            21
        ],
        "10": [
            3,
            11
        ],
        "11": [
            32
        ],
        "12": [
            29,
            31
        ],
        "13": [
            19,
            27,
            48
        ],
        "16": [
            1,
            28
        ],
        "17": [
            18
        ],
        "18": [
            12
        ],
        "19": [
            38
        ]
    },
    "patient_schedule": {
        "0": 18,
        "1": 3,
        "2": 31,
        "3": 41,
        "5": 8,
        "7": 28,
        "8": 21,
        "10": 27,
        "11": 38,
        "12": 45,
        "14": 1,
        "15": 18,
        "16": 3,
        "18": 12,
        "21": 38,
        "22": 12,
        "23": 32,
        "24": 3,
        "26": 32,
        "27": 32,
        "30": 12,
        "32": 31,
        "33": 31,
        "35": 45,
        "36": 18,
        "37": 21,
        "38": 3,
        "39": 21,
        "40": 39,
        "41": 28,
        "44": 11,
        "47": 21,
        "48": 49,
        "49": 48,
        "50": 38,
        "51": 12,
        "54": 40,
        "55": 8,
        "57": 29,
        "61": 48,
        "62": 48,
        "63": 27,
        "64": 41,
        "65": 18,
        "66": 32,
        "67": 19,
        "68": 31,
        "70": 41,
        "71": 28,
        "74": 29,
        "75": 21,
        "76": 12,
        "77": 19,
        "80": 45,
        "81": 21,
        "82": 1,
        "83": 49,
        "92": 11,
        "95": 1,
        "96": 32
    },
    "instance": null,
    "parameters": null,
    "parameters_data": null,
    "patients": null,
    "capacity": null,
    "num_days": null,
    "num_ORs": null,
    "num_surgeons": null,
    "gap": 1.0268006700167505
}