{
    "proved_optimal": false,
    "obj": 39,
    "relax_obj": 10.090909090909092,
    "num_LCs": 22,
    "num_callbacks": 22,
    "num_CG_iterations": null,
    "num_columns": null,
    "num_nodes": null,
    "overall_time": 1200.0250408649445,
    "callback_time": 1.1577324867248535,
    "subproblem_time": null,
    "mp_time": null,
    "inh_time": null,
    "ilp_time": null,
    "surgeon_schedule": {
        "0": [
            14
        ],
        "1": [
            18
        ],
        "3": [
            44
        ],
        "5": [
            10
        ],
        "6": [
            48
        ],
        "8": [
            3,
            20,
            40
        ],
        "10": [
            26
        ],
        "11": [
            33
        ]
    },
    "patient_schedule": {
        "0": 26,
        "1": 40,
        "3": 33,
        "6": 10,
        "7": 3,
        "8": 20,
        "9": 26,
        "10": 3,
        "11": 44,
        "12": 14,
        "14": 18,
        "15": 10,
        "17": 33,
        "18": 26,
        "19": 26,
        "20": 40,
        "21": 20,
        "22": 33,
        "23": 48,
        "24": 14,
        "26": 48,
        "27": 48,
        "28": 18,
        "31": 14,
        "33": 3
    },
    "instance": null,
    "parameters": null,
    "parameters_data": null,
    "patients": null,
    "capacity": null,
    "num_days": null,
    "num_ORs": null,
    "num_surgeons": null,
    "gap": 2.8648648648648645
}