{
    "proved_optimal": false,
    "obj": 58,
    "relax_obj": 41.333333333333336,
    "num_LCs": 36,
    "num_callbacks": 33,
    "num_CG_iterations": null,
    "num_columns": null,
    "num_nodes": null,
    "overall_time": 1200.0243463516235,
    "callback_time": 2.264033317565918,
    "subproblem_time": null,
    "mp_time": null,
    "inh_time": null,
    "ilp_time": null,
    "surgeon_schedule": {
        "2": [
            6,
            12
        ],
        "3": [
            29
        ],
        "4": [
            27,
            36
        ],
        "5": [
            19,
            49
        ],
        "6": [
            21
        ],
        "7": [
            41
        ],
        "8": [
            0
        ],
        "9": [
            47
        ],
        "11": [
            30
        ]
    },
    "patient_schedule": {
        "0": 49,
        "1": 49,
        "2": 12,
        "3": 12,
        "5": 12,
        "8": 12,
        "10": 41,
        "14": 6,
        "15": 36,
        "19": 21,
        "20": 6,
        "21": 21,
        "26": 41,
        "28": 19,
        "29": 49,
        "30": 41,
        "31": 47,
        "33": 27,
        "35": 0,
        "39": 12,
        "40": 21,
        "41": 6,
        "43": 47,
        "44": 36,
        "45": 36,
        "46": 30,
        "47": 49,
        "48": 30,
        "49": 29,
        "50": 27,
        "52": 0,
        "54": 19,
        "55": 6,
        "56": 29
    },
    "instance": null,
    "parameters": null,
    "parameters_data": null,
    "patients": null,
    "capacity": null,
    "num_days": null,
    "num_ORs": null,
    "num_surgeons": null,
    "gap": 0.4032258064516128
}