{
    "proved_optimal": false,
    "obj": 58,
    "relax_obj": 41.333333333333336,
    "num_LCs": 41,
    "num_callbacks": 37,
    "num_CG_iterations": null,
    "num_columns": null,
    "num_nodes": null,
    "overall_time": 1200.0229017734528,
    "callback_time": 2.2851688861846924,
    "subproblem_time": null,
    "mp_time": null,
    "inh_time": null,
    "ilp_time": null,
    "surgeon_schedule": {
        "2": [
            6,
            16
        ],
        "3": [
            20
        ],
        "4": [
            24,
            36
        ],
        "5": [
            48
        ],
        "6": [
            41
        ],
        "7": [
            28
        ],
        "8": [
            30
        ],
        "9": [
            0
        ],
        "11": [
            10
        ]
    },
    "patient_schedule": {
        "0": 48,
        "1": 48,
        "2": 6,
        "3": 6,
        "5": 16,
        "8": 16,
        "10": 28,
        "14": 16,
        "15": 36,
        "19": 41,
        "20": 6,
        "21": 41,
        "26": 28,
        "28": 48,
        "29": 48,
        "30": 28,
        "31": 0,
        "33": 24,
        "35": 30,
        "39": 16,
        "40": 41,
        "41": 16,
        "43": 0,
        "44": 36,
        "45": 36,
        "46": 10,
        "47": 48,
        "48": 10,
        "49": 20,
        "50": 24,
        "52": 30,
        "54": 48,
        "55": 6,
        "56": 20
    },
    "instance": null,
    "parameters": null,
    "parameters_data": null,
    "patients": null,
    "capacity": null,
    "num_days": null,
    "num_ORs": null,
    "num_surgeons": null,
    "gap": 0.4032258064516128
}