{
    "proved_optimal": true,
    "obj": 39,
    "relax_obj": 39.0,
    "num_LCs": 21,
    "num_callbacks": 770,
    "num_CG_iterations": 22,
    "num_columns": 169,
    "num_nodes": 9,
    "overall_time": 21.67659068107605,
    "callback_time": 1.0044915676116943,
    "subproblem_time": 16.069149494171143,
    "mp_time": 5.5858519077301025,
    "inh_time": null,
    "ilp_time": 0.0,
    "surgeon_schedule": {
        "0": [
            0
        ],
        "1": [
            9,
            39
        ],
        "3": [
            47
        ],
        "5": [
            19
        ],
        "6": [
            28
        ],
        "8": [
            12,
            20,
            31
        ],
        "10": [
            19,
            39,
            40
        ],
        "11": [
            3
        ]
    },
    "patient_schedule": {
        "12": 0,
        "24": 0,
        "31": 0,
        "28": 9,
        "14": 39,
        "11": 47,
        "6": 19,
        "15": 19,
        "23": 28,
        "26": 28,
        "27": 28,
        "1": 12,
        "10": 12,
        "33": 12,
        "8": 20,
        "21": 20,
        "7": 31,
        "20": 31,
        "0": 19,
        "18": 39,
        "9": 40,
        "19": 40,
        "3": 3,
        "17": 3,
        "22": 3
    },
    "instance": null,
    "parameters": null,
    "parameters_data": null,
    "patients": null,
    "capacity": null,
    "num_days": null,
    "num_ORs": null,
    "num_surgeons": null,
    "initial_heuristics_time": 0.23449325561523438,
    "gap": 0.0
}