{
    "proved_optimal": false,
    "obj": 53,
    "relax_obj": 35.2,
    "num_LCs": 41,
    "num_callbacks": 31,
    "num_CG_iterations": null,
    "num_columns": null,
    "num_nodes": null,
    "overall_time": 1200.0385887622833,
    "callback_time": 2.232572555541992,
    "subproblem_time": null,
    "mp_time": null,
    "inh_time": null,
    "ilp_time": null,
    "surgeon_schedule": {
        "0": [
            49
        ],
        "1": [
            12
        ],
        "2": [
            30
        ],
        "3": [
            19,
            24
        ],
        "4": [
            39,
            40
        ],
        "5": [
            6
        ],
        "7": [
            35
        ],
        "9": [
            20,
            45
        ],
        "10": [
            28
        ],
        "11": [
            0
        ]
    },
    "patient_schedule": {
        "2": 20,
        "3": 49,
        "4": 20,
        "5": 28,
        "9": 45,
        "10": 6,
        "11": 35,
        "12": 6,
        "14": 35,
        "15": 28,
        "16": 40,
        "20": 19,
        "21": 30,
        "22": 24,
        "24": 0,
        "26": 12,
        "28": 12,
        "29": 6,
        "31": 6,
        "32": 6,
        "33": 39,
        "34": 6,
        "38": 39,
        "39": 6,
        "44": 35,
        "45": 39,
        "46": 30,
        "47": 40,
        "48": 24,
        "49": 28,
        "52": 0,
        "53": 35,
        "54": 45,
        "55": 0,
        "56": 40,
        "58": 12,
        "59": 45,
        "60": 49
    },
    "instance": null,
    "parameters": null,
    "parameters_data": null,
    "patients": null,
    "capacity": null,
    "num_days": null,
    "num_ORs": null,
    "num_surgeons": null,
    "gap": 0.505681818181818
}