{
    "proved_optimal": true,
    "obj": 51,
    "relax_obj": 51.0,
    "num_LCs": 58,
    "num_callbacks": 893,
    "num_CG_iterations": 27,
    "num_columns": 236,
    "num_nodes": 3,
    "overall_time": 32.35523200035095,
    "callback_time": 1.705449104309082,
    "subproblem_time": 25.377597332000732,
    "mp_time": 6.9479124546051025,
    "inh_time": null,
    "ilp_time": 0.0,
    "surgeon_schedule": {
        "0": [
            14,
            21,
            30
        ],
        "1": [
            9,
            40
        ],
        "2": [
            30
        ],
        "3": [
            1,
            20
        ],
        "4": [
            7
        ],
        "5": [
            49
        ],
        "6": [
            19,
            45
        ],
        "7": [
            36
        ],
        "8": [
            10
        ],
        "9": [
            25
        ]
    },
    "patient_schedule": {
        "7": 14,
        "48": 14,
        "23": 21,
        "33": 21,
        "43": 21,
        "37": 30,
        "39": 30,
        "5": 9,
        "10": 9,
        "19": 9,
        "13": 40,
        "45": 40,
        "26": 30,
        "57": 30,
        "2": 1,
        "9": 1,
        "24": 1,
        "20": 20,
        "1": 7,
        "46": 7,
        "52": 7,
        "14": 49,
        "31": 49,
        "0": 19,
        "15": 19,
        "12": 45,
        "21": 45,
        "28": 45,
        "38": 45,
        "18": 36,
        "27": 36,
        "51": 36,
        "54": 36,
        "32": 10,
        "53": 10,
        "29": 25,
        "41": 25,
        "47": 25,
        "55": 25,
        "56": 25,
        "60": 25
    },
    "instance": null,
    "parameters": null,
    "parameters_data": null,
    "patients": null,
    "capacity": null,
    "num_days": null,
    "num_ORs": null,
    "num_surgeons": null,
    "initial_heuristics_time": 0.2425546646118164,
    "gap": 0.0
}