{
    "proved_optimal": true,
    "obj": 51,
    "relax_obj": 51.0,
    "num_LCs": 68,
    "num_callbacks": 964,
    "num_CG_iterations": 24,
    "num_columns": 250,
    "num_nodes": 1,
    "overall_time": 24.55620551109314,
    "callback_time": 2.323795795440674,
    "subproblem_time": 18.742734670639038,
    "mp_time": 5.802465915679932,
    "inh_time": null,
    "ilp_time": 0.0,
    "surgeon_schedule": {
        "0": [
            40
        ],
        "1": [
            32
        ],
        "2": [
            17,
            48
        ],
        "3": [
            27
        ],
        "4": [
            39,
            44
        ],
        "5": [
            7,
            19,
            29
        ],
        "7": [
            11
        ],
        "9": [
            21
        ],
        "10": [
            1
        ],
        "11": [
            9
        ]
    },
    "patient_schedule": {
        "3": 40,
        "60": 40,
        "26": 32,
        "28": 32,
        "58": 32,
        "37": 17,
        "46": 17,
        "1": 48,
        "13": 48,
        "21": 48,
        "22": 27,
        "48": 27,
        "16": 39,
        "33": 39,
        "38": 44,
        "45": 44,
        "47": 44,
        "56": 44,
        "34": 7,
        "39": 7,
        "10": 19,
        "12": 19,
        "29": 19,
        "31": 29,
        "32": 29,
        "11": 11,
        "14": 11,
        "44": 11,
        "53": 11,
        "2": 21,
        "9": 21,
        "54": 21,
        "5": 1,
        "15": 1,
        "49": 1,
        "24": 9,
        "52": 9,
        "55": 9
    },
    "instance": null,
    "parameters": null,
    "parameters_data": null,
    "patients": null,
    "capacity": null,
    "num_days": null,
    "num_ORs": null,
    "num_surgeons": null,
    "initial_heuristics_time": 0.0,
    "gap": 0.0
}