{
    "proved_optimal": true,
    "obj": 66,
    "relax_obj": 66.0,
    "num_LCs": 37,
    "num_callbacks": 703,
    "num_CG_iterations": 15,
    "num_columns": 187,
    "num_nodes": 1,
    "overall_time": 21.71802043914795,
    "callback_time": 1.1769695281982422,
    "subproblem_time": 18.208258152008057,
    "mp_time": 3.4994897842407227,
    "inh_time": null,
    "ilp_time": 0.0,
    "surgeon_schedule": {
        "1": [
            9
        ],
        "3": [
            28,
            40
        ],
        "4": [
            49
        ],
        "6": [
            7,
            11
        ],
        "7": [
            24
        ],
        "8": [
            39,
            47
        ],
        "9": [
            37
        ],
        "10": [
            18
        ],
        "11": [
            1,
            20
        ],
        "12": [
            34
        ],
        "13": [
            30,
            44
        ]
    },
    "patient_schedule": {
        "7": 9,
        "12": 9,
        "46": 9,
        "22": 28,
        "27": 28,
        "31": 28,
        "57": 28,
        "28": 40,
        "39": 40,
        "18": 49,
        "52": 49,
        "20": 7,
        "16": 11,
        "58": 11,
        "5": 24,
        "24": 24,
        "37": 39,
        "26": 47,
        "56": 47,
        "11": 37,
        "13": 37,
        "10": 18,
        "30": 18,
        "33": 18,
        "55": 18,
        "3": 1,
        "19": 1,
        "41": 1,
        "54": 1,
        "34": 20,
        "45": 20,
        "4": 34,
        "53": 34,
        "60": 34,
        "9": 30,
        "48": 30,
        "15": 44,
        "23": 44
    },
    "instance": null,
    "parameters": null,
    "parameters_data": null,
    "patients": null,
    "capacity": null,
    "num_days": null,
    "num_ORs": null,
    "num_surgeons": null,
    "initial_heuristics_time": 0.2893648147583008,
    "gap": 0.0
}