{
    "proved_optimal": true,
    "obj": 66,
    "relax_obj": 66.0,
    "num_LCs": 41,
    "num_callbacks": 674,
    "num_CG_iterations": 15,
    "num_columns": 185,
    "num_nodes": 1,
    "overall_time": 16.86470341682434,
    "callback_time": 1.5199110507965088,
    "subproblem_time": 13.605785846710205,
    "mp_time": 3.2495765686035156,
    "inh_time": null,
    "ilp_time": 0.0,
    "surgeon_schedule": {
        "1": [
            9
        ],
        "3": [
            39,
            41
        ],
        "4": [
            7
        ],
        "6": [
            15,
            27
        ],
        "7": [
            24
        ],
        "8": [
            30
        ],
        "9": [
            20
        ],
        "10": [
            10,
            29,
            47
        ],
        "11": [
            1,
            19
        ],
        "12": [
            34
        ],
        "13": [
            37,
            49
        ]
    },
    "patient_schedule": {
        "7": 9,
        "12": 9,
        "46": 9,
        "28": 39,
        "39": 39,
        "31": 41,
        "51": 41,
        "57": 41,
        "18": 7,
        "52": 7,
        "16": 15,
        "58": 15,
        "20": 27,
        "5": 24,
        "24": 24,
        "26": 30,
        "56": 30,
        "11": 20,
        "13": 20,
        "33": 10,
        "55": 10,
        "10": 29,
        "30": 29,
        "0": 47,
        "19": 1,
        "34": 1,
        "41": 1,
        "54": 1,
        "3": 19,
        "45": 19,
        "4": 34,
        "53": 34,
        "60": 34,
        "9": 37,
        "48": 37,
        "15": 49,
        "23": 49
    },
    "instance": null,
    "parameters": null,
    "parameters_data": null,
    "patients": null,
    "capacity": null,
    "num_days": null,
    "num_ORs": null,
    "num_surgeons": null,
    "initial_heuristics_time": 0.29157543182373047,
    "gap": 0.0
}