{
    "proved_optimal": true,
    "obj": 51,
    "relax_obj": 51.0,
    "num_LCs": 56,
    "num_callbacks": 778,
    "num_CG_iterations": 19,
    "num_columns": 202,
    "num_nodes": 1,
    "overall_time": 18.169251441955566,
    "callback_time": 1.703897476196289,
    "subproblem_time": 13.947216033935547,
    "mp_time": 4.213629484176636,
    "inh_time": null,
    "ilp_time": 0.0,
    "surgeon_schedule": {
        "0": [
            24
        ],
        "1": [
            32
        ],
        "2": [
            19,
            28
        ],
        "3": [
            40
        ],
        "4": [
            9,
            10
        ],
        "5": [
            7,
            20,
            44
        ],
        "7": [
            1
        ],
        "9": [
            48
        ],
        "10": [
            15
        ],
        "11": [
            39
        ]
    },
    "patient_schedule": {
        "3": 24,
        "60": 24,
        "26": 32,
        "28": 32,
        "58": 32,
        "1": 19,
        "46": 19,
        "13": 28,
        "21": 28,
        "37": 28,
        "22": 40,
        "48": 40,
        "16": 9,
        "47": 9,
        "56": 9,
        "33": 10,
        "38": 10,
        "45": 10,
        "31": 7,
        "32": 7,
        "10": 20,
        "12": 20,
        "29": 20,
        "34": 44,
        "39": 44,
        "11": 1,
        "14": 1,
        "44": 1,
        "53": 1,
        "2": 48,
        "9": 48,
        "54": 48,
        "5": 15,
        "15": 15,
        "49": 15,
        "24": 39,
        "52": 39,
        "55": 39
    },
    "instance": null,
    "parameters": null,
    "parameters_data": null,
    "patients": null,
    "capacity": null,
    "num_days": null,
    "num_ORs": null,
    "num_surgeons": null,
    "initial_heuristics_time": 0.25859975814819336,
    "gap": 0.0
}