{
    "proved_optimal": false,
    "obj": 51,
    "relax_obj": 35.2,
    "num_LCs": 49,
    "num_callbacks": 37,
    "num_CG_iterations": null,
    "num_columns": null,
    "num_nodes": null,
    "overall_time": 1200.022827386856,
    "callback_time": 2.4082415103912354,
    "subproblem_time": null,
    "mp_time": null,
    "inh_time": null,
    "ilp_time": null,
    "surgeon_schedule": {
        "0": [
            6
        ],
        "1": [
            30,
            49
        ],
        "2": [
            10
        ],
        "3": [
            26
        ],
        "4": [
            20
        ],
        "5": [
            34
        ],
        "6": [
            42
        ],
        "7": [
            16
        ],
        "8": [
            39
        ],
        "9": [
            0,
            37
        ]
    },
    "patient_schedule": {
        "0": 42,
        "1": 20,
        "2": 26,
        "5": 49,
        "7": 6,
        "9": 26,
        "10": 49,
        "12": 42,
        "13": 30,
        "14": 34,
        "15": 42,
        "18": 16,
        "19": 49,
        "20": 26,
        "21": 42,
        "23": 6,
        "24": 26,
        "26": 10,
        "27": 16,
        "28": 42,
        "29": 37,
        "31": 34,
        "32": 39,
        "33": 6,
        "37": 6,
        "38": 42,
        "39": 6,
        "41": 0,
        "45": 30,
        "46": 20,
        "47": 37,
        "48": 6,
        "51": 16,
        "52": 20,
        "53": 39,
        "54": 16,
        "55": 37,
        "56": 0,
        "57": 10,
        "60": 0
    },
    "instance": null,
    "parameters": null,
    "parameters_data": null,
    "patients": null,
    "capacity": null,
    "num_days": null,
    "num_ORs": null,
    "num_surgeons": null,
    "gap": 0.44886363636363624
}