{
    "proved_optimal": true,
    "obj": 51,
    "relax_obj": 51.0,
    "num_LCs": 209,
    "num_callbacks": 949,
    "num_CG_iterations": 19,
    "num_columns": 194,
    "num_nodes": 1,
    "overall_time": 21.304138898849487,
    "callback_time": 3.9441378116607666,
    "subproblem_time": 17.124848127365112,
    "mp_time": 4.170612335205078,
    "inh_time": null,
    "ilp_time": 0.0,
    "surgeon_schedule": {
        "0": [
            30
        ],
        "1": [
            42
        ],
        "2": [
            7,
            21
        ],
        "3": [
            10
        ],
        "4": [
            19,
            49
        ],
        "5": [
            9,
            15
        ],
        "7": [
            1
        ],
        "9": [
            28
        ],
        "10": [
            38
        ],
        "11": [
            34
        ]
    },
    "patient_schedule": {
        "3": 30,
        "60": 30,
        "26": 42,
        "28": 42,
        "58": 42,
        "37": 7,
        "46": 7,
        "1": 21,
        "13": 21,
        "21": 21,
        "22": 10,
        "48": 10,
        "16": 19,
        "38": 19,
        "56": 19,
        "33": 49,
        "45": 49,
        "47": 49,
        "12": 9,
        "29": 9,
        "31": 9,
        "10": 15,
        "32": 15,
        "34": 15,
        "39": 15,
        "11": 1,
        "14": 1,
        "44": 1,
        "53": 1,
        "2": 28,
        "9": 28,
        "54": 28,
        "5": 38,
        "15": 38,
        "49": 38,
        "24": 34,
        "52": 34,
        "55": 34
    },
    "instance": null,
    "parameters": null,
    "parameters_data": null,
    "patients": null,
    "capacity": null,
    "num_days": null,
    "num_ORs": null,
    "num_surgeons": null,
    "initial_heuristics_time": 0.2626535892486572,
    "gap": 0.0
}