{
    "proved_optimal": false,
    "obj": 70,
    "relax_obj": 35.2,
    "num_LCs": 36,
    "num_callbacks": 26,
    "num_CG_iterations": null,
    "num_columns": null,
    "num_nodes": null,
    "overall_time": 1200.066683292389,
    "callback_time": 1.7512307167053223,
    "subproblem_time": null,
    "mp_time": null,
    "inh_time": null,
    "ilp_time": null,
    "surgeon_schedule": {
        "1": [
            0
        ],
        "2": [
            44
        ],
        "3": [
            22,
            39
        ],
        "4": [
            10
        ],
        "6": [
            49
        ],
        "7": [
            9
        ],
        "8": [
            47
        ],
        "9": [
            29
        ],
        "10": [
            19,
            40
        ],
        "11": [
            32
        ],
        "12": [
            15
        ],
        "13": [
            5
        ]
    },
    "patient_schedule": {
        "3": 32,
        "4": 15,
        "5": 9,
        "7": 0,
        "9": 5,
        "10": 40,
        "11": 29,
        "12": 0,
        "13": 29,
        "15": 5,
        "18": 10,
        "20": 49,
        "21": 44,
        "22": 39,
        "23": 5,
        "24": 9,
        "26": 47,
        "28": 22,
        "30": 19,
        "31": 22,
        "33": 40,
        "34": 32,
        "38": 32,
        "39": 22,
        "41": 32,
        "45": 32,
        "46": 0,
        "48": 5,
        "50": 15,
        "51": 22,
        "52": 10,
        "53": 15,
        "54": 32,
        "55": 19,
        "56": 47,
        "57": 22,
        "60": 15
    },
    "instance": null,
    "parameters": null,
    "parameters_data": null,
    "patients": null,
    "capacity": null,
    "num_days": null,
    "num_ORs": null,
    "num_surgeons": null,
    "gap": 0.9886363636363634
}