{
    "proved_optimal": false,
    "obj": 68,
    "relax_obj": 35.2,
    "num_LCs": 47,
    "num_callbacks": 33,
    "num_CG_iterations": null,
    "num_columns": null,
    "num_nodes": null,
    "overall_time": 1200.0083239078522,
    "callback_time": 2.6023573875427246,
    "subproblem_time": null,
    "mp_time": null,
    "inh_time": null,
    "ilp_time": null,
    "surgeon_schedule": {
        "1": [
            24
        ],
        "3": [
            1,
            39,
            49
        ],
        "4": [
            29
        ],
        "5": [
            8
        ],
        "6": [
            37
        ],
        "7": [
            17
        ],
        "8": [
            20,
            34
        ],
        "9": [
            27
        ],
        "10": [
            30
        ],
        "11": [
            19,
            41
        ],
        "12": [
            47
        ],
        "13": [
            11
        ]
    },
    "patient_schedule": {
        "3": 41,
        "4": 47,
        "5": 17,
        "7": 24,
        "9": 11,
        "10": 30,
        "11": 27,
        "12": 24,
        "13": 27,
        "15": 11,
        "18": 29,
        "20": 37,
        "22": 1,
        "23": 11,
        "24": 17,
        "26": 20,
        "28": 39,
        "31": 49,
        "33": 30,
        "34": 19,
        "37": 34,
        "38": 41,
        "39": 39,
        "41": 41,
        "45": 19,
        "46": 24,
        "47": 8,
        "48": 11,
        "49": 8,
        "51": 1,
        "52": 29,
        "53": 47,
        "54": 41,
        "56": 20,
        "57": 49,
        "60": 47
    },
    "instance": null,
    "parameters": null,
    "parameters_data": null,
    "patients": null,
    "capacity": null,
    "num_days": null,
    "num_ORs": null,
    "num_surgeons": null,
    "gap": 0.9318181818181817
}