{
    "proved_optimal": true,
    "obj": 51,
    "relax_obj": 51.0,
    "num_LCs": 61,
    "num_callbacks": 845,
    "num_CG_iterations": 24,
    "num_columns": 229,
    "num_nodes": 1,
    "overall_time": 27.43211007118225,
    "callback_time": 2.368269443511963,
    "subproblem_time": 21.107773065567017,
    "mp_time": 6.310460329055786,
    "inh_time": null,
    "ilp_time": 0.0,
    "surgeon_schedule": {
        "0": [
            4,
            38
        ],
        "1": [
            7,
            14
        ],
        "2": [
            34
        ],
        "3": [
            9,
            21
        ],
        "4": [
            0
        ],
        "5": [
            30
        ],
        "6": [
            10,
            28
        ],
        "7": [
            42
        ],
        "8": [
            49
        ],
        "9": [
            18
        ]
    },
    "patient_schedule": {
        "7": 4,
        "39": 4,
        "48": 4,
        "23": 38,
        "33": 38,
        "37": 38,
        "13": 7,
        "45": 7,
        "5": 14,
        "10": 14,
        "19": 14,
        "26": 34,
        "57": 34,
        "20": 9,
        "2": 21,
        "9": 21,
        "24": 21,
        "1": 0,
        "46": 0,
        "52": 0,
        "14": 30,
        "31": 30,
        "0": 10,
        "38": 10,
        "12": 28,
        "15": 28,
        "21": 28,
        "28": 28,
        "18": 42,
        "27": 42,
        "51": 42,
        "54": 42,
        "32": 49,
        "53": 49,
        "29": 18,
        "41": 18,
        "47": 18,
        "55": 18,
        "56": 18,
        "60": 18
    },
    "instance": null,
    "parameters": null,
    "parameters_data": null,
    "patients": null,
    "capacity": null,
    "num_days": null,
    "num_ORs": null,
    "num_surgeons": null,
    "initial_heuristics_time": 0.25290894508361816,
    "gap": 0.0
}