{
    "proved_optimal": false,
    "obj": 89,
    "relax_obj": 52.666666666666664,
    "num_LCs": 31,
    "num_callbacks": 22,
    "num_CG_iterations": null,
    "num_columns": null,
    "num_nodes": null,
    "overall_time": 1200.0292410850525,
    "callback_time": 1.7123947143554688,
    "subproblem_time": null,
    "mp_time": null,
    "inh_time": null,
    "ilp_time": null,
    "surgeon_schedule": {
        "2": [
            2
        ],
        "3": [
            27
        ],
        "4": [
            24
        ],
        "5": [
            12,
            31
        ],
        "8": [
            42
        ],
        "9": [
            29
        ],
        "10": [
            9,
            20,
            49
        ],
        "11": [
            19,
            38
        ]
    },
    "patient_schedule": {
        "0": 2,
        "1": 9,
        "3": 38,
        "4": 49,
        "5": 2,
        "9": 42,
        "11": 20,
        "13": 24,
        "15": 38,
        "17": 38,
        "20": 29,
        "21": 20,
        "24": 19,
        "25": 2,
        "26": 27,
        "29": 49,
        "32": 9,
        "34": 42,
        "35": 31,
        "36": 38,
        "37": 38,
        "40": 19,
        "41": 31,
        "42": 2,
        "43": 42,
        "44": 27,
        "46": 2,
        "47": 49,
        "50": 12,
        "51": 12,
        "52": 31,
        "56": 42,
        "57": 12,
        "60": 2,
        "64": 12
    },
    "instance": null,
    "parameters": null,
    "parameters_data": null,
    "patients": null,
    "capacity": null,
    "num_days": null,
    "num_ORs": null,
    "num_surgeons": null,
    "gap": 0.6898734177215191
}