{
    "proved_optimal": true,
    "obj": 79,
    "relax_obj": 79.0,
    "num_LCs": 96,
    "num_callbacks": 1617,
    "num_CG_iterations": 39,
    "num_columns": 294,
    "num_nodes": 13,
    "overall_time": 55.21940803527832,
    "callback_time": 3.6448681354522705,
    "subproblem_time": 41.83092761039734,
    "mp_time": 13.33438754081726,
    "inh_time": null,
    "ilp_time": 0.0,
    "surgeon_schedule": {
        "2": [
            9,
            10,
            29
        ],
        "3": [
            10
        ],
        "5": [
            41
        ],
        "8": [
            26
        ],
        "9": [
            19,
            32
        ],
        "10": [
            1,
            10
        ],
        "11": [
            39,
            46
        ]
    },
    "patient_schedule": {
        "0": 9,
        "25": 9,
        "60": 9,
        "46": 10,
        "5": 29,
        "42": 29,
        "26": 10,
        "44": 10,
        "35": 41,
        "51": 41,
        "52": 41,
        "64": 41,
        "9": 26,
        "34": 26,
        "43": 26,
        "56": 26,
        "20": 19,
        "38": 32,
        "54": 32,
        "63": 32,
        "21": 1,
        "29": 1,
        "48": 1,
        "4": 10,
        "11": 10,
        "32": 10,
        "47": 10,
        "17": 39,
        "36": 39,
        "40": 39,
        "2": 46,
        "3": 46,
        "15": 46,
        "24": 46,
        "37": 46
    },
    "instance": null,
    "parameters": null,
    "parameters_data": null,
    "patients": null,
    "capacity": null,
    "num_days": null,
    "num_ORs": null,
    "num_surgeons": null,
    "initial_heuristics_time": 0.2756478786468506,
    "gap": 0.0
}