{
    "proved_optimal": true,
    "obj": 79,
    "relax_obj": 79.0,
    "num_LCs": 72,
    "num_callbacks": 904,
    "num_CG_iterations": 22,
    "num_columns": 202,
    "num_nodes": 3,
    "overall_time": 81.96168828010559,
    "callback_time": 1.8633193969726562,
    "subproblem_time": 76.43447685241699,
    "mp_time": 5.509568452835083,
    "inh_time": null,
    "ilp_time": 0.0,
    "surgeon_schedule": {
        "2": [
            4,
            14,
            30
        ],
        "3": [
            10
        ],
        "5": [
            48
        ],
        "8": [
            26
        ],
        "9": [
            20,
            46
        ],
        "10": [
            8,
            34
        ],
        "11": [
            0,
            18,
            40
        ]
    },
    "patient_schedule": {
        "46": 4,
        "25": 14,
        "42": 14,
        "60": 14,
        "0": 30,
        "5": 30,
        "26": 10,
        "44": 10,
        "35": 48,
        "51": 48,
        "52": 48,
        "64": 48,
        "9": 26,
        "34": 26,
        "43": 26,
        "56": 26,
        "20": 20,
        "38": 46,
        "54": 46,
        "63": 46,
        "4": 8,
        "21": 8,
        "47": 8,
        "48": 8,
        "11": 34,
        "29": 34,
        "32": 34,
        "24": 0,
        "37": 0,
        "2": 18,
        "15": 18,
        "36": 18,
        "40": 18,
        "3": 40,
        "17": 40
    },
    "instance": null,
    "parameters": null,
    "parameters_data": null,
    "patients": null,
    "capacity": null,
    "num_days": null,
    "num_ORs": null,
    "num_surgeons": null,
    "initial_heuristics_time": 0.2833292484283447,
    "gap": 0.0
}