{
    "proved_optimal": true,
    "obj": 29,
    "relax_obj": 29.0,
    "num_LCs": 8,
    "num_callbacks": 725,
    "num_CG_iterations": 22,
    "num_columns": 169,
    "num_nodes": 7,
    "overall_time": 12.541331052780151,
    "callback_time": 0.7522614002227783,
    "subproblem_time": 7.459394216537476,
    "mp_time": 5.058065414428711,
    "inh_time": null,
    "ilp_time": 0.0,
    "surgeon_schedule": {
        "2": [
            0,
            48
        ],
        "3": [
            27,
            38
        ],
        "4": [
            10,
            29,
            31
        ],
        "5": [
            20,
            41
        ],
        "6": [
            27,
            38
        ],
        "9": [
            24
        ],
        "11": [
            26
        ]
    },
    "patient_schedule": {
        "28": 0,
        "32": 0,
        "33": 0,
        "16": 48,
        "30": 48,
        "2": 27,
        "0": 38,
        "24": 38,
        "27": 38,
        "34": 38,
        "5": 10,
        "19": 10,
        "22": 29,
        "7": 31,
        "9": 31,
        "15": 20,
        "14": 41,
        "3": 27,
        "4": 27,
        "21": 38,
        "31": 38,
        "1": 24,
        "13": 24,
        "10": 26,
        "12": 26,
        "17": 26
    },
    "instance": null,
    "parameters": null,
    "parameters_data": null,
    "patients": null,
    "capacity": null,
    "num_days": null,
    "num_ORs": null,
    "num_surgeons": null,
    "initial_heuristics_time": 0.21036481857299805,
    "gap": 0.0
}