{
    "proved_optimal": true,
    "obj": 29,
    "relax_obj": 29.0,
    "num_LCs": 10,
    "num_callbacks": 718,
    "num_CG_iterations": 23,
    "num_columns": 178,
    "num_nodes": 7,
    "overall_time": 15.532726049423218,
    "callback_time": 1.0305893421173096,
    "subproblem_time": 9.925237894058228,
    "mp_time": 5.579394102096558,
    "inh_time": null,
    "ilp_time": 0.0,
    "surgeon_schedule": {
        "2": [
            20,
            31
        ],
        "3": [
            14,
            29,
            30
        ],
        "4": [
            10,
            46
        ],
        "5": [
            18,
            27
        ],
        "6": [
            39,
            48
        ],
        "9": [
            24
        ],
        "11": [
            6
        ]
    },
    "patient_schedule": {
        "28": 20,
        "32": 20,
        "33": 20,
        "16": 31,
        "30": 31,
        "24": 14,
        "27": 14,
        "34": 14,
        "2": 29,
        "0": 30,
        "5": 10,
        "19": 10,
        "7": 46,
        "9": 46,
        "22": 46,
        "14": 18,
        "15": 27,
        "3": 39,
        "4": 39,
        "21": 48,
        "31": 48,
        "1": 24,
        "13": 24,
        "10": 6,
        "12": 6,
        "17": 6
    },
    "instance": null,
    "parameters": null,
    "parameters_data": null,
    "patients": null,
    "capacity": null,
    "num_days": null,
    "num_ORs": null,
    "num_surgeons": null,
    "initial_heuristics_time": 0.2111372947692871,
    "gap": 0.0
}