{
    "proved_optimal": false,
    "obj": 78,
    "relax_obj": 47.4,
    "num_LCs": 51,
    "num_callbacks": 39,
    "num_CG_iterations": null,
    "num_columns": null,
    "num_nodes": null,
    "overall_time": 1200.0444333553314,
    "callback_time": 2.8715980052948,
    "subproblem_time": null,
    "mp_time": null,
    "inh_time": null,
    "ilp_time": null,
    "surgeon_schedule": {
        "0": [
            29
        ],
        "1": [
            31
        ],
        "3": [
            38
        ],
        "4": [
            25,
            40
        ],
        "5": [
            12
        ],
        "6": [
            47
        ],
        "7": [
            19,
            49
        ],
        "10": [
            3,
            20
        ],
        "11": [
            44
        ]
    },
    "patient_schedule": {
        "2": 49,
        "5": 12,
        "6": 12,
        "7": 12,
        "8": 38,
        "10": 31,
        "11": 44,
        "13": 3,
        "14": 38,
        "15": 19,
        "16": 40,
        "19": 3,
        "20": 31,
        "21": 3,
        "24": 40,
        "26": 47,
        "28": 3,
        "31": 47,
        "33": 29,
        "34": 25,
        "37": 20,
        "38": 19,
        "41": 12,
        "43": 25,
        "44": 31,
        "46": 3,
        "50": 12,
        "51": 38,
        "52": 25,
        "53": 49,
        "57": 25,
        "61": 44
    },
    "instance": null,
    "parameters": null,
    "parameters_data": null,
    "patients": null,
    "capacity": null,
    "num_days": null,
    "num_ORs": null,
    "num_surgeons": null,
    "gap": 0.6455696202531646
}