{
    "proved_optimal": true,
    "obj": 36,
    "relax_obj": 36.0,
    "num_LCs": 15,
    "num_callbacks": 951,
    "num_CG_iterations": 27,
    "num_columns": 188,
    "num_nodes": 9,
    "overall_time": 22.951177835464478,
    "callback_time": 1.145620346069336,
    "subproblem_time": 16.347163915634155,
    "mp_time": 6.5768468379974365,
    "inh_time": null,
    "ilp_time": 0.0,
    "surgeon_schedule": {
        "1": [
            7,
            41
        ],
        "3": [
            18,
            24,
            40
        ],
        "5": [
            12,
            24,
            46
        ],
        "6": [
            7,
            31,
            40
        ],
        "8": [
            18,
            25
        ]
    },
    "patient_schedule": {
        "13": 7,
        "28": 7,
        "21": 41,
        "23": 41,
        "18": 18,
        "26": 24,
        "0": 40,
        "14": 40,
        "11": 12,
        "24": 12,
        "10": 24,
        "1": 46,
        "8": 46,
        "3": 7,
        "12": 7,
        "25": 7,
        "20": 31,
        "15": 40,
        "9": 18,
        "2": 25
    },
    "instance": null,
    "parameters": null,
    "parameters_data": null,
    "patients": null,
    "capacity": null,
    "num_days": null,
    "num_ORs": null,
    "num_surgeons": null,
    "initial_heuristics_time": 0.22470736503601074,
    "gap": 0.0
}