{
    "proved_optimal": false,
    "obj": 46,
    "relax_obj": 23.285714285714285,
    "num_LCs": 19,
    "num_callbacks": 17,
    "num_CG_iterations": null,
    "num_columns": null,
    "num_nodes": null,
    "overall_time": 1200.0107724666595,
    "callback_time": 0.9834284782409668,
    "subproblem_time": null,
    "mp_time": null,
    "inh_time": null,
    "ilp_time": null,
    "surgeon_schedule": {
        "0": [
            8
        ],
        "1": [
            47
        ],
        "2": [
            37
        ],
        "3": [
            19,
            49
        ],
        "4": [
            34
        ],
        "5": [
            1
        ],
        "6": [
            44
        ],
        "7": [
            23
        ],
        "8": [
            17
        ],
        "9": [
            30,
            40
        ],
        "10": [
            11
        ],
        "11": [
            39
        ]
    },
    "patient_schedule": {
        "1": 11,
        "2": 23,
        "4": 17,
        "5": 8,
        "6": 47,
        "7": 8,
        "8": 8,
        "9": 34,
        "10": 39,
        "11": 1,
        "12": 40,
        "14": 44,
        "15": 30,
        "18": 17,
        "19": 19,
        "20": 23,
        "24": 37,
        "25": 49,
        "26": 8,
        "28": 39,
        "29": 37,
        "31": 19,
        "32": 47,
        "33": 1,
        "34": 23,
        "37": 49,
        "38": 17,
        "40": 23,
        "41": 11,
        "46": 37,
        "47": 11,
        "48": 44,
        "49": 34
    },
    "instance": null,
    "parameters": null,
    "parameters_data": null,
    "patients": null,
    "capacity": null,
    "num_days": null,
    "num_ORs": null,
    "num_surgeons": null,
    "gap": 0.9754601226993865
}