{
    "proved_optimal": true,
    "obj": 31,
    "relax_obj": 31.0,
    "num_LCs": 10,
    "num_callbacks": 699,
    "num_CG_iterations": 21,
    "num_columns": 180,
    "num_nodes": 5,
    "overall_time": 9.81871509552002,
    "callback_time": 0.6913361549377441,
    "subproblem_time": 4.965970754623413,
    "mp_time": 4.835517644882202,
    "inh_time": null,
    "ilp_time": 0.0,
    "surgeon_schedule": {
        "0": [
            15,
            25
        ],
        "2": [
            30
        ],
        "3": [
            19,
            35
        ],
        "4": [
            20
        ],
        "5": [
            23,
            41
        ],
        "7": [
            1
        ],
        "8": [
            49
        ],
        "10": [
            47
        ],
        "11": [
            17
        ]
    },
    "patient_schedule": {
        "17": 15,
        "24": 15,
        "15": 25,
        "20": 25,
        "11": 30,
        "13": 30,
        "7": 19,
        "14": 19,
        "28": 35,
        "1": 20,
        "21": 20,
        "26": 23,
        "31": 23,
        "2": 41,
        "16": 41,
        "30": 41,
        "3": 1,
        "23": 1,
        "8": 49,
        "5": 47,
        "27": 47,
        "4": 17
    },
    "instance": null,
    "parameters": null,
    "parameters_data": null,
    "patients": null,
    "capacity": null,
    "num_days": null,
    "num_ORs": null,
    "num_surgeons": null,
    "initial_heuristics_time": 0.21332955360412598,
    "gap": 0.0
}