{
    "proved_optimal": false,
    "obj": 46,
    "relax_obj": 23.285714285714285,
    "num_LCs": 21,
    "num_callbacks": 21,
    "num_CG_iterations": null,
    "num_columns": null,
    "num_nodes": null,
    "overall_time": 1200.0781600475311,
    "callback_time": 1.589414119720459,
    "subproblem_time": null,
    "mp_time": null,
    "inh_time": null,
    "ilp_time": null,
    "surgeon_schedule": {
        "0": [
            11
        ],
        "2": [
            9,
            49
        ],
        "4": [
            41
        ],
        "5": [
            5,
            20
        ],
        "6": [
            47
        ],
        "7": [
            26
        ],
        "8": [
            19
        ],
        "9": [
            37
        ],
        "11": [
            0,
            30
        ],
        "12": [
            34
        ],
        "13": [
            17,
            39
        ]
    },
    "patient_schedule": {
        "0": 20,
        "1": 11,
        "2": 26,
        "4": 0,
        "5": 5,
        "6": 37,
        "7": 26,
        "8": 41,
        "9": 19,
        "10": 5,
        "11": 34,
        "12": 30,
        "15": 39,
        "18": 26,
        "19": 49,
        "20": 5,
        "21": 17,
        "22": 9,
        "24": 11,
        "26": 11,
        "28": 19,
        "31": 26,
        "32": 0,
        "33": 37,
        "34": 47,
        "37": 17,
        "40": 41,
        "41": 9,
        "46": 49,
        "47": 39,
        "48": 47,
        "49": 47
    },
    "instance": null,
    "parameters": null,
    "parameters_data": null,
    "patients": null,
    "capacity": null,
    "num_days": null,
    "num_ORs": null,
    "num_surgeons": null,
    "gap": 0.9754601226993865
}