{
    "proved_optimal": true,
    "obj": 31,
    "relax_obj": 31.0,
    "num_LCs": 11,
    "num_callbacks": 622,
    "num_CG_iterations": 19,
    "num_columns": 167,
    "num_nodes": 3,
    "overall_time": 8.539212703704834,
    "callback_time": 0.8037393093109131,
    "subproblem_time": 4.711142301559448,
    "mp_time": 3.8177361488342285,
    "inh_time": null,
    "ilp_time": 0.0,
    "surgeon_schedule": {
        "0": [
            8,
            28
        ],
        "2": [
            40
        ],
        "3": [
            1,
            19
        ],
        "4": [
            39
        ],
        "5": [
            21,
            43
        ],
        "7": [
            11
        ],
        "8": [
            30
        ],
        "10": [
            17
        ],
        "11": [
            34
        ]
    },
    "patient_schedule": {
        "15": 8,
        "20": 8,
        "17": 28,
        "24": 28,
        "11": 40,
        "13": 40,
        "28": 1,
        "7": 19,
        "14": 19,
        "1": 39,
        "21": 39,
        "2": 21,
        "16": 21,
        "30": 21,
        "26": 43,
        "31": 43,
        "3": 11,
        "23": 11,
        "8": 30,
        "5": 17,
        "27": 17,
        "4": 34
    },
    "instance": null,
    "parameters": null,
    "parameters_data": null,
    "patients": null,
    "capacity": null,
    "num_days": null,
    "num_ORs": null,
    "num_surgeons": null,
    "initial_heuristics_time": 0.21610713005065918,
    "gap": 0.0
}