{
    "proved_optimal": false,
    "obj": 46,
    "relax_obj": 23.285714285714285,
    "num_LCs": 18,
    "num_callbacks": 25,
    "num_CG_iterations": null,
    "num_columns": null,
    "num_nodes": null,
    "overall_time": 1200.021517276764,
    "callback_time": 1.4718263149261475,
    "subproblem_time": null,
    "mp_time": null,
    "inh_time": null,
    "ilp_time": null,
    "surgeon_schedule": {
        "0": [
            25
        ],
        "2": [
            9,
            20
        ],
        "4": [
            45
        ],
        "5": [
            15,
            49
        ],
        "6": [
            0
        ],
        "7": [
            38,
            40
        ],
        "8": [
            34
        ],
        "9": [
            4
        ],
        "11": [
            19,
            30
        ],
        "12": [
            29
        ],
        "13": [
            7,
            10
        ]
    },
    "patient_schedule": {
        "0": 15,
        "1": 25,
        "2": 38,
        "4": 19,
        "5": 15,
        "6": 4,
        "7": 38,
        "8": 45,
        "9": 34,
        "10": 15,
        "11": 29,
        "12": 30,
        "15": 10,
        "18": 40,
        "19": 9,
        "20": 49,
        "21": 7,
        "22": 9,
        "24": 25,
        "26": 25,
        "28": 34,
        "31": 40,
        "32": 19,
        "33": 4,
        "34": 0,
        "37": 7,
        "40": 45,
        "41": 20,
        "46": 20,
        "47": 10,
        "48": 0,
        "49": 0
    },
    "instance": null,
    "parameters": null,
    "parameters_data": null,
    "patients": null,
    "capacity": null,
    "num_days": null,
    "num_ORs": null,
    "num_surgeons": null,
    "gap": 0.9754601226993865
}