{
    "proved_optimal": true,
    "obj": 46,
    "relax_obj": 46.0,
    "num_LCs": 33,
    "num_callbacks": 576,
    "num_CG_iterations": 16,
    "num_columns": 180,
    "num_nodes": 1,
    "overall_time": 12.946244716644287,
    "callback_time": 0.9619700908660889,
    "subproblem_time": 9.394668817520142,
    "mp_time": 3.5432400703430176,
    "inh_time": null,
    "ilp_time": 0.0,
    "surgeon_schedule": {
        "0": [
            8
        ],
        "1": [
            20
        ],
        "2": [
            29
        ],
        "3": [
            19,
            24
        ],
        "4": [
            40
        ],
        "5": [
            14,
            44
        ],
        "6": [
            27
        ],
        "7": [
            33
        ],
        "8": [
            10
        ],
        "9": [
            4,
            17
        ],
        "10": [
            48
        ],
        "11": [
            0
        ]
    },
    "patient_schedule": {
        "5": 8,
        "7": 8,
        "8": 8,
        "26": 8,
        "6": 20,
        "32": 20,
        "24": 29,
        "29": 29,
        "46": 29,
        "19": 19,
        "31": 19,
        "25": 24,
        "37": 24,
        "9": 40,
        "49": 40,
        "33": 14,
        "11": 44,
        "14": 27,
        "48": 27,
        "2": 33,
        "20": 33,
        "34": 33,
        "40": 33,
        "4": 10,
        "18": 10,
        "38": 10,
        "15": 4,
        "12": 17,
        "1": 48,
        "41": 48,
        "47": 48,
        "10": 0,
        "28": 0
    },
    "instance": null,
    "parameters": null,
    "parameters_data": null,
    "patients": null,
    "capacity": null,
    "num_days": null,
    "num_ORs": null,
    "num_surgeons": null,
    "initial_heuristics_time": 0.24254179000854492,
    "gap": 0.0
}