{
    "proved_optimal": false,
    "obj": 45,
    "relax_obj": 23.285714285714285,
    "num_LCs": 37,
    "num_callbacks": 31,
    "num_CG_iterations": null,
    "num_columns": null,
    "num_nodes": null,
    "overall_time": 1200.0168797969818,
    "callback_time": 2.331622362136841,
    "subproblem_time": null,
    "mp_time": null,
    "inh_time": null,
    "ilp_time": null,
    "surgeon_schedule": {
        "0": [
            21,
            44
        ],
        "1": [
            19,
            35
        ],
        "2": [
            10,
            28
        ],
        "3": [
            40
        ],
        "5": [
            39
        ],
        "6": [
            6
        ],
        "7": [
            0,
            48
        ],
        "8": [
            30
        ],
        "9": [
            15
        ]
    },
    "patient_schedule": {
        "3": 6,
        "4": 39,
        "5": 40,
        "6": 40,
        "7": 28,
        "9": 28,
        "11": 48,
        "12": 10,
        "14": 48,
        "15": 28,
        "18": 19,
        "19": 35,
        "20": 15,
        "21": 39,
        "22": 39,
        "23": 30,
        "24": 15,
        "25": 21,
        "26": 21,
        "29": 30,
        "31": 28,
        "32": 15,
        "33": 21,
        "34": 40,
        "36": 35,
        "37": 44,
        "38": 0,
        "39": 35,
        "40": 6,
        "41": 19,
        "46": 21,
        "47": 39,
        "48": 0,
        "49": 0
    },
    "instance": null,
    "parameters": null,
    "parameters_data": null,
    "patients": null,
    "capacity": null,
    "num_days": null,
    "num_ORs": null,
    "num_surgeons": null,
    "gap": 0.9325153374233129
}