{
    "proved_optimal": true,
    "obj": 46,
    "relax_obj": 46.0,
    "num_LCs": 18,
    "num_callbacks": 545,
    "num_CG_iterations": 14,
    "num_columns": 168,
    "num_nodes": 1,
    "overall_time": 8.20718789100647,
    "callback_time": 0.6961774826049805,
    "subproblem_time": 5.407313823699951,
    "mp_time": 2.7923948764801025,
    "inh_time": null,
    "ilp_time": 0.0,
    "surgeon_schedule": {
        "0": [
            1
        ],
        "2": [
            10,
            37
        ],
        "4": [
            25
        ],
        "5": [
            9,
            30,
            40
        ],
        "6": [
            47
        ],
        "7": [
            18,
            34
        ],
        "8": [
            49
        ],
        "9": [
            14
        ],
        "11": [
            20,
            39
        ],
        "12": [
            44
        ],
        "13": [
            7,
            29
        ]
    },
    "patient_schedule": {
        "1": 1,
        "24": 1,
        "26": 1,
        "22": 10,
        "41": 10,
        "19": 37,
        "46": 37,
        "8": 25,
        "40": 25,
        "5": 9,
        "20": 9,
        "0": 30,
        "10": 40,
        "34": 47,
        "48": 47,
        "49": 47,
        "2": 18,
        "7": 18,
        "18": 34,
        "31": 34,
        "9": 49,
        "28": 49,
        "6": 14,
        "33": 14,
        "12": 20,
        "4": 39,
        "32": 39,
        "11": 44,
        "15": 7,
        "47": 7,
        "21": 29,
        "37": 29
    },
    "instance": null,
    "parameters": null,
    "parameters_data": null,
    "patients": null,
    "capacity": null,
    "num_days": null,
    "num_ORs": null,
    "num_surgeons": null,
    "initial_heuristics_time": 0.2774543762207031,
    "gap": 0.0
}