{
    "proved_optimal": true,
    "obj": 46,
    "relax_obj": 46.0,
    "num_LCs": 35,
    "num_callbacks": 635,
    "num_CG_iterations": 17,
    "num_columns": 190,
    "num_nodes": 1,
    "overall_time": 11.292509078979492,
    "callback_time": 1.3115489482879639,
    "subproblem_time": 7.766185522079468,
    "mp_time": 3.518204689025879,
    "inh_time": null,
    "ilp_time": 0.0,
    "surgeon_schedule": {
        "0": [
            45
        ],
        "1": [
            24
        ],
        "2": [
            30
        ],
        "3": [
            27,
            37
        ],
        "4": [
            20
        ],
        "5": [
            10,
            40
        ],
        "6": [
            34
        ],
        "7": [
            3
        ],
        "8": [
            29
        ],
        "9": [
            39,
            49
        ],
        "10": [
            15
        ],
        "11": [
            19
        ]
    },
    "patient_schedule": {
        "5": 45,
        "7": 45,
        "8": 45,
        "26": 45,
        "6": 24,
        "32": 24,
        "24": 30,
        "29": 30,
        "46": 30,
        "25": 27,
        "37": 27,
        "19": 37,
        "31": 37,
        "9": 20,
        "49": 20,
        "11": 10,
        "33": 40,
        "14": 34,
        "48": 34,
        "2": 3,
        "20": 3,
        "34": 3,
        "40": 3,
        "4": 29,
        "18": 29,
        "38": 29,
        "15": 39,
        "12": 49,
        "1": 15,
        "41": 15,
        "47": 15,
        "10": 19,
        "28": 19
    },
    "instance": null,
    "parameters": null,
    "parameters_data": null,
    "patients": null,
    "capacity": null,
    "num_days": null,
    "num_ORs": null,
    "num_surgeons": null,
    "initial_heuristics_time": 0.24226808547973633,
    "gap": 0.0
}