{
    "proved_optimal": false,
    "obj": 48,
    "relax_obj": 23.285714285714285,
    "num_LCs": 29,
    "num_callbacks": 20,
    "num_CG_iterations": null,
    "num_columns": null,
    "num_nodes": null,
    "overall_time": 1200.0183532238007,
    "callback_time": 0.845395565032959,
    "subproblem_time": null,
    "mp_time": null,
    "inh_time": null,
    "ilp_time": null,
    "surgeon_schedule": {
        "0": [
            9,
            10,
            37
        ],
        "1": [
            5,
            20
        ],
        "2": [
            0,
            29,
            34
        ],
        "3": [
            41
        ],
        "5": [
            30
        ],
        "7": [
            16
        ],
        "8": [
            25,
            39
        ],
        "9": [
            48
        ]
    },
    "patient_schedule": {
        "2": 25,
        "4": 30,
        "5": 41,
        "7": 0,
        "9": 0,
        "11": 16,
        "12": 29,
        "14": 16,
        "15": 34,
        "18": 20,
        "19": 5,
        "20": 48,
        "21": 30,
        "22": 30,
        "23": 39,
        "24": 48,
        "25": 10,
        "26": 37,
        "29": 39,
        "31": 0,
        "32": 48,
        "33": 9,
        "34": 41,
        "36": 5,
        "37": 37,
        "38": 16,
        "39": 5,
        "41": 20,
        "44": 41,
        "46": 10,
        "47": 30,
        "48": 16,
        "49": 16
    },
    "instance": null,
    "parameters": null,
    "parameters_data": null,
    "patients": null,
    "capacity": null,
    "num_days": null,
    "num_ORs": null,
    "num_surgeons": null,
    "gap": 1.0613496932515338
}