{
    "proved_optimal": false,
    "obj": 214,
    "relax_obj": 110.0909090909091,
    "num_LCs": 394,
    "num_callbacks": 78,
    "num_CG_iterations": null,
    "num_columns": null,
    "num_nodes": null,
    "overall_time": 1200.01247382164,
    "callback_time": 14.328205585479736,
    "subproblem_time": null,
    "mp_time": null,
    "inh_time": null,
    "ilp_time": null,
    "surgeon_schedule": {
        "0": [
            16,
            32
        ],
        "1": [
            7,
            18,
            28,
            34
        ],
        "2": [
            16,
            32,
            45
        ],
        "3": [
            5,
            39
        ],
        "4": [
            9,
            21
        ],
        "5": [
            38,
            44
        ],
        "7": [
            20,
            30,
            40
        ],
        "8": [
            1,
            12
        ],
        "9": [
            29,
            48
        ],
        "10": [
            10
        ],
        "11": [
            9,
            14,
            21,
            39,
            44
        ],
        "12": [
            35,
            41
        ],
        "13": [
            2,
            10,
            28,
            30
        ],
        "14": [
            0,
            10,
            40
        ],
        "15": [
            1,
            21
        ],
        "16": [
            25,
            48
        ],
        "17": [
            8,
            28
        ],
        "18": [
            19,
            39,
            49
        ],
        "19": [
            9,
            48
        ]
    },
    "patient_schedule": {
        "1": 1,
        "2": 40,
        "3": 40,
        "4": 14,
        "5": 2,
        "6": 19,
        "8": 49,
        "11": 21,
        "12": 21,
        "13": 16,
        "15": 21,
        "17": 5,
        "18": 2,
        "19": 40,
        "20": 30,
        "21": 0,
        "22": 28,
        "24": 25,
        "26": 25,
        "27": 38,
        "28": 20,
        "32": 41,
        "33": 39,
        "35": 35,
        "38": 5,
        "39": 21,
        "41": 9,
        "42": 25,
        "46": 40,
        "47": 48,
        "49": 39,
        "51": 45,
        "52": 28,
        "53": 34,
        "54": 32,
        "55": 12,
        "56": 21,
        "57": 49,
        "58": 16,
        "59": 2,
        "60": 48,
        "61": 1,
        "62": 48,
        "63": 29,
        "65": 10,
        "66": 48,
        "68": 18,
        "69": 16,
        "70": 38,
        "72": 39,
        "73": 9,
        "76": 35,
        "78": 28,
        "79": 28,
        "80": 32,
        "85": 48,
        "86": 9,
        "87": 16,
        "88": 48,
        "89": 1,
        "92": 10,
        "93": 21,
        "94": 40,
        "95": 45,
        "96": 1,
        "97": 8,
        "99": 2,
        "100": 16,
        "102": 32,
        "104": 25,
        "105": 5,
        "106": 45,
        "108": 12,
        "111": 10,
        "112": 2,
        "113": 19,
        "114": 39,
        "117": 32,
        "118": 21,
        "119": 9,
        "121": 49,
        "128": 48,
        "129": 9,
        "130": 44,
        "131": 1,
        "133": 14,
        "137": 35,
        "139": 44,
        "140": 44,
        "141": 48,
        "142": 30,
        "144": 38,
        "145": 8,
        "147": 40,
        "148": 12,
        "149": 32,
        "150": 2,
        "153": 20,
        "155": 16,
        "156": 8,
        "157": 2,
        "158": 45,
        "161": 7,
        "163": 35,
        "164": 41,
        "167": 39,
        "169": 30,
        "171": 1,
        "173": 32,
        "174": 1,
        "175": 16,
        "177": 45,
        "178": 10,
        "180": 35,
        "184": 28,
        "185": 28,
        "186": 16,
        "188": 44,
        "189": 12,
        "190": 10,
        "191": 35,
        "192": 18,
        "193": 5,
        "194": 41
    },
    "instance": null,
    "parameters": null,
    "parameters_data": null,
    "patients": null,
    "capacity": null,
    "num_days": null,
    "num_ORs": null,
    "num_surgeons": null,
    "gap": 0.9438480594549958
}