{
    "proved_optimal": false,
    "obj": 45,
    "relax_obj": 44.0,
    "num_LCs": 96,
    "num_callbacks": 31252,
    "num_CG_iterations": 1410,
    "num_columns": 2574,
    "num_nodes": 268,
    "overall_time": 1200.0512397289276,
    "callback_time": 29.30635714530945,
    "subproblem_time": 595.7753612995148,
    "mp_time": 602.8228464126587,
    "inh_time": null,
    "ilp_time": 0.0,
    "surgeon_schedule": {
        "0": [
            1
        ],
        "1": [
            31,
            49
        ],
        "2": [
            7,
            19,
            47
        ],
        "3": [
            10
        ],
        "4": [
            22
        ],
        "5": [
            29
        ],
        "6": [
            44
        ],
        "7": [
            9,
            39,
            40
        ],
        "8": [
            37
        ],
        "9": [
            15
        ]
    },
    "patient_schedule": {
        "25": 1,
        "26": 1,
        "33": 1,
        "46": 1,
        "19": 31,
        "36": 31,
        "39": 31,
        "18": 49,
        "41": 49,
        "7": 7,
        "9": 7,
        "31": 7,
        "15": 19,
        "12": 47,
        "5": 10,
        "6": 10,
        "34": 10,
        "1": 22,
        "8": 22,
        "10": 22,
        "4": 29,
        "21": 29,
        "22": 29,
        "47": 29,
        "40": 44,
        "14": 9,
        "48": 9,
        "11": 39,
        "38": 40,
        "49": 40,
        "23": 37,
        "29": 37,
        "20": 15,
        "24": 15,
        "32": 15
    },
    "instance": null,
    "parameters": null,
    "parameters_data": null,
    "patients": null,
    "capacity": null,
    "num_days": null,
    "num_ORs": null,
    "num_surgeons": null,
    "initial_heuristics_time": 0.25820422172546387,
    "gap": 0.022727272727272728
}