{
    "proved_optimal": false,
    "obj": 45,
    "relax_obj": 44.0,
    "num_LCs": 102,
    "num_callbacks": 20484,
    "num_CG_iterations": 958,
    "num_columns": 1969,
    "num_nodes": 165,
    "overall_time": 1200.02188038826,
    "callback_time": 13.691593408584595,
    "subproblem_time": 837.9649512767792,
    "mp_time": 360.9647982120514,
    "inh_time": null,
    "ilp_time": 0.0,
    "surgeon_schedule": {
        "0": [
            8,
            34
        ],
        "1": [
            14,
            38
        ],
        "2": [
            18,
            30
        ],
        "3": [
            10
        ],
        "4": [
            46
        ],
        "5": [
            4
        ],
        "7": [
            0,
            24,
            40
        ],
        "8": [
            20
        ],
        "9": [
            28
        ]
    },
    "patient_schedule": {
        "25": 8,
        "26": 8,
        "33": 8,
        "46": 8,
        "37": 34,
        "18": 14,
        "41": 14,
        "19": 38,
        "36": 38,
        "39": 38,
        "7": 18,
        "9": 18,
        "12": 18,
        "31": 18,
        "15": 30,
        "5": 10,
        "6": 10,
        "34": 10,
        "1": 46,
        "8": 46,
        "10": 46,
        "4": 4,
        "21": 4,
        "22": 4,
        "47": 4,
        "11": 0,
        "14": 24,
        "48": 24,
        "38": 40,
        "49": 40,
        "23": 20,
        "29": 20,
        "20": 28,
        "24": 28,
        "32": 28
    },
    "instance": null,
    "parameters": null,
    "parameters_data": null,
    "patients": null,
    "capacity": null,
    "num_days": null,
    "num_ORs": null,
    "num_surgeons": null,
    "initial_heuristics_time": 0.21539759635925293,
    "gap": 0.022727272727272728
}