{
    "proved_optimal": false,
    "obj": 176,
    "relax_obj": 100.25,
    "num_LCs": 304,
    "num_callbacks": 50,
    "num_CG_iterations": null,
    "num_columns": null,
    "num_nodes": null,
    "overall_time": 1200.0167562961578,
    "callback_time": 8.214244604110718,
    "subproblem_time": null,
    "mp_time": null,
    "inh_time": null,
    "ilp_time": null,
    "surgeon_schedule": {
        "0": [
            10
        ],
        "1": [
            10
        ],
        "3": [
            2,
            33
        ],
        "4": [
            5,
            19,
            29
        ],
        "5": [
            6,
            16,
            22
        ],
        "6": [
            15,
            36
        ],
        "8": [
            22,
            31
        ],
        "9": [
            48
        ],
        "10": [
            9,
            21,
            44
        ],
        "11": [
            0,
            12,
            38,
            49
        ],
        "12": [
            9,
            10,
            23,
            48
        ],
        "13": [
            42
        ],
        "14": [
            16,
            29,
            49
        ],
        "15": [
            0
        ],
        "16": [
            9,
            28,
            40
        ],
        "17": [
            38,
            42
        ],
        "18": [
            5,
            19,
            30,
            41
        ],
        "19": [
            0,
            31
        ]
    },
    "patient_schedule": {
        "0": 48,
        "1": 41,
        "2": 40,
        "3": 0,
        "4": 36,
        "5": 6,
        "11": 5,
        "12": 10,
        "14": 38,
        "15": 48,
        "19": 48,
        "20": 44,
        "21": 5,
        "22": 16,
        "23": 49,
        "25": 33,
        "26": 29,
        "31": 42,
        "32": 28,
        "33": 16,
        "35": 12,
        "36": 29,
        "37": 31,
        "40": 30,
        "41": 31,
        "43": 22,
        "44": 12,
        "46": 16,
        "49": 9,
        "50": 10,
        "51": 33,
        "52": 36,
        "53": 0,
        "54": 49,
        "57": 15,
        "58": 28,
        "61": 15,
        "62": 0,
        "63": 21,
        "64": 28,
        "65": 22,
        "66": 29,
        "67": 6,
        "71": 36,
        "72": 23,
        "73": 22,
        "75": 44,
        "76": 2,
        "77": 38,
        "78": 0,
        "79": 16,
        "81": 9,
        "82": 19,
        "83": 31,
        "84": 38,
        "86": 15,
        "87": 12,
        "88": 29,
        "91": 49,
        "93": 41,
        "94": 22,
        "95": 16,
        "96": 42,
        "97": 48,
        "99": 21,
        "100": 42,
        "101": 19,
        "102": 15,
        "103": 42,
        "104": 10,
        "105": 36,
        "106": 33,
        "107": 42,
        "109": 38,
        "110": 30,
        "113": 9,
        "114": 9,
        "115": 36,
        "118": 23,
        "119": 33,
        "120": 22,
        "121": 42,
        "122": 42,
        "124": 16,
        "125": 5,
        "126": 38,
        "127": 41,
        "128": 42,
        "129": 16,
        "130": 10,
        "135": 49,
        "138": 36,
        "140": 42,
        "141": 31,
        "142": 5,
        "143": 22,
        "146": 2,
        "147": 48,
        "148": 10,
        "153": 48,
        "156": 2,
        "158": 22,
        "159": 23,
        "160": 42,
        "162": 16,
        "163": 19,
        "164": 0,
        "166": 15,
        "168": 49,
        "169": 15,
        "174": 10,
        "175": 10,
        "178": 0,
        "180": 33,
        "181": 36,
        "183": 16,
        "184": 22,
        "186": 9,
        "189": 16,
        "191": 42,
        "192": 9,
        "193": 6
    },
    "instance": null,
    "parameters": null,
    "parameters_data": null,
    "patients": null,
    "capacity": null,
    "num_days": null,
    "num_ORs": null,
    "num_surgeons": null,
    "gap": 0.7556109725685786
}