{
    "proved_optimal": true,
    "obj": 34,
    "relax_obj": 34.0,
    "num_LCs": 21,
    "num_callbacks": 510,
    "num_CG_iterations": 15,
    "num_columns": 125,
    "num_nodes": 1,
    "overall_time": 6.038522720336914,
    "callback_time": 0.5925555229187012,
    "subproblem_time": 3.920380115509033,
    "mp_time": 2.1126577854156494,
    "inh_time": null,
    "ilp_time": 0.0,
    "surgeon_schedule": {
        "0": [
            43
        ],
        "3": [
            19
        ],
        "5": [
            0,
            34
        ],
        "7": [
            6,
            23
        ],
        "8": [
            12
        ],
        "10": [
            38
        ],
        "11": [
            30
        ]
    },
    "patient_schedule": {
        "10": 43,
        "17": 43,
        "26": 43,
        "27": 19,
        "31": 19,
        "2": 0,
        "11": 0,
        "0": 34,
        "30": 34,
        "7": 6,
        "9": 6,
        "12": 6,
        "6": 23,
        "21": 23,
        "5": 12,
        "13": 12,
        "1": 38,
        "8": 38,
        "29": 38,
        "28": 30,
        "32": 30
    },
    "instance": null,
    "parameters": null,
    "parameters_data": null,
    "patients": null,
    "capacity": null,
    "num_days": null,
    "num_ORs": null,
    "num_surgeons": null,
    "initial_heuristics_time": 0.20154786109924316,
    "gap": 0.0
}