{
    "proved_optimal": false,
    "obj": 89,
    "relax_obj": 51.63636363636363,
    "num_LCs": 86,
    "num_callbacks": 36,
    "num_CG_iterations": null,
    "num_columns": null,
    "num_nodes": null,
    "overall_time": 1200.00479221344,
    "callback_time": 2.8575475215911865,
    "subproblem_time": null,
    "mp_time": null,
    "inh_time": null,
    "ilp_time": null,
    "surgeon_schedule": {
        "0": [
            6,
            10
        ],
        "1": [
            20,
            42
        ],
        "2": [
            1,
            30
        ],
        "4": [
            9,
            14
        ],
        "6": [
            49
        ],
        "7": [
            18
        ],
        "8": [
            13,
            36
        ],
        "9": [
            0,
            30
        ],
        "10": [
            7
        ],
        "11": [
            28
        ],
        "12": [
            28
        ],
        "13": [
            24,
            47
        ],
        "14": [
            41
        ],
        "16": [
            49
        ],
        "17": [
            36
        ],
        "19": [
            21
        ]
    },
    "patient_schedule": {
        "0": 21,
        "1": 9,
        "2": 13,
        "3": 28,
        "5": 13,
        "6": 1,
        "9": 9,
        "10": 18,
        "14": 24,
        "16": 28,
        "17": 30,
        "19": 36,
        "20": 0,
        "21": 1,
        "22": 42,
        "23": 28,
        "24": 0,
        "26": 49,
        "27": 47,
        "28": 18,
        "31": 47,
        "33": 42,
        "34": 1,
        "35": 36,
        "37": 41,
        "40": 21,
        "42": 28,
        "45": 36,
        "46": 13,
        "49": 18,
        "50": 21,
        "51": 42,
        "52": 30,
        "53": 18,
        "54": 36,
        "56": 24,
        "58": 49,
        "60": 6,
        "62": 6,
        "65": 28,
        "66": 7,
        "67": 6,
        "68": 14,
        "69": 28,
        "70": 14,
        "71": 28,
        "72": 41,
        "76": 30,
        "78": 42,
        "79": 20,
        "80": 10,
        "82": 49,
        "83": 30,
        "84": 6,
        "85": 13,
        "86": 36,
        "88": 20
    },
    "instance": null,
    "parameters": null,
    "parameters_data": null,
    "patients": null,
    "capacity": null,
    "num_days": null,
    "num_ORs": null,
    "num_surgeons": null,
    "gap": 0.7235915492957747
}