{
    "proved_optimal": false,
    "obj": 101,
    "relax_obj": 51.63636363636363,
    "num_LCs": 61,
    "num_callbacks": 32,
    "num_CG_iterations": null,
    "num_columns": null,
    "num_nodes": null,
    "overall_time": 1200.007606267929,
    "callback_time": 2.154524803161621,
    "subproblem_time": null,
    "mp_time": null,
    "inh_time": null,
    "ilp_time": null,
    "surgeon_schedule": {
        "0": [
            18
        ],
        "1": [
            13
        ],
        "2": [
            3
        ],
        "4": [
            14,
            20
        ],
        "6": [
            24
        ],
        "7": [
            31
        ],
        "8": [
            21,
            42
        ],
        "9": [
            9,
            29
        ],
        "10": [
            10
        ],
        "11": [
            2
        ],
        "12": [
            28,
            39
        ],
        "13": [
            27
        ],
        "15": [
            46
        ],
        "16": [
            49
        ],
        "17": [
            36
        ],
        "18": [
            37
        ],
        "19": [
            30,
            40
        ]
    },
    "patient_schedule": {
        "0": 30,
        "1": 14,
        "2": 42,
        "3": 39,
        "4": 37,
        "5": 21,
        "9": 14,
        "10": 31,
        "14": 27,
        "15": 46,
        "16": 2,
        "17": 3,
        "19": 36,
        "20": 9,
        "21": 3,
        "22": 13,
        "23": 2,
        "24": 9,
        "26": 24,
        "28": 31,
        "33": 13,
        "34": 3,
        "35": 42,
        "40": 40,
        "42": 2,
        "45": 36,
        "46": 42,
        "49": 31,
        "50": 30,
        "51": 13,
        "52": 3,
        "53": 31,
        "54": 36,
        "55": 28,
        "56": 27,
        "57": 46,
        "58": 24,
        "60": 18,
        "62": 18,
        "66": 10,
        "67": 18,
        "68": 20,
        "70": 20,
        "71": 28,
        "74": 39,
        "75": 46,
        "76": 29,
        "77": 3,
        "78": 13,
        "79": 13,
        "82": 49,
        "83": 29,
        "85": 21,
        "88": 13,
        "89": 2
    },
    "instance": null,
    "parameters": null,
    "parameters_data": null,
    "patients": null,
    "capacity": null,
    "num_days": null,
    "num_ORs": null,
    "num_surgeons": null,
    "gap": 0.9559859154929579
}