{
    "proved_optimal": true,
    "obj": 85,
    "relax_obj": 85.0,
    "num_LCs": 65,
    "num_callbacks": 861,
    "num_CG_iterations": 14,
    "num_columns": 247,
    "num_nodes": 1,
    "overall_time": 22.841300010681152,
    "callback_time": 1.5936810970306396,
    "subproblem_time": 18.637966632843018,
    "mp_time": 4.191313743591309,
    "inh_time": null,
    "ilp_time": 0.0,
    "surgeon_schedule": {
        "0": [
            7
        ],
        "1": [
            1,
            28
        ],
        "2": [
            18,
            23,
            49
        ],
        "4": [
            4,
            10
        ],
        "6": [
            9
        ],
        "7": [
            38
        ],
        "8": [
            0,
            37,
            42
        ],
        "9": [
            14,
            34
        ],
        "11": [
            15
        ],
        "12": [
            21
        ],
        "13": [
            30,
            40
        ],
        "14": [
            8
        ],
        "15": [
            31
        ],
        "16": [
            10
        ],
        "17": [
            46
        ],
        "19": [
            19,
            39
        ]
    },
    "patient_schedule": {
        "62": 7,
        "67": 7,
        "22": 1,
        "33": 1,
        "88": 1,
        "51": 28,
        "78": 28,
        "79": 28,
        "6": 18,
        "21": 18,
        "34": 18,
        "77": 23,
        "87": 23,
        "17": 49,
        "52": 49,
        "68": 4,
        "70": 4,
        "1": 10,
        "9": 10,
        "26": 9,
        "58": 9,
        "10": 38,
        "28": 38,
        "49": 38,
        "53": 38,
        "35": 0,
        "85": 0,
        "2": 37,
        "5": 42,
        "46": 42,
        "20": 14,
        "24": 14,
        "76": 34,
        "83": 34,
        "16": 15,
        "23": 15,
        "42": 15,
        "69": 15,
        "3": 21,
        "65": 21,
        "71": 21,
        "27": 30,
        "31": 30,
        "14": 40,
        "56": 40,
        "37": 8,
        "72": 8,
        "15": 31,
        "57": 31,
        "82": 39,
        "19": 46,
        "45": 46,
        "54": 46,
        "0": 19,
        "50": 19,
        "40": 39
    },
    "instance": null,
    "parameters": null,
    "parameters_data": null,
    "patients": null,
    "capacity": null,
    "num_days": null,
    "num_ORs": null,
    "num_surgeons": null,
    "initial_heuristics_time": 0.45551133155822754,
    "gap": 0.0
}