{
    "proved_optimal": true,
    "obj": 34,
    "relax_obj": 34.0,
    "num_LCs": 19,
    "num_callbacks": 483,
    "num_CG_iterations": 15,
    "num_columns": 135,
    "num_nodes": 1,
    "overall_time": 6.588196039199829,
    "callback_time": 0.7415645122528076,
    "subproblem_time": 3.999964952468872,
    "mp_time": 2.5827829837799072,
    "inh_time": null,
    "ilp_time": 0.0,
    "surgeon_schedule": {
        "0": [
            43
        ],
        "3": [
            39
        ],
        "5": [
            0,
            37
        ],
        "7": [
            12,
            23
        ],
        "8": [
            6
        ],
        "10": [
            31
        ],
        "11": [
            19
        ]
    },
    "patient_schedule": {
        "10": 43,
        "17": 43,
        "26": 43,
        "27": 39,
        "31": 39,
        "0": 0,
        "30": 0,
        "2": 37,
        "11": 37,
        "7": 12,
        "9": 12,
        "12": 12,
        "6": 23,
        "21": 23,
        "5": 6,
        "13": 6,
        "1": 31,
        "8": 31,
        "29": 31,
        "28": 19,
        "32": 19
    },
    "instance": null,
    "parameters": null,
    "parameters_data": null,
    "patients": null,
    "capacity": null,
    "num_days": null,
    "num_ORs": null,
    "num_surgeons": null,
    "initial_heuristics_time": 0.20543837547302246,
    "gap": 0.0
}