{
    "proved_optimal": false,
    "obj": 43,
    "relax_obj": 19.75,
    "num_LCs": 13,
    "num_callbacks": 19,
    "num_CG_iterations": null,
    "num_columns": null,
    "num_nodes": null,
    "overall_time": 1200.0144624710083,
    "callback_time": 1.3225772380828857,
    "subproblem_time": null,
    "mp_time": null,
    "inh_time": null,
    "ilp_time": null,
    "surgeon_schedule": {
        "0": [
            0,
            41
        ],
        "1": [
            38
        ],
        "3": [
            27
        ],
        "4": [
            20
        ],
        "5": [
            19,
            24
        ],
        "6": [
            12
        ],
        "8": [
            29,
            47
        ],
        "9": [
            6
        ],
        "10": [
            49
        ],
        "11": [
            31
        ]
    },
    "patient_schedule": {
        "0": 31,
        "2": 20,
        "3": 0,
        "6": 41,
        "7": 47,
        "8": 6,
        "9": 0,
        "10": 12,
        "11": 24,
        "12": 19,
        "15": 38,
        "16": 29,
        "18": 49,
        "19": 0,
        "20": 41,
        "22": 12,
        "23": 6,
        "24": 27,
        "26": 49,
        "27": 20,
        "29": 31,
        "30": 38,
        "31": 12,
        "32": 38,
        "33": 29,
        "36": 6,
        "39": 31,
        "41": 24,
        "43": 31,
        "44": 47
    },
    "instance": null,
    "parameters": null,
    "parameters_data": null,
    "patients": null,
    "capacity": null,
    "num_days": null,
    "num_ORs": null,
    "num_surgeons": null,
    "gap": 1.1772151898734178
}