{
    "proved_optimal": true,
    "obj": 51,
    "relax_obj": 51.0,
    "num_LCs": 5,
    "num_callbacks": 600,
    "num_CG_iterations": 18,
    "num_columns": 209,
    "num_nodes": 3,
    "overall_time": 9.351555109024048,
    "callback_time": 0.8212578296661377,
    "subproblem_time": 4.730103254318237,
    "mp_time": 4.606137990951538,
    "inh_time": null,
    "ilp_time": 0.0,
    "surgeon_schedule": {
        "0": [
            0
        ],
        "2": [
            26
        ],
        "4": [
            18,
            40
        ],
        "5": [
            4
        ],
        "6": [
            14,
            44
        ],
        "8": [
            49
        ],
        "10": [
            47
        ],
        "11": [
            8,
            32
        ],
        "13": [
            10,
            20
        ]
    },
    "patient_schedule": {
        "19": 0,
        "23": 0,
        "7": 26,
        "20": 26,
        "36": 26,
        "3": 18,
        "39": 18,
        "45": 18,
        "24": 40,
        "2": 4,
        "26": 4,
        "12": 14,
        "10": 44,
        "18": 44,
        "29": 49,
        "43": 49,
        "40": 47,
        "41": 47,
        "5": 8,
        "28": 8,
        "9": 32,
        "13": 32,
        "15": 32,
        "32": 10,
        "42": 10,
        "11": 20,
        "44": 20
    },
    "instance": null,
    "parameters": null,
    "parameters_data": null,
    "patients": null,
    "capacity": null,
    "num_days": null,
    "num_ORs": null,
    "num_surgeons": null,
    "initial_heuristics_time": 0.28549814224243164,
    "gap": 0.0
}