{
    "proved_optimal": true,
    "obj": 43,
    "relax_obj": 43.0,
    "num_LCs": 16,
    "num_callbacks": 606,
    "num_CG_iterations": 19,
    "num_columns": 195,
    "num_nodes": 1,
    "overall_time": 11.667971849441528,
    "callback_time": 1.2514054775238037,
    "subproblem_time": 7.98223876953125,
    "mp_time": 3.67681622505188,
    "inh_time": null,
    "ilp_time": 0.0,
    "surgeon_schedule": {
        "0": [
            15,
            20
        ],
        "1": [
            28
        ],
        "3": [
            7
        ],
        "4": [
            9
        ],
        "5": [
            10,
            24
        ],
        "6": [
            42
        ],
        "8": [
            0,
            49
        ],
        "9": [
            32
        ],
        "10": [
            4
        ],
        "11": [
            19,
            39
        ]
    },
    "patient_schedule": {
        "9": 15,
        "19": 15,
        "20": 15,
        "3": 20,
        "6": 20,
        "15": 28,
        "30": 28,
        "32": 28,
        "24": 7,
        "2": 9,
        "27": 9,
        "12": 10,
        "11": 24,
        "41": 24,
        "10": 42,
        "22": 42,
        "31": 42,
        "16": 0,
        "33": 0,
        "7": 49,
        "44": 49,
        "8": 32,
        "23": 32,
        "36": 32,
        "18": 4,
        "26": 4,
        "0": 19,
        "39": 19,
        "29": 39,
        "43": 39
    },
    "instance": null,
    "parameters": null,
    "parameters_data": null,
    "patients": null,
    "capacity": null,
    "num_days": null,
    "num_ORs": null,
    "num_surgeons": null,
    "initial_heuristics_time": 0.0,
    "gap": 0.0
}