{
    "proved_optimal": true,
    "obj": 51,
    "relax_obj": 51.0,
    "num_LCs": 7,
    "num_callbacks": 525,
    "num_CG_iterations": 15,
    "num_columns": 184,
    "num_nodes": 1,
    "overall_time": 6.898212432861328,
    "callback_time": 0.5549557209014893,
    "subproblem_time": 3.883734703063965,
    "mp_time": 3.0072808265686035,
    "inh_time": null,
    "ilp_time": 0.0,
    "surgeon_schedule": {
        "0": [
            29
        ],
        "1": [
            34
        ],
        "4": [
            11,
            37
        ],
        "5": [
            9
        ],
        "6": [
            22,
            40
        ],
        "8": [
            19
        ],
        "10": [
            49
        ],
        "11": [
            2,
            45
        ],
        "12": [
            30
        ],
        "13": [
            17,
            39
        ]
    },
    "patient_schedule": {
        "19": 29,
        "23": 29,
        "4": 34,
        "16": 34,
        "3": 11,
        "39": 11,
        "45": 11,
        "24": 37,
        "2": 9,
        "26": 9,
        "10": 22,
        "18": 22,
        "38": 22,
        "12": 40,
        "29": 19,
        "43": 19,
        "40": 49,
        "41": 49,
        "5": 2,
        "13": 2,
        "9": 45,
        "15": 45,
        "28": 45,
        "33": 30,
        "32": 17,
        "42": 17,
        "11": 39,
        "44": 39
    },
    "instance": null,
    "parameters": null,
    "parameters_data": null,
    "patients": null,
    "capacity": null,
    "num_days": null,
    "num_ORs": null,
    "num_surgeons": null,
    "initial_heuristics_time": 0.2845439910888672,
    "gap": 0.0
}