{
    "proved_optimal": true,
    "obj": 40,
    "relax_obj": 40.0,
    "num_LCs": 24,
    "num_callbacks": 423,
    "num_CG_iterations": 16,
    "num_columns": 142,
    "num_nodes": 1,
    "overall_time": 9.430248022079468,
    "callback_time": 0.752946138381958,
    "subproblem_time": 6.868756532669067,
    "mp_time": 2.553961992263794,
    "inh_time": null,
    "ilp_time": 0.0,
    "surgeon_schedule": {
        "1": [
            34
        ],
        "2": [
            14,
            30
        ],
        "3": [
            18
        ],
        "4": [
            10,
            37
        ],
        "5": [
            2
        ],
        "6": [
            23
        ],
        "7": [
            49
        ],
        "9": [
            9,
            39,
            42
        ]
    },
    "patient_schedule": {
        "43": 34,
        "7": 14,
        "21": 14,
        "27": 30,
        "40": 30,
        "3": 18,
        "35": 18,
        "42": 18,
        "44": 18,
        "12": 10,
        "9": 37,
        "11": 37,
        "39": 37,
        "28": 2,
        "37": 2,
        "2": 23,
        "6": 23,
        "19": 23,
        "26": 23,
        "30": 23,
        "33": 23,
        "5": 49,
        "16": 49,
        "17": 9,
        "18": 9,
        "24": 39,
        "10": 42,
        "20": 42,
        "22": 42,
        "41": 42
    },
    "instance": null,
    "parameters": null,
    "parameters_data": null,
    "patients": null,
    "capacity": null,
    "num_days": null,
    "num_ORs": null,
    "num_surgeons": null,
    "initial_heuristics_time": 0.21604537963867188,
    "gap": 0.0
}