{
    "proved_optimal": true,
    "obj": 43,
    "relax_obj": 43.0,
    "num_LCs": 58,
    "num_callbacks": 557,
    "num_CG_iterations": 16,
    "num_columns": 160,
    "num_nodes": 1,
    "overall_time": 11.112094163894653,
    "callback_time": 1.2987053394317627,
    "subproblem_time": 8.04520320892334,
    "mp_time": 3.058540105819702,
    "inh_time": null,
    "ilp_time": 0.0,
    "surgeon_schedule": {
        "0": [
            21,
            49
        ],
        "1": [
            18
        ],
        "3": [
            27
        ],
        "4": [
            29
        ],
        "5": [
            8
        ],
        "6": [
            42
        ],
        "8": [
            10,
            30
        ],
        "9": [
            36
        ],
        "10": [
            0
        ],
        "11": [
            4,
            14
        ]
    },
    "patient_schedule": {
        "3": 21,
        "19": 21,
        "20": 21,
        "6": 49,
        "9": 49,
        "15": 18,
        "30": 18,
        "32": 18,
        "24": 27,
        "2": 29,
        "27": 29,
        "11": 8,
        "12": 8,
        "41": 8,
        "10": 42,
        "22": 42,
        "31": 42,
        "7": 10,
        "44": 10,
        "16": 30,
        "33": 30,
        "8": 36,
        "23": 36,
        "36": 36,
        "18": 0,
        "26": 0,
        "0": 4,
        "29": 4,
        "39": 4,
        "43": 14
    },
    "instance": null,
    "parameters": null,
    "parameters_data": null,
    "patients": null,
    "capacity": null,
    "num_days": null,
    "num_ORs": null,
    "num_surgeons": null,
    "initial_heuristics_time": 0.25537967681884766,
    "gap": 0.0
}