{
    "proved_optimal": true,
    "obj": 38,
    "relax_obj": 38.0,
    "num_LCs": 23,
    "num_callbacks": 398,
    "num_CG_iterations": 11,
    "num_columns": 116,
    "num_nodes": 1,
    "overall_time": 4.564185619354248,
    "callback_time": 0.5198347568511963,
    "subproblem_time": 2.9097366333007812,
    "mp_time": 1.648888349533081,
    "inh_time": null,
    "ilp_time": 0.0,
    "surgeon_schedule": {
        "0": [
            7,
            35
        ],
        "2": [
            46
        ],
        "3": [
            25,
            39,
            40
        ],
        "4": [
            9,
            14
        ],
        "5": [
            1
        ],
        "8": [
            19
        ],
        "9": [
            10,
            20
        ],
        "10": [
            17,
            29,
            30
        ]
    },
    "patient_schedule": {
        "6": 7,
        "36": 7,
        "10": 35,
        "27": 35,
        "2": 46,
        "24": 46,
        "35": 46,
        "11": 25,
        "12": 25,
        "34": 25,
        "15": 39,
        "16": 39,
        "37": 39,
        "29": 40,
        "22": 9,
        "26": 14,
        "3": 1,
        "9": 1,
        "20": 1,
        "5": 19,
        "32": 19,
        "38": 19,
        "21": 10,
        "19": 20,
        "28": 17,
        "33": 29,
        "13": 30,
        "31": 30
    },
    "instance": null,
    "parameters": null,
    "parameters_data": null,
    "patients": null,
    "capacity": null,
    "num_days": null,
    "num_ORs": null,
    "num_surgeons": null,
    "initial_heuristics_time": 0.30611300468444824,
    "gap": 0.0
}