{
    "proved_optimal": true,
    "obj": 40,
    "relax_obj": 40.0,
    "num_LCs": 21,
    "num_callbacks": 646,
    "num_CG_iterations": 22,
    "num_columns": 170,
    "num_nodes": 5,
    "overall_time": 14.957837581634521,
    "callback_time": 1.3620703220367432,
    "subproblem_time": 10.120435237884521,
    "mp_time": 4.820409774780273,
    "inh_time": null,
    "ilp_time": 0.0,
    "surgeon_schedule": {
        "1": [
            10
        ],
        "2": [
            9,
            27
        ],
        "3": [
            48
        ],
        "4": [
            0,
            44
        ],
        "5": [
            26
        ],
        "6": [
            21,
            38
        ],
        "7": [
            34
        ],
        "9": [
            5,
            10,
            29,
            30
        ]
    },
    "patient_schedule": {
        "43": 10,
        "21": 9,
        "27": 9,
        "7": 27,
        "40": 27,
        "3": 48,
        "35": 48,
        "42": 48,
        "44": 48,
        "12": 0,
        "9": 44,
        "11": 44,
        "39": 44,
        "28": 26,
        "37": 26,
        "6": 21,
        "30": 21,
        "2": 38,
        "19": 38,
        "26": 38,
        "33": 38,
        "5": 34,
        "16": 34,
        "20": 5,
        "22": 5,
        "10": 10,
        "41": 10,
        "17": 29,
        "18": 29,
        "24": 30
    },
    "instance": null,
    "parameters": null,
    "parameters_data": null,
    "patients": null,
    "capacity": null,
    "num_days": null,
    "num_ORs": null,
    "num_surgeons": null,
    "initial_heuristics_time": 0.21277308464050293,
    "gap": 0.0
}