{
    "proved_optimal": true,
    "obj": 43,
    "relax_obj": 43.0,
    "num_LCs": 16,
    "num_callbacks": 553,
    "num_CG_iterations": 17,
    "num_columns": 175,
    "num_nodes": 1,
    "overall_time": 12.427137851715088,
    "callback_time": 0.8505876064300537,
    "subproblem_time": 8.68542194366455,
    "mp_time": 3.7331483364105225,
    "inh_time": null,
    "ilp_time": 0.0,
    "surgeon_schedule": {
        "0": [
            4,
            28
        ],
        "1": [
            18
        ],
        "3": [
            40
        ],
        "4": [
            0
        ],
        "5": [
            8
        ],
        "6": [
            32
        ],
        "8": [
            10,
            24
        ],
        "9": [
            46
        ],
        "10": [
            20
        ],
        "11": [
            14,
            39
        ]
    },
    "patient_schedule": {
        "3": 4,
        "6": 4,
        "9": 28,
        "19": 28,
        "20": 28,
        "15": 18,
        "30": 18,
        "32": 18,
        "24": 40,
        "2": 0,
        "27": 0,
        "11": 8,
        "12": 8,
        "41": 8,
        "10": 32,
        "22": 32,
        "31": 32,
        "7": 10,
        "44": 10,
        "16": 24,
        "33": 24,
        "8": 46,
        "23": 46,
        "36": 46,
        "18": 20,
        "26": 20,
        "29": 14,
        "43": 14,
        "0": 39,
        "39": 39
    },
    "instance": null,
    "parameters": null,
    "parameters_data": null,
    "patients": null,
    "capacity": null,
    "num_days": null,
    "num_ORs": null,
    "num_surgeons": null,
    "initial_heuristics_time": 0.24590754508972168,
    "gap": 0.0
}