{
    "proved_optimal": false,
    "obj": 62,
    "relax_obj": 33.666666666666664,
    "num_LCs": 21,
    "num_callbacks": 21,
    "num_CG_iterations": null,
    "num_columns": null,
    "num_nodes": null,
    "overall_time": 1200.020192861557,
    "callback_time": 1.388110637664795,
    "subproblem_time": null,
    "mp_time": null,
    "inh_time": null,
    "ilp_time": null,
    "surgeon_schedule": {
        "1": [
            13
        ],
        "2": [
            36
        ],
        "3": [
            24
        ],
        "4": [
            4
        ],
        "5": [
            7,
            30
        ],
        "7": [
            9
        ],
        "8": [
            28
        ],
        "9": [
            0
        ],
        "11": [
            20,
            43
        ]
    },
    "patient_schedule": {
        "0": 36,
        "1": 30,
        "3": 28,
        "5": 24,
        "6": 13,
        "10": 28,
        "11": 0,
        "12": 9,
        "13": 28,
        "15": 43,
        "18": 28,
        "20": 13,
        "21": 0,
        "24": 13,
        "28": 43,
        "29": 24,
        "30": 43,
        "31": 43,
        "32": 43,
        "33": 4,
        "37": 36,
        "39": 9,
        "40": 13,
        "41": 20,
        "45": 36,
        "46": 7,
        "50": 7,
        "51": 30,
        "52": 4
    },
    "instance": null,
    "parameters": null,
    "parameters_data": null,
    "patients": null,
    "capacity": null,
    "num_days": null,
    "num_ORs": null,
    "num_surgeons": null,
    "gap": 0.8415841584158417
}