{
    "proved_optimal": true,
    "obj": 62,
    "relax_obj": 62.0,
    "num_LCs": 44,
    "num_callbacks": 1706,
    "num_CG_iterations": 197,
    "num_columns": 196,
    "num_nodes": 1,
    "overall_time": 69.0253541469574,
    "callback_time": 2.7496836185455322,
    "subproblem_time": 32.12947726249695,
    "mp_time": 36.83073973655701,
    "inh_time": null,
    "ilp_time": 0.0,
    "surgeon_schedule": {
        "1": [
            8,
            11
        ],
        "2": [
            22
        ],
        "3": [
            40
        ],
        "4": [
            30
        ],
        "5": [
            29,
            47
        ],
        "7": [
            49
        ],
        "8": [
            4,
            34
        ],
        "9": [
            0
        ],
        "11": [
            18,
            38,
            44
        ]
    },
    "patient_schedule": {
        "6": 8,
        "24": 8,
        "20": 11,
        "40": 11,
        "0": 22,
        "37": 22,
        "45": 22,
        "5": 40,
        "29": 40,
        "33": 30,
        "52": 30,
        "46": 29,
        "50": 29,
        "1": 47,
        "51": 47,
        "12": 49,
        "39": 49,
        "3": 4,
        "10": 4,
        "13": 4,
        "18": 34,
        "11": 0,
        "21": 0,
        "28": 18,
        "30": 18,
        "31": 18,
        "15": 38,
        "32": 38,
        "41": 44
    },
    "instance": null,
    "parameters": null,
    "parameters_data": null,
    "patients": null,
    "capacity": null,
    "num_days": null,
    "num_ORs": null,
    "num_surgeons": null,
    "initial_heuristics_time": 0.27362656593322754,
    "gap": 0.0
}