{
    "proved_optimal": true,
    "obj": 62,
    "relax_obj": 62.0,
    "num_LCs": 134,
    "num_callbacks": 860,
    "num_CG_iterations": 21,
    "num_columns": 214,
    "num_nodes": 3,
    "overall_time": 16.154964923858643,
    "callback_time": 2.4890971183776855,
    "subproblem_time": 10.89660096168518,
    "mp_time": 5.2436606884002686,
    "inh_time": null,
    "ilp_time": 0.0,
    "surgeon_schedule": {
        "2": [
            26
        ],
        "3": [
            39
        ],
        "4": [
            20
        ],
        "5": [
            8
        ],
        "7": [
            10
        ],
        "8": [
            19,
            40
        ],
        "9": [
            14
        ],
        "11": [
            1,
            17,
            37,
            49
        ]
    },
    "patient_schedule": {
        "0": 26,
        "37": 26,
        "45": 26,
        "5": 39,
        "29": 39,
        "33": 20,
        "52": 20,
        "1": 8,
        "46": 8,
        "50": 8,
        "51": 8,
        "12": 10,
        "39": 10,
        "18": 19,
        "3": 40,
        "10": 40,
        "13": 40,
        "11": 14,
        "21": 14,
        "15": 1,
        "32": 1,
        "41": 17,
        "28": 37,
        "30": 49,
        "31": 49
    },
    "instance": null,
    "parameters": null,
    "parameters_data": null,
    "patients": null,
    "capacity": null,
    "num_days": null,
    "num_ORs": null,
    "num_surgeons": null,
    "initial_heuristics_time": 0.2699873447418213,
    "gap": 0.0
}