{
    "proved_optimal": true,
    "obj": 62,
    "relax_obj": 62.0,
    "num_LCs": 38,
    "num_callbacks": 847,
    "num_CG_iterations": 22,
    "num_columns": 204,
    "num_nodes": 5,
    "overall_time": 19.40725302696228,
    "callback_time": 1.4352130889892578,
    "subproblem_time": 13.433665752410889,
    "mp_time": 5.956003904342651,
    "inh_time": null,
    "ilp_time": 0.0,
    "surgeon_schedule": {
        "1": [
            12
        ],
        "2": [
            4
        ],
        "3": [
            19,
            37
        ],
        "4": [
            44
        ],
        "5": [
            8
        ],
        "7": [
            30
        ],
        "8": [
            34,
            40
        ],
        "9": [
            29
        ],
        "11": [
            1,
            39,
            48
        ]
    },
    "patient_schedule": {
        "6": 12,
        "16": 12,
        "24": 12,
        "40": 12,
        "0": 4,
        "45": 4,
        "35": 19,
        "5": 37,
        "29": 37,
        "33": 44,
        "52": 44,
        "1": 8,
        "46": 8,
        "50": 8,
        "51": 8,
        "12": 30,
        "39": 30,
        "3": 34,
        "10": 34,
        "13": 34,
        "18": 40,
        "11": 29,
        "21": 29,
        "28": 1,
        "30": 1,
        "31": 1,
        "41": 39,
        "15": 48,
        "32": 48
    },
    "instance": null,
    "parameters": null,
    "parameters_data": null,
    "patients": null,
    "capacity": null,
    "num_days": null,
    "num_ORs": null,
    "num_surgeons": null,
    "initial_heuristics_time": 0.26718950271606445,
    "gap": 0.0
}