{
    "proved_optimal": true,
    "obj": 45,
    "relax_obj": 45.0,
    "num_LCs": 28,
    "num_callbacks": 1257,
    "num_CG_iterations": 35,
    "num_columns": 242,
    "num_nodes": 13,
    "overall_time": 32.5660183429718,
    "callback_time": 2.4204306602478027,
    "subproblem_time": 22.675030946731567,
    "mp_time": 9.843072175979614,
    "inh_time": null,
    "ilp_time": 0.0,
    "surgeon_schedule": {
        "0": [
            0,
            19,
            29
        ],
        "2": [
            39
        ],
        "3": [
            11
        ],
        "4": [
            30,
            46
        ],
        "5": [
            5,
            35
        ],
        "6": [
            9,
            40
        ],
        "7": [
            22
        ],
        "11": [
            17
        ]
    },
    "patient_schedule": {
        "22": 0,
        "31": 0,
        "10": 19,
        "12": 19,
        "19": 29,
        "36": 29,
        "9": 39,
        "29": 11,
        "30": 11,
        "40": 11,
        "7": 30,
        "20": 30,
        "11": 46,
        "33": 46,
        "14": 5,
        "2": 35,
        "15": 35,
        "18": 35,
        "0": 9,
        "17": 9,
        "21": 40,
        "24": 40,
        "38": 22,
        "41": 22,
        "34": 17,
        "35": 17
    },
    "instance": null,
    "parameters": null,
    "parameters_data": null,
    "patients": null,
    "capacity": null,
    "num_days": null,
    "num_ORs": null,
    "num_surgeons": null,
    "initial_heuristics_time": 0.0,
    "gap": 0.0
}