{
    "proved_optimal": true,
    "obj": 45,
    "relax_obj": 45.0,
    "num_LCs": 40,
    "num_callbacks": 3960,
    "num_CG_iterations": 397,
    "num_columns": 388,
    "num_nodes": 17,
    "overall_time": 148.6900007724762,
    "callback_time": 6.6066296100616455,
    "subproblem_time": 73.51282620429993,
    "mp_time": 75.00145721435547,
    "inh_time": null,
    "ilp_time": 0.0,
    "surgeon_schedule": {
        "0": [
            4,
            19,
            29
        ],
        "2": [
            4
        ],
        "3": [
            28
        ],
        "4": [
            9,
            36
        ],
        "5": [
            11,
            41
        ],
        "6": [
            0,
            24
        ],
        "7": [
            46
        ],
        "11": [
            29
        ]
    },
    "patient_schedule": {
        "22": 4,
        "31": 4,
        "19": 19,
        "36": 19,
        "10": 29,
        "12": 29,
        "9": 4,
        "29": 28,
        "30": 28,
        "40": 28,
        "7": 9,
        "20": 9,
        "11": 36,
        "33": 36,
        "14": 11,
        "2": 41,
        "15": 41,
        "18": 41,
        "0": 0,
        "17": 0,
        "21": 24,
        "24": 24,
        "38": 46,
        "41": 46,
        "34": 29,
        "35": 29
    },
    "instance": null,
    "parameters": null,
    "parameters_data": null,
    "patients": null,
    "capacity": null,
    "num_days": null,
    "num_ORs": null,
    "num_surgeons": null,
    "initial_heuristics_time": 0.25779294967651367,
    "gap": 0.0
}