{
    "proved_optimal": true,
    "obj": 38,
    "relax_obj": 37.333333333333336,
    "num_LCs": 19,
    "num_callbacks": 1240,
    "num_CG_iterations": 200,
    "num_columns": 199,
    "num_nodes": 1,
    "overall_time": 65.02278566360474,
    "callback_time": 2.068392038345337,
    "subproblem_time": 26.605361461639404,
    "mp_time": 38.354676961898804,
    "inh_time": null,
    "ilp_time": 0.0,
    "surgeon_schedule": {
        "0": [
            14
        ],
        "1": [
            8
        ],
        "2": [
            18,
            24
        ],
        "3": [
            49
        ],
        "4": [
            33
        ],
        "5": [
            4,
            28
        ],
        "6": [
            42
        ],
        "7": [
            10
        ],
        "9": [
            20
        ],
        "11": [
            0
        ]
    },
    "patient_schedule": {
        "3": 14,
        "1": 8,
        "18": 8,
        "21": 8,
        "13": 18,
        "15": 18,
        "5": 24,
        "28": 49,
        "4": 33,
        "9": 33,
        "22": 33,
        "0": 4,
        "24": 4,
        "11": 28,
        "14": 28,
        "17": 42,
        "32": 42,
        "2": 10,
        "8": 10,
        "33": 20,
        "19": 0,
        "20": 0,
        "38": 0
    },
    "instance": null,
    "parameters": null,
    "parameters_data": null,
    "patients": null,
    "capacity": null,
    "num_days": null,
    "num_ORs": null,
    "num_surgeons": null,
    "initial_heuristics_time": 0.2391512393951416,
    "gap": 0.017857142857142794
}