{
    "proved_optimal": true,
    "obj": 38,
    "relax_obj": 37.333333333333336,
    "num_LCs": 11,
    "num_callbacks": 559,
    "num_CG_iterations": 16,
    "num_columns": 155,
    "num_nodes": 1,
    "overall_time": 7.723675489425659,
    "callback_time": 0.8549985885620117,
    "subproblem_time": 4.866991996765137,
    "mp_time": 2.8505806922912598,
    "inh_time": null,
    "ilp_time": 0.0,
    "surgeon_schedule": {
        "1": [
            41
        ],
        "2": [
            4,
            48
        ],
        "3": [
            7
        ],
        "4": [
            33
        ],
        "5": [
            16
        ],
        "6": [
            9
        ],
        "7": [
            10
        ],
        "9": [
            23
        ],
        "11": [
            0
        ]
    },
    "patient_schedule": {
        "1": 41,
        "18": 41,
        "21": 41,
        "5": 4,
        "13": 48,
        "15": 48,
        "28": 7,
        "4": 33,
        "9": 33,
        "22": 33,
        "0": 16,
        "11": 16,
        "14": 16,
        "24": 16,
        "17": 9,
        "2": 10,
        "8": 10,
        "31": 23,
        "33": 23,
        "34": 23,
        "19": 0,
        "20": 0,
        "38": 0
    },
    "instance": null,
    "parameters": null,
    "parameters_data": null,
    "patients": null,
    "capacity": null,
    "num_days": null,
    "num_ORs": null,
    "num_surgeons": null,
    "initial_heuristics_time": 0.23548436164855957,
    "gap": 0.017857142857142794
}