{
    "proved_optimal": true,
    "obj": 46,
    "relax_obj": 46.0,
    "num_LCs": 33,
    "num_callbacks": 1744,
    "num_CG_iterations": 198,
    "num_columns": 197,
    "num_nodes": 1,
    "overall_time": 65.30853343009949,
    "callback_time": 2.963709831237793,
    "subproblem_time": 28.16712522506714,
    "mp_time": 37.07318615913391,
    "inh_time": null,
    "ilp_time": 0.0,
    "surgeon_schedule": {
        "2": [
            21
        ],
        "3": [
            17,
            39,
            49
        ],
        "4": [
            8
        ],
        "5": [
            32
        ],
        "6": [
            14
        ],
        "7": [
            42
        ],
        "8": [
            1,
            19
        ],
        "9": [
            28
        ],
        "10": [
            10
        ]
    },
    "patient_schedule": {
        "29": 21,
        "32": 21,
        "35": 21,
        "15": 17,
        "8": 39,
        "38": 39,
        "20": 49,
        "21": 49,
        "49": 49,
        "12": 8,
        "26": 8,
        "37": 8,
        "16": 32,
        "19": 32,
        "22": 32,
        "41": 32,
        "34": 14,
        "47": 14,
        "24": 42,
        "28": 42,
        "40": 42,
        "0": 1,
        "11": 1,
        "25": 1,
        "4": 19,
        "5": 19,
        "13": 28,
        "23": 28,
        "44": 28,
        "48": 28,
        "7": 10,
        "9": 10
    },
    "instance": null,
    "parameters": null,
    "parameters_data": null,
    "patients": null,
    "capacity": null,
    "num_days": null,
    "num_ORs": null,
    "num_surgeons": null,
    "initial_heuristics_time": 0.24708843231201172,
    "gap": 0.0
}