{
    "proved_optimal": true,
    "obj": 46,
    "relax_obj": 46.0,
    "num_LCs": 88,
    "num_callbacks": 712,
    "num_CG_iterations": 18,
    "num_columns": 189,
    "num_nodes": 1,
    "overall_time": 12.818135499954224,
    "callback_time": 1.6966733932495117,
    "subproblem_time": 9.004047632217407,
    "mp_time": 3.8069887161254883,
    "inh_time": null,
    "ilp_time": 0.0,
    "surgeon_schedule": {
        "2": [
            1
        ],
        "3": [
            27,
            30,
            49
        ],
        "4": [
            21
        ],
        "5": [
            16
        ],
        "6": [
            29
        ],
        "7": [
            42
        ],
        "8": [
            8,
            34
        ],
        "9": [
            38
        ],
        "10": [
            10
        ]
    },
    "patient_schedule": {
        "29": 1,
        "32": 1,
        "35": 1,
        "20": 27,
        "21": 27,
        "49": 27,
        "8": 30,
        "38": 30,
        "15": 49,
        "12": 21,
        "26": 21,
        "37": 21,
        "16": 16,
        "19": 16,
        "22": 16,
        "41": 16,
        "34": 29,
        "47": 29,
        "24": 42,
        "28": 42,
        "40": 42,
        "0": 8,
        "5": 8,
        "4": 34,
        "11": 34,
        "25": 34,
        "13": 38,
        "23": 38,
        "44": 38,
        "48": 38,
        "7": 10,
        "9": 10
    },
    "instance": null,
    "parameters": null,
    "parameters_data": null,
    "patients": null,
    "capacity": null,
    "num_days": null,
    "num_ORs": null,
    "num_surgeons": null,
    "initial_heuristics_time": 0.2532212734222412,
    "gap": 0.0
}