{
    "proved_optimal": true,
    "obj": 46,
    "relax_obj": 46.0,
    "num_LCs": 36,
    "num_callbacks": 564,
    "num_CG_iterations": 16,
    "num_columns": 167,
    "num_nodes": 1,
    "overall_time": 10.064895868301392,
    "callback_time": 1.0477535724639893,
    "subproblem_time": 6.682352781295776,
    "mp_time": 3.3761560916900635,
    "inh_time": null,
    "ilp_time": 0.0,
    "surgeon_schedule": {
        "2": [
            8
        ],
        "3": [
            30,
            48
        ],
        "4": [
            41
        ],
        "5": [
            36
        ],
        "6": [
            4
        ],
        "7": [
            12
        ],
        "8": [
            19,
            21
        ],
        "9": [
            28
        ],
        "10": [
            0
        ]
    },
    "patient_schedule": {
        "29": 8,
        "32": 8,
        "35": 8,
        "20": 30,
        "21": 30,
        "49": 30,
        "8": 48,
        "15": 48,
        "38": 48,
        "12": 41,
        "26": 41,
        "37": 41,
        "16": 36,
        "19": 36,
        "22": 36,
        "41": 36,
        "34": 4,
        "47": 4,
        "24": 12,
        "28": 12,
        "40": 12,
        "4": 19,
        "5": 19,
        "0": 21,
        "11": 21,
        "25": 21,
        "13": 28,
        "23": 28,
        "44": 28,
        "48": 28,
        "7": 0,
        "9": 0
    },
    "instance": null,
    "parameters": null,
    "parameters_data": null,
    "patients": null,
    "capacity": null,
    "num_days": null,
    "num_ORs": null,
    "num_surgeons": null,
    "initial_heuristics_time": 0.2478489875793457,
    "gap": 0.0
}