{
    "proved_optimal": false,
    "obj": 38,
    "relax_obj": 25.8,
    "num_LCs": 18,
    "num_callbacks": 17,
    "num_CG_iterations": null,
    "num_columns": null,
    "num_nodes": null,
    "overall_time": 1200.0320494174957,
    "callback_time": 0.7972609996795654,
    "subproblem_time": null,
    "mp_time": null,
    "inh_time": null,
    "ilp_time": null,
    "surgeon_schedule": {
        "0": [
            1,
            20,
            44
        ],
        "1": [
            16
        ],
        "2": [
            32
        ],
        "4": [
            25,
            39
        ],
        "5": [
            29
        ],
        "7": [
            8,
            47
        ],
        "8": [
            49
        ],
        "9": [
            40
        ],
        "10": [
            10
        ]
    },
    "patient_schedule": {
        "0": 16,
        "2": 44,
        "3": 25,
        "4": 25,
        "5": 29,
        "6": 16,
        "10": 16,
        "11": 40,
        "12": 32,
        "13": 49,
        "14": 16,
        "15": 32,
        "16": 40,
        "19": 47,
        "20": 44,
        "21": 32,
        "22": 20,
        "23": 40,
        "24": 32,
        "25": 32,
        "27": 20,
        "28": 29,
        "30": 39,
        "31": 32,
        "32": 25,
        "34": 8,
        "36": 1,
        "38": 44,
        "40": 39,
        "41": 29,
        "43": 1,
        "45": 8,
        "46": 10,
        "47": 49,
        "49": 47
    },
    "instance": null,
    "parameters": null,
    "parameters_data": null,
    "patients": null,
    "capacity": null,
    "num_days": null,
    "num_ORs": null,
    "num_surgeons": null,
    "gap": 0.4728682170542635
}