{
    "proved_optimal": true,
    "obj": 38,
    "relax_obj": 38.0,
    "num_LCs": 32,
    "num_callbacks": 603,
    "num_CG_iterations": 18,
    "num_columns": 182,
    "num_nodes": 1,
    "overall_time": 10.17112135887146,
    "callback_time": 1.4451227188110352,
    "subproblem_time": 6.4288201332092285,
    "mp_time": 3.734232187271118,
    "inh_time": null,
    "ilp_time": 0.0,
    "surgeon_schedule": {
        "0": [
            5,
            30,
            40
        ],
        "1": [
            18,
            44
        ],
        "2": [
            0,
            28
        ],
        "4": [
            9,
            35
        ],
        "5": [
            39
        ],
        "7": [
            11,
            24
        ],
        "8": [
            20
        ],
        "9": [
            49
        ],
        "10": [
            47
        ]
    },
    "patient_schedule": {
        "36": 5,
        "43": 5,
        "20": 30,
        "27": 30,
        "2": 40,
        "22": 40,
        "38": 40,
        "0": 18,
        "6": 18,
        "10": 18,
        "14": 44,
        "12": 0,
        "15": 0,
        "31": 0,
        "21": 28,
        "24": 28,
        "25": 28,
        "32": 9,
        "40": 9,
        "3": 35,
        "4": 35,
        "30": 35,
        "5": 39,
        "28": 39,
        "41": 39,
        "34": 11,
        "45": 11,
        "19": 24,
        "49": 24,
        "13": 20,
        "47": 20,
        "11": 49,
        "16": 49,
        "23": 49,
        "46": 47
    },
    "instance": null,
    "parameters": null,
    "parameters_data": null,
    "patients": null,
    "capacity": null,
    "num_days": null,
    "num_ORs": null,
    "num_surgeons": null,
    "initial_heuristics_time": 0.2556018829345703,
    "gap": 0.0
}