{
    "proved_optimal": false,
    "obj": 38,
    "relax_obj": 25.8,
    "num_LCs": 11,
    "num_callbacks": 12,
    "num_CG_iterations": null,
    "num_columns": null,
    "num_nodes": null,
    "overall_time": 1200.030506849289,
    "callback_time": 0.7268710136413574,
    "subproblem_time": null,
    "mp_time": null,
    "inh_time": null,
    "ilp_time": null,
    "surgeon_schedule": {
        "0": [
            5,
            11
        ],
        "1": [
            0,
            18
        ],
        "2": [
            32
        ],
        "4": [
            42
        ],
        "5": [
            24
        ],
        "7": [
            28,
            49
        ],
        "8": [
            9
        ],
        "9": [
            20
        ],
        "10": [
            39
        ]
    },
    "patient_schedule": {
        "0": 18,
        "2": 11,
        "3": 42,
        "4": 42,
        "5": 24,
        "6": 18,
        "10": 18,
        "11": 20,
        "12": 32,
        "13": 9,
        "14": 0,
        "15": 32,
        "16": 20,
        "19": 49,
        "20": 11,
        "21": 32,
        "22": 5,
        "23": 20,
        "24": 32,
        "25": 32,
        "27": 5,
        "28": 24,
        "30": 42,
        "31": 32,
        "32": 42,
        "34": 28,
        "36": 5,
        "38": 5,
        "40": 42,
        "41": 24,
        "43": 11,
        "45": 28,
        "46": 39,
        "47": 9,
        "49": 49
    },
    "instance": null,
    "parameters": null,
    "parameters_data": null,
    "patients": null,
    "capacity": null,
    "num_days": null,
    "num_ORs": null,
    "num_surgeons": null,
    "gap": 0.4728682170542635
}