{
    "proved_optimal": true,
    "obj": 38,
    "relax_obj": 38.0,
    "num_LCs": 17,
    "num_callbacks": 700,
    "num_CG_iterations": 22,
    "num_columns": 212,
    "num_nodes": 3,
    "overall_time": 13.13677978515625,
    "callback_time": 1.0299460887908936,
    "subproblem_time": 7.050317049026489,
    "mp_time": 6.069779634475708,
    "inh_time": null,
    "ilp_time": 0.0,
    "surgeon_schedule": {
        "0": [
            8
        ],
        "1": [
            0,
            41
        ],
        "2": [
            18,
            27
        ],
        "4": [
            14,
            38
        ],
        "5": [
            4
        ],
        "7": [
            8,
            20
        ],
        "8": [
            24
        ],
        "9": [
            49
        ],
        "10": [
            47
        ]
    },
    "patient_schedule": {
        "2": 8,
        "20": 8,
        "22": 8,
        "36": 8,
        "38": 8,
        "14": 0,
        "0": 41,
        "6": 41,
        "10": 41,
        "15": 18,
        "21": 18,
        "24": 18,
        "12": 27,
        "25": 27,
        "31": 27,
        "32": 14,
        "40": 14,
        "3": 38,
        "4": 38,
        "30": 38,
        "5": 4,
        "28": 4,
        "41": 4,
        "19": 8,
        "45": 8,
        "34": 20,
        "49": 20,
        "13": 24,
        "47": 24,
        "11": 49,
        "16": 49,
        "23": 49,
        "46": 47
    },
    "instance": null,
    "parameters": null,
    "parameters_data": null,
    "patients": null,
    "capacity": null,
    "num_days": null,
    "num_ORs": null,
    "num_surgeons": null,
    "initial_heuristics_time": 0.25562024116516113,
    "gap": 0.0
}