{
    "proved_optimal": true,
    "obj": 38,
    "relax_obj": 38.0,
    "num_LCs": 21,
    "num_callbacks": 575,
    "num_CG_iterations": 108,
    "num_columns": 107,
    "num_nodes": 1,
    "overall_time": 30.918699264526367,
    "callback_time": 1.0406005382537842,
    "subproblem_time": 17.48737120628357,
    "mp_time": 13.392872333526611,
    "inh_time": null,
    "ilp_time": 0.0,
    "surgeon_schedule": {
        "0": [
            8,
            17,
            30
        ],
        "1": [
            20,
            41
        ],
        "2": [
            0,
            38
        ],
        "4": [
            19,
            28
        ],
        "5": [
            4
        ],
        "7": [
            24,
            48
        ],
        "8": [
            14
        ],
        "9": [
            10
        ],
        "10": [
            34
        ]
    },
    "patient_schedule": {
        "22": 8,
        "38": 8,
        "43": 8,
        "2": 17,
        "36": 17,
        "20": 30,
        "27": 30,
        "14": 20,
        "0": 41,
        "6": 41,
        "10": 41,
        "12": 0,
        "25": 0,
        "31": 0,
        "15": 38,
        "21": 38,
        "24": 38,
        "30": 19,
        "40": 19,
        "3": 28,
        "4": 28,
        "32": 28,
        "5": 4,
        "28": 4,
        "41": 4,
        "34": 24,
        "49": 24,
        "19": 48,
        "45": 48,
        "13": 14,
        "47": 14,
        "11": 10,
        "16": 10,
        "23": 10,
        "46": 34
    },
    "instance": null,
    "parameters": null,
    "parameters_data": null,
    "patients": null,
    "capacity": null,
    "num_days": null,
    "num_ORs": null,
    "num_surgeons": null,
    "initial_heuristics_time": 0.24841737747192383,
    "gap": 0.0
}