{
    "proved_optimal": true,
    "obj": 45,
    "relax_obj": 44.333333333333336,
    "num_LCs": 25,
    "num_callbacks": 1379,
    "num_CG_iterations": 219,
    "num_columns": 218,
    "num_nodes": 1,
    "overall_time": 63.55669355392456,
    "callback_time": 1.7126407623291016,
    "subproblem_time": 18.7780442237854,
    "mp_time": 44.70882296562195,
    "inh_time": null,
    "ilp_time": 0.0,
    "surgeon_schedule": {
        "0": [
            10
        ],
        "2": [
            1
        ],
        "3": [
            19,
            24,
            38
        ],
        "5": [
            31
        ],
        "7": [
            15,
            20,
            43
        ],
        "8": [
            8
        ],
        "9": [
            28
        ]
    },
    "patient_schedule": {
        "32": 10,
        "37": 10,
        "8": 1,
        "19": 1,
        "34": 1,
        "4": 19,
        "10": 24,
        "15": 24,
        "30": 38,
        "38": 38,
        "41": 38,
        "12": 31,
        "21": 31,
        "43": 31,
        "14": 15,
        "22": 20,
        "26": 43,
        "28": 43,
        "39": 43,
        "44": 43,
        "3": 8,
        "7": 8,
        "29": 8,
        "33": 8,
        "40": 8,
        "5": 28,
        "6": 28,
        "31": 28
    },
    "instance": null,
    "parameters": null,
    "parameters_data": null,
    "patients": null,
    "capacity": null,
    "num_days": null,
    "num_ORs": null,
    "num_surgeons": null,
    "initial_heuristics_time": 0.24034333229064941,
    "gap": 0.015037593984962351
}