{
    "proved_optimal": true,
    "obj": 45,
    "relax_obj": 44.333333333333336,
    "num_LCs": 34,
    "num_callbacks": 766,
    "num_CG_iterations": 22,
    "num_columns": 198,
    "num_nodes": 5,
    "overall_time": 14.786226987838745,
    "callback_time": 1.3584153652191162,
    "subproblem_time": 9.335146427154541,
    "mp_time": 5.429810047149658,
    "inh_time": null,
    "ilp_time": 0.0,
    "surgeon_schedule": {
        "0": [
            39
        ],
        "2": [
            1
        ],
        "3": [
            0,
            11,
            37
        ],
        "5": [
            15
        ],
        "7": [
            10,
            25,
            43
        ],
        "8": [
            19,
            20
        ],
        "9": [
            38
        ]
    },
    "patient_schedule": {
        "32": 39,
        "37": 39,
        "8": 1,
        "19": 1,
        "34": 1,
        "4": 0,
        "38": 0,
        "30": 11,
        "41": 11,
        "10": 37,
        "15": 37,
        "12": 15,
        "21": 15,
        "43": 15,
        "22": 10,
        "14": 25,
        "26": 43,
        "28": 43,
        "39": 43,
        "44": 43,
        "3": 19,
        "7": 19,
        "29": 19,
        "33": 20,
        "40": 20,
        "5": 38,
        "6": 38,
        "31": 38
    },
    "instance": null,
    "parameters": null,
    "parameters_data": null,
    "patients": null,
    "capacity": null,
    "num_days": null,
    "num_ORs": null,
    "num_surgeons": null,
    "initial_heuristics_time": 0.23467707633972168,
    "gap": 0.015037593984962351
}