{
    "proved_optimal": false,
    "obj": 45,
    "relax_obj": 19.363636363636363,
    "num_LCs": 25,
    "num_callbacks": 24,
    "num_CG_iterations": null,
    "num_columns": null,
    "num_nodes": null,
    "overall_time": 1200.0089929103851,
    "callback_time": 1.6620004177093506,
    "subproblem_time": null,
    "mp_time": null,
    "inh_time": null,
    "ilp_time": null,
    "surgeon_schedule": {
        "0": [
            29
        ],
        "2": [
            25
        ],
        "3": [
            11,
            20,
            30
        ],
        "5": [
            8
        ],
        "7": [
            1,
            34,
            43
        ],
        "8": [
            38
        ],
        "9": [
            18
        ]
    },
    "patient_schedule": {
        "3": 38,
        "4": 20,
        "5": 18,
        "6": 18,
        "7": 38,
        "8": 25,
        "10": 30,
        "12": 8,
        "14": 1,
        "15": 20,
        "19": 25,
        "21": 8,
        "22": 34,
        "26": 43,
        "28": 43,
        "29": 38,
        "30": 11,
        "31": 18,
        "32": 29,
        "33": 38,
        "34": 25,
        "37": 29,
        "38": 11,
        "39": 43,
        "40": 38,
        "41": 11,
        "43": 8,
        "44": 43
    },
    "instance": null,
    "parameters": null,
    "parameters_data": null,
    "patients": null,
    "capacity": null,
    "num_days": null,
    "num_ORs": null,
    "num_surgeons": null,
    "gap": 1.323943661971831
}