{
    "proved_optimal": true,
    "obj": 45,
    "relax_obj": 44.333333333333336,
    "num_LCs": 31,
    "num_callbacks": 741,
    "num_CG_iterations": 22,
    "num_columns": 198,
    "num_nodes": 3,
    "overall_time": 16.73494863510132,
    "callback_time": 0.9981052875518799,
    "subproblem_time": 10.71183466911316,
    "mp_time": 6.004819869995117,
    "inh_time": null,
    "ilp_time": 0.0,
    "surgeon_schedule": {
        "0": [
            39
        ],
        "2": [
            15
        ],
        "3": [
            7,
            24,
            41
        ],
        "5": [
            31
        ],
        "7": [
            1,
            19,
            43
        ],
        "8": [
            8
        ],
        "9": [
            28
        ]
    },
    "patient_schedule": {
        "32": 39,
        "37": 39,
        "8": 15,
        "19": 15,
        "34": 15,
        "10": 7,
        "15": 7,
        "4": 24,
        "38": 24,
        "30": 41,
        "41": 41,
        "12": 31,
        "21": 31,
        "43": 31,
        "14": 1,
        "22": 19,
        "26": 43,
        "28": 43,
        "39": 43,
        "44": 43,
        "3": 8,
        "7": 8,
        "29": 8,
        "33": 8,
        "40": 8,
        "5": 28,
        "6": 28,
        "31": 28
    },
    "instance": null,
    "parameters": null,
    "parameters_data": null,
    "patients": null,
    "capacity": null,
    "num_days": null,
    "num_ORs": null,
    "num_surgeons": null,
    "initial_heuristics_time": 0.23538637161254883,
    "gap": 0.015037593984962351
}