{
    "proved_optimal": false,
    "obj": 58,
    "relax_obj": 34.333333333333336,
    "num_LCs": 35,
    "num_callbacks": 27,
    "num_CG_iterations": null,
    "num_columns": null,
    "num_nodes": null,
    "overall_time": 1200.029628753662,
    "callback_time": 2.599766254425049,
    "subproblem_time": null,
    "mp_time": null,
    "inh_time": null,
    "ilp_time": null,
    "surgeon_schedule": {
        "0": [
            4,
            12
        ],
        "1": [
            31
        ],
        "2": [
            19
        ],
        "3": [
            38
        ],
        "5": [
            28
        ],
        "8": [
            8
        ],
        "9": [
            48
        ],
        "10": [
            0
        ],
        "11": [
            21,
            41
        ]
    },
    "patient_schedule": {
        "1": 8,
        "2": 31,
        "5": 38,
        "9": 12,
        "10": 0,
        "12": 41,
        "13": 41,
        "14": 4,
        "15": 28,
        "17": 8,
        "18": 8,
        "19": 12,
        "20": 28,
        "21": 31,
        "22": 12,
        "23": 0,
        "24": 48,
        "28": 31,
        "29": 31,
        "33": 38,
        "35": 41,
        "38": 19,
        "39": 8,
        "40": 12,
        "41": 8,
        "44": 31,
        "45": 19,
        "49": 21,
        "50": 41,
        "51": 21,
        "52": 38,
        "53": 48,
        "55": 31,
        "56": 21
    },
    "instance": null,
    "parameters": null,
    "parameters_data": null,
    "patients": null,
    "capacity": null,
    "num_days": null,
    "num_ORs": null,
    "num_surgeons": null,
    "gap": 0.6893203883495145
}