{
    "proved_optimal": false,
    "obj": 58,
    "relax_obj": 34.333333333333336,
    "num_LCs": 33,
    "num_callbacks": 32,
    "num_CG_iterations": null,
    "num_columns": null,
    "num_nodes": null,
    "overall_time": 1200.0752203464508,
    "callback_time": 1.894578456878662,
    "subproblem_time": null,
    "mp_time": null,
    "inh_time": null,
    "ilp_time": null,
    "surgeon_schedule": {
        "0": [
            33
        ],
        "1": [
            19,
            27
        ],
        "2": [
            24
        ],
        "3": [
            10,
            20
        ],
        "5": [
            48
        ],
        "8": [
            41
        ],
        "9": [
            15
        ],
        "10": [
            29
        ],
        "11": [
            3
        ]
    },
    "patient_schedule": {
        "1": 41,
        "2": 27,
        "5": 10,
        "9": 33,
        "10": 29,
        "12": 3,
        "13": 3,
        "14": 33,
        "15": 48,
        "17": 41,
        "18": 41,
        "19": 33,
        "20": 48,
        "21": 27,
        "22": 33,
        "23": 29,
        "24": 15,
        "28": 19,
        "29": 19,
        "33": 10,
        "35": 3,
        "38": 24,
        "39": 41,
        "40": 33,
        "41": 41,
        "44": 27,
        "45": 24,
        "49": 3,
        "50": 3,
        "51": 3,
        "52": 20,
        "53": 15,
        "55": 19,
        "56": 3
    },
    "instance": null,
    "parameters": null,
    "parameters_data": null,
    "patients": null,
    "capacity": null,
    "num_days": null,
    "num_ORs": null,
    "num_surgeons": null,
    "gap": 0.6893203883495145
}