{
    "proved_optimal": true,
    "obj": 58,
    "relax_obj": 58.0,
    "num_LCs": 46,
    "num_callbacks": 825,
    "num_CG_iterations": 22,
    "num_columns": 223,
    "num_nodes": 1,
    "overall_time": 25.314566373825073,
    "callback_time": 1.5293478965759277,
    "subproblem_time": 19.748820066452026,
    "mp_time": 5.553483724594116,
    "inh_time": null,
    "ilp_time": 0.0,
    "surgeon_schedule": {
        "0": [
            20,
            36
        ],
        "1": [
            4,
            40
        ],
        "2": [
            0
        ],
        "3": [
            9,
            29
        ],
        "5": [
            25
        ],
        "8": [
            18
        ],
        "9": [
            11
        ],
        "10": [
            7
        ],
        "11": [
            30,
            46
        ]
    },
    "patient_schedule": {
        "14": 20,
        "9": 36,
        "19": 36,
        "22": 36,
        "40": 36,
        "28": 4,
        "44": 4,
        "55": 4,
        "2": 40,
        "21": 40,
        "29": 40,
        "38": 0,
        "45": 0,
        "52": 9,
        "5": 29,
        "33": 29,
        "15": 25,
        "20": 25,
        "1": 18,
        "17": 18,
        "18": 18,
        "39": 18,
        "41": 18,
        "24": 11,
        "53": 11,
        "10": 7,
        "23": 7,
        "35": 30,
        "51": 30,
        "56": 30,
        "12": 46,
        "13": 46,
        "49": 46,
        "50": 46
    },
    "instance": null,
    "parameters": null,
    "parameters_data": null,
    "patients": null,
    "capacity": null,
    "num_days": null,
    "num_ORs": null,
    "num_surgeons": null,
    "initial_heuristics_time": 0.2608959674835205,
    "gap": 0.0
}