{
    "proved_optimal": true,
    "obj": 58,
    "relax_obj": 58.0,
    "num_LCs": 53,
    "num_callbacks": 1576,
    "num_CG_iterations": 224,
    "num_columns": 223,
    "num_nodes": 1,
    "overall_time": 115.67821741104126,
    "callback_time": 2.8837616443634033,
    "subproblem_time": 66.88334131240845,
    "mp_time": 48.70665240287781,
    "inh_time": null,
    "ilp_time": 0.0,
    "surgeon_schedule": {
        "0": [
            20,
            32
        ],
        "1": [
            14,
            44
        ],
        "2": [
            10
        ],
        "3": [
            39,
            40
        ],
        "5": [
            24
        ],
        "8": [
            48
        ],
        "9": [
            28
        ],
        "10": [
            18
        ],
        "11": [
            3
        ]
    },
    "patient_schedule": {
        "14": 20,
        "9": 32,
        "19": 32,
        "22": 32,
        "40": 32,
        "2": 14,
        "21": 14,
        "29": 14,
        "28": 44,
        "44": 44,
        "55": 44,
        "38": 10,
        "45": 10,
        "5": 39,
        "33": 39,
        "52": 40,
        "20": 24,
        "36": 24,
        "1": 48,
        "17": 48,
        "18": 48,
        "39": 48,
        "41": 48,
        "24": 28,
        "53": 28,
        "10": 18,
        "26": 18,
        "32": 18,
        "12": 3,
        "13": 3,
        "35": 3,
        "49": 3,
        "50": 3,
        "51": 3,
        "56": 3
    },
    "instance": null,
    "parameters": null,
    "parameters_data": null,
    "patients": null,
    "capacity": null,
    "num_days": null,
    "num_ORs": null,
    "num_surgeons": null,
    "initial_heuristics_time": 0.26497626304626465,
    "gap": 0.0
}