{
    "proved_optimal": true,
    "obj": 46,
    "relax_obj": 45.5,
    "num_LCs": 31,
    "num_callbacks": 1719,
    "num_CG_iterations": 225,
    "num_columns": 224,
    "num_nodes": 1,
    "overall_time": 92.55018329620361,
    "callback_time": 3.004119396209717,
    "subproblem_time": 43.91788053512573,
    "mp_time": 48.55284905433655,
    "inh_time": null,
    "ilp_time": 0.0,
    "surgeon_schedule": {
        "0": [
            29,
            49
        ],
        "1": [
            34
        ],
        "2": [
            4,
            11
        ],
        "3": [
            44
        ],
        "6": [
            40
        ],
        "7": [
            0
        ],
        "8": [
            22,
            47
        ],
        "9": [
            8,
            30
        ],
        "10": [
            38
        ],
        "11": [
            18
        ]
    },
    "patient_schedule": {
        "41": 29,
        "2": 49,
        "35": 49,
        "20": 34,
        "22": 34,
        "15": 4,
        "45": 4,
        "1": 11,
        "33": 11,
        "6": 44,
        "38": 44,
        "9": 40,
        "11": 40,
        "24": 0,
        "32": 0,
        "16": 22,
        "42": 22,
        "46": 22,
        "17": 47,
        "5": 8,
        "28": 8,
        "34": 8,
        "43": 8,
        "40": 30,
        "37": 38,
        "39": 38,
        "7": 18,
        "8": 18,
        "21": 18,
        "26": 18
    },
    "instance": null,
    "parameters": null,
    "parameters_data": null,
    "patients": null,
    "capacity": null,
    "num_days": null,
    "num_ORs": null,
    "num_surgeons": null,
    "initial_heuristics_time": 0.2596244812011719,
    "gap": 0.01098901098901099
}