{
    "proved_optimal": true,
    "obj": 46,
    "relax_obj": 45.5,
    "num_LCs": 20,
    "num_callbacks": 475,
    "num_CG_iterations": 14,
    "num_columns": 148,
    "num_nodes": 1,
    "overall_time": 11.055747032165527,
    "callback_time": 0.6093769073486328,
    "subproblem_time": 7.774873971939087,
    "mp_time": 3.2735564708709717,
    "inh_time": null,
    "ilp_time": 0.0,
    "surgeon_schedule": {
        "0": [
            14,
            44
        ],
        "1": [
            10
        ],
        "2": [
            4,
            28
        ],
        "3": [
            36
        ],
        "4": [
            0,
            49
        ],
        "6": [
            40
        ],
        "7": [
            47
        ],
        "9": [
            8,
            30
        ],
        "10": [
            21
        ],
        "11": [
            18
        ]
    },
    "patient_schedule": {
        "2": 14,
        "35": 14,
        "41": 44,
        "20": 10,
        "22": 10,
        "15": 4,
        "45": 4,
        "1": 28,
        "33": 28,
        "10": 36,
        "38": 36,
        "14": 0,
        "18": 49,
        "9": 40,
        "11": 40,
        "24": 47,
        "32": 47,
        "5": 8,
        "28": 8,
        "34": 8,
        "43": 8,
        "40": 30,
        "37": 21,
        "39": 21,
        "7": 18,
        "8": 18,
        "21": 18,
        "26": 18
    },
    "instance": null,
    "parameters": null,
    "parameters_data": null,
    "patients": null,
    "capacity": null,
    "num_days": null,
    "num_ORs": null,
    "num_surgeons": null,
    "initial_heuristics_time": 0.24727725982666016,
    "gap": 0.01098901098901099
}