{
    "proved_optimal": true,
    "obj": 46,
    "relax_obj": 45.5,
    "num_LCs": 27,
    "num_callbacks": 746,
    "num_CG_iterations": 23,
    "num_columns": 240,
    "num_nodes": 3,
    "overall_time": 15.968379259109497,
    "callback_time": 1.736760139465332,
    "subproblem_time": 10.227624893188477,
    "mp_time": 5.725231885910034,
    "inh_time": null,
    "ilp_time": 0.0,
    "surgeon_schedule": {
        "0": [
            17,
            20
        ],
        "1": [
            20
        ],
        "2": [
            14,
            31
        ],
        "6": [
            29,
            49
        ],
        "7": [
            0
        ],
        "8": [
            6,
            37
        ],
        "9": [
            25,
            40
        ],
        "10": [
            45
        ],
        "11": [
            19,
            39
        ]
    },
    "patient_schedule": {
        "41": 17,
        "2": 20,
        "35": 20,
        "20": 20,
        "22": 20,
        "15": 14,
        "45": 14,
        "1": 31,
        "33": 31,
        "9": 29,
        "11": 29,
        "3": 49,
        "24": 0,
        "32": 0,
        "16": 6,
        "42": 6,
        "46": 6,
        "17": 37,
        "5": 25,
        "28": 25,
        "34": 25,
        "43": 25,
        "40": 40,
        "37": 45,
        "39": 45,
        "21": 19,
        "26": 19,
        "7": 39,
        "8": 39
    },
    "instance": null,
    "parameters": null,
    "parameters_data": null,
    "patients": null,
    "capacity": null,
    "num_days": null,
    "num_ORs": null,
    "num_surgeons": null,
    "initial_heuristics_time": 0.0,
    "gap": 0.01098901098901099
}