{
    "proved_optimal": true,
    "obj": 46,
    "relax_obj": 45.5,
    "num_LCs": 85,
    "num_callbacks": 687,
    "num_CG_iterations": 19,
    "num_columns": 182,
    "num_nodes": 3,
    "overall_time": 15.002121925354004,
    "callback_time": 1.6442921161651611,
    "subproblem_time": 10.68239164352417,
    "mp_time": 4.304163932800293,
    "inh_time": null,
    "ilp_time": 0.0,
    "surgeon_schedule": {
        "0": [
            27,
            47
        ],
        "1": [
            40
        ],
        "2": [
            5,
            49
        ],
        "3": [
            32
        ],
        "4": [
            31
        ],
        "6": [
            44
        ],
        "7": [
            29
        ],
        "9": [
            0,
            11
        ],
        "10": [
            21
        ],
        "11": [
            18
        ]
    },
    "patient_schedule": {
        "41": 27,
        "2": 47,
        "35": 47,
        "20": 40,
        "22": 40,
        "1": 5,
        "33": 5,
        "15": 49,
        "45": 49,
        "10": 32,
        "38": 32,
        "14": 31,
        "18": 31,
        "9": 44,
        "11": 44,
        "24": 29,
        "32": 29,
        "40": 0,
        "5": 11,
        "28": 11,
        "34": 11,
        "43": 11,
        "37": 21,
        "39": 21,
        "7": 18,
        "8": 18,
        "21": 18,
        "26": 18
    },
    "instance": null,
    "parameters": null,
    "parameters_data": null,
    "patients": null,
    "capacity": null,
    "num_days": null,
    "num_ORs": null,
    "num_surgeons": null,
    "initial_heuristics_time": 0.2491607666015625,
    "gap": 0.01098901098901099
}