{
    "proved_optimal": true,
    "obj": 39,
    "relax_obj": 39.0,
    "num_LCs": 24,
    "num_callbacks": 600,
    "num_CG_iterations": 22,
    "num_columns": 187,
    "num_nodes": 3,
    "overall_time": 14.357551097869873,
    "callback_time": 1.1203439235687256,
    "subproblem_time": 9.690019607543945,
    "mp_time": 4.655182123184204,
    "inh_time": null,
    "ilp_time": 0.0,
    "surgeon_schedule": {
        "0": [
            9,
            48
        ],
        "1": [
            13
        ],
        "2": [
            0,
            38
        ],
        "3": [
            28,
            40
        ],
        "4": [
            24,
            40
        ],
        "5": [
            5
        ],
        "6": [
            28
        ],
        "8": [
            44
        ],
        "9": [
            20
        ]
    },
    "patient_schedule": {
        "37": 9,
        "2": 48,
        "14": 48,
        "35": 48,
        "42": 48,
        "47": 48,
        "5": 13,
        "13": 13,
        "15": 13,
        "16": 13,
        "17": 0,
        "32": 0,
        "41": 0,
        "44": 38,
        "45": 38,
        "48": 38,
        "9": 28,
        "23": 28,
        "26": 28,
        "3": 40,
        "22": 24,
        "25": 24,
        "28": 24,
        "21": 40,
        "31": 40,
        "10": 5,
        "11": 5,
        "46": 5,
        "7": 28,
        "18": 28,
        "20": 28,
        "27": 28,
        "39": 44,
        "43": 44,
        "33": 20
    },
    "instance": null,
    "parameters": null,
    "parameters_data": null,
    "patients": null,
    "capacity": null,
    "num_days": null,
    "num_ORs": null,
    "num_surgeons": null,
    "initial_heuristics_time": 0.23010468482971191,
    "gap": 0.0
}