{
    "proved_optimal": true,
    "obj": 48,
    "relax_obj": 47.5,
    "num_LCs": 36,
    "num_callbacks": 687,
    "num_CG_iterations": 18,
    "num_columns": 172,
    "num_nodes": 1,
    "overall_time": 24.46156358718872,
    "callback_time": 1.4645206928253174,
    "subproblem_time": 20.59915542602539,
    "mp_time": 3.848897695541382,
    "inh_time": null,
    "ilp_time": 0.0,
    "surgeon_schedule": {
        "1": [
            14
        ],
        "2": [
            0
        ],
        "3": [
            17,
            21
        ],
        "5": [
            45
        ],
        "6": [
            10,
            49
        ],
        "7": [
            32
        ],
        "8": [
            8
        ],
        "10": [
            4,
            39
        ],
        "11": [
            19,
            28,
            40
        ]
    },
    "patient_schedule": {
        "19": 14,
        "22": 14,
        "20": 0,
        "28": 0,
        "3": 17,
        "14": 21,
        "29": 21,
        "30": 21,
        "6": 45,
        "23": 45,
        "48": 45,
        "13": 10,
        "31": 10,
        "5": 49,
        "47": 49,
        "0": 32,
        "2": 32,
        "7": 32,
        "37": 32,
        "33": 8,
        "41": 8,
        "46": 8,
        "21": 4,
        "39": 4,
        "32": 39,
        "44": 39,
        "10": 19,
        "18": 19,
        "15": 28,
        "42": 28,
        "11": 40
    },
    "instance": null,
    "parameters": null,
    "parameters_data": null,
    "patients": null,
    "capacity": null,
    "num_days": null,
    "num_ORs": null,
    "num_surgeons": null,
    "initial_heuristics_time": 0.2453598976135254,
    "gap": 0.010526315789473684
}