{
    "proved_optimal": false,
    "obj": 49,
    "relax_obj": 22.714285714285715,
    "num_LCs": 17,
    "num_callbacks": 13,
    "num_CG_iterations": null,
    "num_columns": null,
    "num_nodes": null,
    "overall_time": 1200.0125505924225,
    "callback_time": 0.8974668979644775,
    "subproblem_time": null,
    "mp_time": null,
    "inh_time": null,
    "ilp_time": null,
    "surgeon_schedule": {
        "0": [
            26
        ],
        "1": [
            6
        ],
        "3": [
            11,
            20
        ],
        "5": [
            0,
            17,
            34
        ],
        "7": [
            48
        ],
        "10": [
            39
        ],
        "11": [
            19,
            41
        ],
        "12": [
            37
        ],
        "13": [
            30
        ]
    },
    "patient_schedule": {
        "0": 41,
        "2": 26,
        "3": 6,
        "5": 11,
        "8": 41,
        "9": 11,
        "10": 11,
        "11": 34,
        "13": 17,
        "14": 30,
        "15": 6,
        "16": 20,
        "18": 48,
        "20": 20,
        "21": 26,
        "22": 0,
        "25": 39,
        "26": 37,
        "27": 30,
        "29": 26,
        "31": 17,
        "32": 19,
        "33": 26,
        "35": 0,
        "40": 48,
        "41": 6,
        "42": 0,
        "43": 19,
        "44": 39,
        "47": 48
    },
    "instance": null,
    "parameters": null,
    "parameters_data": null,
    "patients": null,
    "capacity": null,
    "num_days": null,
    "num_ORs": null,
    "num_surgeons": null,
    "gap": 1.1572327044025157
}