{
    "proved_optimal": true,
    "obj": 47,
    "relax_obj": 47.0,
    "num_LCs": 24,
    "num_callbacks": 619,
    "num_CG_iterations": 17,
    "num_columns": 184,
    "num_nodes": 1,
    "overall_time": 12.252960920333862,
    "callback_time": 0.9030280113220215,
    "subproblem_time": 8.47578501701355,
    "mp_time": 3.769239902496338,
    "inh_time": null,
    "ilp_time": 0.0,
    "surgeon_schedule": {
        "0": [
            32
        ],
        "1": [
            26
        ],
        "3": [
            39,
            48
        ],
        "5": [
            8,
            10
        ],
        "7": [
            41
        ],
        "11": [
            15,
            20
        ],
        "13": [
            1,
            19
        ]
    },
    "patient_schedule": {
        "2": 32,
        "21": 32,
        "29": 32,
        "33": 32,
        "3": 26,
        "15": 26,
        "41": 26,
        "5": 39,
        "20": 39,
        "9": 48,
        "10": 48,
        "16": 48,
        "11": 8,
        "31": 8,
        "35": 8,
        "42": 8,
        "13": 10,
        "39": 10,
        "28": 41,
        "40": 41,
        "47": 41,
        "0": 15,
        "8": 15,
        "32": 20,
        "43": 20,
        "14": 1,
        "27": 1,
        "36": 1,
        "46": 19
    },
    "instance": null,
    "parameters": null,
    "parameters_data": null,
    "patients": null,
    "capacity": null,
    "num_days": null,
    "num_ORs": null,
    "num_surgeons": null,
    "initial_heuristics_time": 0.26863956451416016,
    "gap": 0.0
}