{
    "proved_optimal": true,
    "obj": 48,
    "relax_obj": 47.5,
    "num_LCs": 49,
    "num_callbacks": 679,
    "num_CG_iterations": 20,
    "num_columns": 212,
    "num_nodes": 1,
    "overall_time": 21.585867166519165,
    "callback_time": 1.6840794086456299,
    "subproblem_time": 17.12429428100586,
    "mp_time": 4.449114084243774,
    "inh_time": null,
    "ilp_time": 0.0,
    "surgeon_schedule": {
        "1": [
            30
        ],
        "2": [
            19
        ],
        "3": [
            34,
            41
        ],
        "5": [
            21
        ],
        "6": [
            38
        ],
        "7": [
            2
        ],
        "8": [
            28
        ],
        "10": [
            9,
            10
        ],
        "11": [
            15,
            48
        ]
    },
    "patient_schedule": {
        "19": 30,
        "22": 30,
        "20": 19,
        "28": 19,
        "3": 34,
        "14": 41,
        "29": 41,
        "30": 41,
        "6": 21,
        "23": 21,
        "48": 21,
        "5": 38,
        "13": 38,
        "31": 38,
        "47": 38,
        "0": 2,
        "2": 2,
        "7": 2,
        "37": 2,
        "33": 28,
        "41": 28,
        "46": 28,
        "21": 9,
        "39": 9,
        "32": 10,
        "44": 10,
        "15": 15,
        "42": 15,
        "10": 48,
        "11": 48,
        "18": 48
    },
    "instance": null,
    "parameters": null,
    "parameters_data": null,
    "patients": null,
    "capacity": null,
    "num_days": null,
    "num_ORs": null,
    "num_surgeons": null,
    "initial_heuristics_time": 0.0,
    "gap": 0.010526315789473684
}