{
    "proved_optimal": false,
    "obj": 39,
    "relax_obj": 22.714285714285715,
    "num_LCs": 20,
    "num_callbacks": 15,
    "num_CG_iterations": null,
    "num_columns": null,
    "num_nodes": null,
    "overall_time": 1200.0251326560974,
    "callback_time": 1.0064303874969482,
    "subproblem_time": null,
    "mp_time": null,
    "inh_time": null,
    "ilp_time": null,
    "surgeon_schedule": {
        "0": [
            26
        ],
        "1": [
            33
        ],
        "2": [
            15,
            47
        ],
        "3": [
            8,
            19
        ],
        "4": [
            20,
            49
        ],
        "5": [
            41
        ],
        "6": [
            1
        ],
        "8": [
            10
        ]
    },
    "patient_schedule": {
        "2": 26,
        "3": 19,
        "5": 33,
        "7": 1,
        "9": 8,
        "10": 41,
        "11": 41,
        "13": 33,
        "14": 26,
        "15": 33,
        "16": 33,
        "17": 47,
        "18": 1,
        "20": 1,
        "21": 49,
        "22": 20,
        "23": 8,
        "25": 20,
        "26": 8,
        "27": 1,
        "28": 20,
        "31": 49,
        "32": 15,
        "35": 26,
        "37": 26,
        "39": 10,
        "41": 15,
        "42": 26,
        "43": 10,
        "44": 47,
        "45": 15,
        "46": 41,
        "47": 26,
        "48": 47
    },
    "instance": null,
    "parameters": null,
    "parameters_data": null,
    "patients": null,
    "capacity": null,
    "num_days": null,
    "num_ORs": null,
    "num_surgeons": null,
    "gap": 0.7169811320754716
}