{
    "proved_optimal": true,
    "obj": 48,
    "relax_obj": 47.5,
    "num_LCs": 126,
    "num_callbacks": 779,
    "num_CG_iterations": 18,
    "num_columns": 172,
    "num_nodes": 1,
    "overall_time": 25.62597918510437,
    "callback_time": 2.46004319190979,
    "subproblem_time": 21.680843591690063,
    "mp_time": 3.9315414428710938,
    "inh_time": null,
    "ilp_time": 0.0,
    "surgeon_schedule": {
        "1": [
            10
        ],
        "2": [
            29
        ],
        "3": [
            25
        ],
        "4": [
            40
        ],
        "5": [
            38
        ],
        "6": [
            9,
            20
        ],
        "7": [
            2
        ],
        "8": [
            31
        ],
        "10": [
            14,
            44
        ],
        "11": [
            18,
            48
        ]
    },
    "patient_schedule": {
        "19": 10,
        "22": 10,
        "20": 29,
        "28": 29,
        "3": 25,
        "14": 25,
        "30": 25,
        "26": 40,
        "6": 38,
        "23": 38,
        "48": 38,
        "5": 9,
        "47": 9,
        "13": 20,
        "31": 20,
        "0": 2,
        "2": 2,
        "7": 2,
        "37": 2,
        "33": 31,
        "41": 31,
        "46": 31,
        "32": 14,
        "44": 14,
        "21": 44,
        "39": 44,
        "10": 18,
        "11": 18,
        "18": 18,
        "15": 48,
        "42": 48
    },
    "instance": null,
    "parameters": null,
    "parameters_data": null,
    "patients": null,
    "capacity": null,
    "num_days": null,
    "num_ORs": null,
    "num_surgeons": null,
    "initial_heuristics_time": 0.24893856048583984,
    "gap": 0.010526315789473684
}