{
    "proved_optimal": true,
    "obj": 48,
    "relax_obj": 48.0,
    "num_LCs": 50,
    "num_callbacks": 551,
    "num_CG_iterations": 14,
    "num_columns": 152,
    "num_nodes": 1,
    "overall_time": 38.17416310310364,
    "callback_time": 1.1091227531433105,
    "subproblem_time": 35.93716359138489,
    "mp_time": 2.230070114135742,
    "inh_time": null,
    "ilp_time": 0.0,
    "surgeon_schedule": {
        "0": [
            14,
            24
        ],
        "2": [
            10,
            28
        ],
        "4": [
            37
        ],
        "5": [
            8,
            20,
            34
        ],
        "6": [
            18,
            30
        ],
        "8": [
            49
        ],
        "9": [
            39
        ],
        "10": [
            1,
            42
        ]
    },
    "patient_schedule": {
        "38": 14,
        "44": 14,
        "5": 24,
        "28": 10,
        "1": 28,
        "13": 28,
        "37": 28,
        "6": 37,
        "0": 8,
        "9": 8,
        "34": 8,
        "31": 20,
        "12": 34,
        "35": 34,
        "15": 18,
        "27": 18,
        "39": 18,
        "41": 30,
        "32": 49,
        "36": 49,
        "19": 39,
        "21": 39,
        "2": 1,
        "10": 1,
        "24": 1,
        "8": 42,
        "20": 42
    },
    "instance": null,
    "parameters": null,
    "parameters_data": null,
    "patients": null,
    "capacity": null,
    "num_days": null,
    "num_ORs": null,
    "num_surgeons": null,
    "initial_heuristics_time": 0.25537967681884766,
    "gap": 0.0
}