{
    "proved_optimal": false,
    "obj": 48,
    "relax_obj": 24.636363636363637,
    "num_LCs": 40,
    "num_callbacks": 36,
    "num_CG_iterations": null,
    "num_columns": null,
    "num_nodes": null,
    "overall_time": 1200.0222120285034,
    "callback_time": 1.9362432956695557,
    "subproblem_time": null,
    "mp_time": null,
    "inh_time": null,
    "ilp_time": null,
    "surgeon_schedule": {
        "0": [
            10,
            29
        ],
        "2": [
            36
        ],
        "4": [
            47
        ],
        "5": [
            24,
            30,
            41
        ],
        "6": [
            8,
            20
        ],
        "8": [
            49
        ],
        "9": [
            27
        ],
        "10": [
            1,
            16
        ]
    },
    "patient_schedule": {
        "0": 41,
        "1": 36,
        "2": 16,
        "5": 29,
        "6": 47,
        "8": 1,
        "9": 30,
        "10": 1,
        "12": 24,
        "13": 36,
        "15": 8,
        "19": 27,
        "20": 16,
        "21": 27,
        "24": 1,
        "27": 8,
        "28": 36,
        "31": 41,
        "32": 49,
        "34": 30,
        "35": 24,
        "36": 49,
        "37": 36,
        "38": 10,
        "39": 8,
        "41": 20,
        "44": 10
    },
    "instance": null,
    "parameters": null,
    "parameters_data": null,
    "patients": null,
    "capacity": null,
    "num_days": null,
    "num_ORs": null,
    "num_surgeons": null,
    "gap": 0.9483394833948339
}