{
    "proved_optimal": true,
    "obj": 48,
    "relax_obj": 48.0,
    "num_LCs": 56,
    "num_callbacks": 1964,
    "num_CG_iterations": 213,
    "num_columns": 210,
    "num_nodes": 5,
    "overall_time": 253.34083795547485,
    "callback_time": 3.346574068069458,
    "subproblem_time": 217.42295837402344,
    "mp_time": 35.80175042152405,
    "inh_time": null,
    "ilp_time": 0.0,
    "surgeon_schedule": {
        "0": [
            14,
            24
        ],
        "2": [
            25,
            30
        ],
        "4": [
            49
        ],
        "5": [
            7,
            11,
            40
        ],
        "6": [
            4,
            19,
            29
        ],
        "8": [
            20
        ],
        "9": [
            0
        ],
        "10": [
            36,
            45
        ]
    },
    "patient_schedule": {
        "38": 14,
        "44": 14,
        "5": 24,
        "1": 25,
        "13": 25,
        "37": 25,
        "28": 30,
        "6": 49,
        "12": 7,
        "35": 7,
        "0": 11,
        "9": 11,
        "34": 11,
        "31": 40,
        "41": 4,
        "39": 19,
        "15": 29,
        "27": 29,
        "32": 20,
        "36": 20,
        "19": 0,
        "21": 0,
        "2": 36,
        "10": 36,
        "20": 36,
        "8": 45,
        "24": 45
    },
    "instance": null,
    "parameters": null,
    "parameters_data": null,
    "patients": null,
    "capacity": null,
    "num_days": null,
    "num_ORs": null,
    "num_surgeons": null,
    "initial_heuristics_time": 0.2567172050476074,
    "gap": 0.0
}