{
    "proved_optimal": false,
    "obj": 48,
    "relax_obj": 24.636363636363637,
    "num_LCs": 39,
    "num_callbacks": 30,
    "num_CG_iterations": null,
    "num_columns": null,
    "num_nodes": null,
    "overall_time": 1200.0260210037231,
    "callback_time": 2.0393097400665283,
    "subproblem_time": null,
    "mp_time": null,
    "inh_time": null,
    "ilp_time": null,
    "surgeon_schedule": {
        "0": [
            31
        ],
        "2": [
            1,
            40
        ],
        "4": [
            37
        ],
        "5": [
            23
        ],
        "6": [
            8,
            44
        ],
        "8": [
            10
        ],
        "9": [
            39
        ],
        "10": [
            16,
            48
        ]
    },
    "patient_schedule": {
        "0": 23,
        "1": 1,
        "2": 16,
        "5": 31,
        "6": 37,
        "8": 48,
        "9": 23,
        "10": 48,
        "12": 23,
        "13": 1,
        "15": 8,
        "19": 39,
        "20": 16,
        "21": 39,
        "24": 48,
        "27": 8,
        "28": 40,
        "31": 23,
        "32": 10,
        "34": 23,
        "35": 23,
        "36": 10,
        "37": 1,
        "38": 31,
        "39": 8,
        "41": 44,
        "44": 31
    },
    "instance": null,
    "parameters": null,
    "parameters_data": null,
    "patients": null,
    "capacity": null,
    "num_days": null,
    "num_ORs": null,
    "num_surgeons": null,
    "gap": 0.9483394833948339
}