{
    "proved_optimal": true,
    "obj": 48,
    "relax_obj": 48.0,
    "num_LCs": 48,
    "num_callbacks": 695,
    "num_CG_iterations": 18,
    "num_columns": 163,
    "num_nodes": 5,
    "overall_time": 25.616870164871216,
    "callback_time": 1.6182820796966553,
    "subproblem_time": 21.476564168930054,
    "mp_time": 4.129634618759155,
    "inh_time": null,
    "ilp_time": 0.0,
    "surgeon_schedule": {
        "0": [
            14,
            40
        ],
        "2": [
            9,
            38
        ],
        "4": [
            34
        ],
        "5": [
            7,
            10,
            21
        ],
        "6": [
            18,
            30
        ],
        "8": [
            27
        ],
        "9": [
            0
        ],
        "10": [
            1,
            46
        ]
    },
    "patient_schedule": {
        "38": 14,
        "44": 14,
        "5": 40,
        "28": 9,
        "1": 38,
        "13": 38,
        "37": 38,
        "6": 34,
        "12": 7,
        "35": 7,
        "9": 10,
        "34": 10,
        "0": 21,
        "31": 21,
        "15": 18,
        "27": 18,
        "39": 18,
        "41": 30,
        "32": 27,
        "36": 27,
        "19": 0,
        "21": 0,
        "8": 1,
        "10": 1,
        "24": 1,
        "2": 46,
        "20": 46
    },
    "instance": null,
    "parameters": null,
    "parameters_data": null,
    "patients": null,
    "capacity": null,
    "num_days": null,
    "num_ORs": null,
    "num_surgeons": null,
    "initial_heuristics_time": 0.25711774826049805,
    "gap": 0.0
}