{
    "proved_optimal": true,
    "obj": 55,
    "relax_obj": 55.0,
    "num_LCs": 47,
    "num_callbacks": 799,
    "num_CG_iterations": 20,
    "num_columns": 172,
    "num_nodes": 5,
    "overall_time": 27.621628761291504,
    "callback_time": 1.2290265560150146,
    "subproblem_time": 22.575133562088013,
    "mp_time": 5.02315354347229,
    "inh_time": null,
    "ilp_time": 0.0,
    "surgeon_schedule": {
        "1": [
            26
        ],
        "3": [
            14
        ],
        "5": [
            0,
            34,
            49
        ],
        "6": [
            41
        ],
        "8": [
            20,
            30
        ],
        "9": [
            8,
            34
        ],
        "10": [
            0,
            12
        ],
        "11": [
            37,
            49
        ]
    },
    "patient_schedule": {
        "5": 26,
        "10": 26,
        "33": 26,
        "4": 14,
        "20": 14,
        "12": 0,
        "18": 0,
        "32": 0,
        "1": 34,
        "2": 34,
        "35": 49,
        "50": 49,
        "0": 41,
        "39": 41,
        "45": 41,
        "14": 20,
        "31": 20,
        "21": 30,
        "23": 8,
        "29": 8,
        "34": 8,
        "37": 8,
        "19": 34,
        "28": 0,
        "13": 12,
        "24": 12,
        "26": 12,
        "40": 37,
        "15": 49,
        "30": 49
    },
    "instance": null,
    "parameters": null,
    "parameters_data": null,
    "patients": null,
    "capacity": null,
    "num_days": null,
    "num_ORs": null,
    "num_surgeons": null,
    "initial_heuristics_time": 0.26459527015686035,
    "gap": 0.0
}