{
    "proved_optimal": true,
    "obj": 49,
    "relax_obj": 49.0,
    "num_LCs": 52,
    "num_callbacks": 632,
    "num_CG_iterations": 15,
    "num_columns": 177,
    "num_nodes": 1,
    "overall_time": 35.44020891189575,
    "callback_time": 1.4343414306640625,
    "subproblem_time": 32.20494842529297,
    "mp_time": 3.227450370788574,
    "inh_time": null,
    "ilp_time": 0.0,
    "surgeon_schedule": {
        "4": [
            5
        ],
        "5": [
            27
        ],
        "6": [
            14,
            20
        ],
        "7": [
            9,
            49
        ],
        "8": [
            18,
            42
        ],
        "9": [
            24
        ],
        "10": [
            10,
            30
        ],
        "12": [
            29,
            36
        ],
        "13": [
            0
        ]
    },
    "patient_schedule": {
        "5": 5,
        "34": 5,
        "45": 5,
        "12": 27,
        "49": 27,
        "15": 14,
        "18": 14,
        "19": 20,
        "28": 9,
        "2": 49,
        "50": 49,
        "0": 18,
        "40": 18,
        "47": 18,
        "13": 42,
        "26": 42,
        "44": 42,
        "1": 24,
        "32": 24,
        "23": 10,
        "39": 10,
        "6": 30,
        "37": 30,
        "21": 29,
        "9": 36,
        "35": 36,
        "41": 36,
        "3": 0,
        "46": 0
    },
    "instance": null,
    "parameters": null,
    "parameters_data": null,
    "patients": null,
    "capacity": null,
    "num_days": null,
    "num_ORs": null,
    "num_surgeons": null,
    "initial_heuristics_time": 0.27594447135925293,
    "gap": 0.0
}