{
    "proved_optimal": true,
    "obj": 55,
    "relax_obj": 55.0,
    "num_LCs": 82,
    "num_callbacks": 3841,
    "num_CG_iterations": 364,
    "num_columns": 363,
    "num_nodes": 1,
    "overall_time": 332.9926826953888,
    "callback_time": 6.563268423080444,
    "subproblem_time": 209.3350224494934,
    "mp_time": 123.47157502174377,
    "inh_time": null,
    "ilp_time": 0.0,
    "surgeon_schedule": {
        "1": [
            12
        ],
        "3": [
            24
        ],
        "5": [
            27,
            45
        ],
        "6": [
            5
        ],
        "8": [
            20,
            30
        ],
        "9": [
            9,
            19,
            29
        ],
        "10": [
            36,
            49
        ],
        "11": [
            0,
            40
        ]
    },
    "patient_schedule": {
        "5": 12,
        "10": 12,
        "33": 12,
        "4": 24,
        "20": 24,
        "35": 27,
        "50": 27,
        "1": 45,
        "2": 45,
        "12": 45,
        "18": 45,
        "32": 45,
        "0": 5,
        "39": 5,
        "45": 5,
        "14": 20,
        "31": 20,
        "21": 30,
        "29": 9,
        "34": 9,
        "23": 19,
        "37": 19,
        "19": 29,
        "13": 36,
        "24": 36,
        "26": 36,
        "28": 49,
        "15": 0,
        "30": 0,
        "40": 40
    },
    "instance": null,
    "parameters": null,
    "parameters_data": null,
    "patients": null,
    "capacity": null,
    "num_days": null,
    "num_ORs": null,
    "num_surgeons": null,
    "initial_heuristics_time": 0.2717723846435547,
    "gap": 0.0
}