{
    "proved_optimal": true,
    "obj": 55,
    "relax_obj": 55.0,
    "num_LCs": 42,
    "num_callbacks": 726,
    "num_CG_iterations": 19,
    "num_columns": 203,
    "num_nodes": 1,
    "overall_time": 14.882287979125977,
    "callback_time": 1.5279779434204102,
    "subproblem_time": 10.642043352127075,
    "mp_time": 4.231225252151489,
    "inh_time": null,
    "ilp_time": 0.0,
    "surgeon_schedule": {
        "1": [
            2
        ],
        "3": [
            37
        ],
        "5": [
            14,
            29,
            34
        ],
        "6": [
            18
        ],
        "8": [
            20,
            30
        ],
        "9": [
            10,
            27,
            39
        ],
        "10": [
            9,
            46
        ],
        "11": [
            24,
            40
        ]
    },
    "patient_schedule": {
        "5": 2,
        "10": 2,
        "33": 2,
        "4": 37,
        "20": 37,
        "12": 14,
        "18": 14,
        "32": 14,
        "1": 29,
        "2": 29,
        "35": 34,
        "50": 34,
        "0": 18,
        "39": 18,
        "45": 18,
        "14": 20,
        "31": 20,
        "21": 30,
        "19": 10,
        "23": 27,
        "37": 27,
        "29": 39,
        "34": 39,
        "28": 9,
        "13": 46,
        "24": 46,
        "26": 46,
        "40": 24,
        "15": 40,
        "30": 40
    },
    "instance": null,
    "parameters": null,
    "parameters_data": null,
    "patients": null,
    "capacity": null,
    "num_days": null,
    "num_ORs": null,
    "num_surgeons": null,
    "initial_heuristics_time": 0.27167701721191406,
    "gap": 0.0
}