{
    "proved_optimal": false,
    "obj": 49,
    "relax_obj": 29.666666666666668,
    "num_LCs": 29,
    "num_callbacks": 25,
    "num_CG_iterations": null,
    "num_columns": null,
    "num_nodes": null,
    "overall_time": 1200.014371395111,
    "callback_time": 2.419799327850342,
    "subproblem_time": null,
    "mp_time": null,
    "inh_time": null,
    "ilp_time": null,
    "surgeon_schedule": {
        "4": [
            11
        ],
        "5": [
            40
        ],
        "6": [
            48
        ],
        "7": [
            21
        ],
        "8": [
            28,
            36
        ],
        "9": [
            30
        ],
        "10": [
            18
        ],
        "12": [
            3
        ],
        "13": [
            44
        ]
    },
    "patient_schedule": {
        "0": 36,
        "1": 30,
        "2": 21,
        "3": 44,
        "5": 11,
        "6": 18,
        "9": 3,
        "12": 40,
        "13": 28,
        "15": 48,
        "18": 48,
        "19": 48,
        "21": 3,
        "23": 18,
        "26": 36,
        "28": 21,
        "32": 30,
        "34": 11,
        "35": 3,
        "37": 18,
        "39": 18,
        "40": 36,
        "41": 3,
        "44": 28,
        "45": 11,
        "46": 44,
        "47": 28,
        "49": 40,
        "50": 21
    },
    "instance": null,
    "parameters": null,
    "parameters_data": null,
    "patients": null,
    "capacity": null,
    "num_days": null,
    "num_ORs": null,
    "num_surgeons": null,
    "gap": 0.6516853932584269
}