{
    "proved_optimal": true,
    "obj": 52,
    "relax_obj": 52.0,
    "num_LCs": 61,
    "num_callbacks": 1043,
    "num_CG_iterations": 29,
    "num_columns": 213,
    "num_nodes": 11,
    "overall_time": 92.42685008049011,
    "callback_time": 2.51898193359375,
    "subproblem_time": 84.31726908683777,
    "mp_time": 8.047931909561157,
    "inh_time": null,
    "ilp_time": 0.0,
    "surgeon_schedule": {
        "1": [
            34,
            44
        ],
        "2": [
            20,
            39
        ],
        "3": [
            2,
            29
        ],
        "4": [
            30
        ],
        "5": [
            34,
            44
        ],
        "6": [
            24
        ],
        "7": [
            47
        ],
        "8": [
            14,
            39
        ],
        "9": [
            4,
            17,
            27,
            40
        ]
    },
    "patient_schedule": {
        "14": 34,
        "31": 34,
        "46": 44,
        "47": 44,
        "0": 20,
        "35": 20,
        "15": 39,
        "30": 39,
        "33": 2,
        "44": 2,
        "45": 2,
        "19": 29,
        "1": 30,
        "18": 30,
        "3": 34,
        "23": 34,
        "2": 44,
        "5": 44,
        "12": 24,
        "34": 24,
        "10": 47,
        "4": 14,
        "20": 14,
        "6": 39,
        "29": 39,
        "32": 39,
        "37": 4,
        "28": 17,
        "21": 27,
        "24": 40,
        "38": 40
    },
    "instance": null,
    "parameters": null,
    "parameters_data": null,
    "patients": null,
    "capacity": null,
    "num_days": null,
    "num_ORs": null,
    "num_surgeons": null,
    "initial_heuristics_time": 0.23203039169311523,
    "gap": 0.0
}