{
    "proved_optimal": false,
    "obj": 57,
    "relax_obj": 29.666666666666668,
    "num_LCs": 24,
    "num_callbacks": 25,
    "num_CG_iterations": null,
    "num_columns": null,
    "num_nodes": null,
    "overall_time": 1200.04998421669,
    "callback_time": 1.5183043479919434,
    "subproblem_time": null,
    "mp_time": null,
    "inh_time": null,
    "ilp_time": null,
    "surgeon_schedule": {
        "1": [
            36
        ],
        "3": [
            14,
            24
        ],
        "5": [
            42
        ],
        "6": [
            18
        ],
        "8": [
            10,
            20,
            49
        ],
        "9": [
            28
        ],
        "10": [
            3
        ],
        "11": [
            30
        ]
    },
    "patient_schedule": {
        "0": 18,
        "1": 42,
        "2": 42,
        "4": 14,
        "5": 36,
        "10": 36,
        "12": 42,
        "13": 3,
        "14": 10,
        "15": 30,
        "18": 42,
        "20": 14,
        "21": 20,
        "22": 49,
        "23": 28,
        "24": 3,
        "26": 3,
        "28": 3,
        "29": 28,
        "30": 30,
        "31": 10,
        "32": 42,
        "33": 36,
        "34": 28,
        "35": 42,
        "37": 28,
        "39": 18,
        "45": 18,
        "49": 24,
        "50": 42
    },
    "instance": null,
    "parameters": null,
    "parameters_data": null,
    "patients": null,
    "capacity": null,
    "num_days": null,
    "num_ORs": null,
    "num_surgeons": null,
    "gap": 0.9213483146067415
}