{
    "proved_optimal": false,
    "obj": 52,
    "relax_obj": 29.666666666666668,
    "num_LCs": 47,
    "num_callbacks": 33,
    "num_CG_iterations": null,
    "num_columns": null,
    "num_nodes": null,
    "overall_time": 1200.0074553489685,
    "callback_time": 3.050405740737915,
    "subproblem_time": null,
    "mp_time": null,
    "inh_time": null,
    "ilp_time": null,
    "surgeon_schedule": {
        "1": [
            11,
            20
        ],
        "2": [
            39,
            49
        ],
        "3": [
            4,
            26
        ],
        "4": [
            0
        ],
        "5": [
            7,
            40
        ],
        "6": [
            37
        ],
        "7": [
            44
        ],
        "8": [
            9,
            47
        ],
        "9": [
            18,
            31
        ]
    },
    "patient_schedule": {
        "0": 39,
        "1": 0,
        "2": 40,
        "3": 7,
        "4": 47,
        "5": 40,
        "6": 9,
        "10": 44,
        "12": 37,
        "14": 11,
        "15": 49,
        "18": 0,
        "19": 4,
        "20": 47,
        "21": 31,
        "23": 7,
        "24": 31,
        "28": 18,
        "29": 9,
        "30": 49,
        "31": 11,
        "32": 9,
        "33": 26,
        "34": 37,
        "35": 39,
        "37": 18,
        "38": 18,
        "40": 20,
        "44": 26,
        "45": 26,
        "46": 11,
        "47": 11
    },
    "instance": null,
    "parameters": null,
    "parameters_data": null,
    "patients": null,
    "capacity": null,
    "num_days": null,
    "num_ORs": null,
    "num_surgeons": null,
    "gap": 0.7528089887640449
}