{
    "proved_optimal": false,
    "obj": 55,
    "relax_obj": 29.666666666666668,
    "num_LCs": 30,
    "num_callbacks": 26,
    "num_CG_iterations": null,
    "num_columns": null,
    "num_nodes": null,
    "overall_time": 1200.0599896907806,
    "callback_time": 1.7043192386627197,
    "subproblem_time": null,
    "mp_time": null,
    "inh_time": null,
    "ilp_time": null,
    "surgeon_schedule": {
        "1": [
            16
        ],
        "2": [
            38
        ],
        "3": [
            24
        ],
        "5": [
            9,
            29,
            30
        ],
        "6": [
            5
        ],
        "8": [
            27,
            34
        ],
        "9": [
            0,
            20
        ],
        "10": [
            43
        ],
        "11": [
            10
        ]
    },
    "patient_schedule": {
        "0": 5,
        "1": 29,
        "2": 9,
        "4": 24,
        "5": 16,
        "7": 38,
        "10": 16,
        "12": 30,
        "13": 43,
        "14": 34,
        "15": 10,
        "18": 30,
        "20": 24,
        "21": 27,
        "23": 20,
        "24": 43,
        "26": 43,
        "28": 43,
        "29": 0,
        "30": 10,
        "31": 34,
        "32": 29,
        "33": 16,
        "34": 0,
        "35": 9,
        "37": 20,
        "38": 38,
        "39": 5,
        "45": 5,
        "46": 38,
        "50": 30
    },
    "instance": null,
    "parameters": null,
    "parameters_data": null,
    "patients": null,
    "capacity": null,
    "num_days": null,
    "num_ORs": null,
    "num_surgeons": null,
    "gap": 0.8539325842696629
}