{
    "proved_optimal": false,
    "obj": 52,
    "relax_obj": 29.666666666666668,
    "num_LCs": 45,
    "num_callbacks": 39,
    "num_CG_iterations": null,
    "num_columns": null,
    "num_nodes": null,
    "overall_time": 1200.013961315155,
    "callback_time": 2.5083603858947754,
    "subproblem_time": null,
    "mp_time": null,
    "inh_time": null,
    "ilp_time": null,
    "surgeon_schedule": {
        "1": [
            17,
            20
        ],
        "2": [
            7,
            39
        ],
        "3": [
            26
        ],
        "4": [
            4
        ],
        "5": [
            11,
            48
        ],
        "6": [
            40
        ],
        "7": [
            19
        ],
        "8": [
            0,
            37
        ],
        "9": [
            9,
            31,
            44
        ]
    },
    "patient_schedule": {
        "0": 7,
        "1": 4,
        "2": 48,
        "3": 11,
        "4": 37,
        "5": 11,
        "6": 0,
        "7": 48,
        "8": 40,
        "10": 19,
        "12": 40,
        "14": 20,
        "15": 39,
        "18": 4,
        "20": 0,
        "21": 9,
        "23": 48,
        "24": 31,
        "28": 31,
        "29": 37,
        "30": 39,
        "31": 17,
        "32": 37,
        "33": 26,
        "35": 7,
        "37": 44,
        "38": 31,
        "44": 26,
        "45": 26,
        "46": 17,
        "47": 20,
        "49": 11
    },
    "instance": null,
    "parameters": null,
    "parameters_data": null,
    "patients": null,
    "capacity": null,
    "num_days": null,
    "num_ORs": null,
    "num_surgeons": null,
    "gap": 0.7528089887640449
}