{
    "proved_optimal": true,
    "obj": 0,
    "relax_obj": 1.3877787807814457e-17,
    "num_LCs": 0,
    "num_callbacks": 0,
    "num_CG_iterations": 27,
    "num_columns": 225,
    "num_nodes": 7,
    "overall_time": 12.17977523803711,
    "callback_time": 0.0,
    "subproblem_time": 4.815968990325928,
    "mp_time": 7.331555366516113,
    "inh_time": null,
    "ilp_time": 0.0,
    "surgeon_schedule": {
        "0": [
            26,
            34
        ],
        "1": [
            17,
            30
        ],
        "4": [
            3,
            43
        ],
        "6": [
            19
        ],
        "7": [
            11,
            20
        ],
        "9": [
            38
        ]
    },
    "patient_schedule": {
        "24": 26,
        "25": 26,
        "40": 26,
        "12": 34,
        "15": 34,
        "21": 17,
        "36": 17,
        "3": 30,
        "4": 30,
        "5": 30,
        "23": 3,
        "33": 3,
        "1": 43,
        "26": 43,
        "41": 43,
        "43": 43,
        "16": 19,
        "39": 11,
        "42": 11,
        "44": 11,
        "19": 20,
        "28": 20,
        "2": 38,
        "7": 38,
        "31": 38
    },
    "instance": null,
    "parameters": null,
    "parameters_data": null,
    "patients": null,
    "capacity": null,
    "num_days": null,
    "num_ORs": null,
    "num_surgeons": null,
    "initial_heuristics_time": 0.0,
    "gap": null
}