{
    "proved_optimal": true,
    "obj": 45,
    "relax_obj": 45.0,
    "num_LCs": 27,
    "num_callbacks": 918,
    "num_CG_iterations": 28,
    "num_columns": 248,
    "num_nodes": 7,
    "overall_time": 21.91209602355957,
    "callback_time": 1.8862037658691406,
    "subproblem_time": 13.822238445281982,
    "mp_time": 8.068778276443481,
    "inh_time": null,
    "ilp_time": 0.0,
    "surgeon_schedule": {
        "0": [
            17
        ],
        "1": [
            7,
            39
        ],
        "3": [
            29
        ],
        "4": [
            0,
            19
        ],
        "5": [
            37
        ],
        "6": [
            9
        ],
        "7": [
            22,
            31
        ],
        "9": [
            4,
            10
        ],
        "10": [
            14
        ],
        "11": [
            43
        ]
    },
    "patient_schedule": {
        "15": 17,
        "40": 17,
        "3": 7,
        "21": 7,
        "4": 39,
        "5": 39,
        "36": 39,
        "10": 29,
        "1": 0,
        "43": 0,
        "33": 19,
        "41": 19,
        "14": 37,
        "18": 37,
        "16": 9,
        "19": 22,
        "39": 22,
        "42": 22,
        "46": 22,
        "6": 31,
        "28": 31,
        "2": 4,
        "35": 4,
        "13": 10,
        "31": 10,
        "38": 10,
        "37": 14,
        "0": 43,
        "11": 43,
        "20": 43,
        "32": 43
    },
    "instance": null,
    "parameters": null,
    "parameters_data": null,
    "patients": null,
    "capacity": null,
    "num_days": null,
    "num_ORs": null,
    "num_surgeons": null,
    "initial_heuristics_time": 0.0,
    "gap": 0.0
}