{
    "proved_optimal": true,
    "obj": 16,
    "relax_obj": 16.0,
    "num_LCs": 0,
    "num_callbacks": 407,
    "num_CG_iterations": 17,
    "num_columns": 173,
    "num_nodes": 1,
    "overall_time": 8.695626258850098,
    "callback_time": 1.1959459781646729,
    "subproblem_time": 4.713405132293701,
    "mp_time": 3.975426197052002,
    "inh_time": null,
    "ilp_time": 0.0,
    "surgeon_schedule": {
        "0": [
            15,
            34
        ],
        "1": [
            20,
            39
        ],
        "3": [
            10,
            40
        ],
        "4": [
            7,
            49
        ],
        "5": [
            19,
            26,
            47
        ],
        "7": [
            1,
            30
        ],
        "9": [
            9,
            37,
            44
        ]
    },
    "patient_schedule": {
        "12": 15,
        "25": 15,
        "40": 15,
        "15": 34,
        "21": 20,
        "36": 20,
        "3": 39,
        "4": 39,
        "5": 39,
        "10": 10,
        "34": 40,
        "1": 7,
        "43": 7,
        "33": 49,
        "41": 49,
        "18": 19,
        "27": 19,
        "8": 26,
        "14": 26,
        "22": 26,
        "47": 47,
        "39": 1,
        "42": 1,
        "44": 1,
        "19": 30,
        "28": 30,
        "31": 9,
        "38": 9,
        "2": 37,
        "35": 37,
        "7": 44,
        "13": 44
    },
    "instance": null,
    "parameters": null,
    "parameters_data": null,
    "patients": null,
    "capacity": null,
    "num_days": null,
    "num_ORs": null,
    "num_surgeons": null,
    "initial_heuristics_time": 0.0,
    "gap": 0.0
}