{
    "proved_optimal": true,
    "obj": 32,
    "relax_obj": 32.0,
    "num_LCs": 0,
    "num_callbacks": 0,
    "num_CG_iterations": 19,
    "num_columns": 195,
    "num_nodes": 1,
    "overall_time": 8.395257711410522,
    "callback_time": 0.0,
    "subproblem_time": 4.207521438598633,
    "mp_time": 4.180843353271484,
    "inh_time": null,
    "ilp_time": 0.0,
    "surgeon_schedule": {
        "0": [
            20,
            30
        ],
        "1": [
            9,
            47
        ],
        "3": [
            4
        ],
        "4": [
            7,
            44
        ],
        "5": [
            0,
            27,
            37
        ],
        "6": [
            24
        ],
        "7": [
            34,
            49
        ],
        "9": [
            29,
            39
        ],
        "10": [
            40
        ],
        "11": [
            13
        ]
    },
    "patient_schedule": {
        "40": 20,
        "12": 30,
        "15": 30,
        "21": 9,
        "36": 9,
        "3": 47,
        "4": 47,
        "5": 47,
        "10": 4,
        "33": 7,
        "41": 7,
        "1": 44,
        "43": 44,
        "47": 0,
        "22": 27,
        "14": 37,
        "18": 37,
        "45": 24,
        "19": 34,
        "28": 34,
        "42": 49,
        "44": 49,
        "2": 29,
        "13": 29,
        "38": 29,
        "31": 39,
        "35": 39,
        "37": 40,
        "0": 13,
        "11": 13,
        "20": 13,
        "32": 13
    },
    "instance": null,
    "parameters": null,
    "parameters_data": null,
    "patients": null,
    "capacity": null,
    "num_days": null,
    "num_ORs": null,
    "num_surgeons": null,
    "initial_heuristics_time": 0.0,
    "gap": 0.0
}