{
    "proved_optimal": true,
    "obj": 35,
    "relax_obj": 34.5,
    "num_LCs": 5,
    "num_callbacks": 448,
    "num_CG_iterations": 19,
    "num_columns": 194,
    "num_nodes": 1,
    "overall_time": 8.556637525558472,
    "callback_time": 1.0145955085754395,
    "subproblem_time": 4.817288398742676,
    "mp_time": 3.732022762298584,
    "inh_time": null,
    "ilp_time": 0.0,
    "surgeon_schedule": {
        "0": [
            31
        ],
        "1": [
            29,
            40
        ],
        "3": [
            37
        ],
        "4": [
            4,
            49
        ],
        "5": [
            39,
            47
        ],
        "6": [
            19,
            27
        ],
        "7": [
            12,
            20
        ],
        "9": [
            0,
            24,
            44
        ],
        "11": [
            8
        ]
    },
    "patient_schedule": {
        "12": 31,
        "25": 31,
        "40": 31,
        "21": 29,
        "36": 29,
        "3": 40,
        "4": 40,
        "5": 40,
        "10": 37,
        "33": 4,
        "41": 4,
        "1": 49,
        "43": 49,
        "18": 39,
        "22": 39,
        "14": 47,
        "45": 19,
        "16": 27,
        "6": 12,
        "42": 12,
        "46": 12,
        "19": 20,
        "28": 20,
        "2": 0,
        "13": 0,
        "38": 0,
        "31": 24,
        "35": 24,
        "7": 44,
        "11": 8,
        "20": 8
    },
    "instance": null,
    "parameters": null,
    "parameters_data": null,
    "patients": null,
    "capacity": null,
    "num_days": null,
    "num_ORs": null,
    "num_surgeons": null,
    "initial_heuristics_time": 0.0,
    "gap": 0.014492753623188406
}