{
    "proved_optimal": true,
    "obj": 0,
    "relax_obj": -1.3877787807814457e-17,
    "num_LCs": 0,
    "num_callbacks": 0,
    "num_CG_iterations": 20,
    "num_columns": 200,
    "num_nodes": 1,
    "overall_time": 9.130222082138062,
    "callback_time": 0.0,
    "subproblem_time": 4.596189022064209,
    "mp_time": 4.525979280471802,
    "inh_time": null,
    "ilp_time": 0.0,
    "surgeon_schedule": {
        "0": [
            20,
            36
        ],
        "4": [
            3,
            13
        ],
        "5": [
            49
        ],
        "7": [
            26,
            41
        ],
        "9": [
            30,
            47
        ]
    },
    "patient_schedule": {
        "15": 20,
        "40": 20,
        "12": 36,
        "24": 36,
        "25": 36,
        "1": 3,
        "26": 3,
        "41": 3,
        "43": 3,
        "23": 13,
        "33": 13,
        "47": 49,
        "19": 26,
        "39": 26,
        "42": 26,
        "46": 26,
        "6": 41,
        "28": 41,
        "2": 30,
        "35": 30,
        "13": 47,
        "31": 47,
        "38": 47
    },
    "instance": null,
    "parameters": null,
    "parameters_data": null,
    "patients": null,
    "capacity": null,
    "num_days": null,
    "num_ORs": null,
    "num_surgeons": null,
    "initial_heuristics_time": 0.0,
    "gap": null
}