{
    "proved_optimal": true,
    "obj": 16,
    "relax_obj": 16.0,
    "num_LCs": 0,
    "num_callbacks": 0,
    "num_CG_iterations": 15,
    "num_columns": 151,
    "num_nodes": 1,
    "overall_time": 3.567122220993042,
    "callback_time": 0.0,
    "subproblem_time": 1.4282317161560059,
    "mp_time": 2.134643793106079,
    "inh_time": null,
    "ilp_time": 0.0,
    "surgeon_schedule": {
        "0": [
            25,
            37
        ],
        "1": [
            7,
            49
        ],
        "3": [
            9,
            34
        ],
        "4": [
            14,
            30
        ],
        "5": [
            18,
            20,
            40
        ],
        "6": [
            0,
            10
        ],
        "7": [
            39,
            47
        ],
        "9": [
            4,
            29,
            44
        ]
    },
    "patient_schedule": {
        "12": 25,
        "25": 25,
        "40": 25,
        "15": 37,
        "3": 7,
        "21": 7,
        "4": 49,
        "5": 49,
        "36": 49,
        "34": 9,
        "10": 34,
        "1": 14,
        "43": 14,
        "33": 30,
        "41": 30,
        "14": 18,
        "18": 18,
        "22": 18,
        "27": 20,
        "47": 40,
        "45": 0,
        "16": 10,
        "42": 39,
        "44": 39,
        "19": 47,
        "28": 47,
        "2": 4,
        "13": 4,
        "7": 29,
        "38": 29,
        "31": 44,
        "35": 44
    },
    "instance": null,
    "parameters": null,
    "parameters_data": null,
    "patients": null,
    "capacity": null,
    "num_days": null,
    "num_ORs": null,
    "num_surgeons": null,
    "initial_heuristics_time": 0.0,
    "gap": 0.0
}