{
    "proved_optimal": true,
    "obj": 34,
    "relax_obj": -96,
    "num_LCs": 0,
    "num_callbacks": 0,
    "num_CG_iterations": 22,
    "num_columns": 216,
    "num_nodes": 1,
    "overall_time": 8.110093116760254,
    "callback_time": 0.0,
    "subproblem_time": 3.6310625076293945,
    "mp_time": 4.468815565109253,
    "inh_time": null,
    "ilp_time": 0.0,
    "surgeon_schedule": {
        "0": [
            45
        ],
        "1": [
            10,
            20
        ],
        "3": [
            24
        ],
        "4": [
            17,
            39
        ],
        "5": [
            9,
            14
        ],
        "6": [
            29,
            30
        ],
        "7": [
            35,
            49
        ],
        "9": [
            1,
            19
        ],
        "10": [
            7
        ],
        "11": [
            27,
            40
        ]
    },
    "patient_schedule": {
        "12": 45,
        "25": 45,
        "40": 45,
        "3": 10,
        "21": 10,
        "4": 20,
        "5": 20,
        "36": 20,
        "10": 24,
        "33": 17,
        "41": 17,
        "1": 39,
        "43": 39,
        "22": 9,
        "14": 14,
        "18": 14,
        "16": 29,
        "45": 30,
        "6": 35,
        "28": 35,
        "19": 49,
        "42": 49,
        "2": 1,
        "13": 1,
        "31": 1,
        "35": 1,
        "7": 19,
        "38": 19,
        "37": 7,
        "11": 27,
        "20": 40
    },
    "instance": null,
    "parameters": null,
    "parameters_data": null,
    "patients": null,
    "capacity": null,
    "num_days": null,
    "num_ORs": null,
    "num_surgeons": null,
    "initial_heuristics_time": 0.0,
    "gap": -1.3541666666666667
}