{
    "proved_optimal": true,
    "obj": 45,
    "relax_obj": 45.0,
    "num_LCs": 3,
    "num_callbacks": 697,
    "num_CG_iterations": 24,
    "num_columns": 230,
    "num_nodes": 3,
    "overall_time": 16.428333282470703,
    "callback_time": 1.821838617324829,
    "subproblem_time": 10.083338499069214,
    "mp_time": 6.327282428741455,
    "inh_time": null,
    "ilp_time": 0.0,
    "surgeon_schedule": {
        "0": [
            7
        ],
        "1": [
            14,
            20
        ],
        "3": [
            19
        ],
        "4": [
            28
        ],
        "5": [
            24,
            40
        ],
        "6": [
            10
        ],
        "7": [
            1,
            32
        ],
        "9": [
            9,
            17
        ],
        "10": [
            39
        ],
        "11": [
            46
        ]
    },
    "patient_schedule": {
        "15": 7,
        "40": 7,
        "21": 14,
        "36": 14,
        "3": 20,
        "4": 20,
        "5": 20,
        "10": 19,
        "1": 28,
        "33": 28,
        "41": 28,
        "43": 28,
        "14": 24,
        "18": 24,
        "47": 40,
        "16": 10,
        "6": 1,
        "28": 1,
        "19": 32,
        "39": 32,
        "42": 32,
        "46": 32,
        "2": 9,
        "13": 9,
        "38": 9,
        "31": 17,
        "35": 17,
        "37": 39,
        "11": 46,
        "20": 46,
        "32": 46
    },
    "instance": null,
    "parameters": null,
    "parameters_data": null,
    "patients": null,
    "capacity": null,
    "num_days": null,
    "num_ORs": null,
    "num_surgeons": null,
    "initial_heuristics_time": 0.0,
    "gap": 0.0
}