{
    "proved_optimal": true,
    "obj": 40,
    "relax_obj": 40.0,
    "num_LCs": 0,
    "num_callbacks": 0,
    "num_CG_iterations": 25,
    "num_columns": 222,
    "num_nodes": 7,
    "overall_time": 12.629217863082886,
    "callback_time": 0.0,
    "subproblem_time": 5.8322765827178955,
    "mp_time": 6.7666332721710205,
    "inh_time": null,
    "ilp_time": 0.0,
    "surgeon_schedule": {
        "0": [
            24,
            36
        ],
        "1": [
            7,
            27
        ],
        "4": [
            4,
            10
        ],
        "5": [
            9,
            20
        ],
        "7": [
            0,
            15
        ],
        "9": [
            19,
            29
        ],
        "10": [
            30
        ],
        "11": [
            43
        ]
    },
    "patient_schedule": {
        "12": 24,
        "15": 24,
        "24": 36,
        "25": 36,
        "40": 36,
        "3": 7,
        "21": 7,
        "4": 27,
        "5": 27,
        "36": 27,
        "33": 4,
        "41": 4,
        "1": 10,
        "43": 10,
        "14": 9,
        "18": 9,
        "47": 20,
        "19": 0,
        "28": 0,
        "39": 15,
        "42": 15,
        "44": 15,
        "2": 19,
        "13": 19,
        "38": 19,
        "31": 29,
        "35": 29,
        "37": 30,
        "0": 43,
        "11": 43,
        "20": 43,
        "32": 43
    },
    "instance": null,
    "parameters": null,
    "parameters_data": null,
    "patients": null,
    "capacity": null,
    "num_days": null,
    "num_ORs": null,
    "num_surgeons": null,
    "initial_heuristics_time": 0.0,
    "gap": 0.0
}