{
    "proved_optimal": true,
    "obj": 40,
    "relax_obj": -97,
    "num_LCs": 0,
    "num_callbacks": 0,
    "num_CG_iterations": 18,
    "num_columns": 179,
    "num_nodes": 1,
    "overall_time": 6.540168762207031,
    "callback_time": 0.0,
    "subproblem_time": 3.191697835922241,
    "mp_time": 3.3396379947662354,
    "inh_time": null,
    "ilp_time": 0.0,
    "surgeon_schedule": {
        "0": [
            6
        ],
        "1": [
            14,
            30
        ],
        "3": [
            34,
            44
        ],
        "4": [
            17,
            24
        ],
        "5": [
            19
        ],
        "7": [
            0,
            28,
            37
        ],
        "9": [
            10,
            48
        ],
        "10": [
            20
        ],
        "11": [
            39,
            40
        ]
    },
    "patient_schedule": {
        "12": 6,
        "15": 6,
        "24": 6,
        "40": 6,
        "4": 14,
        "5": 14,
        "36": 14,
        "3": 30,
        "21": 30,
        "10": 34,
        "34": 44,
        "33": 17,
        "41": 17,
        "1": 24,
        "43": 24,
        "14": 19,
        "18": 19,
        "28": 0,
        "19": 28,
        "42": 28,
        "46": 28,
        "44": 37,
        "7": 10,
        "38": 10,
        "2": 48,
        "13": 48,
        "31": 48,
        "35": 48,
        "37": 20,
        "11": 39,
        "20": 40
    },
    "instance": null,
    "parameters": null,
    "parameters_data": null,
    "patients": null,
    "capacity": null,
    "num_days": null,
    "num_ORs": null,
    "num_surgeons": null,
    "initial_heuristics_time": 0.0,
    "gap": -1.4123711340206186
}