{
    "proved_optimal": true,
    "obj": 32,
    "relax_obj": 32.0,
    "num_LCs": 31,
    "num_callbacks": 494,
    "num_CG_iterations": 20,
    "num_columns": 205,
    "num_nodes": 1,
    "overall_time": 9.736236333847046,
    "callback_time": 1.0487277507781982,
    "subproblem_time": 5.261694669723511,
    "mp_time": 4.4674317836761475,
    "inh_time": null,
    "ilp_time": 0.0,
    "surgeon_schedule": {
        "0": [
            9,
            17
        ],
        "1": [
            19,
            27
        ],
        "3": [
            4
        ],
        "4": [
            20,
            44
        ],
        "5": [
            14,
            29,
            47
        ],
        "6": [
            0
        ],
        "7": [
            7,
            40
        ],
        "9": [
            10,
            24
        ],
        "10": [
            49
        ],
        "11": [
            33
        ]
    },
    "patient_schedule": {
        "12": 9,
        "15": 9,
        "40": 17,
        "3": 19,
        "4": 19,
        "5": 19,
        "21": 27,
        "36": 27,
        "10": 4,
        "1": 20,
        "43": 20,
        "33": 44,
        "41": 44,
        "18": 14,
        "22": 14,
        "47": 29,
        "14": 47,
        "45": 0,
        "42": 7,
        "44": 7,
        "19": 40,
        "28": 40,
        "13": 10,
        "31": 10,
        "38": 10,
        "2": 24,
        "35": 24,
        "37": 49,
        "0": 33,
        "11": 33,
        "20": 33,
        "32": 33
    },
    "instance": null,
    "parameters": null,
    "parameters_data": null,
    "patients": null,
    "capacity": null,
    "num_days": null,
    "num_ORs": null,
    "num_surgeons": null,
    "initial_heuristics_time": 0.0,
    "gap": 0.0
}