{
    "proved_optimal": true,
    "obj": 34,
    "relax_obj": 34.0,
    "num_LCs": 0,
    "num_callbacks": 0,
    "num_CG_iterations": 18,
    "num_columns": 184,
    "num_nodes": 1,
    "overall_time": 8.265215396881104,
    "callback_time": 0.0,
    "subproblem_time": 5.211219310760498,
    "mp_time": 3.0451035499572754,
    "inh_time": null,
    "ilp_time": 0.0,
    "surgeon_schedule": {
        "0": [
            5
        ],
        "1": [
            20,
            39
        ],
        "3": [
            19
        ],
        "4": [
            17,
            40
        ],
        "5": [
            0,
            37
        ],
        "6": [
            29,
            44
        ],
        "7": [
            9,
            31
        ],
        "9": [
            10,
            27,
            49
        ],
        "10": [
            14
        ],
        "11": [
            24,
            47
        ]
    },
    "patient_schedule": {
        "12": 5,
        "25": 5,
        "40": 5,
        "3": 20,
        "21": 20,
        "4": 39,
        "5": 39,
        "36": 39,
        "10": 19,
        "33": 17,
        "41": 17,
        "1": 40,
        "43": 40,
        "18": 0,
        "22": 0,
        "14": 37,
        "16": 29,
        "45": 44,
        "19": 9,
        "42": 9,
        "6": 31,
        "28": 31,
        "7": 10,
        "2": 27,
        "35": 27,
        "13": 49,
        "31": 49,
        "38": 49,
        "37": 14,
        "20": 24,
        "11": 47
    },
    "instance": null,
    "parameters": null,
    "parameters_data": null,
    "patients": null,
    "capacity": null,
    "num_days": null,
    "num_ORs": null,
    "num_surgeons": null,
    "initial_heuristics_time": 0.0,
    "gap": 0.0
}