{
    "proved_optimal": true,
    "obj": 16,
    "relax_obj": 16.0,
    "num_LCs": 12,
    "num_callbacks": 382,
    "num_CG_iterations": 16,
    "num_columns": 163,
    "num_nodes": 1,
    "overall_time": 6.856703758239746,
    "callback_time": 0.9590561389923096,
    "subproblem_time": 3.847720146179199,
    "mp_time": 3.0028398036956787,
    "inh_time": null,
    "ilp_time": 0.0,
    "surgeon_schedule": {
        "0": [
            26,
            47
        ],
        "1": [
            19,
            40
        ],
        "4": [
            7,
            49
        ],
        "5": [
            0,
            10,
            20,
            39
        ],
        "7": [
            4,
            30
        ],
        "9": [
            9,
            37,
            44
        ],
        "11": [
            15,
            34
        ]
    },
    "patient_schedule": {
        "12": 26,
        "24": 26,
        "25": 26,
        "15": 47,
        "40": 47,
        "4": 19,
        "5": 19,
        "36": 19,
        "3": 40,
        "21": 40,
        "1": 7,
        "43": 7,
        "33": 49,
        "41": 49,
        "14": 0,
        "18": 0,
        "27": 10,
        "47": 20,
        "22": 39,
        "42": 4,
        "44": 4,
        "19": 30,
        "28": 30,
        "31": 9,
        "38": 9,
        "2": 37,
        "35": 37,
        "7": 44,
        "13": 44,
        "0": 15,
        "11": 15,
        "20": 34
    },
    "instance": null,
    "parameters": null,
    "parameters_data": null,
    "patients": null,
    "capacity": null,
    "num_days": null,
    "num_ORs": null,
    "num_surgeons": null,
    "initial_heuristics_time": 0.0,
    "gap": 0.0
}