{
    "proved_optimal": true,
    "obj": 41,
    "relax_obj": -32,
    "num_LCs": 0,
    "num_callbacks": 0,
    "num_CG_iterations": 18,
    "num_columns": 178,
    "num_nodes": 1,
    "overall_time": 4.9172186851501465,
    "callback_time": 0.0,
    "subproblem_time": 1.9405570030212402,
    "mp_time": 2.9688327312469482,
    "inh_time": null,
    "ilp_time": 0.0,
    "surgeon_schedule": {
        "0": [
            10,
            44
        ],
        "1": [
            9,
            17
        ],
        "3": [
            7,
            29
        ],
        "4": [
            31
        ],
        "5": [
            4,
            19,
            27,
            49
        ],
        "7": [
            20,
            38
        ],
        "9": [
            14,
            24,
            47
        ],
        "11": [
            0,
            40
        ]
    },
    "patient_schedule": {
        "12": 10,
        "15": 44,
        "40": 44,
        "4": 9,
        "5": 9,
        "36": 9,
        "3": 17,
        "21": 17,
        "34": 7,
        "10": 29,
        "1": 31,
        "33": 31,
        "41": 31,
        "43": 31,
        "27": 4,
        "47": 19,
        "22": 27,
        "14": 49,
        "18": 49,
        "19": 20,
        "28": 20,
        "39": 38,
        "42": 38,
        "44": 38,
        "31": 14,
        "35": 14,
        "7": 24,
        "2": 47,
        "13": 47,
        "38": 47,
        "11": 0,
        "20": 40
    },
    "instance": null,
    "parameters": null,
    "parameters_data": null,
    "patients": null,
    "capacity": null,
    "num_days": null,
    "num_ORs": null,
    "num_surgeons": null,
    "initial_heuristics_time": 0.0,
    "gap": -2.28125
}