{
    "proved_optimal": true,
    "obj": 0,
    "relax_obj": 1.3877787807814457e-17,
    "num_LCs": 13,
    "num_callbacks": 726,
    "num_CG_iterations": 23,
    "num_columns": 218,
    "num_nodes": 3,
    "overall_time": 11.602199792861938,
    "callback_time": 1.5748071670532227,
    "subproblem_time": 6.683783292770386,
    "mp_time": 4.903815746307373,
    "inh_time": null,
    "ilp_time": 0.0,
    "surgeon_schedule": {
        "0": [
            6,
            17
        ],
        "4": [
            23,
            43
        ],
        "6": [
            19
        ],
        "7": [
            11,
            36
        ],
        "9": [
            0,
            30
        ]
    },
    "patient_schedule": {
        "12": 6,
        "24": 6,
        "25": 6,
        "15": 17,
        "40": 17,
        "23": 23,
        "33": 23,
        "1": 43,
        "26": 43,
        "41": 43,
        "43": 43,
        "16": 19,
        "28": 11,
        "46": 11,
        "6": 36,
        "19": 36,
        "39": 36,
        "42": 36,
        "13": 0,
        "31": 0,
        "38": 0,
        "2": 30,
        "35": 30
    },
    "instance": null,
    "parameters": null,
    "parameters_data": null,
    "patients": null,
    "capacity": null,
    "num_days": null,
    "num_ORs": null,
    "num_surgeons": null,
    "initial_heuristics_time": 0.0,
    "gap": null
}