{
    "proved_optimal": true,
    "obj": 0,
    "relax_obj": 1.3877787807814457e-17,
    "num_LCs": 0,
    "num_callbacks": 0,
    "num_CG_iterations": 28,
    "num_columns": 238,
    "num_nodes": 7,
    "overall_time": 14.123893737792969,
    "callback_time": 0.0,
    "subproblem_time": 6.092620372772217,
    "mp_time": 8.002811431884766,
    "inh_time": null,
    "ilp_time": 0.0,
    "surgeon_schedule": {
        "0": [
            17,
            26
        ],
        "1": [
            10,
            47
        ],
        "4": [
            3,
            33
        ],
        "5": [
            19,
            49
        ],
        "6": [
            14
        ],
        "7": [
            20,
            41
        ]
    },
    "patient_schedule": {
        "15": 17,
        "40": 17,
        "12": 26,
        "24": 26,
        "25": 26,
        "4": 10,
        "5": 10,
        "36": 10,
        "3": 47,
        "21": 47,
        "1": 3,
        "26": 3,
        "41": 3,
        "43": 3,
        "23": 33,
        "33": 33,
        "14": 19,
        "18": 19,
        "47": 49,
        "16": 14,
        "19": 20,
        "28": 20,
        "39": 41,
        "42": 41,
        "44": 41
    },
    "instance": null,
    "parameters": null,
    "parameters_data": null,
    "patients": null,
    "capacity": null,
    "num_days": null,
    "num_ORs": null,
    "num_surgeons": null,
    "initial_heuristics_time": 0.0,
    "gap": null
}