{
    "proved_optimal": true,
    "obj": 45,
    "relax_obj": 45.0,
    "num_LCs": 0,
    "num_callbacks": 0,
    "num_CG_iterations": 21,
    "num_columns": 214,
    "num_nodes": 1,
    "overall_time": 11.97793960571289,
    "callback_time": 0.0,
    "subproblem_time": 7.206834077835083,
    "mp_time": 4.762214183807373,
    "inh_time": null,
    "ilp_time": 0.0,
    "surgeon_schedule": {
        "0": [
            39,
            42
        ],
        "1": [
            34,
            49
        ],
        "3": [
            24
        ],
        "4": [
            19,
            27
        ],
        "5": [
            17,
            30
        ],
        "6": [
            10
        ],
        "7": [
            3,
            14
        ],
        "9": [
            20,
            37
        ],
        "10": [
            29
        ]
    },
    "patient_schedule": {
        "15": 39,
        "40": 39,
        "12": 42,
        "24": 42,
        "25": 42,
        "3": 34,
        "21": 34,
        "4": 49,
        "5": 49,
        "36": 49,
        "10": 24,
        "33": 19,
        "41": 19,
        "1": 27,
        "43": 27,
        "47": 17,
        "14": 30,
        "18": 30,
        "16": 10,
        "6": 3,
        "39": 3,
        "42": 3,
        "46": 3,
        "19": 14,
        "28": 14,
        "31": 20,
        "35": 20,
        "2": 37,
        "13": 37,
        "38": 37,
        "37": 29
    },
    "instance": null,
    "parameters": null,
    "parameters_data": null,
    "patients": null,
    "capacity": null,
    "num_days": null,
    "num_ORs": null,
    "num_surgeons": null,
    "initial_heuristics_time": 0.0,
    "gap": 0.0
}