{
    "proved_optimal": true,
    "obj": 34,
    "relax_obj": 34.0,
    "num_LCs": 15,
    "num_callbacks": 414,
    "num_CG_iterations": 19,
    "num_columns": 195,
    "num_nodes": 1,
    "overall_time": 7.468300819396973,
    "callback_time": 0.8679883480072021,
    "subproblem_time": 4.198405027389526,
    "mp_time": 3.2625696659088135,
    "inh_time": null,
    "ilp_time": 0.0,
    "surgeon_schedule": {
        "0": [
            15
        ],
        "1": [
            8
        ],
        "3": [
            44
        ],
        "4": [
            29,
            40
        ],
        "5": [
            24,
            47
        ],
        "6": [
            4,
            10
        ],
        "7": [
            38,
            49
        ],
        "9": [
            19,
            27,
            30
        ],
        "10": [
            0
        ],
        "11": [
            20,
            34
        ]
    },
    "patient_schedule": {
        "12": 15,
        "25": 15,
        "40": 15,
        "3": 8,
        "4": 8,
        "5": 8,
        "21": 8,
        "36": 8,
        "10": 44,
        "1": 29,
        "43": 29,
        "33": 40,
        "41": 40,
        "14": 24,
        "18": 47,
        "22": 47,
        "45": 4,
        "16": 10,
        "6": 38,
        "28": 38,
        "19": 49,
        "42": 49,
        "13": 19,
        "31": 19,
        "38": 19,
        "2": 27,
        "35": 27,
        "7": 30,
        "37": 0,
        "20": 20,
        "11": 34
    },
    "instance": null,
    "parameters": null,
    "parameters_data": null,
    "patients": null,
    "capacity": null,
    "num_days": null,
    "num_ORs": null,
    "num_surgeons": null,
    "initial_heuristics_time": 0.0,
    "gap": 0.0
}