{
    "proved_optimal": true,
    "obj": 0,
    "relax_obj": -1.3877787807814457e-17,
    "num_LCs": 14,
    "num_callbacks": 864,
    "num_CG_iterations": 28,
    "num_columns": 233,
    "num_nodes": 9,
    "overall_time": 16.125423431396484,
    "callback_time": 1.8676373958587646,
    "subproblem_time": 8.321002721786499,
    "mp_time": 7.773279905319214,
    "inh_time": null,
    "ilp_time": 0.0,
    "surgeon_schedule": {
        "0": [
            4,
            42
        ],
        "1": [
            34,
            49
        ],
        "4": [
            13,
            23
        ],
        "5": [
            0,
            30
        ],
        "6": [
            9
        ],
        "7": [
            7,
            38
        ]
    },
    "patient_schedule": {
        "12": 4,
        "15": 4,
        "24": 42,
        "25": 42,
        "40": 42,
        "3": 34,
        "21": 34,
        "4": 49,
        "5": 49,
        "36": 49,
        "1": 13,
        "26": 13,
        "41": 13,
        "43": 13,
        "23": 23,
        "33": 23,
        "47": 0,
        "14": 30,
        "18": 30,
        "16": 9,
        "19": 7,
        "28": 7,
        "39": 38,
        "42": 38,
        "44": 38
    },
    "instance": null,
    "parameters": null,
    "parameters_data": null,
    "patients": null,
    "capacity": null,
    "num_days": null,
    "num_ORs": null,
    "num_surgeons": null,
    "initial_heuristics_time": 0.0,
    "gap": null
}