{
    "proved_optimal": true,
    "obj": 13,
    "relax_obj": -110,
    "num_LCs": 0,
    "num_callbacks": 0,
    "num_CG_iterations": 23,
    "num_columns": 243,
    "num_nodes": 1,
    "overall_time": 14.36369514465332,
    "callback_time": 0.0,
    "subproblem_time": 8.57142162322998,
    "mp_time": 5.780024290084839,
    "inh_time": null,
    "ilp_time": 0.0,
    "surgeon_schedule": {
        "0": [
            49
        ],
        "1": [
            1
        ],
        "2": [
            14,
            20
        ],
        "3": [
            10
        ],
        "4": [
            38
        ],
        "5": [
            34
        ],
        "6": [
            24
        ],
        "7": [
            8,
            19,
            29
        ],
        "8": [
            30
        ],
        "9": [
            42
        ],
        "10": [
            17
        ],
        "11": [
            27
        ]
    },
    "patient_schedule": {
        "21": 49,
        "25": 49,
        "0": 1,
        "42": 1,
        "49": 1,
        "13": 14,
        "43": 14,
        "4": 20,
        "27": 20,
        "37": 20,
        "7": 10,
        "24": 38,
        "26": 38,
        "39": 38,
        "14": 34,
        "47": 34,
        "5": 24,
        "52": 24,
        "6": 8,
        "20": 8,
        "40": 8,
        "18": 19,
        "23": 29,
        "10": 30,
        "48": 30,
        "2": 42,
        "16": 42,
        "28": 42,
        "30": 42,
        "31": 42,
        "53": 42,
        "1": 17,
        "38": 17,
        "17": 27,
        "22": 27
    },
    "instance": null,
    "parameters": null,
    "parameters_data": null,
    "patients": null,
    "capacity": null,
    "num_days": null,
    "num_ORs": null,
    "num_surgeons": null,
    "initial_heuristics_time": 0.0,
    "gap": -1.1181818181818182
}