{
    "proved_optimal": true,
    "obj": 56,
    "relax_obj": 56.0,
    "num_LCs": 0,
    "num_callbacks": 0,
    "num_CG_iterations": 21,
    "num_columns": 226,
    "num_nodes": 1,
    "overall_time": 13.614925384521484,
    "callback_time": 0.0,
    "subproblem_time": 8.355475187301636,
    "mp_time": 5.250784158706665,
    "inh_time": null,
    "ilp_time": 0.0,
    "surgeon_schedule": {
        "0": [
            24,
            36
        ],
        "1": [
            29
        ],
        "2": [
            4,
            30
        ],
        "3": [
            41
        ],
        "4": [
            0
        ],
        "6": [
            27
        ],
        "7": [
            48
        ],
        "8": [
            19
        ],
        "9": [
            15,
            20
        ],
        "11": [
            8,
            10
        ]
    },
    "patient_schedule": {
        "12": 24,
        "8": 36,
        "21": 36,
        "54": 36,
        "55": 36,
        "0": 29,
        "49": 29,
        "4": 4,
        "27": 4,
        "37": 4,
        "13": 30,
        "43": 30,
        "7": 41,
        "35": 41,
        "51": 41,
        "39": 0,
        "44": 0,
        "5": 27,
        "52": 27,
        "6": 48,
        "20": 48,
        "40": 48,
        "10": 19,
        "48": 19,
        "2": 15,
        "29": 15,
        "53": 15,
        "16": 20,
        "28": 20,
        "31": 20,
        "33": 8,
        "45": 8,
        "17": 10,
        "22": 10
    },
    "instance": null,
    "parameters": null,
    "parameters_data": null,
    "patients": null,
    "capacity": null,
    "num_days": null,
    "num_ORs": null,
    "num_surgeons": null,
    "initial_heuristics_time": 0.0,
    "gap": 0.0
}