{
    "proved_optimal": true,
    "obj": 22,
    "relax_obj": 22.0,
    "num_LCs": 9,
    "num_callbacks": 807,
    "num_CG_iterations": 22,
    "num_columns": 237,
    "num_nodes": 1,
    "overall_time": 15.777075290679932,
    "callback_time": 2.3458940982818604,
    "subproblem_time": 10.642803192138672,
    "mp_time": 5.125836610794067,
    "inh_time": null,
    "ilp_time": 0.0,
    "surgeon_schedule": {
        "0": [
            19
        ],
        "1": [
            28
        ],
        "2": [
            17,
            44
        ],
        "3": [
            21
        ],
        "4": [
            39
        ],
        "6": [
            48
        ],
        "7": [
            5
        ],
        "8": [
            40
        ],
        "9": [
            0,
            32
        ],
        "11": [
            9,
            11
        ]
    },
    "patient_schedule": {
        "8": 19,
        "25": 19,
        "0": 28,
        "42": 28,
        "49": 28,
        "13": 17,
        "43": 17,
        "4": 44,
        "27": 44,
        "37": 44,
        "7": 21,
        "35": 21,
        "51": 21,
        "39": 39,
        "44": 39,
        "5": 48,
        "11": 48,
        "36": 48,
        "6": 5,
        "20": 5,
        "40": 5,
        "10": 40,
        "48": 40,
        "28": 0,
        "29": 0,
        "2": 32,
        "30": 32,
        "31": 32,
        "34": 32,
        "53": 32,
        "17": 9,
        "22": 9,
        "33": 11,
        "45": 11
    },
    "instance": null,
    "parameters": null,
    "parameters_data": null,
    "patients": null,
    "capacity": null,
    "num_days": null,
    "num_ORs": null,
    "num_surgeons": null,
    "initial_heuristics_time": 0.0,
    "gap": 0.0
}