{
    "proved_optimal": true,
    "obj": 20,
    "relax_obj": 20.0,
    "num_LCs": 36,
    "num_callbacks": 562,
    "num_CG_iterations": 18,
    "num_columns": 203,
    "num_nodes": 1,
    "overall_time": 10.917656183242798,
    "callback_time": 1.3692634105682373,
    "subproblem_time": 6.545618295669556,
    "mp_time": 4.361849069595337,
    "inh_time": null,
    "ilp_time": 0.0,
    "surgeon_schedule": {
        "0": [
            0
        ],
        "1": [
            11,
            20
        ],
        "2": [
            19,
            47
        ],
        "3": [
            31
        ],
        "4": [
            25
        ],
        "5": [
            39
        ],
        "6": [
            4
        ],
        "7": [
            7,
            37,
            40
        ],
        "8": [
            49
        ],
        "9": [
            44
        ],
        "10": [
            9
        ],
        "11": [
            17,
            29
        ]
    },
    "patient_schedule": {
        "21": 0,
        "25": 0,
        "0": 11,
        "9": 11,
        "42": 11,
        "49": 20,
        "13": 19,
        "43": 19,
        "4": 47,
        "27": 47,
        "37": 47,
        "7": 31,
        "35": 31,
        "51": 31,
        "24": 25,
        "26": 25,
        "39": 25,
        "14": 39,
        "47": 39,
        "5": 4,
        "52": 4,
        "20": 7,
        "23": 37,
        "6": 40,
        "18": 40,
        "10": 49,
        "48": 49,
        "16": 44,
        "28": 44,
        "34": 44,
        "53": 44,
        "1": 9,
        "38": 9,
        "33": 17,
        "17": 29,
        "22": 29
    },
    "instance": null,
    "parameters": null,
    "parameters_data": null,
    "patients": null,
    "capacity": null,
    "num_days": null,
    "num_ORs": null,
    "num_surgeons": null,
    "initial_heuristics_time": 0.0,
    "gap": 0.0
}