{
    "proved_optimal": true,
    "obj": 0,
    "relax_obj": -1.3877787807814457e-17,
    "num_LCs": 0,
    "num_callbacks": 0,
    "num_CG_iterations": 18,
    "num_columns": 203,
    "num_nodes": 1,
    "overall_time": 7.59456205368042,
    "callback_time": 0.0,
    "subproblem_time": 3.6448683738708496,
    "mp_time": 3.9426653385162354,
    "inh_time": null,
    "ilp_time": 0.0,
    "surgeon_schedule": {
        "1": [
            8
        ],
        "3": [
            38
        ],
        "5": [
            25
        ],
        "7": [
            31
        ],
        "8": [
            20
        ],
        "9": [
            29,
            46
        ],
        "10": [
            13
        ],
        "11": [
            1,
            40
        ]
    },
    "patient_schedule": {
        "0": 8,
        "42": 8,
        "49": 8,
        "7": 38,
        "35": 38,
        "51": 38,
        "3": 25,
        "14": 25,
        "6": 31,
        "20": 31,
        "40": 31,
        "10": 20,
        "48": 20,
        "28": 29,
        "29": 29,
        "2": 46,
        "30": 46,
        "31": 46,
        "34": 46,
        "53": 46,
        "15": 13,
        "38": 13,
        "50": 13,
        "33": 1,
        "45": 1,
        "17": 40,
        "22": 40
    },
    "instance": null,
    "parameters": null,
    "parameters_data": null,
    "patients": null,
    "capacity": null,
    "num_days": null,
    "num_ORs": null,
    "num_surgeons": null,
    "initial_heuristics_time": 0.0,
    "gap": null
}