{
    "proved_optimal": true,
    "obj": 50,
    "relax_obj": -110,
    "num_LCs": 0,
    "num_callbacks": 0,
    "num_CG_iterations": 23,
    "num_columns": 264,
    "num_nodes": 1,
    "overall_time": 11.08016848564148,
    "callback_time": 0.0,
    "subproblem_time": 5.667502164840698,
    "mp_time": 5.401957988739014,
    "inh_time": null,
    "ilp_time": 0.0,
    "surgeon_schedule": {
        "0": [
            24
        ],
        "1": [
            41
        ],
        "2": [
            19,
            30
        ],
        "3": [
            20
        ],
        "4": [
            35
        ],
        "5": [
            29
        ],
        "6": [
            14
        ],
        "7": [
            6,
            17
        ],
        "8": [
            0
        ],
        "9": [
            10,
            48
        ],
        "10": [
            27
        ],
        "11": [
            39
        ]
    },
    "patient_schedule": {
        "21": 24,
        "25": 24,
        "0": 41,
        "42": 41,
        "49": 41,
        "4": 19,
        "27": 19,
        "37": 19,
        "13": 30,
        "43": 30,
        "7": 20,
        "24": 35,
        "26": 35,
        "39": 35,
        "14": 29,
        "47": 29,
        "5": 14,
        "52": 14,
        "6": 6,
        "18": 6,
        "23": 6,
        "40": 6,
        "20": 17,
        "10": 0,
        "48": 0,
        "28": 10,
        "31": 10,
        "2": 48,
        "16": 48,
        "30": 48,
        "53": 48,
        "1": 27,
        "38": 27,
        "17": 39,
        "22": 39
    },
    "instance": null,
    "parameters": null,
    "parameters_data": null,
    "patients": null,
    "capacity": null,
    "num_days": null,
    "num_ORs": null,
    "num_surgeons": null,
    "initial_heuristics_time": 0.0,
    "gap": -1.4545454545454546
}