{
    "proved_optimal": true,
    "obj": 25,
    "relax_obj": 24.75,
    "num_LCs": 48,
    "num_callbacks": 858,
    "num_CG_iterations": 23,
    "num_columns": 249,
    "num_nodes": 1,
    "overall_time": 29.866191387176514,
    "callback_time": 2.3697633743286133,
    "subproblem_time": 23.933350801467896,
    "mp_time": 5.922814130783081,
    "inh_time": null,
    "ilp_time": 0.0,
    "surgeon_schedule": {
        "0": [
            2,
            27,
            39
        ],
        "1": [
            21
        ],
        "2": [
            14,
            47
        ],
        "3": [
            41
        ],
        "4": [
            18
        ],
        "6": [
            30
        ],
        "8": [
            10
        ],
        "9": [
            9
        ],
        "10": [
            29
        ],
        "11": [
            35,
            49
        ]
    },
    "patient_schedule": {
        "8": 2,
        "46": 2,
        "12": 27,
        "21": 39,
        "25": 39,
        "0": 21,
        "42": 21,
        "49": 21,
        "4": 14,
        "27": 14,
        "37": 14,
        "13": 47,
        "43": 47,
        "7": 41,
        "35": 41,
        "51": 41,
        "24": 18,
        "26": 18,
        "39": 18,
        "5": 30,
        "52": 30,
        "10": 10,
        "48": 10,
        "16": 9,
        "28": 9,
        "34": 9,
        "53": 9,
        "1": 29,
        "38": 29,
        "33": 35,
        "45": 35,
        "17": 49,
        "22": 49
    },
    "instance": null,
    "parameters": null,
    "parameters_data": null,
    "patients": null,
    "capacity": null,
    "num_days": null,
    "num_ORs": null,
    "num_surgeons": null,
    "initial_heuristics_time": 0.0,
    "gap": 0.010101010101010102
}