{
    "proved_optimal": true,
    "obj": 45,
    "relax_obj": 45.0,
    "num_LCs": 0,
    "num_callbacks": 0,
    "num_CG_iterations": 45,
    "num_columns": 318,
    "num_nodes": 15,
    "overall_time": 122.74096202850342,
    "callback_time": 0.0,
    "subproblem_time": 107.01354718208313,
    "mp_time": 15.685234069824219,
    "inh_time": null,
    "ilp_time": 0.0,
    "surgeon_schedule": {
        "0": [
            24
        ],
        "1": [
            28
        ],
        "2": [
            0,
            14
        ],
        "3": [
            18
        ],
        "4": [
            48
        ],
        "5": [
            5
        ],
        "6": [
            10
        ],
        "7": [
            41
        ],
        "8": [
            37
        ],
        "9": [
            9,
            31
        ],
        "10": [
            20
        ],
        "11": [
            39
        ]
    },
    "patient_schedule": {
        "21": 24,
        "25": 24,
        "0": 28,
        "42": 28,
        "49": 28,
        "4": 0,
        "27": 0,
        "37": 0,
        "13": 14,
        "43": 14,
        "7": 18,
        "35": 18,
        "51": 18,
        "24": 48,
        "26": 48,
        "39": 48,
        "3": 5,
        "14": 5,
        "5": 10,
        "52": 10,
        "6": 41,
        "20": 41,
        "40": 41,
        "10": 37,
        "48": 37,
        "28": 9,
        "31": 9,
        "2": 31,
        "16": 31,
        "30": 31,
        "53": 31,
        "1": 20,
        "38": 20,
        "17": 39,
        "22": 39
    },
    "instance": null,
    "parameters": null,
    "parameters_data": null,
    "patients": null,
    "capacity": null,
    "num_days": null,
    "num_ORs": null,
    "num_surgeons": null,
    "initial_heuristics_time": 0.0,
    "gap": 0.0
}