{
    "proved_optimal": true,
    "obj": 50,
    "relax_obj": 50.0,
    "num_LCs": 37,
    "num_callbacks": 629,
    "num_CG_iterations": 21,
    "num_columns": 237,
    "num_nodes": 1,
    "overall_time": 11.046656608581543,
    "callback_time": 1.2681686878204346,
    "subproblem_time": 6.9774744510650635,
    "mp_time": 4.060620546340942,
    "inh_time": null,
    "ilp_time": 0.0,
    "surgeon_schedule": {
        "0": [
            9,
            46
        ],
        "1": [
            14,
            27
        ],
        "2": [
            24,
            30
        ],
        "3": [
            38
        ],
        "4": [
            4,
            19
        ],
        "5": [
            29
        ],
        "6": [
            7,
            20
        ],
        "7": [
            17
        ],
        "8": [
            0
        ],
        "9": [
            10
        ],
        "11": [
            34,
            40
        ]
    },
    "patient_schedule": {
        "12": 9,
        "8": 46,
        "21": 46,
        "54": 46,
        "55": 46,
        "0": 14,
        "9": 14,
        "49": 27,
        "13": 24,
        "43": 24,
        "4": 30,
        "27": 30,
        "37": 30,
        "7": 38,
        "35": 38,
        "51": 38,
        "39": 4,
        "44": 4,
        "26": 19,
        "14": 29,
        "47": 29,
        "5": 7,
        "52": 7,
        "32": 20,
        "6": 17,
        "20": 17,
        "10": 0,
        "48": 0,
        "16": 10,
        "28": 10,
        "34": 10,
        "53": 10,
        "22": 34,
        "17": 40,
        "33": 40
    },
    "instance": null,
    "parameters": null,
    "parameters_data": null,
    "patients": null,
    "capacity": null,
    "num_days": null,
    "num_ORs": null,
    "num_surgeons": null,
    "initial_heuristics_time": 0.0,
    "gap": 0.0
}