{
    "proved_optimal": false,
    "obj": 46,
    "relax_obj": 45.0,
    "num_LCs": 96,
    "num_callbacks": 36922,
    "num_CG_iterations": 1254,
    "num_columns": 2612,
    "num_nodes": 192,
    "overall_time": 1200.0905513763428,
    "callback_time": 45.18840146064758,
    "subproblem_time": 702.2693665027618,
    "mp_time": 496.75542855262756,
    "inh_time": null,
    "ilp_time": 0.0,
    "surgeon_schedule": {
        "0": [
            49
        ],
        "1": [
            18
        ],
        "2": [
            0,
            37
        ],
        "3": [
            31
        ],
        "4": [
            8,
            39
        ],
        "6": [
            29
        ],
        "7": [
            11,
            20
        ],
        "8": [
            47
        ],
        "9": [
            27,
            41
        ],
        "10": [
            24
        ],
        "11": [
            4
        ]
    },
    "patient_schedule": {
        "21": 49,
        "25": 49,
        "0": 18,
        "42": 18,
        "49": 18,
        "4": 0,
        "27": 0,
        "37": 0,
        "13": 37,
        "43": 37,
        "7": 31,
        "35": 31,
        "51": 31,
        "19": 8,
        "39": 8,
        "26": 39,
        "5": 29,
        "52": 29,
        "6": 11,
        "20": 11,
        "40": 11,
        "23": 20,
        "10": 47,
        "48": 47,
        "16": 27,
        "30": 27,
        "2": 41,
        "28": 41,
        "31": 41,
        "53": 41,
        "1": 24,
        "38": 24,
        "17": 4,
        "22": 4
    },
    "instance": null,
    "parameters": null,
    "parameters_data": null,
    "patients": null,
    "capacity": null,
    "num_days": null,
    "num_ORs": null,
    "num_surgeons": null,
    "initial_heuristics_time": 0.0,
    "gap": 0.022222222222222223
}