{
    "proved_optimal": true,
    "obj": 0,
    "relax_obj": 1.3877787807814457e-17,
    "num_LCs": 0,
    "num_callbacks": 0,
    "num_CG_iterations": 17,
    "num_columns": 190,
    "num_nodes": 1,
    "overall_time": 7.326206684112549,
    "callback_time": 0.0,
    "subproblem_time": 4.131643295288086,
    "mp_time": 3.187938690185547,
    "inh_time": null,
    "ilp_time": 0.0,
    "surgeon_schedule": {
        "0": [
            12,
            48
        ],
        "3": [
            41
        ],
        "6": [
            19
        ],
        "8": [
            0
        ],
        "9": [
            9,
            36
        ],
        "10": [
            23
        ],
        "11": [
            5,
            30
        ]
    },
    "patient_schedule": {
        "8": 12,
        "46": 12,
        "12": 48,
        "21": 48,
        "25": 48,
        "7": 41,
        "35": 41,
        "51": 41,
        "36": 19,
        "52": 19,
        "10": 0,
        "48": 0,
        "16": 9,
        "29": 9,
        "2": 36,
        "30": 36,
        "31": 36,
        "34": 36,
        "53": 36,
        "15": 23,
        "38": 23,
        "50": 23,
        "33": 5,
        "45": 5,
        "17": 30,
        "22": 30
    },
    "instance": null,
    "parameters": null,
    "parameters_data": null,
    "patients": null,
    "capacity": null,
    "num_days": null,
    "num_ORs": null,
    "num_surgeons": null,
    "initial_heuristics_time": 0.0,
    "gap": null
}