{
    "proved_optimal": true,
    "obj": 45,
    "relax_obj": 45.0,
    "num_LCs": 7,
    "num_callbacks": 782,
    "num_CG_iterations": 24,
    "num_columns": 241,
    "num_nodes": 5,
    "overall_time": 25.262154579162598,
    "callback_time": 2.2501463890075684,
    "subproblem_time": 18.625794887542725,
    "mp_time": 6.6210339069366455,
    "inh_time": null,
    "ilp_time": 0.0,
    "surgeon_schedule": {
        "0": [
            0
        ],
        "1": [
            18
        ],
        "2": [
            20,
            39
        ],
        "3": [
            41
        ],
        "4": [
            35
        ],
        "6": [
            14
        ],
        "7": [
            25
        ],
        "8": [
            30
        ],
        "9": [
            6
        ],
        "10": [
            29
        ],
        "11": [
            10,
            48
        ]
    },
    "patient_schedule": {
        "21": 0,
        "25": 0,
        "0": 18,
        "42": 18,
        "49": 18,
        "13": 20,
        "43": 20,
        "4": 39,
        "27": 39,
        "37": 39,
        "7": 41,
        "35": 41,
        "51": 41,
        "24": 35,
        "26": 35,
        "39": 35,
        "5": 14,
        "52": 14,
        "6": 25,
        "20": 25,
        "40": 25,
        "10": 30,
        "48": 30,
        "2": 6,
        "16": 6,
        "28": 6,
        "30": 6,
        "31": 6,
        "53": 6,
        "1": 29,
        "38": 29,
        "17": 10,
        "22": 10,
        "33": 48,
        "45": 48
    },
    "instance": null,
    "parameters": null,
    "parameters_data": null,
    "patients": null,
    "capacity": null,
    "num_days": null,
    "num_ORs": null,
    "num_surgeons": null,
    "initial_heuristics_time": 0.0,
    "gap": 0.0
}