{
    "proved_optimal": true,
    "obj": 37,
    "relax_obj": 37.0,
    "num_LCs": 6,
    "num_callbacks": 665,
    "num_CG_iterations": 23,
    "num_columns": 233,
    "num_nodes": 5,
    "overall_time": 17.016058444976807,
    "callback_time": 1.942563533782959,
    "subproblem_time": 10.08300256729126,
    "mp_time": 6.913268804550171,
    "inh_time": null,
    "ilp_time": 0.0,
    "surgeon_schedule": {
        "0": [
            14
        ],
        "1": [
            18
        ],
        "2": [
            9,
            34
        ],
        "3": [
            20
        ],
        "4": [
            48
        ],
        "5": [
            10
        ],
        "6": [
            4
        ],
        "7": [
            7,
            25,
            37
        ],
        "8": [
            0
        ],
        "9": [
            39,
            41
        ],
        "10": [
            30
        ],
        "11": [
            29
        ]
    },
    "patient_schedule": {
        "21": 14,
        "25": 14,
        "0": 18,
        "42": 18,
        "49": 18,
        "13": 9,
        "43": 9,
        "4": 34,
        "27": 34,
        "37": 34,
        "7": 20,
        "24": 48,
        "26": 48,
        "39": 48,
        "14": 10,
        "47": 10,
        "5": 4,
        "52": 4,
        "6": 7,
        "23": 7,
        "18": 25,
        "40": 25,
        "20": 37,
        "10": 0,
        "48": 0,
        "16": 39,
        "30": 39,
        "2": 41,
        "28": 41,
        "31": 41,
        "53": 41,
        "1": 30,
        "38": 30,
        "17": 29,
        "22": 29
    },
    "instance": null,
    "parameters": null,
    "parameters_data": null,
    "patients": null,
    "capacity": null,
    "num_days": null,
    "num_ORs": null,
    "num_surgeons": null,
    "initial_heuristics_time": 0.0,
    "gap": 0.0
}