{
    "proved_optimal": true,
    "obj": 18,
    "relax_obj": -107,
    "num_LCs": 0,
    "num_callbacks": 0,
    "num_CG_iterations": 18,
    "num_columns": 201,
    "num_nodes": 1,
    "overall_time": 8.46330189704895,
    "callback_time": 0.0,
    "subproblem_time": 4.739464282989502,
    "mp_time": 3.714076042175293,
    "inh_time": null,
    "ilp_time": 0.0,
    "surgeon_schedule": {
        "0": [
            6
        ],
        "1": [
            10
        ],
        "2": [
            47
        ],
        "3": [
            31
        ],
        "4": [
            19,
            24,
            39
        ],
        "5": [
            44
        ],
        "6": [
            20
        ],
        "7": [
            28
        ],
        "8": [
            37
        ],
        "9": [
            0,
            14,
            49
        ],
        "10": [
            40
        ],
        "11": [
            17
        ]
    },
    "patient_schedule": {
        "8": 6,
        "21": 6,
        "54": 6,
        "55": 6,
        "0": 10,
        "9": 10,
        "4": 47,
        "13": 47,
        "37": 47,
        "7": 31,
        "35": 31,
        "51": 31,
        "26": 19,
        "39": 24,
        "44": 24,
        "24": 39,
        "14": 44,
        "47": 44,
        "5": 20,
        "52": 20,
        "6": 28,
        "20": 28,
        "40": 28,
        "10": 37,
        "48": 37,
        "28": 0,
        "31": 0,
        "16": 14,
        "34": 14,
        "53": 14,
        "29": 49,
        "1": 40,
        "38": 40,
        "17": 17,
        "33": 17
    },
    "instance": null,
    "parameters": null,
    "parameters_data": null,
    "patients": null,
    "capacity": null,
    "num_days": null,
    "num_ORs": null,
    "num_surgeons": null,
    "initial_heuristics_time": 0.0,
    "gap": -1.1682242990654206
}