{
    "proved_optimal": true,
    "obj": 49,
    "relax_obj": 49.0,
    "num_LCs": 0,
    "num_callbacks": 0,
    "num_CG_iterations": 21,
    "num_columns": 240,
    "num_nodes": 1,
    "overall_time": 7.05598258972168,
    "callback_time": 0.0,
    "subproblem_time": 3.0782790184020996,
    "mp_time": 3.970278024673462,
    "inh_time": null,
    "ilp_time": 0.0,
    "surgeon_schedule": {
        "0": [
            4,
            30
        ],
        "1": [
            19,
            34
        ],
        "2": [
            25
        ],
        "3": [
            15
        ],
        "4": [
            7,
            29
        ],
        "5": [
            37
        ],
        "6": [
            0,
            40
        ],
        "7": [
            9,
            49
        ],
        "8": [
            20
        ],
        "9": [
            39,
            44
        ],
        "11": [
            10,
            47
        ]
    },
    "patient_schedule": {
        "21": 4,
        "25": 4,
        "54": 30,
        "0": 19,
        "9": 19,
        "49": 34,
        "4": 25,
        "13": 25,
        "27": 25,
        "37": 25,
        "43": 25,
        "7": 15,
        "35": 15,
        "51": 15,
        "26": 7,
        "39": 29,
        "44": 29,
        "14": 37,
        "47": 37,
        "5": 0,
        "52": 0,
        "32": 40,
        "20": 9,
        "6": 49,
        "18": 49,
        "10": 20,
        "48": 20,
        "16": 39,
        "28": 39,
        "34": 39,
        "53": 39,
        "2": 44,
        "22": 10,
        "17": 47,
        "33": 47
    },
    "instance": null,
    "parameters": null,
    "parameters_data": null,
    "patients": null,
    "capacity": null,
    "num_days": null,
    "num_ORs": null,
    "num_surgeons": null,
    "initial_heuristics_time": 0.0,
    "gap": 0.0
}