{
    "proved_optimal": true,
    "obj": 20,
    "relax_obj": 20.0,
    "num_LCs": 6,
    "num_callbacks": 560,
    "num_CG_iterations": 21,
    "num_columns": 235,
    "num_nodes": 1,
    "overall_time": 10.946881294250488,
    "callback_time": 1.3568904399871826,
    "subproblem_time": 6.085633039474487,
    "mp_time": 4.853065729141235,
    "inh_time": null,
    "ilp_time": 0.0,
    "surgeon_schedule": {
        "0": [
            37
        ],
        "1": [
            9,
            27
        ],
        "2": [
            10,
            29
        ],
        "3": [
            48
        ],
        "4": [
            20,
            44
        ],
        "5": [
            0
        ],
        "6": [
            14,
            24,
            39
        ],
        "7": [
            4,
            30
        ],
        "8": [
            40
        ],
        "9": [
            19,
            34
        ],
        "10": [
            17
        ],
        "11": [
            7
        ]
    },
    "patient_schedule": {
        "8": 37,
        "25": 37,
        "0": 9,
        "49": 9,
        "9": 27,
        "13": 10,
        "43": 10,
        "4": 29,
        "27": 29,
        "37": 29,
        "7": 48,
        "35": 48,
        "51": 48,
        "24": 20,
        "39": 44,
        "44": 44,
        "14": 0,
        "47": 0,
        "36": 14,
        "5": 24,
        "52": 24,
        "32": 39,
        "20": 4,
        "6": 30,
        "18": 30,
        "10": 40,
        "48": 40,
        "2": 19,
        "16": 34,
        "28": 34,
        "34": 34,
        "53": 34,
        "1": 17,
        "38": 17,
        "17": 7,
        "33": 7
    },
    "instance": null,
    "parameters": null,
    "parameters_data": null,
    "patients": null,
    "capacity": null,
    "num_days": null,
    "num_ORs": null,
    "num_surgeons": null,
    "initial_heuristics_time": 0.0,
    "gap": 0.0
}