{
    "proved_optimal": true,
    "obj": 53,
    "relax_obj": -36,
    "num_LCs": 0,
    "num_callbacks": 0,
    "num_CG_iterations": 21,
    "num_columns": 233,
    "num_nodes": 1,
    "overall_time": 8.822521924972534,
    "callback_time": 0.0,
    "subproblem_time": 4.328174591064453,
    "mp_time": 4.4843244552612305,
    "inh_time": null,
    "ilp_time": 0.0,
    "surgeon_schedule": {
        "0": [
            34
        ],
        "1": [
            9,
            47
        ],
        "2": [
            0,
            10
        ],
        "3": [
            38
        ],
        "4": [
            44
        ],
        "5": [
            14
        ],
        "6": [
            7,
            21,
            49
        ],
        "7": [
            4
        ],
        "8": [
            40
        ],
        "9": [
            29
        ],
        "10": [
            30
        ],
        "11": [
            18,
            27
        ]
    },
    "patient_schedule": {
        "25": 34,
        "55": 34,
        "0": 9,
        "9": 9,
        "49": 47,
        "4": 0,
        "27": 0,
        "37": 0,
        "13": 10,
        "43": 10,
        "7": 38,
        "35": 38,
        "51": 38,
        "39": 44,
        "44": 44,
        "14": 14,
        "47": 14,
        "32": 7,
        "5": 21,
        "11": 21,
        "36": 49,
        "52": 49,
        "6": 4,
        "23": 4,
        "10": 40,
        "48": 40,
        "16": 29,
        "28": 29,
        "34": 29,
        "53": 29,
        "1": 30,
        "38": 30,
        "33": 18,
        "45": 18,
        "17": 27,
        "22": 27
    },
    "instance": null,
    "parameters": null,
    "parameters_data": null,
    "patients": null,
    "capacity": null,
    "num_days": null,
    "num_ORs": null,
    "num_surgeons": null,
    "initial_heuristics_time": 0.0,
    "gap": -2.4722222222222223
}