{
    "proved_optimal": true,
    "obj": 37,
    "relax_obj": 37.0,
    "num_LCs": 12,
    "num_callbacks": 595,
    "num_CG_iterations": 21,
    "num_columns": 239,
    "num_nodes": 1,
    "overall_time": 13.161083936691284,
    "callback_time": 1.7269837856292725,
    "subproblem_time": 7.555008172988892,
    "mp_time": 5.596659183502197,
    "inh_time": null,
    "ilp_time": 0.0,
    "surgeon_schedule": {
        "0": [
            24
        ],
        "1": [
            18
        ],
        "2": [
            0,
            47
        ],
        "3": [
            20
        ],
        "4": [
            28
        ],
        "5": [
            30
        ],
        "6": [
            37
        ],
        "7": [
            6,
            34
        ],
        "8": [
            40
        ],
        "9": [
            11,
            39
        ],
        "10": [
            49
        ],
        "11": [
            44
        ]
    },
    "patient_schedule": {
        "21": 24,
        "25": 24,
        "0": 18,
        "42": 18,
        "49": 18,
        "13": 0,
        "43": 0,
        "4": 47,
        "27": 47,
        "37": 47,
        "7": 20,
        "24": 28,
        "26": 28,
        "39": 28,
        "14": 30,
        "47": 30,
        "5": 37,
        "52": 37,
        "6": 6,
        "18": 6,
        "23": 6,
        "40": 6,
        "20": 34,
        "10": 40,
        "48": 40,
        "2": 11,
        "28": 11,
        "31": 11,
        "53": 11,
        "16": 39,
        "30": 39,
        "1": 49,
        "38": 49,
        "17": 44,
        "22": 44
    },
    "instance": null,
    "parameters": null,
    "parameters_data": null,
    "patients": null,
    "capacity": null,
    "num_days": null,
    "num_ORs": null,
    "num_surgeons": null,
    "initial_heuristics_time": 0.0,
    "gap": 0.0
}