{
    "proved_optimal": true,
    "obj": 37,
    "relax_obj": 37.0,
    "num_LCs": 0,
    "num_callbacks": 0,
    "num_CG_iterations": 33,
    "num_columns": 278,
    "num_nodes": 11,
    "overall_time": 31.862637519836426,
    "callback_time": 0.0,
    "subproblem_time": 20.467379808425903,
    "mp_time": 11.366211891174316,
    "inh_time": null,
    "ilp_time": 0.0,
    "surgeon_schedule": {
        "0": [
            24
        ],
        "1": [
            1
        ],
        "2": [
            11
        ],
        "3": [
            48
        ],
        "4": [
            18
        ],
        "5": [
            9
        ],
        "6": [
            34
        ],
        "7": [
            7,
            20,
            30
        ],
        "8": [
            39
        ],
        "9": [
            29,
            41
        ],
        "10": [
            27
        ],
        "11": [
            37
        ]
    },
    "patient_schedule": {
        "21": 24,
        "25": 24,
        "0": 1,
        "42": 1,
        "49": 1,
        "4": 11,
        "13": 11,
        "27": 11,
        "37": 11,
        "43": 11,
        "7": 48,
        "35": 48,
        "51": 48,
        "24": 18,
        "26": 18,
        "39": 18,
        "14": 9,
        "47": 9,
        "5": 34,
        "52": 34,
        "23": 7,
        "6": 20,
        "18": 20,
        "20": 30,
        "10": 39,
        "48": 39,
        "16": 29,
        "31": 29,
        "2": 41,
        "28": 41,
        "30": 41,
        "53": 41,
        "1": 27,
        "38": 27,
        "17": 37,
        "22": 37
    },
    "instance": null,
    "parameters": null,
    "parameters_data": null,
    "patients": null,
    "capacity": null,
    "num_days": null,
    "num_ORs": null,
    "num_surgeons": null,
    "initial_heuristics_time": 0.0,
    "gap": 0.0
}