{
    "proved_optimal": true,
    "obj": 19,
    "relax_obj": -29,
    "num_LCs": 0,
    "num_callbacks": 0,
    "num_CG_iterations": 20,
    "num_columns": 211,
    "num_nodes": 3,
    "overall_time": 7.282766819000244,
    "callback_time": 0.0,
    "subproblem_time": 2.9478187561035156,
    "mp_time": 4.32129168510437,
    "inh_time": null,
    "ilp_time": 0.0,
    "surgeon_schedule": {
        "1": [
            26,
            39
        ],
        "4": [
            37
        ],
        "5": [
            31,
            48
        ],
        "6": [
            8
        ],
        "8": [
            16
        ],
        "9": [
            4,
            20,
            44
        ],
        "10": [
            10,
            40
        ],
        "11": [
            0
        ]
    },
    "patient_schedule": {
        "0": 26,
        "15": 26,
        "45": 26,
        "25": 39,
        "27": 39,
        "22": 37,
        "23": 37,
        "11": 31,
        "12": 31,
        "20": 48,
        "36": 48,
        "39": 48,
        "35": 8,
        "37": 8,
        "41": 8,
        "43": 8,
        "17": 16,
        "21": 16,
        "40": 16,
        "46": 16,
        "1": 4,
        "9": 4,
        "10": 20,
        "47": 44,
        "4": 10,
        "6": 10,
        "24": 40,
        "13": 0,
        "38": 0
    },
    "instance": null,
    "parameters": null,
    "parameters_data": null,
    "patients": null,
    "capacity": null,
    "num_days": null,
    "num_ORs": null,
    "num_surgeons": null,
    "initial_heuristics_time": 0.0,
    "gap": -1.6551724137931034
}