{
    "proved_optimal": true,
    "obj": 39,
    "relax_obj": 39.0,
    "num_LCs": 27,
    "num_callbacks": 752,
    "num_CG_iterations": 25,
    "num_columns": 255,
    "num_nodes": 3,
    "overall_time": 14.698967933654785,
    "callback_time": 1.7222020626068115,
    "subproblem_time": 7.995734930038452,
    "mp_time": 6.686448574066162,
    "inh_time": null,
    "ilp_time": 0.0,
    "surgeon_schedule": {
        "0": [
            47
        ],
        "1": [
            31
        ],
        "2": [
            1,
            25
        ],
        "4": [
            29
        ],
        "5": [
            20,
            41
        ],
        "6": [
            8
        ],
        "8": [
            12
        ],
        "9": [
            19,
            38
        ],
        "11": [
            49
        ]
    },
    "patient_schedule": {
        "33": 47,
        "0": 31,
        "15": 31,
        "25": 31,
        "28": 1,
        "44": 1,
        "2": 25,
        "8": 25,
        "22": 29,
        "23": 29,
        "20": 20,
        "11": 41,
        "12": 41,
        "39": 41,
        "35": 8,
        "37": 8,
        "41": 8,
        "43": 8,
        "17": 12,
        "21": 12,
        "40": 12,
        "46": 12,
        "9": 19,
        "1": 38,
        "10": 38,
        "47": 38,
        "13": 49,
        "38": 49
    },
    "instance": null,
    "parameters": null,
    "parameters_data": null,
    "patients": null,
    "capacity": null,
    "num_days": null,
    "num_ORs": null,
    "num_surgeons": null,
    "initial_heuristics_time": 0.0,
    "gap": 0.0
}