{
    "proved_optimal": true,
    "obj": 71,
    "relax_obj": -87,
    "num_LCs": 0,
    "num_callbacks": 0,
    "num_CG_iterations": 20,
    "num_columns": 220,
    "num_nodes": 1,
    "overall_time": 7.779333591461182,
    "callback_time": 0.0,
    "subproblem_time": 3.627786636352539,
    "mp_time": 4.142324209213257,
    "inh_time": null,
    "ilp_time": 0.0,
    "surgeon_schedule": {
        "0": [
            10,
            48
        ],
        "2": [
            28
        ],
        "3": [
            19,
            24,
            30
        ],
        "4": [
            20
        ],
        "5": [
            14
        ],
        "6": [
            38
        ],
        "7": [
            44
        ],
        "8": [
            2
        ],
        "9": [
            17,
            34
        ],
        "10": [
            9
        ],
        "11": [
            40
        ]
    },
    "patient_schedule": {
        "7": 10,
        "5": 48,
        "33": 48,
        "8": 28,
        "44": 28,
        "26": 19,
        "19": 24,
        "3": 30,
        "22": 20,
        "23": 20,
        "20": 14,
        "39": 14,
        "35": 38,
        "37": 38,
        "41": 38,
        "43": 38,
        "29": 44,
        "17": 2,
        "21": 2,
        "40": 2,
        "46": 2,
        "10": 17,
        "1": 34,
        "9": 34,
        "4": 9,
        "24": 9,
        "13": 40,
        "38": 40
    },
    "instance": null,
    "parameters": null,
    "parameters_data": null,
    "patients": null,
    "capacity": null,
    "num_days": null,
    "num_ORs": null,
    "num_surgeons": null,
    "initial_heuristics_time": 0.0,
    "gap": -1.8160919540229885
}