{
    "proved_optimal": true,
    "obj": 1,
    "relax_obj": 1.0,
    "num_LCs": 49,
    "num_callbacks": 774,
    "num_CG_iterations": 22,
    "num_columns": 230,
    "num_nodes": 1,
    "overall_time": 16.920056343078613,
    "callback_time": 1.7102084159851074,
    "subproblem_time": 11.244681119918823,
    "mp_time": 5.665902853012085,
    "inh_time": null,
    "ilp_time": 0.0,
    "surgeon_schedule": {
        "0": [
            1
        ],
        "2": [
            38
        ],
        "4": [
            8,
            30
        ],
        "5": [
            10,
            43
        ],
        "6": [
            16
        ],
        "8": [
            22
        ],
        "9": [
            34
        ],
        "10": [
            29
        ]
    },
    "patient_schedule": {
        "5": 1,
        "33": 1,
        "2": 38,
        "28": 38,
        "14": 8,
        "22": 30,
        "23": 30,
        "20": 10,
        "39": 10,
        "11": 43,
        "31": 43,
        "36": 43,
        "30": 16,
        "37": 16,
        "41": 16,
        "43": 16,
        "17": 22,
        "21": 22,
        "40": 22,
        "46": 22,
        "1": 34,
        "47": 34,
        "4": 29,
        "6": 29
    },
    "instance": null,
    "parameters": null,
    "parameters_data": null,
    "patients": null,
    "capacity": null,
    "num_days": null,
    "num_ORs": null,
    "num_surgeons": null,
    "initial_heuristics_time": 0.0,
    "gap": 0.0
}