{
    "proved_optimal": true,
    "obj": 46,
    "relax_obj": 46.0,
    "num_LCs": 6,
    "num_callbacks": 844,
    "num_CG_iterations": 24,
    "num_columns": 263,
    "num_nodes": 1,
    "overall_time": 16.290870666503906,
    "callback_time": 1.9408414363861084,
    "subproblem_time": 10.095514297485352,
    "mp_time": 6.186040639877319,
    "inh_time": null,
    "ilp_time": 0.0,
    "surgeon_schedule": {
        "0": [
            38
        ],
        "1": [
            28
        ],
        "2": [
            18
        ],
        "3": [
            40
        ],
        "4": [
            0
        ],
        "5": [
            49
        ],
        "6": [
            21
        ],
        "7": [
            11
        ],
        "8": [
            6
        ],
        "9": [
            47
        ],
        "10": [
            30
        ],
        "11": [
            34,
            44
        ]
    },
    "patient_schedule": {
        "5": 38,
        "33": 38,
        "25": 28,
        "27": 28,
        "45": 28,
        "2": 18,
        "28": 18,
        "19": 40,
        "22": 0,
        "23": 0,
        "20": 49,
        "39": 49,
        "35": 21,
        "37": 21,
        "41": 21,
        "43": 21,
        "16": 11,
        "29": 11,
        "17": 6,
        "21": 6,
        "40": 6,
        "46": 6,
        "1": 47,
        "47": 47,
        "4": 30,
        "6": 30,
        "42": 34,
        "18": 44,
        "38": 44
    },
    "instance": null,
    "parameters": null,
    "parameters_data": null,
    "patients": null,
    "capacity": null,
    "num_days": null,
    "num_ORs": null,
    "num_surgeons": null,
    "initial_heuristics_time": 0.0,
    "gap": 0.0
}