{
    "proved_optimal": true,
    "obj": 21,
    "relax_obj": 21.0,
    "num_LCs": 0,
    "num_callbacks": 0,
    "num_CG_iterations": 20,
    "num_columns": 222,
    "num_nodes": 1,
    "overall_time": 11.754256963729858,
    "callback_time": 0.0,
    "subproblem_time": 7.115460395812988,
    "mp_time": 4.631211280822754,
    "inh_time": null,
    "ilp_time": 0.0,
    "surgeon_schedule": {
        "0": [
            18
        ],
        "1": [
            11
        ],
        "2": [
            45
        ],
        "4": [
            0
        ],
        "5": [
            6,
            40
        ],
        "6": [
            35
        ],
        "8": [
            26
        ],
        "9": [
            30
        ],
        "10": [
            20
        ],
        "11": [
            39,
            49
        ]
    },
    "patient_schedule": {
        "5": 18,
        "33": 18,
        "15": 11,
        "25": 11,
        "27": 11,
        "2": 45,
        "28": 45,
        "22": 0,
        "23": 0,
        "12": 6,
        "31": 6,
        "36": 6,
        "20": 40,
        "39": 40,
        "35": 35,
        "37": 35,
        "41": 35,
        "43": 35,
        "17": 26,
        "21": 26,
        "40": 26,
        "46": 26,
        "1": 30,
        "47": 30,
        "4": 20,
        "24": 20,
        "13": 39,
        "18": 39,
        "42": 49
    },
    "instance": null,
    "parameters": null,
    "parameters_data": null,
    "patients": null,
    "capacity": null,
    "num_days": null,
    "num_ORs": null,
    "num_surgeons": null,
    "initial_heuristics_time": 0.0,
    "gap": 0.0
}