{
    "proved_optimal": true,
    "obj": 19,
    "relax_obj": 19.0,
    "num_LCs": 0,
    "num_callbacks": 0,
    "num_CG_iterations": 18,
    "num_columns": 181,
    "num_nodes": 3,
    "overall_time": 7.859203338623047,
    "callback_time": 0.0,
    "subproblem_time": 3.505958318710327,
    "mp_time": 4.340156078338623,
    "inh_time": null,
    "ilp_time": 0.0,
    "surgeon_schedule": {
        "1": [
            20,
            39
        ],
        "4": [
            49
        ],
        "5": [
            15,
            30,
            40
        ],
        "6": [
            28
        ],
        "8": [
            2
        ],
        "9": [
            9,
            19,
            37
        ],
        "10": [
            24,
            34
        ],
        "11": [
            10,
            45
        ]
    },
    "patient_schedule": {
        "25": 20,
        "0": 39,
        "27": 39,
        "22": 49,
        "23": 49,
        "11": 15,
        "12": 15,
        "39": 15,
        "36": 30,
        "20": 40,
        "35": 28,
        "37": 28,
        "41": 28,
        "43": 28,
        "17": 2,
        "21": 2,
        "40": 2,
        "46": 2,
        "47": 9,
        "1": 19,
        "9": 19,
        "10": 37,
        "4": 24,
        "6": 24,
        "24": 34,
        "38": 10,
        "13": 45,
        "18": 45,
        "42": 45
    },
    "instance": null,
    "parameters": null,
    "parameters_data": null,
    "patients": null,
    "capacity": null,
    "num_days": null,
    "num_ORs": null,
    "num_surgeons": null,
    "initial_heuristics_time": 0.0,
    "gap": 0.0
}