{
    "proved_optimal": true,
    "obj": 34,
    "relax_obj": 34.0,
    "num_LCs": 0,
    "num_callbacks": 0,
    "num_CG_iterations": 22,
    "num_columns": 249,
    "num_nodes": 1,
    "overall_time": 10.381722450256348,
    "callback_time": 0.0,
    "subproblem_time": 4.437718868255615,
    "mp_time": 5.935467720031738,
    "inh_time": null,
    "ilp_time": 0.0,
    "surgeon_schedule": {
        "0": [
            48
        ],
        "1": [
            18
        ],
        "2": [
            5
        ],
        "3": [
            29,
            40
        ],
        "4": [
            9
        ],
        "5": [
            0,
            11
        ],
        "6": [
            31
        ],
        "8": [
            22
        ],
        "9": [
            38
        ],
        "11": [
            44
        ]
    },
    "patient_schedule": {
        "5": 48,
        "33": 48,
        "0": 18,
        "15": 18,
        "27": 18,
        "2": 5,
        "28": 5,
        "26": 29,
        "3": 40,
        "22": 9,
        "23": 9,
        "20": 0,
        "39": 0,
        "11": 11,
        "12": 11,
        "35": 31,
        "37": 31,
        "41": 31,
        "43": 31,
        "17": 22,
        "21": 22,
        "40": 22,
        "46": 22,
        "9": 38,
        "10": 38,
        "47": 38,
        "18": 44,
        "38": 44
    },
    "instance": null,
    "parameters": null,
    "parameters_data": null,
    "patients": null,
    "capacity": null,
    "num_days": null,
    "num_ORs": null,
    "num_surgeons": null,
    "initial_heuristics_time": 0.0,
    "gap": 0.0
}