{
    "proved_optimal": true,
    "obj": 1,
    "relax_obj": 0.5,
    "num_LCs": 53,
    "num_callbacks": 1248,
    "num_CG_iterations": 32,
    "num_columns": 293,
    "num_nodes": 3,
    "overall_time": 27.885359048843384,
    "callback_time": 2.3411858081817627,
    "subproblem_time": 17.935606956481934,
    "mp_time": 9.933896541595459,
    "inh_time": null,
    "ilp_time": 0.0,
    "surgeon_schedule": {
        "0": [
            31
        ],
        "1": [
            38
        ],
        "2": [
            12,
            42
        ],
        "4": [
            28
        ],
        "5": [
            3,
            49
        ],
        "6": [
            21
        ],
        "10": [
            19
        ]
    },
    "patient_schedule": {
        "5": 31,
        "33": 31,
        "15": 38,
        "25": 38,
        "27": 38,
        "32": 12,
        "2": 42,
        "8": 42,
        "44": 42,
        "14": 28,
        "11": 3,
        "31": 3,
        "36": 3,
        "20": 49,
        "39": 49,
        "35": 21,
        "37": 21,
        "41": 21,
        "43": 21,
        "4": 19,
        "24": 19
    },
    "instance": null,
    "parameters": null,
    "parameters_data": null,
    "patients": null,
    "capacity": null,
    "num_days": null,
    "num_ORs": null,
    "num_surgeons": null,
    "initial_heuristics_time": 0.0,
    "gap": 1.0
}