{
    "proved_optimal": true,
    "obj": 1,
    "relax_obj": 1.0,
    "num_LCs": 49,
    "num_callbacks": 772,
    "num_CG_iterations": 21,
    "num_columns": 231,
    "num_nodes": 1,
    "overall_time": 16.39883542060852,
    "callback_time": 1.666581153869629,
    "subproblem_time": 10.863043069839478,
    "mp_time": 5.527350902557373,
    "inh_time": null,
    "ilp_time": 0.0,
    "surgeon_schedule": {
        "0": [
            31
        ],
        "2": [
            38
        ],
        "4": [
            19,
            45
        ],
        "5": [
            3,
            49
        ],
        "6": [
            12
        ],
        "8": [
            26
        ],
        "9": [
            40
        ],
        "10": [
            20
        ]
    },
    "patient_schedule": {
        "5": 31,
        "33": 31,
        "2": 38,
        "28": 38,
        "22": 19,
        "23": 19,
        "14": 45,
        "11": 3,
        "31": 3,
        "36": 3,
        "20": 49,
        "39": 49,
        "30": 12,
        "37": 12,
        "41": 12,
        "43": 12,
        "17": 26,
        "21": 26,
        "40": 26,
        "46": 26,
        "1": 40,
        "47": 40,
        "4": 20,
        "6": 20
    },
    "instance": null,
    "parameters": null,
    "parameters_data": null,
    "patients": null,
    "capacity": null,
    "num_days": null,
    "num_ORs": null,
    "num_surgeons": null,
    "initial_heuristics_time": 0.0,
    "gap": 0.0
}