{
    "proved_optimal": true,
    "obj": 19,
    "relax_obj": 19.0,
    "num_LCs": 25,
    "num_callbacks": 676,
    "num_CG_iterations": 22,
    "num_columns": 207,
    "num_nodes": 7,
    "overall_time": 10.366416215896606,
    "callback_time": 1.234278917312622,
    "subproblem_time": 5.287376880645752,
    "mp_time": 5.062168598175049,
    "inh_time": null,
    "ilp_time": 0.0,
    "surgeon_schedule": {
        "1": [
            9,
            14
        ],
        "4": [
            47
        ],
        "5": [
            19,
            21,
            40
        ],
        "6": [
            28
        ],
        "8": [
            32
        ],
        "9": [
            4,
            39,
            44
        ],
        "10": [
            7,
            17
        ],
        "11": [
            0,
            10,
            49
        ]
    },
    "patient_schedule": {
        "25": 9,
        "27": 9,
        "0": 14,
        "22": 47,
        "23": 47,
        "20": 19,
        "39": 19,
        "11": 21,
        "12": 21,
        "36": 40,
        "35": 28,
        "37": 28,
        "41": 28,
        "43": 28,
        "17": 32,
        "21": 32,
        "40": 32,
        "46": 32,
        "9": 4,
        "1": 39,
        "47": 39,
        "10": 44,
        "4": 7,
        "6": 7,
        "24": 17,
        "42": 0,
        "13": 10,
        "18": 49,
        "38": 49
    },
    "instance": null,
    "parameters": null,
    "parameters_data": null,
    "patients": null,
    "capacity": null,
    "num_days": null,
    "num_ORs": null,
    "num_surgeons": null,
    "initial_heuristics_time": 0.0,
    "gap": 0.0
}