{
    "proved_optimal": true,
    "obj": 19,
    "relax_obj": 19.0,
    "num_LCs": 3,
    "num_callbacks": 776,
    "num_CG_iterations": 28,
    "num_columns": 232,
    "num_nodes": 13,
    "overall_time": 14.386340379714966,
    "callback_time": 1.5426788330078125,
    "subproblem_time": 6.246119737625122,
    "mp_time": 8.086538553237915,
    "inh_time": null,
    "ilp_time": 0.0,
    "surgeon_schedule": {
        "1": [
            5,
            30
        ],
        "4": [
            14
        ],
        "5": [
            0,
            10,
            34
        ],
        "6": [
            48
        ],
        "8": [
            26
        ],
        "9": [
            9,
            17,
            37
        ],
        "10": [
            39,
            44
        ],
        "11": [
            19,
            20,
            40
        ]
    },
    "patient_schedule": {
        "15": 5,
        "25": 5,
        "0": 30,
        "27": 30,
        "22": 14,
        "23": 14,
        "20": 0,
        "39": 0,
        "36": 10,
        "12": 34,
        "35": 48,
        "37": 48,
        "41": 48,
        "43": 48,
        "17": 26,
        "21": 26,
        "40": 26,
        "46": 26,
        "1": 9,
        "9": 9,
        "10": 17,
        "47": 37,
        "4": 39,
        "24": 39,
        "6": 44,
        "18": 19,
        "38": 19,
        "42": 20,
        "13": 40
    },
    "instance": null,
    "parameters": null,
    "parameters_data": null,
    "patients": null,
    "capacity": null,
    "num_days": null,
    "num_ORs": null,
    "num_surgeons": null,
    "initial_heuristics_time": 0.0,
    "gap": 0.0
}