{
    "proved_optimal": true,
    "obj": 52,
    "relax_obj": -91,
    "num_LCs": 0,
    "num_callbacks": 0,
    "num_CG_iterations": 21,
    "num_columns": 238,
    "num_nodes": 1,
    "overall_time": 7.947348356246948,
    "callback_time": 0.0,
    "subproblem_time": 3.501487970352173,
    "mp_time": 4.436648607254028,
    "inh_time": null,
    "ilp_time": 0.0,
    "surgeon_schedule": {
        "0": [
            10
        ],
        "1": [
            17
        ],
        "2": [
            31
        ],
        "3": [
            9,
            39
        ],
        "4": [
            40
        ],
        "5": [
            24
        ],
        "6": [
            28
        ],
        "7": [
            45
        ],
        "8": [
            2
        ],
        "9": [
            19,
            49
        ],
        "10": [
            20
        ],
        "11": [
            14,
            37
        ]
    },
    "patient_schedule": {
        "7": 10,
        "25": 17,
        "27": 17,
        "2": 31,
        "28": 31,
        "19": 9,
        "26": 39,
        "22": 40,
        "23": 40,
        "20": 24,
        "39": 24,
        "35": 28,
        "37": 28,
        "41": 28,
        "43": 28,
        "16": 45,
        "29": 45,
        "17": 2,
        "21": 2,
        "40": 2,
        "46": 2,
        "1": 19,
        "47": 19,
        "10": 49,
        "4": 20,
        "6": 20,
        "18": 14,
        "38": 14,
        "42": 37
    },
    "instance": null,
    "parameters": null,
    "parameters_data": null,
    "patients": null,
    "capacity": null,
    "num_days": null,
    "num_ORs": null,
    "num_surgeons": null,
    "initial_heuristics_time": 0.0,
    "gap": -1.5714285714285714
}