{
    "proved_optimal": true,
    "obj": 1,
    "relax_obj": 0.25,
    "num_LCs": 17,
    "num_callbacks": 910,
    "num_CG_iterations": 25,
    "num_columns": 270,
    "num_nodes": 1,
    "overall_time": 18.31237769126892,
    "callback_time": 2.0510122776031494,
    "subproblem_time": 11.754477500915527,
    "mp_time": 6.548702716827393,
    "inh_time": null,
    "ilp_time": 0.0,
    "surgeon_schedule": {
        "0": [
            41
        ],
        "1": [
            31
        ],
        "2": [
            48
        ],
        "5": [
            3,
            20
        ],
        "6": [
            16
        ],
        "7": [
            38
        ],
        "8": [
            26
        ],
        "10": [
            10
        ]
    },
    "patient_schedule": {
        "5": 41,
        "33": 41,
        "0": 31,
        "15": 31,
        "25": 31,
        "28": 48,
        "44": 48,
        "11": 3,
        "31": 3,
        "36": 3,
        "20": 20,
        "39": 20,
        "30": 16,
        "37": 16,
        "41": 16,
        "43": 16,
        "16": 38,
        "29": 38,
        "17": 26,
        "21": 26,
        "40": 26,
        "46": 26,
        "4": 10,
        "24": 10
    },
    "instance": null,
    "parameters": null,
    "parameters_data": null,
    "patients": null,
    "capacity": null,
    "num_days": null,
    "num_ORs": null,
    "num_surgeons": null,
    "initial_heuristics_time": 0.0,
    "gap": 3.0
}