{
    "proved_optimal": true,
    "obj": 40,
    "relax_obj": 40.0,
    "num_LCs": 0,
    "num_callbacks": 0,
    "num_CG_iterations": 21,
    "num_columns": 221,
    "num_nodes": 1,
    "overall_time": 15.152252912521362,
    "callback_time": 0.0,
    "subproblem_time": 11.06875228881836,
    "mp_time": 4.074985027313232,
    "inh_time": null,
    "ilp_time": 0.0,
    "surgeon_schedule": {
        "0": [
            38
        ],
        "1": [
            8
        ],
        "2": [
            18
        ],
        "3": [
            10
        ],
        "4": [
            40
        ],
        "5": [
            20,
            48
        ],
        "6": [
            1
        ],
        "8": [
            26
        ],
        "9": [
            31
        ],
        "10": [
            14
        ],
        "11": [
            44
        ]
    },
    "patient_schedule": {
        "5": 38,
        "33": 38,
        "0": 8,
        "15": 8,
        "25": 8,
        "2": 18,
        "28": 18,
        "3": 10,
        "22": 40,
        "23": 40,
        "20": 20,
        "11": 48,
        "12": 48,
        "39": 48,
        "35": 1,
        "37": 1,
        "41": 1,
        "43": 1,
        "17": 26,
        "21": 26,
        "40": 26,
        "46": 26,
        "9": 31,
        "10": 31,
        "47": 31,
        "4": 14,
        "6": 14,
        "13": 44,
        "18": 44
    },
    "instance": null,
    "parameters": null,
    "parameters_data": null,
    "patients": null,
    "capacity": null,
    "num_days": null,
    "num_ORs": null,
    "num_surgeons": null,
    "initial_heuristics_time": 0.0,
    "gap": 0.0
}