{
    "proved_optimal": true,
    "obj": 46,
    "relax_obj": 46.0,
    "num_LCs": 0,
    "num_callbacks": 0,
    "num_CG_iterations": 22,
    "num_columns": 246,
    "num_nodes": 1,
    "overall_time": 12.413593053817749,
    "callback_time": 0.0,
    "subproblem_time": 6.87741756439209,
    "mp_time": 5.52761173248291,
    "inh_time": null,
    "ilp_time": 0.0,
    "surgeon_schedule": {
        "0": [
            48
        ],
        "1": [
            1
        ],
        "2": [
            21
        ],
        "3": [
            19
        ],
        "4": [
            39
        ],
        "5": [
            14
        ],
        "6": [
            28
        ],
        "7": [
            8
        ],
        "8": [
            32
        ],
        "9": [
            44
        ],
        "10": [
            10
        ],
        "11": [
            17,
            40
        ]
    },
    "patient_schedule": {
        "5": 48,
        "33": 48,
        "25": 1,
        "27": 1,
        "45": 1,
        "2": 21,
        "28": 21,
        "19": 19,
        "22": 39,
        "23": 39,
        "20": 14,
        "39": 14,
        "35": 28,
        "37": 28,
        "41": 28,
        "43": 28,
        "16": 8,
        "29": 8,
        "17": 32,
        "21": 32,
        "40": 32,
        "46": 32,
        "1": 44,
        "47": 44,
        "4": 10,
        "6": 10,
        "18": 17,
        "38": 17,
        "42": 40
    },
    "instance": null,
    "parameters": null,
    "parameters_data": null,
    "patients": null,
    "capacity": null,
    "num_days": null,
    "num_ORs": null,
    "num_surgeons": null,
    "initial_heuristics_time": 0.0,
    "gap": 0.0
}