{
    "proved_optimal": true,
    "obj": 22,
    "relax_obj": 22.0,
    "num_LCs": 38,
    "num_callbacks": 730,
    "num_CG_iterations": 21,
    "num_columns": 232,
    "num_nodes": 1,
    "overall_time": 15.11082911491394,
    "callback_time": 1.93306303024292,
    "subproblem_time": 10.019030332565308,
    "mp_time": 5.081268072128296,
    "inh_time": null,
    "ilp_time": 0.0,
    "surgeon_schedule": {
        "0": [
            28
        ],
        "1": [
            18
        ],
        "2": [
            21
        ],
        "4": [
            0
        ],
        "5": [
            8,
            11
        ],
        "6": [
            38
        ],
        "8": [
            46
        ],
        "9": [
            34
        ],
        "10": [
            30
        ],
        "11": [
            4,
            40
        ]
    },
    "patient_schedule": {
        "5": 28,
        "33": 28,
        "25": 18,
        "27": 18,
        "45": 18,
        "2": 21,
        "28": 21,
        "22": 0,
        "23": 0,
        "12": 8,
        "20": 8,
        "36": 8,
        "31": 11,
        "39": 11,
        "35": 38,
        "37": 38,
        "41": 38,
        "43": 38,
        "17": 46,
        "21": 46,
        "40": 46,
        "46": 46,
        "1": 34,
        "47": 34,
        "4": 30,
        "6": 30,
        "42": 4,
        "18": 40,
        "38": 40
    },
    "instance": null,
    "parameters": null,
    "parameters_data": null,
    "patients": null,
    "capacity": null,
    "num_days": null,
    "num_ORs": null,
    "num_surgeons": null,
    "initial_heuristics_time": 0.0,
    "gap": 0.0
}