{
    "proved_optimal": true,
    "obj": 39,
    "relax_obj": 39.0,
    "num_LCs": 2,
    "num_callbacks": 578,
    "num_CG_iterations": 21,
    "num_columns": 239,
    "num_nodes": 1,
    "overall_time": 11.701297521591187,
    "callback_time": 1.4567594528198242,
    "subproblem_time": 6.451422214508057,
    "mp_time": 5.240854978561401,
    "inh_time": null,
    "ilp_time": 0.0,
    "surgeon_schedule": {
        "1": [
            21
        ],
        "2": [
            31
        ],
        "3": [
            27,
            37
        ],
        "4": [
            29
        ],
        "5": [
            10
        ],
        "6": [
            15
        ],
        "7": [
            8
        ],
        "8": [
            42
        ],
        "9": [
            0,
            39
        ],
        "10": [
            49
        ],
        "11": [
            4,
            19
        ]
    },
    "patient_schedule": {
        "25": 21,
        "27": 21,
        "45": 21,
        "2": 31,
        "28": 31,
        "19": 27,
        "26": 37,
        "22": 29,
        "23": 29,
        "20": 10,
        "39": 10,
        "35": 15,
        "37": 15,
        "41": 15,
        "43": 15,
        "16": 8,
        "29": 8,
        "17": 42,
        "21": 42,
        "40": 42,
        "46": 42,
        "10": 0,
        "1": 39,
        "47": 39,
        "4": 49,
        "6": 49,
        "18": 4,
        "38": 4,
        "42": 19
    },
    "instance": null,
    "parameters": null,
    "parameters_data": null,
    "patients": null,
    "capacity": null,
    "num_days": null,
    "num_ORs": null,
    "num_surgeons": null,
    "initial_heuristics_time": 0.0,
    "gap": 0.0
}