{
    "proved_optimal": true,
    "obj": 1,
    "relax_obj": 0.25,
    "num_LCs": 22,
    "num_callbacks": 824,
    "num_CG_iterations": 23,
    "num_columns": 248,
    "num_nodes": 1,
    "overall_time": 15.972795724868774,
    "callback_time": 2.0439863204956055,
    "subproblem_time": 9.777321338653564,
    "mp_time": 6.186648607254028,
    "inh_time": null,
    "ilp_time": 0.0,
    "surgeon_schedule": {
        "0": [
            18
        ],
        "1": [
            11
        ],
        "4": [
            32
        ],
        "5": [
            3,
            39
        ],
        "6": [
            42
        ],
        "8": [
            22
        ],
        "9": [
            29
        ],
        "10": [
            49
        ]
    },
    "patient_schedule": {
        "5": 18,
        "33": 18,
        "0": 11,
        "15": 11,
        "25": 11,
        "14": 32,
        "22": 32,
        "23": 32,
        "11": 3,
        "31": 3,
        "36": 3,
        "20": 39,
        "39": 39,
        "30": 42,
        "37": 42,
        "41": 42,
        "43": 42,
        "17": 22,
        "21": 22,
        "40": 22,
        "46": 22,
        "1": 29,
        "47": 29,
        "4": 49,
        "24": 49
    },
    "instance": null,
    "parameters": null,
    "parameters_data": null,
    "patients": null,
    "capacity": null,
    "num_days": null,
    "num_ORs": null,
    "num_surgeons": null,
    "initial_heuristics_time": 0.0,
    "gap": 3.0
}