{
    "proved_optimal": true,
    "obj": 45,
    "relax_obj": -28,
    "num_LCs": 0,
    "num_callbacks": 0,
    "num_CG_iterations": 17,
    "num_columns": 166,
    "num_nodes": 1,
    "overall_time": 4.52634334564209,
    "callback_time": 0.0,
    "subproblem_time": 1.8241562843322754,
    "mp_time": 2.695997953414917,
    "inh_time": null,
    "ilp_time": 0.0,
    "surgeon_schedule": {
        "0": [
            48
        ],
        "1": [
            9,
            28
        ],
        "2": [
            7,
            24,
            38
        ],
        "5": [
            15,
            30,
            40
        ],
        "6": [
            10
        ],
        "7": [
            20,
            34,
            44
        ],
        "8": [
            0
        ],
        "9": [
            4,
            19
        ]
    },
    "patient_schedule": {
        "18": 48,
        "26": 48,
        "43": 48,
        "1": 9,
        "40": 9,
        "16": 28,
        "35": 28,
        "22": 7,
        "4": 24,
        "15": 38,
        "23": 38,
        "39": 38,
        "42": 38,
        "10": 15,
        "27": 15,
        "30": 15,
        "32": 15,
        "14": 30,
        "24": 40,
        "37": 10,
        "11": 20,
        "33": 20,
        "31": 34,
        "21": 44,
        "8": 0,
        "12": 0,
        "19": 4,
        "0": 19
    },
    "instance": null,
    "parameters": null,
    "parameters_data": null,
    "patients": null,
    "capacity": null,
    "num_days": null,
    "num_ORs": null,
    "num_surgeons": null,
    "initial_heuristics_time": 0.0,
    "gap": -2.607142857142857
}