{
    "proved_optimal": true,
    "obj": 32,
    "relax_obj": 32.0,
    "num_LCs": 0,
    "num_callbacks": 0,
    "num_CG_iterations": 17,
    "num_columns": 174,
    "num_nodes": 1,
    "overall_time": 4.099420785903931,
    "callback_time": 0.0,
    "subproblem_time": 1.6761422157287598,
    "mp_time": 2.418503522872925,
    "inh_time": null,
    "ilp_time": 0.0,
    "surgeon_schedule": {
        "0": [
            9,
            35
        ],
        "1": [
            25
        ],
        "2": [
            15,
            39
        ],
        "4": [
            45
        ],
        "5": [
            19,
            20
        ],
        "6": [
            30
        ],
        "7": [
            7,
            10,
            40
        ],
        "8": [
            29
        ],
        "9": [
            1,
            49
        ]
    },
    "patient_schedule": {
        "26": 9,
        "43": 9,
        "18": 35,
        "38": 35,
        "9": 25,
        "40": 25,
        "15": 15,
        "22": 15,
        "39": 15,
        "23": 39,
        "42": 39,
        "2": 45,
        "3": 45,
        "24": 19,
        "32": 19,
        "10": 20,
        "14": 20,
        "37": 30,
        "11": 7,
        "33": 7,
        "21": 10,
        "31": 40,
        "8": 29,
        "12": 29,
        "0": 1,
        "5": 1,
        "19": 49
    },
    "instance": null,
    "parameters": null,
    "parameters_data": null,
    "patients": null,
    "capacity": null,
    "num_days": null,
    "num_ORs": null,
    "num_surgeons": null,
    "initial_heuristics_time": 0.0,
    "gap": 0.0
}