{
    "proved_optimal": true,
    "obj": 51,
    "relax_obj": 51.0,
    "num_LCs": 0,
    "num_callbacks": 0,
    "num_CG_iterations": 24,
    "num_columns": 225,
    "num_nodes": 3,
    "overall_time": 13.415290832519531,
    "callback_time": 0.0,
    "subproblem_time": 7.195943355560303,
    "mp_time": 6.202768087387085,
    "inh_time": null,
    "ilp_time": 0.0,
    "surgeon_schedule": {
        "0": [
            17,
            25
        ],
        "1": [
            1,
            40
        ],
        "2": [
            8,
            30
        ],
        "3": [
            36
        ],
        "5": [
            11,
            44
        ],
        "7": [
            19,
            20,
            47
        ],
        "8": [
            29
        ],
        "9": [
            49
        ]
    },
    "patient_schedule": {
        "26": 17,
        "43": 17,
        "18": 25,
        "38": 25,
        "16": 1,
        "35": 1,
        "1": 40,
        "40": 40,
        "4": 8,
        "23": 8,
        "39": 8,
        "22": 30,
        "42": 30,
        "20": 36,
        "34": 36,
        "10": 11,
        "24": 11,
        "30": 11,
        "14": 44,
        "27": 44,
        "11": 19,
        "33": 19,
        "21": 20,
        "31": 47,
        "8": 29,
        "12": 29,
        "19": 49
    },
    "instance": null,
    "parameters": null,
    "parameters_data": null,
    "patients": null,
    "capacity": null,
    "num_days": null,
    "num_ORs": null,
    "num_surgeons": null,
    "initial_heuristics_time": 0.0,
    "gap": 0.0
}