{
    "proved_optimal": true,
    "obj": 45,
    "relax_obj": -28,
    "num_LCs": 0,
    "num_callbacks": 0,
    "num_CG_iterations": 19,
    "num_columns": 181,
    "num_nodes": 3,
    "overall_time": 5.52841854095459,
    "callback_time": 0.0,
    "subproblem_time": 2.0248022079467773,
    "mp_time": 3.4889326095581055,
    "inh_time": null,
    "ilp_time": 0.0,
    "surgeon_schedule": {
        "0": [
            14,
            38
        ],
        "1": [
            26
        ],
        "2": [
            19,
            34,
            48
        ],
        "4": [
            20,
            44
        ],
        "5": [
            8,
            30,
            40
        ],
        "7": [
            1,
            17
        ],
        "8": [
            10
        ]
    },
    "patient_schedule": {
        "26": 14,
        "43": 14,
        "18": 38,
        "38": 38,
        "1": 26,
        "16": 26,
        "35": 26,
        "40": 26,
        "4": 19,
        "42": 19,
        "22": 34,
        "15": 48,
        "23": 48,
        "39": 48,
        "3": 20,
        "2": 44,
        "10": 8,
        "14": 8,
        "30": 8,
        "27": 30,
        "32": 30,
        "24": 40,
        "11": 1,
        "31": 1,
        "33": 1,
        "21": 17,
        "8": 10,
        "12": 10
    },
    "instance": null,
    "parameters": null,
    "parameters_data": null,
    "patients": null,
    "capacity": null,
    "num_days": null,
    "num_ORs": null,
    "num_surgeons": null,
    "initial_heuristics_time": 0.0,
    "gap": -2.607142857142857
}