{
    "proved_optimal": true,
    "obj": 16,
    "relax_obj": 16.0,
    "num_LCs": 0,
    "num_callbacks": 0,
    "num_CG_iterations": 20,
    "num_columns": 192,
    "num_nodes": 3,
    "overall_time": 5.802426099777222,
    "callback_time": 0.0,
    "subproblem_time": 2.0563206672668457,
    "mp_time": 3.735053062438965,
    "inh_time": null,
    "ilp_time": 0.0,
    "surgeon_schedule": {
        "0": [
            28,
            39
        ],
        "1": [
            1,
            34
        ],
        "2": [
            8,
            19,
            37
        ],
        "4": [
            20,
            40
        ],
        "5": [
            10,
            24,
            45
        ],
        "7": [
            14,
            30,
            49
        ],
        "8": [
            17
        ]
    },
    "patient_schedule": {
        "18": 28,
        "38": 28,
        "26": 39,
        "43": 39,
        "16": 1,
        "35": 1,
        "1": 34,
        "40": 34,
        "4": 8,
        "15": 8,
        "39": 8,
        "42": 8,
        "22": 19,
        "23": 37,
        "2": 20,
        "3": 40,
        "24": 10,
        "10": 24,
        "27": 24,
        "32": 24,
        "14": 45,
        "30": 45,
        "31": 14,
        "21": 30,
        "11": 49,
        "33": 49,
        "8": 17,
        "12": 17
    },
    "instance": null,
    "parameters": null,
    "parameters_data": null,
    "patients": null,
    "capacity": null,
    "num_days": null,
    "num_ORs": null,
    "num_surgeons": null,
    "initial_heuristics_time": 0.0,
    "gap": 0.0
}