{
    "proved_optimal": true,
    "obj": 23,
    "relax_obj": 22.5,
    "num_LCs": 30,
    "num_callbacks": 857,
    "num_CG_iterations": 25,
    "num_columns": 240,
    "num_nodes": 1,
    "overall_time": 16.538466215133667,
    "callback_time": 1.6827678680419922,
    "subproblem_time": 10.445181846618652,
    "mp_time": 6.083613872528076,
    "inh_time": null,
    "ilp_time": 0.0,
    "surgeon_schedule": {
        "0": [
            40
        ],
        "1": [
            8,
            30
        ],
        "2": [
            45
        ],
        "3": [
            36
        ],
        "4": [
            26
        ],
        "5": [
            1,
            20
        ],
        "6": [
            13
        ],
        "8": [
            49
        ]
    },
    "patient_schedule": {
        "18": 40,
        "43": 40,
        "16": 8,
        "35": 8,
        "1": 30,
        "40": 30,
        "15": 45,
        "22": 45,
        "23": 45,
        "42": 45,
        "20": 36,
        "34": 36,
        "2": 26,
        "3": 26,
        "29": 26,
        "10": 1,
        "24": 1,
        "30": 1,
        "14": 20,
        "27": 20,
        "7": 13,
        "13": 13,
        "37": 13,
        "8": 49,
        "12": 49
    },
    "instance": null,
    "parameters": null,
    "parameters_data": null,
    "patients": null,
    "capacity": null,
    "num_days": null,
    "num_ORs": null,
    "num_surgeons": null,
    "initial_heuristics_time": 0.0,
    "gap": 0.022222222222222223
}