{
    "proved_optimal": true,
    "obj": 51,
    "relax_obj": 51.0,
    "num_LCs": 3,
    "num_callbacks": 858,
    "num_CG_iterations": 26,
    "num_columns": 251,
    "num_nodes": 3,
    "overall_time": 16.153660535812378,
    "callback_time": 1.8901753425598145,
    "subproblem_time": 9.386730432510376,
    "mp_time": 6.751697540283203,
    "inh_time": null,
    "ilp_time": 0.0,
    "surgeon_schedule": {
        "0": [
            0,
            28
        ],
        "1": [
            8,
            30
        ],
        "2": [
            38,
            44
        ],
        "3": [
            16
        ],
        "5": [
            10,
            48
        ],
        "7": [
            4,
            24,
            40
        ],
        "8": [
            20
        ],
        "9": [
            34
        ]
    },
    "patient_schedule": {
        "26": 0,
        "43": 0,
        "18": 28,
        "38": 28,
        "16": 8,
        "35": 8,
        "1": 30,
        "40": 30,
        "4": 38,
        "22": 38,
        "23": 38,
        "39": 44,
        "42": 44,
        "20": 16,
        "34": 16,
        "24": 10,
        "27": 10,
        "10": 48,
        "14": 48,
        "30": 48,
        "21": 4,
        "31": 24,
        "11": 40,
        "33": 40,
        "8": 20,
        "12": 20,
        "19": 34
    },
    "instance": null,
    "parameters": null,
    "parameters_data": null,
    "patients": null,
    "capacity": null,
    "num_days": null,
    "num_ORs": null,
    "num_surgeons": null,
    "initial_heuristics_time": 0.0,
    "gap": 0.0
}