{
    "proved_optimal": true,
    "obj": 23,
    "relax_obj": -87,
    "num_LCs": 0,
    "num_callbacks": 0,
    "num_CG_iterations": 22,
    "num_columns": 205,
    "num_nodes": 3,
    "overall_time": 9.848344802856445,
    "callback_time": 0.0,
    "subproblem_time": 3.600681781768799,
    "mp_time": 6.229674816131592,
    "inh_time": null,
    "ilp_time": 0.0,
    "surgeon_schedule": {
        "0": [
            39
        ],
        "1": [
            14
        ],
        "2": [
            10,
            21
        ],
        "3": [
            19,
            34
        ],
        "4": [
            2
        ],
        "5": [
            37,
            44
        ],
        "6": [
            30
        ],
        "7": [
            9,
            17,
            40
        ],
        "8": [
            47
        ],
        "9": [
            28,
            49
        ]
    },
    "patient_schedule": {
        "18": 39,
        "26": 39,
        "1": 14,
        "40": 14,
        "4": 10,
        "15": 21,
        "23": 21,
        "39": 21,
        "42": 21,
        "34": 19,
        "17": 34,
        "2": 2,
        "3": 2,
        "29": 2,
        "24": 37,
        "32": 37,
        "10": 44,
        "14": 44,
        "37": 30,
        "11": 9,
        "33": 9,
        "21": 17,
        "31": 40,
        "8": 47,
        "12": 47,
        "0": 28,
        "5": 28,
        "19": 49
    },
    "instance": null,
    "parameters": null,
    "parameters_data": null,
    "patients": null,
    "capacity": null,
    "num_days": null,
    "num_ORs": null,
    "num_surgeons": null,
    "initial_heuristics_time": 0.0,
    "gap": -1.264367816091954
}