{
    "proved_optimal": true,
    "obj": 22,
    "relax_obj": 21.5,
    "num_LCs": 9,
    "num_callbacks": 816,
    "num_CG_iterations": 24,
    "num_columns": 242,
    "num_nodes": 1,
    "overall_time": 15.05477523803711,
    "callback_time": 1.8756604194641113,
    "subproblem_time": 9.248242139816284,
    "mp_time": 5.797825574874878,
    "inh_time": null,
    "ilp_time": 0.0,
    "surgeon_schedule": {
        "0": [
            44
        ],
        "1": [
            11,
            34
        ],
        "2": [
            48
        ],
        "3": [
            22
        ],
        "5": [
            18,
            30
        ],
        "6": [
            3
        ],
        "7": [
            29,
            37
        ],
        "8": [
            39
        ],
        "9": [
            40
        ]
    },
    "patient_schedule": {
        "18": 44,
        "43": 44,
        "16": 11,
        "35": 11,
        "1": 34,
        "40": 34,
        "4": 48,
        "15": 48,
        "39": 48,
        "42": 48,
        "20": 22,
        "34": 22,
        "10": 18,
        "14": 18,
        "30": 18,
        "24": 30,
        "32": 30,
        "7": 3,
        "13": 3,
        "37": 3,
        "21": 29,
        "11": 37,
        "33": 37,
        "8": 39,
        "12": 39,
        "19": 40
    },
    "instance": null,
    "parameters": null,
    "parameters_data": null,
    "patients": null,
    "capacity": null,
    "num_days": null,
    "num_ORs": null,
    "num_surgeons": null,
    "initial_heuristics_time": 0.0,
    "gap": 0.023255813953488372
}