{
    "proved_optimal": true,
    "obj": 21,
    "relax_obj": 20.5,
    "num_LCs": 0,
    "num_callbacks": 0,
    "num_CG_iterations": 24,
    "num_columns": 225,
    "num_nodes": 1,
    "overall_time": 14.20572805404663,
    "callback_time": 0.0,
    "subproblem_time": 8.36549973487854,
    "mp_time": 5.832115888595581,
    "inh_time": null,
    "ilp_time": 0.0,
    "surgeon_schedule": {
        "0": [
            5
        ],
        "1": [
            9,
            11
        ],
        "2": [
            18
        ],
        "4": [
            46
        ],
        "5": [
            38,
            40
        ],
        "6": [
            23
        ],
        "7": [
            34
        ],
        "8": [
            30
        ],
        "9": [
            0
        ]
    },
    "patient_schedule": {
        "18": 5,
        "38": 5,
        "1": 9,
        "40": 9,
        "16": 11,
        "35": 11,
        "4": 18,
        "15": 18,
        "22": 18,
        "42": 18,
        "2": 46,
        "3": 46,
        "29": 46,
        "10": 38,
        "14": 38,
        "30": 38,
        "24": 40,
        "32": 40,
        "7": 23,
        "36": 23,
        "37": 23,
        "21": 34,
        "8": 30,
        "12": 30,
        "19": 0
    },
    "instance": null,
    "parameters": null,
    "parameters_data": null,
    "patients": null,
    "capacity": null,
    "num_days": null,
    "num_ORs": null,
    "num_surgeons": null,
    "initial_heuristics_time": 0.0,
    "gap": 0.024390243902439025
}