{
    "proved_optimal": true,
    "obj": 18,
    "relax_obj": -84,
    "num_LCs": 0,
    "num_callbacks": 0,
    "num_CG_iterations": 23,
    "num_columns": 227,
    "num_nodes": 1,
    "overall_time": 8.496978282928467,
    "callback_time": 0.0,
    "subproblem_time": 3.299872875213623,
    "mp_time": 5.18761944770813,
    "inh_time": null,
    "ilp_time": 0.0,
    "surgeon_schedule": {
        "0": [
            1,
            49
        ],
        "1": [
            39,
            40
        ],
        "2": [
            32
        ],
        "4": [
            10
        ],
        "5": [
            15,
            47
        ],
        "6": [
            19
        ],
        "7": [
            9,
            20,
            44
        ],
        "8": [
            7
        ],
        "9": [
            26
        ]
    },
    "patient_schedule": {
        "26": 1,
        "38": 1,
        "18": 49,
        "43": 49,
        "16": 39,
        "40": 39,
        "1": 40,
        "4": 32,
        "22": 32,
        "23": 32,
        "39": 32,
        "42": 32,
        "2": 10,
        "14": 15,
        "30": 15,
        "10": 47,
        "24": 47,
        "27": 47,
        "37": 19,
        "11": 9,
        "33": 9,
        "21": 20,
        "31": 44,
        "8": 7,
        "12": 7,
        "0": 26,
        "5": 26,
        "19": 26
    },
    "instance": null,
    "parameters": null,
    "parameters_data": null,
    "patients": null,
    "capacity": null,
    "num_days": null,
    "num_ORs": null,
    "num_surgeons": null,
    "initial_heuristics_time": 0.0,
    "gap": -1.2142857142857142
}