{
    "proved_optimal": true,
    "obj": 38,
    "relax_obj": 38.0,
    "num_LCs": 0,
    "num_callbacks": 0,
    "num_CG_iterations": 20,
    "num_columns": 206,
    "num_nodes": 1,
    "overall_time": 8.696409702301025,
    "callback_time": 0.0,
    "subproblem_time": 3.21248197555542,
    "mp_time": 5.475374698638916,
    "inh_time": null,
    "ilp_time": 0.0,
    "surgeon_schedule": {
        "0": [
            0,
            18
        ],
        "1": [
            9,
            20
        ],
        "2": [
            27,
            31
        ],
        "4": [
            14
        ],
        "5": [
            42
        ],
        "6": [
            24
        ],
        "7": [
            10,
            29,
            49
        ],
        "8": [
            39
        ],
        "9": [
            5,
            37
        ]
    },
    "patient_schedule": {
        "26": 0,
        "43": 0,
        "18": 18,
        "38": 18,
        "1": 9,
        "40": 9,
        "16": 20,
        "39": 27,
        "42": 27,
        "4": 31,
        "22": 31,
        "23": 31,
        "2": 14,
        "10": 42,
        "14": 42,
        "24": 42,
        "27": 42,
        "30": 42,
        "37": 24,
        "21": 10,
        "31": 29,
        "11": 49,
        "33": 49,
        "8": 39,
        "12": 39,
        "0": 5,
        "5": 5,
        "19": 37
    },
    "instance": null,
    "parameters": null,
    "parameters_data": null,
    "patients": null,
    "capacity": null,
    "num_days": null,
    "num_ORs": null,
    "num_surgeons": null,
    "initial_heuristics_time": 0.0,
    "gap": 0.0
}