{
    "proved_optimal": true,
    "obj": 45,
    "relax_obj": 45.0,
    "num_LCs": 29,
    "num_callbacks": 821,
    "num_CG_iterations": 24,
    "num_columns": 236,
    "num_nodes": 3,
    "overall_time": 20.000811100006104,
    "callback_time": 2.588332414627075,
    "subproblem_time": 12.440328359603882,
    "mp_time": 7.540156841278076,
    "inh_time": null,
    "ilp_time": 0.0,
    "surgeon_schedule": {
        "0": [
            18,
            20
        ],
        "1": [
            2,
            49
        ],
        "2": [
            35
        ],
        "4": [
            42
        ],
        "5": [
            25,
            30
        ],
        "7": [
            29,
            39
        ],
        "8": [
            9
        ],
        "9": [
            11
        ]
    },
    "patient_schedule": {
        "18": 18,
        "38": 18,
        "26": 20,
        "43": 20,
        "9": 2,
        "35": 2,
        "1": 49,
        "40": 49,
        "15": 35,
        "23": 35,
        "39": 35,
        "42": 35,
        "2": 42,
        "3": 42,
        "29": 42,
        "10": 25,
        "14": 25,
        "30": 25,
        "24": 30,
        "32": 30,
        "21": 29,
        "11": 39,
        "33": 39,
        "8": 9,
        "12": 9,
        "0": 11,
        "5": 11
    },
    "instance": null,
    "parameters": null,
    "parameters_data": null,
    "patients": null,
    "capacity": null,
    "num_days": null,
    "num_ORs": null,
    "num_surgeons": null,
    "initial_heuristics_time": 0.0,
    "gap": 0.0
}