{
    "proved_optimal": true,
    "obj": 38,
    "relax_obj": 38.0,
    "num_LCs": 9,
    "num_callbacks": 458,
    "num_CG_iterations": 19,
    "num_columns": 197,
    "num_nodes": 1,
    "overall_time": 6.834644317626953,
    "callback_time": 0.9111263751983643,
    "subproblem_time": 3.5623180866241455,
    "mp_time": 3.2659361362457275,
    "inh_time": null,
    "ilp_time": 0.0,
    "surgeon_schedule": {
        "0": [
            1,
            49
        ],
        "1": [
            20,
            39
        ],
        "2": [
            7,
            18
        ],
        "4": [
            9
        ],
        "5": [
            25,
            34
        ],
        "6": [
            10
        ],
        "7": [
            14,
            29,
            40
        ],
        "8": [
            37
        ],
        "9": [
            30,
            45
        ]
    },
    "patient_schedule": {
        "26": 1,
        "38": 1,
        "18": 49,
        "43": 49,
        "16": 20,
        "40": 20,
        "1": 39,
        "22": 7,
        "42": 7,
        "4": 18,
        "23": 18,
        "39": 18,
        "2": 9,
        "10": 25,
        "14": 25,
        "30": 25,
        "24": 34,
        "27": 34,
        "37": 10,
        "31": 14,
        "21": 29,
        "11": 40,
        "33": 40,
        "8": 37,
        "12": 37,
        "19": 30,
        "0": 45,
        "5": 45
    },
    "instance": null,
    "parameters": null,
    "parameters_data": null,
    "patients": null,
    "capacity": null,
    "num_days": null,
    "num_ORs": null,
    "num_surgeons": null,
    "initial_heuristics_time": 0.0,
    "gap": 0.0
}