{
    "proved_optimal": true,
    "obj": 16,
    "relax_obj": 16.0,
    "num_LCs": 10,
    "num_callbacks": 487,
    "num_CG_iterations": 18,
    "num_columns": 173,
    "num_nodes": 3,
    "overall_time": 7.596370697021484,
    "callback_time": 1.0261147022247314,
    "subproblem_time": 3.855224609375,
    "mp_time": 3.7297585010528564,
    "inh_time": null,
    "ilp_time": 0.0,
    "surgeon_schedule": {
        "0": [
            1,
            49
        ],
        "1": [
            21,
            30
        ],
        "2": [
            15,
            34,
            40
        ],
        "4": [
            29,
            37
        ],
        "5": [
            8,
            10,
            47
        ],
        "7": [
            19,
            27,
            44
        ],
        "8": [
            39
        ]
    },
    "patient_schedule": {
        "26": 1,
        "38": 1,
        "18": 49,
        "43": 49,
        "16": 21,
        "35": 21,
        "1": 30,
        "40": 30,
        "15": 15,
        "22": 15,
        "23": 15,
        "4": 34,
        "39": 40,
        "42": 40,
        "2": 29,
        "3": 37,
        "14": 8,
        "30": 8,
        "10": 10,
        "27": 10,
        "24": 47,
        "32": 47,
        "11": 19,
        "33": 19,
        "31": 27,
        "21": 44,
        "8": 39,
        "12": 39
    },
    "instance": null,
    "parameters": null,
    "parameters_data": null,
    "patients": null,
    "capacity": null,
    "num_days": null,
    "num_ORs": null,
    "num_surgeons": null,
    "initial_heuristics_time": 0.0,
    "gap": 0.0
}