{
    "proved_optimal": true,
    "obj": 38,
    "relax_obj": -84,
    "num_LCs": 0,
    "num_callbacks": 0,
    "num_CG_iterations": 19,
    "num_columns": 196,
    "num_nodes": 1,
    "overall_time": 5.390100479125977,
    "callback_time": 0.0,
    "subproblem_time": 2.0414018630981445,
    "mp_time": 3.341500759124756,
    "inh_time": null,
    "ilp_time": 0.0,
    "surgeon_schedule": {
        "0": [
            14,
            48
        ],
        "1": [
            24,
            30
        ],
        "2": [
            4,
            35
        ],
        "4": [
            29
        ],
        "5": [
            8,
            19
        ],
        "6": [
            10
        ],
        "7": [
            17,
            20,
            39
        ],
        "8": [
            0
        ],
        "9": [
            27,
            41
        ]
    },
    "patient_schedule": {
        "26": 14,
        "43": 14,
        "18": 48,
        "38": 48,
        "1": 24,
        "40": 24,
        "16": 30,
        "39": 4,
        "42": 4,
        "4": 35,
        "22": 35,
        "23": 35,
        "2": 29,
        "10": 8,
        "24": 8,
        "30": 8,
        "14": 19,
        "27": 19,
        "37": 10,
        "21": 17,
        "11": 20,
        "33": 20,
        "31": 39,
        "8": 0,
        "12": 0,
        "19": 27,
        "0": 41,
        "5": 41
    },
    "instance": null,
    "parameters": null,
    "parameters_data": null,
    "patients": null,
    "capacity": null,
    "num_days": null,
    "num_ORs": null,
    "num_surgeons": null,
    "initial_heuristics_time": 0.0,
    "gap": -1.4523809523809523
}