{
    "proved_optimal": true,
    "obj": 34,
    "relax_obj": 34.0,
    "num_LCs": 28,
    "num_callbacks": 539,
    "num_CG_iterations": 18,
    "num_columns": 184,
    "num_nodes": 1,
    "overall_time": 7.1210925579071045,
    "callback_time": 0.8915045261383057,
    "subproblem_time": 4.042865037918091,
    "mp_time": 3.0729401111602783,
    "inh_time": null,
    "ilp_time": 0.0,
    "surgeon_schedule": {
        "0": [
            21,
            39
        ],
        "1": [
            4
        ],
        "2": [
            10,
            35,
            47
        ],
        "4": [
            7,
            14
        ],
        "5": [
            0,
            44
        ],
        "6": [
            9
        ],
        "7": [
            27,
            30,
            49
        ],
        "8": [
            29
        ],
        "9": [
            18,
            40
        ]
    },
    "patient_schedule": {
        "38": 21,
        "43": 21,
        "18": 39,
        "26": 39,
        "1": 4,
        "40": 4,
        "22": 10,
        "4": 35,
        "15": 35,
        "39": 35,
        "42": 35,
        "23": 47,
        "2": 7,
        "3": 14,
        "10": 0,
        "14": 0,
        "24": 44,
        "32": 44,
        "37": 9,
        "11": 27,
        "33": 27,
        "21": 30,
        "31": 49,
        "8": 29,
        "12": 29,
        "0": 18,
        "5": 18,
        "19": 40
    },
    "instance": null,
    "parameters": null,
    "parameters_data": null,
    "patients": null,
    "capacity": null,
    "num_days": null,
    "num_ORs": null,
    "num_surgeons": null,
    "initial_heuristics_time": 0.0,
    "gap": 0.0
}