{
    "proved_optimal": true,
    "obj": 52,
    "relax_obj": -35,
    "num_LCs": 0,
    "num_callbacks": 0,
    "num_CG_iterations": 18,
    "num_columns": 201,
    "num_nodes": 1,
    "overall_time": 5.760531902313232,
    "callback_time": 0.0,
    "subproblem_time": 2.3973963260650635,
    "mp_time": 3.354041576385498,
    "inh_time": null,
    "ilp_time": 0.0,
    "surgeon_schedule": {
        "0": [
            9
        ],
        "2": [
            19,
            41
        ],
        "3": [
            25
        ],
        "4": [
            5,
            17
        ],
        "5": [
            37,
            49
        ],
        "6": [
            0,
            20
        ],
        "7": [
            10,
            39
        ],
        "8": [
            29,
            47
        ],
        "9": [
            34
        ],
        "11": [
            14,
            30
        ]
    },
    "patient_schedule": {
        "23": 9,
        "40": 9,
        "26": 19,
        "3": 41,
        "11": 41,
        "46": 41,
        "8": 25,
        "35": 25,
        "42": 25,
        "44": 25,
        "5": 5,
        "15": 5,
        "51": 5,
        "0": 17,
        "37": 17,
        "50": 17,
        "38": 37,
        "6": 49,
        "18": 49,
        "25": 49,
        "28": 49,
        "14": 0,
        "2": 20,
        "16": 20,
        "9": 10,
        "45": 10,
        "7": 39,
        "39": 29,
        "31": 47,
        "33": 47,
        "47": 34,
        "49": 34,
        "22": 14,
        "32": 14,
        "43": 30
    },
    "instance": null,
    "parameters": null,
    "parameters_data": null,
    "patients": null,
    "capacity": null,
    "num_days": null,
    "num_ORs": null,
    "num_surgeons": null,
    "initial_heuristics_time": 0.0,
    "gap": -2.4857142857142858
}