{
    "proved_optimal": true,
    "obj": 17,
    "relax_obj": -102,
    "num_LCs": 0,
    "num_callbacks": 0,
    "num_CG_iterations": 18,
    "num_columns": 193,
    "num_nodes": 1,
    "overall_time": 6.119096755981445,
    "callback_time": 0.0,
    "subproblem_time": 2.8249690532684326,
    "mp_time": 3.2850918769836426,
    "inh_time": null,
    "ilp_time": 0.0,
    "surgeon_schedule": {
        "0": [
            0
        ],
        "2": [
            21,
            30
        ],
        "3": [
            15
        ],
        "4": [
            10,
            40
        ],
        "5": [
            8
        ],
        "6": [
            39
        ],
        "7": [
            49
        ],
        "8": [
            19
        ],
        "9": [
            47
        ],
        "10": [
            4,
            35,
            44
        ],
        "11": [
            28
        ]
    },
    "patient_schedule": {
        "23": 0,
        "40": 0,
        "3": 21,
        "11": 21,
        "46": 21,
        "26": 30,
        "8": 15,
        "35": 15,
        "42": 15,
        "44": 15,
        "5": 10,
        "50": 10,
        "0": 40,
        "15": 40,
        "37": 40,
        "6": 8,
        "18": 8,
        "25": 8,
        "28": 8,
        "38": 8,
        "14": 39,
        "16": 39,
        "9": 49,
        "45": 49,
        "31": 19,
        "33": 19,
        "47": 47,
        "49": 47,
        "41": 4,
        "1": 35,
        "21": 35,
        "19": 44,
        "20": 28,
        "29": 28,
        "32": 28
    },
    "instance": null,
    "parameters": null,
    "parameters_data": null,
    "patients": null,
    "capacity": null,
    "num_days": null,
    "num_ORs": null,
    "num_surgeons": null,
    "initial_heuristics_time": 0.0,
    "gap": -1.1666666666666667
}