{
    "proved_optimal": true,
    "obj": 18,
    "relax_obj": -35,
    "num_LCs": 0,
    "num_callbacks": 0,
    "num_CG_iterations": 18,
    "num_columns": 197,
    "num_nodes": 1,
    "overall_time": 6.066183567047119,
    "callback_time": 0.0,
    "subproblem_time": 2.7294342517852783,
    "mp_time": 3.3274407386779785,
    "inh_time": null,
    "ilp_time": 0.0,
    "surgeon_schedule": {
        "0": [
            24
        ],
        "2": [
            38
        ],
        "3": [
            41
        ],
        "4": [
            11,
            20
        ],
        "5": [
            0,
            49
        ],
        "6": [
            4,
            29
        ],
        "7": [
            17,
            30
        ],
        "8": [
            19,
            34
        ],
        "9": [
            8,
            27
        ],
        "11": [
            47
        ]
    },
    "patient_schedule": {
        "23": 24,
        "40": 24,
        "3": 38,
        "11": 38,
        "46": 38,
        "8": 41,
        "35": 41,
        "42": 41,
        "44": 41,
        "5": 11,
        "50": 11,
        "51": 11,
        "0": 20,
        "15": 20,
        "37": 20,
        "6": 0,
        "28": 0,
        "18": 49,
        "25": 49,
        "38": 49,
        "14": 4,
        "2": 29,
        "16": 29,
        "9": 17,
        "45": 17,
        "7": 30,
        "33": 19,
        "31": 34,
        "39": 34,
        "13": 8,
        "27": 8,
        "47": 8,
        "49": 27,
        "22": 47,
        "32": 47
    },
    "instance": null,
    "parameters": null,
    "parameters_data": null,
    "patients": null,
    "capacity": null,
    "num_days": null,
    "num_ORs": null,
    "num_surgeons": null,
    "initial_heuristics_time": 0.0,
    "gap": -1.5142857142857142
}