{
    "proved_optimal": true,
    "obj": 0,
    "relax_obj": 0.0,
    "num_LCs": 17,
    "num_callbacks": 733,
    "num_CG_iterations": 22,
    "num_columns": 232,
    "num_nodes": 3,
    "overall_time": 15.264644861221313,
    "callback_time": 1.9271903038024902,
    "subproblem_time": 9.300110578536987,
    "mp_time": 5.951529502868652,
    "inh_time": null,
    "ilp_time": 0.0,
    "surgeon_schedule": {
        "0": [
            9
        ],
        "2": [
            10
        ],
        "4": [
            0,
            31
        ],
        "5": [
            37
        ],
        "7": [
            23,
            39
        ],
        "8": [
            19
        ],
        "10": [
            48
        ],
        "11": [
            5,
            15,
            41
        ]
    },
    "patient_schedule": {
        "23": 9,
        "40": 9,
        "26": 10,
        "0": 0,
        "15": 0,
        "37": 0,
        "5": 31,
        "50": 31,
        "51": 31,
        "6": 37,
        "18": 37,
        "25": 37,
        "28": 37,
        "7": 23,
        "24": 23,
        "9": 39,
        "45": 39,
        "31": 19,
        "39": 19,
        "1": 48,
        "21": 48,
        "17": 5,
        "43": 5,
        "30": 15,
        "20": 41,
        "22": 41,
        "29": 41
    },
    "instance": null,
    "parameters": null,
    "parameters_data": null,
    "patients": null,
    "capacity": null,
    "num_days": null,
    "num_ORs": null,
    "num_surgeons": null,
    "initial_heuristics_time": 0.0,
    "gap": null
}