{
    "proved_optimal": true,
    "obj": 48,
    "relax_obj": 48.0,
    "num_LCs": 28,
    "num_callbacks": 1036,
    "num_CG_iterations": 26,
    "num_columns": 283,
    "num_nodes": 3,
    "overall_time": 20.80173420906067,
    "callback_time": 2.526719331741333,
    "subproblem_time": 12.514106750488281,
    "mp_time": 8.27135181427002,
    "inh_time": null,
    "ilp_time": 0.0,
    "surgeon_schedule": {
        "0": [
            24
        ],
        "2": [
            20,
            48
        ],
        "3": [
            8
        ],
        "4": [
            36
        ],
        "5": [
            29
        ],
        "6": [
            14
        ],
        "7": [
            4
        ],
        "8": [
            10
        ],
        "9": [
            0
        ],
        "10": [
            27,
            30,
            41
        ],
        "11": [
            18
        ]
    },
    "patient_schedule": {
        "23": 24,
        "40": 24,
        "26": 20,
        "11": 48,
        "52": 48,
        "8": 8,
        "35": 8,
        "42": 8,
        "44": 8,
        "0": 36,
        "5": 36,
        "15": 36,
        "37": 36,
        "50": 36,
        "51": 36,
        "6": 29,
        "18": 29,
        "25": 29,
        "28": 29,
        "2": 14,
        "16": 14,
        "9": 4,
        "45": 4,
        "31": 10,
        "39": 10,
        "27": 0,
        "47": 0,
        "41": 27,
        "19": 30,
        "1": 41,
        "21": 41,
        "20": 18,
        "22": 18,
        "43": 18
    },
    "instance": null,
    "parameters": null,
    "parameters_data": null,
    "patients": null,
    "capacity": null,
    "num_days": null,
    "num_ORs": null,
    "num_surgeons": null,
    "initial_heuristics_time": 0.0,
    "gap": 0.0
}