{
    "proved_optimal": true,
    "obj": 40,
    "relax_obj": 40.0,
    "num_LCs": 0,
    "num_callbacks": 0,
    "num_CG_iterations": 23,
    "num_columns": 239,
    "num_nodes": 3,
    "overall_time": 16.81014323234558,
    "callback_time": 0.0,
    "subproblem_time": 10.53325891494751,
    "mp_time": 6.257905006408691,
    "inh_time": null,
    "ilp_time": 0.0,
    "surgeon_schedule": {
        "0": [
            4
        ],
        "2": [
            20,
            35
        ],
        "3": [
            41
        ],
        "4": [
            25,
            49
        ],
        "5": [
            10
        ],
        "6": [
            30
        ],
        "7": [
            0
        ],
        "8": [
            29
        ],
        "9": [
            39
        ],
        "10": [
            16
        ],
        "11": [
            8,
            47
        ]
    },
    "patient_schedule": {
        "23": 4,
        "40": 4,
        "26": 20,
        "3": 35,
        "11": 35,
        "46": 35,
        "8": 41,
        "35": 41,
        "42": 41,
        "44": 41,
        "0": 25,
        "5": 25,
        "51": 25,
        "15": 49,
        "37": 49,
        "50": 49,
        "6": 10,
        "18": 10,
        "25": 10,
        "28": 10,
        "2": 30,
        "16": 30,
        "9": 0,
        "45": 0,
        "31": 29,
        "33": 29,
        "27": 39,
        "47": 39,
        "19": 16,
        "21": 16,
        "41": 16,
        "17": 8,
        "20": 8,
        "22": 47,
        "32": 47
    },
    "instance": null,
    "parameters": null,
    "parameters_data": null,
    "patients": null,
    "capacity": null,
    "num_days": null,
    "num_ORs": null,
    "num_surgeons": null,
    "initial_heuristics_time": 0.0,
    "gap": 0.0
}