{
    "proved_optimal": true,
    "obj": 0,
    "relax_obj": 0.0,
    "num_LCs": 40,
    "num_callbacks": 659,
    "num_CG_iterations": 19,
    "num_columns": 212,
    "num_nodes": 1,
    "overall_time": 12.0256826877594,
    "callback_time": 1.3697166442871094,
    "subproblem_time": 8.17111873626709,
    "mp_time": 3.8462576866149902,
    "inh_time": null,
    "ilp_time": 0.0,
    "surgeon_schedule": {
        "0": [
            10
        ],
        "1": [
            48
        ],
        "3": [
            38
        ],
        "4": [
            4,
            15
        ],
        "7": [
            19,
            23
        ],
        "9": [
            0
        ],
        "11": [
            8,
            31,
            41
        ]
    },
    "patient_schedule": {
        "23": 10,
        "40": 10,
        "48": 48,
        "8": 38,
        "35": 38,
        "42": 38,
        "44": 38,
        "0": 4,
        "37": 4,
        "50": 4,
        "5": 15,
        "15": 15,
        "51": 15,
        "9": 19,
        "45": 19,
        "7": 23,
        "24": 23,
        "27": 0,
        "47": 0,
        "17": 8,
        "20": 8,
        "30": 31,
        "22": 41,
        "29": 41,
        "43": 41
    },
    "instance": null,
    "parameters": null,
    "parameters_data": null,
    "patients": null,
    "capacity": null,
    "num_days": null,
    "num_ORs": null,
    "num_surgeons": null,
    "initial_heuristics_time": 0.0,
    "gap": null
}