{
    "proved_optimal": true,
    "obj": 0,
    "relax_obj": 0.0,
    "num_LCs": 17,
    "num_callbacks": 772,
    "num_CG_iterations": 22,
    "num_columns": 233,
    "num_nodes": 3,
    "overall_time": 12.609857559204102,
    "callback_time": 1.565997838973999,
    "subproblem_time": 7.669553995132446,
    "mp_time": 4.928855657577515,
    "inh_time": null,
    "ilp_time": 0.0,
    "surgeon_schedule": {
        "3": [
            8
        ],
        "4": [
            1,
            37
        ],
        "5": [
            29
        ],
        "7": [
            13,
            20
        ],
        "8": [
            39,
            41
        ],
        "11": [
            25,
            31,
            48
        ]
    },
    "patient_schedule": {
        "8": 8,
        "35": 8,
        "42": 8,
        "44": 8,
        "5": 1,
        "50": 1,
        "51": 1,
        "0": 37,
        "15": 37,
        "37": 37,
        "6": 29,
        "18": 29,
        "25": 29,
        "28": 29,
        "7": 13,
        "24": 13,
        "9": 20,
        "45": 20,
        "31": 39,
        "33": 39,
        "10": 41,
        "30": 25,
        "29": 31,
        "32": 31,
        "43": 31,
        "17": 48,
        "20": 48
    },
    "instance": null,
    "parameters": null,
    "parameters_data": null,
    "patients": null,
    "capacity": null,
    "num_days": null,
    "num_ORs": null,
    "num_surgeons": null,
    "initial_heuristics_time": 0.0,
    "gap": null
}