{
    "proved_optimal": true,
    "obj": 41,
    "relax_obj": 41.0,
    "num_LCs": 9,
    "num_callbacks": 610,
    "num_CG_iterations": 21,
    "num_columns": 234,
    "num_nodes": 1,
    "overall_time": 13.069265127182007,
    "callback_time": 1.7210438251495361,
    "subproblem_time": 7.467279434204102,
    "mp_time": 5.591359615325928,
    "inh_time": null,
    "ilp_time": 0.0,
    "surgeon_schedule": {
        "0": [
            10
        ],
        "2": [
            4,
            15
        ],
        "3": [
            40
        ],
        "4": [
            39,
            44
        ],
        "5": [
            37,
            47
        ],
        "6": [
            27,
            30
        ],
        "7": [
            29,
            34
        ],
        "8": [
            24
        ],
        "9": [
            20
        ],
        "10": [
            0,
            19,
            49
        ],
        "11": [
            8
        ]
    },
    "patient_schedule": {
        "23": 10,
        "40": 10,
        "26": 4,
        "11": 15,
        "52": 15,
        "35": 40,
        "42": 40,
        "0": 39,
        "5": 39,
        "15": 39,
        "37": 44,
        "50": 44,
        "18": 37,
        "25": 37,
        "38": 37,
        "6": 47,
        "28": 47,
        "14": 27,
        "16": 27,
        "2": 30,
        "9": 29,
        "45": 29,
        "7": 34,
        "31": 24,
        "39": 24,
        "27": 20,
        "49": 20,
        "1": 0,
        "19": 19,
        "41": 49,
        "20": 8,
        "22": 8,
        "43": 8
    },
    "instance": null,
    "parameters": null,
    "parameters_data": null,
    "patients": null,
    "capacity": null,
    "num_days": null,
    "num_ORs": null,
    "num_surgeons": null,
    "initial_heuristics_time": 0.0,
    "gap": 0.0
}