{
    "proved_optimal": true,
    "obj": 22,
    "relax_obj": 22.0,
    "num_LCs": 34,
    "num_callbacks": 822,
    "num_CG_iterations": 21,
    "num_columns": 233,
    "num_nodes": 1,
    "overall_time": 21.073989152908325,
    "callback_time": 1.8938426971435547,
    "subproblem_time": 15.186505794525146,
    "mp_time": 5.876719236373901,
    "inh_time": null,
    "ilp_time": 0.0,
    "surgeon_schedule": {
        "0": [
            29
        ],
        "2": [
            1,
            19
        ],
        "3": [
            15
        ],
        "4": [
            25,
            49
        ],
        "5": [
            20
        ],
        "6": [
            30
        ],
        "7": [
            10
        ],
        "8": [
            40
        ],
        "9": [
            39
        ],
        "11": [
            8,
            35,
            45
        ]
    },
    "patient_schedule": {
        "23": 29,
        "40": 29,
        "11": 1,
        "52": 1,
        "26": 19,
        "8": 15,
        "35": 15,
        "42": 15,
        "44": 15,
        "0": 25,
        "5": 25,
        "51": 25,
        "15": 49,
        "37": 49,
        "50": 49,
        "6": 20,
        "18": 20,
        "25": 20,
        "28": 20,
        "2": 30,
        "16": 30,
        "9": 10,
        "45": 10,
        "31": 40,
        "39": 40,
        "27": 39,
        "47": 39,
        "17": 8,
        "20": 8,
        "30": 35,
        "22": 45,
        "29": 45,
        "43": 45
    },
    "instance": null,
    "parameters": null,
    "parameters_data": null,
    "patients": null,
    "capacity": null,
    "num_days": null,
    "num_ORs": null,
    "num_surgeons": null,
    "initial_heuristics_time": 0.0,
    "gap": 0.0
}