{
    "proved_optimal": true,
    "obj": 19,
    "relax_obj": 19.0,
    "num_LCs": 0,
    "num_callbacks": 0,
    "num_CG_iterations": 20,
    "num_columns": 208,
    "num_nodes": 3,
    "overall_time": 11.985432147979736,
    "callback_time": 0.0,
    "subproblem_time": 6.9245524406433105,
    "mp_time": 5.044961452484131,
    "inh_time": null,
    "ilp_time": 0.0,
    "surgeon_schedule": {
        "0": [
            27
        ],
        "2": [
            11,
            30
        ],
        "3": [
            41
        ],
        "4": [
            8,
            19
        ],
        "5": [
            17
        ],
        "6": [
            35
        ],
        "7": [
            4
        ],
        "8": [
            0
        ],
        "9": [
            29
        ],
        "10": [
            48
        ],
        "11": [
            21,
            39
        ]
    },
    "patient_schedule": {
        "23": 27,
        "40": 27,
        "3": 11,
        "11": 11,
        "46": 11,
        "26": 30,
        "8": 41,
        "35": 41,
        "42": 41,
        "44": 41,
        "5": 8,
        "50": 8,
        "51": 8,
        "0": 19,
        "15": 19,
        "37": 19,
        "6": 17,
        "18": 17,
        "25": 17,
        "28": 17,
        "12": 35,
        "14": 35,
        "16": 35,
        "9": 4,
        "45": 4,
        "31": 0,
        "33": 0,
        "27": 29,
        "47": 29,
        "1": 48,
        "21": 48,
        "17": 21,
        "29": 21,
        "22": 39,
        "32": 39
    },
    "instance": null,
    "parameters": null,
    "parameters_data": null,
    "patients": null,
    "capacity": null,
    "num_days": null,
    "num_ORs": null,
    "num_surgeons": null,
    "initial_heuristics_time": 0.0,
    "gap": 0.0
}