{
    "proved_optimal": true,
    "obj": 18,
    "relax_obj": 18.0,
    "num_LCs": 0,
    "num_callbacks": 0,
    "num_CG_iterations": 18,
    "num_columns": 199,
    "num_nodes": 1,
    "overall_time": 6.359381914138794,
    "callback_time": 0.0,
    "subproblem_time": 2.91054105758667,
    "mp_time": 3.4415526390075684,
    "inh_time": null,
    "ilp_time": 0.0,
    "surgeon_schedule": {
        "0": [
            19
        ],
        "2": [
            34,
            48
        ],
        "3": [
            25
        ],
        "4": [
            41
        ],
        "5": [
            9,
            10
        ],
        "6": [
            17,
            37
        ],
        "7": [
            14,
            20
        ],
        "8": [
            29,
            30
        ],
        "9": [
            1,
            39
        ],
        "11": [
            7
        ]
    },
    "patient_schedule": {
        "23": 19,
        "40": 19,
        "26": 34,
        "3": 48,
        "11": 48,
        "46": 48,
        "8": 25,
        "35": 25,
        "42": 25,
        "44": 25,
        "0": 41,
        "5": 41,
        "15": 41,
        "37": 41,
        "50": 41,
        "6": 9,
        "18": 9,
        "38": 9,
        "25": 10,
        "28": 10,
        "2": 17,
        "14": 37,
        "16": 37,
        "9": 14,
        "45": 14,
        "7": 20,
        "33": 29,
        "31": 30,
        "39": 30,
        "13": 1,
        "49": 1,
        "27": 39,
        "47": 39,
        "22": 7,
        "32": 7
    },
    "instance": null,
    "parameters": null,
    "parameters_data": null,
    "patients": null,
    "capacity": null,
    "num_days": null,
    "num_ORs": null,
    "num_surgeons": null,
    "initial_heuristics_time": 0.0,
    "gap": 0.0
}