{
    "proved_optimal": true,
    "obj": 19,
    "relax_obj": 19.0,
    "num_LCs": 13,
    "num_callbacks": 939,
    "num_CG_iterations": 23,
    "num_columns": 248,
    "num_nodes": 1,
    "overall_time": 17.841001510620117,
    "callback_time": 2.643155097961426,
    "subproblem_time": 11.104950189590454,
    "mp_time": 6.724708557128906,
    "inh_time": null,
    "ilp_time": 0.0,
    "surgeon_schedule": {
        "0": [
            34
        ],
        "2": [
            20,
            38
        ],
        "3": [
            18
        ],
        "4": [
            11,
            30
        ],
        "5": [
            7
        ],
        "6": [
            25
        ],
        "7": [
            49
        ],
        "8": [
            47
        ],
        "9": [
            9
        ],
        "10": [
            41
        ],
        "11": [
            1,
            29
        ]
    },
    "patient_schedule": {
        "23": 34,
        "40": 34,
        "26": 20,
        "3": 38,
        "11": 38,
        "46": 38,
        "8": 18,
        "35": 18,
        "42": 18,
        "44": 18,
        "0": 11,
        "5": 11,
        "51": 11,
        "15": 30,
        "37": 30,
        "50": 30,
        "6": 7,
        "18": 7,
        "25": 7,
        "28": 7,
        "12": 25,
        "14": 25,
        "16": 25,
        "9": 49,
        "45": 49,
        "31": 47,
        "33": 47,
        "27": 9,
        "47": 9,
        "1": 41,
        "21": 41,
        "17": 1,
        "29": 1,
        "22": 29,
        "32": 29
    },
    "instance": null,
    "parameters": null,
    "parameters_data": null,
    "patients": null,
    "capacity": null,
    "num_days": null,
    "num_ORs": null,
    "num_surgeons": null,
    "initial_heuristics_time": 0.0,
    "gap": 0.0
}