{
    "proved_optimal": true,
    "obj": 41,
    "relax_obj": 41.0,
    "num_LCs": 0,
    "num_callbacks": 0,
    "num_CG_iterations": 25,
    "num_columns": 233,
    "num_nodes": 7,
    "overall_time": 14.341934204101562,
    "callback_time": 0.0,
    "subproblem_time": 6.4420881271362305,
    "mp_time": 7.870559215545654,
    "inh_time": null,
    "ilp_time": 0.0,
    "surgeon_schedule": {
        "0": [
            9
        ],
        "2": [
            5,
            37
        ],
        "3": [
            18
        ],
        "4": [
            0,
            30
        ],
        "5": [
            20
        ],
        "6": [
            10,
            49
        ],
        "7": [
            39,
            47
        ],
        "8": [
            24
        ],
        "9": [
            27
        ],
        "10": [
            14,
            29,
            34
        ],
        "11": [
            41
        ]
    },
    "patient_schedule": {
        "23": 9,
        "40": 9,
        "11": 5,
        "52": 5,
        "26": 37,
        "8": 18,
        "35": 18,
        "42": 18,
        "44": 18,
        "0": 0,
        "5": 0,
        "15": 0,
        "37": 30,
        "50": 30,
        "6": 20,
        "18": 20,
        "25": 20,
        "28": 20,
        "2": 10,
        "16": 10,
        "14": 49,
        "7": 39,
        "9": 47,
        "45": 47,
        "31": 24,
        "39": 24,
        "27": 27,
        "47": 27,
        "19": 14,
        "1": 29,
        "41": 34,
        "20": 41,
        "22": 41,
        "43": 41
    },
    "instance": null,
    "parameters": null,
    "parameters_data": null,
    "patients": null,
    "capacity": null,
    "num_days": null,
    "num_ORs": null,
    "num_surgeons": null,
    "initial_heuristics_time": 0.0,
    "gap": 0.0
}