{
    "proved_optimal": true,
    "obj": 0,
    "relax_obj": 1.3877787807814457e-17,
    "num_LCs": 43,
    "num_callbacks": 907,
    "num_CG_iterations": 25,
    "num_columns": 250,
    "num_nodes": 5,
    "overall_time": 18.461855173110962,
    "callback_time": 2.061002731323242,
    "subproblem_time": 10.960493087768555,
    "mp_time": 7.481945276260376,
    "inh_time": null,
    "ilp_time": 0.0,
    "surgeon_schedule": {
        "0": [
            14
        ],
        "1": [
            8
        ],
        "2": [
            19
        ],
        "3": [
            25
        ],
        "4": [
            29,
            35
        ],
        "5": [
            10
        ],
        "7": [
            17,
            43
        ],
        "8": [
            1,
            20
        ],
        "9": [
            39
        ],
        "11": [
            30
        ]
    },
    "patient_schedule": {
        "23": 14,
        "40": 14,
        "48": 8,
        "26": 19,
        "8": 25,
        "35": 25,
        "42": 25,
        "44": 25,
        "15": 29,
        "37": 29,
        "50": 29,
        "0": 35,
        "5": 35,
        "51": 35,
        "6": 10,
        "18": 10,
        "25": 10,
        "28": 10,
        "9": 17,
        "45": 17,
        "7": 43,
        "24": 43,
        "10": 1,
        "31": 20,
        "39": 20,
        "27": 39,
        "47": 39,
        "22": 30,
        "32": 30
    },
    "instance": null,
    "parameters": null,
    "parameters_data": null,
    "patients": null,
    "capacity": null,
    "num_days": null,
    "num_ORs": null,
    "num_surgeons": null,
    "initial_heuristics_time": 0.0,
    "gap": null
}