{
    "proved_optimal": true,
    "obj": 42,
    "relax_obj": 42.0,
    "num_LCs": 18,
    "num_callbacks": 869,
    "num_CG_iterations": 26,
    "num_columns": 257,
    "num_nodes": 7,
    "overall_time": 18.72041893005371,
    "callback_time": 2.3276615142822266,
    "subproblem_time": 10.317029237747192,
    "mp_time": 8.378187656402588,
    "inh_time": null,
    "ilp_time": 0.0,
    "surgeon_schedule": {
        "0": [
            39
        ],
        "2": [
            10,
            29
        ],
        "3": [
            49
        ],
        "4": [
            24,
            34
        ],
        "5": [
            4,
            37
        ],
        "6": [
            7,
            47
        ],
        "7": [
            9,
            27
        ],
        "8": [
            30
        ],
        "9": [
            14
        ],
        "10": [
            0,
            20,
            41
        ],
        "11": [
            18
        ]
    },
    "patient_schedule": {
        "23": 39,
        "40": 39,
        "26": 10,
        "11": 29,
        "35": 49,
        "42": 49,
        "15": 24,
        "37": 24,
        "0": 34,
        "5": 34,
        "50": 34,
        "6": 4,
        "18": 4,
        "25": 4,
        "28": 4,
        "38": 37,
        "2": 7,
        "16": 7,
        "14": 47,
        "9": 9,
        "45": 9,
        "7": 27,
        "31": 30,
        "39": 30,
        "27": 14,
        "47": 14,
        "19": 0,
        "41": 20,
        "1": 41,
        "21": 41,
        "20": 18,
        "22": 18,
        "43": 18
    },
    "instance": null,
    "parameters": null,
    "parameters_data": null,
    "patients": null,
    "capacity": null,
    "num_days": null,
    "num_ORs": null,
    "num_surgeons": null,
    "initial_heuristics_time": 0.0,
    "gap": 0.0
}