{
    "proved_optimal": true,
    "obj": 18,
    "relax_obj": 18.0,
    "num_LCs": 1,
    "num_callbacks": 561,
    "num_CG_iterations": 19,
    "num_columns": 200,
    "num_nodes": 3,
    "overall_time": 7.913368225097656,
    "callback_time": 1.0589981079101562,
    "subproblem_time": 4.320721864700317,
    "mp_time": 3.57901668548584,
    "inh_time": null,
    "ilp_time": 0.0,
    "surgeon_schedule": {
        "0": [
            47
        ],
        "2": [
            10,
            28
        ],
        "3": [
            41
        ],
        "4": [
            0,
            35
        ],
        "5": [
            9,
            14
        ],
        "6": [
            17
        ],
        "7": [
            7,
            20
        ],
        "8": [
            4,
            30
        ],
        "9": [
            24,
            39,
            49
        ],
        "11": [
            19
        ]
    },
    "patient_schedule": {
        "23": 47,
        "40": 47,
        "26": 10,
        "3": 28,
        "11": 28,
        "46": 28,
        "8": 41,
        "35": 41,
        "42": 41,
        "44": 41,
        "0": 0,
        "15": 0,
        "37": 0,
        "5": 35,
        "50": 35,
        "51": 35,
        "6": 9,
        "28": 9,
        "18": 14,
        "25": 14,
        "38": 14,
        "2": 17,
        "16": 17,
        "9": 7,
        "45": 7,
        "7": 20,
        "31": 4,
        "33": 4,
        "39": 30,
        "27": 24,
        "47": 39,
        "49": 39,
        "13": 49,
        "22": 19,
        "32": 19
    },
    "instance": null,
    "parameters": null,
    "parameters_data": null,
    "patients": null,
    "capacity": null,
    "num_days": null,
    "num_ORs": null,
    "num_surgeons": null,
    "initial_heuristics_time": 0.0,
    "gap": 0.0
}