{
    "proved_optimal": true,
    "obj": 19,
    "relax_obj": 19.0,
    "num_LCs": 23,
    "num_callbacks": 511,
    "num_CG_iterations": 17,
    "num_columns": 192,
    "num_nodes": 1,
    "overall_time": 7.239943265914917,
    "callback_time": 1.0652992725372314,
    "subproblem_time": 4.263983488082886,
    "mp_time": 2.96954607963562,
    "inh_time": null,
    "ilp_time": 0.0,
    "surgeon_schedule": {
        "0": [
            10
        ],
        "3": [
            18
        ],
        "4": [
            0,
            35
        ],
        "5": [
            7,
            47
        ],
        "6": [
            27,
            41
        ],
        "7": [
            4,
            14
        ],
        "8": [
            29,
            30
        ],
        "9": [
            24,
            39,
            49
        ],
        "11": [
            9,
            20
        ]
    },
    "patient_schedule": {
        "23": 10,
        "40": 10,
        "8": 18,
        "35": 18,
        "42": 18,
        "44": 18,
        "0": 0,
        "15": 0,
        "37": 0,
        "5": 35,
        "50": 35,
        "51": 35,
        "6": 7,
        "18": 7,
        "25": 7,
        "28": 7,
        "38": 47,
        "2": 27,
        "12": 41,
        "14": 41,
        "16": 41,
        "7": 4,
        "9": 14,
        "45": 14,
        "33": 29,
        "31": 30,
        "39": 30,
        "27": 24,
        "47": 39,
        "49": 39,
        "13": 49,
        "20": 9,
        "22": 20,
        "32": 20
    },
    "instance": null,
    "parameters": null,
    "parameters_data": null,
    "patients": null,
    "capacity": null,
    "num_days": null,
    "num_ORs": null,
    "num_surgeons": null,
    "initial_heuristics_time": 0.0,
    "gap": 0.0
}