{
    "proved_optimal": true,
    "obj": 44,
    "relax_obj": -101,
    "num_LCs": 0,
    "num_callbacks": 0,
    "num_CG_iterations": 20,
    "num_columns": 214,
    "num_nodes": 1,
    "overall_time": 7.8345630168914795,
    "callback_time": 0.0,
    "subproblem_time": 3.839261770248413,
    "mp_time": 3.985328197479248,
    "inh_time": null,
    "ilp_time": 0.0,
    "surgeon_schedule": {
        "0": [
            34
        ],
        "2": [
            46
        ],
        "3": [
            27
        ],
        "4": [
            4,
            24
        ],
        "5": [
            38
        ],
        "6": [
            9,
            10
        ],
        "7": [
            7,
            14
        ],
        "8": [
            20
        ],
        "9": [
            0
        ],
        "10": [
            29,
            30,
            40
        ],
        "11": [
            18
        ]
    },
    "patient_schedule": {
        "23": 34,
        "40": 34,
        "11": 46,
        "26": 46,
        "52": 46,
        "35": 27,
        "42": 27,
        "0": 4,
        "5": 4,
        "15": 24,
        "37": 24,
        "50": 24,
        "6": 38,
        "18": 38,
        "25": 38,
        "28": 38,
        "38": 38,
        "14": 9,
        "2": 10,
        "16": 10,
        "7": 7,
        "9": 14,
        "45": 14,
        "31": 20,
        "39": 20,
        "47": 0,
        "49": 0,
        "41": 29,
        "19": 30,
        "1": 40,
        "20": 18,
        "22": 18,
        "43": 18
    },
    "instance": null,
    "parameters": null,
    "parameters_data": null,
    "patients": null,
    "capacity": null,
    "num_days": null,
    "num_ORs": null,
    "num_surgeons": null,
    "initial_heuristics_time": 0.0,
    "gap": -1.4356435643564356
}