{
    "proved_optimal": true,
    "obj": 47,
    "relax_obj": 47.0,
    "num_LCs": 17,
    "num_callbacks": 960,
    "num_CG_iterations": 24,
    "num_columns": 267,
    "num_nodes": 1,
    "overall_time": 18.90752387046814,
    "callback_time": 2.706252336502075,
    "subproblem_time": 12.315083980560303,
    "mp_time": 6.580334186553955,
    "inh_time": null,
    "ilp_time": 0.0,
    "surgeon_schedule": {
        "0": [
            30
        ],
        "2": [
            11,
            37
        ],
        "3": [
            21
        ],
        "4": [
            17,
            45
        ],
        "5": [
            49
        ],
        "6": [
            34
        ],
        "7": [
            19
        ],
        "8": [
            40
        ],
        "9": [
            39
        ],
        "10": [
            3
        ],
        "11": [
            28
        ]
    },
    "patient_schedule": {
        "23": 30,
        "40": 30,
        "3": 11,
        "11": 11,
        "46": 11,
        "26": 37,
        "8": 21,
        "35": 21,
        "42": 21,
        "44": 21,
        "0": 17,
        "15": 17,
        "37": 17,
        "5": 45,
        "50": 45,
        "51": 45,
        "6": 49,
        "18": 49,
        "25": 49,
        "28": 49,
        "2": 34,
        "16": 34,
        "9": 19,
        "45": 19,
        "31": 40,
        "39": 40,
        "27": 39,
        "47": 39,
        "1": 3,
        "19": 3,
        "34": 3,
        "41": 3,
        "20": 28,
        "22": 28,
        "43": 28
    },
    "instance": null,
    "parameters": null,
    "parameters_data": null,
    "patients": null,
    "capacity": null,
    "num_days": null,
    "num_ORs": null,
    "num_surgeons": null,
    "initial_heuristics_time": 0.0,
    "gap": 0.0
}