{
    "proved_optimal": true,
    "obj": 41,
    "relax_obj": 41.0,
    "num_LCs": 0,
    "num_callbacks": 0,
    "num_CG_iterations": 23,
    "num_columns": 225,
    "num_nodes": 5,
    "overall_time": 10.524832963943481,
    "callback_time": 0.0,
    "subproblem_time": 5.021178722381592,
    "mp_time": 5.485532999038696,
    "inh_time": null,
    "ilp_time": 0.0,
    "surgeon_schedule": {
        "0": [
            27
        ],
        "2": [
            21
        ],
        "3": [
            47
        ],
        "4": [
            10,
            34
        ],
        "5": [
            19,
            37
        ],
        "6": [
            30,
            44
        ],
        "7": [
            29,
            49
        ],
        "8": [
            9
        ],
        "9": [
            0
        ],
        "10": [
            5,
            39,
            40
        ],
        "11": [
            15
        ]
    },
    "patient_schedule": {
        "23": 27,
        "40": 27,
        "11": 21,
        "52": 21,
        "35": 47,
        "42": 47,
        "5": 10,
        "15": 10,
        "50": 10,
        "0": 34,
        "37": 34,
        "18": 19,
        "25": 19,
        "28": 19,
        "6": 37,
        "38": 37,
        "2": 30,
        "16": 30,
        "14": 44,
        "7": 29,
        "9": 49,
        "45": 49,
        "31": 9,
        "39": 9,
        "27": 0,
        "49": 0,
        "1": 5,
        "21": 5,
        "19": 39,
        "41": 40,
        "20": 15,
        "22": 15,
        "43": 15
    },
    "instance": null,
    "parameters": null,
    "parameters_data": null,
    "patients": null,
    "capacity": null,
    "num_days": null,
    "num_ORs": null,
    "num_surgeons": null,
    "initial_heuristics_time": 0.0,
    "gap": 0.0
}