{
    "proved_optimal": true,
    "obj": 62,
    "relax_obj": -101,
    "num_LCs": 0,
    "num_callbacks": 0,
    "num_CG_iterations": 20,
    "num_columns": 219,
    "num_nodes": 1,
    "overall_time": 8.107773065567017,
    "callback_time": 0.0,
    "subproblem_time": 3.9808309078216553,
    "mp_time": 4.116930246353149,
    "inh_time": null,
    "ilp_time": 0.0,
    "surgeon_schedule": {
        "0": [
            17
        ],
        "2": [
            11
        ],
        "3": [
            8
        ],
        "4": [
            27,
            40
        ],
        "5": [
            4,
            29
        ],
        "6": [
            0,
            24
        ],
        "7": [
            20,
            39
        ],
        "8": [
            49
        ],
        "9": [
            19
        ],
        "10": [
            32
        ],
        "11": [
            45
        ]
    },
    "patient_schedule": {
        "23": 17,
        "40": 17,
        "11": 11,
        "52": 11,
        "8": 8,
        "35": 8,
        "42": 8,
        "44": 8,
        "0": 27,
        "5": 27,
        "15": 27,
        "37": 40,
        "50": 40,
        "6": 4,
        "18": 4,
        "28": 4,
        "25": 29,
        "38": 29,
        "14": 0,
        "2": 24,
        "16": 24,
        "9": 20,
        "45": 20,
        "7": 39,
        "31": 49,
        "39": 49,
        "27": 19,
        "49": 19,
        "1": 32,
        "19": 32,
        "41": 32,
        "20": 45,
        "22": 45,
        "43": 45
    },
    "instance": null,
    "parameters": null,
    "parameters_data": null,
    "patients": null,
    "capacity": null,
    "num_days": null,
    "num_ORs": null,
    "num_surgeons": null,
    "initial_heuristics_time": 0.0,
    "gap": -1.613861386138614
}