{
    "proved_optimal": true,
    "obj": 23,
    "relax_obj": 22.25,
    "num_LCs": 67,
    "num_callbacks": 947,
    "num_CG_iterations": 26,
    "num_columns": 209,
    "num_nodes": 3,
    "overall_time": 30.80043888092041,
    "callback_time": 1.7597403526306152,
    "subproblem_time": 24.716362237930298,
    "mp_time": 6.0702126026153564,
    "inh_time": null,
    "ilp_time": 0.0,
    "surgeon_schedule": {
        "0": [
            2,
            27
        ],
        "2": [
            9,
            24,
            32,
            44
        ],
        "4": [
            20
        ],
        "5": [
            29,
            39,
            40
        ],
        "7": [
            48
        ],
        "8": [
            19
        ],
        "11": [
            12
        ]
    },
    "patient_schedule": {
        "21": 2,
        "35": 2,
        "40": 2,
        "33": 27,
        "1": 9,
        "46": 9,
        "39": 24,
        "43": 24,
        "17": 32,
        "24": 32,
        "15": 44,
        "19": 20,
        "29": 20,
        "2": 29,
        "10": 39,
        "14": 39,
        "25": 39,
        "3": 40,
        "28": 40,
        "42": 40,
        "0": 48,
        "30": 48,
        "38": 48,
        "22": 19,
        "23": 19,
        "27": 19,
        "5": 12,
        "7": 12,
        "20": 12,
        "26": 12
    },
    "instance": null,
    "parameters": null,
    "parameters_data": null,
    "patients": null,
    "capacity": null,
    "num_days": null,
    "num_ORs": null,
    "num_surgeons": null,
    "initial_heuristics_time": 0.0,
    "gap": 0.033707865168539325
}