{
    "proved_optimal": true,
    "obj": 15,
    "relax_obj": 15.0,
    "num_LCs": 0,
    "num_callbacks": 0,
    "num_CG_iterations": 19,
    "num_columns": 170,
    "num_nodes": 1,
    "overall_time": 6.170563220977783,
    "callback_time": 0.0,
    "subproblem_time": 3.0915825366973877,
    "mp_time": 3.072453737258911,
    "inh_time": null,
    "ilp_time": 0.0,
    "surgeon_schedule": {
        "1": [
            0
        ],
        "2": [
            4,
            21,
            40
        ],
        "3": [
            27
        ],
        "4": [
            9,
            39
        ],
        "5": [
            7,
            19
        ],
        "7": [
            17,
            49
        ],
        "8": [
            14,
            37,
            47
        ],
        "11": [
            10,
            29,
            31,
            44
        ]
    },
    "patient_schedule": {
        "11": 0,
        "31": 0,
        "17": 4,
        "39": 4,
        "1": 21,
        "43": 21,
        "46": 21,
        "15": 40,
        "37": 27,
        "41": 27,
        "9": 9,
        "29": 9,
        "19": 39,
        "3": 7,
        "14": 7,
        "25": 7,
        "28": 7,
        "10": 19,
        "42": 19,
        "0": 17,
        "8": 49,
        "30": 49,
        "22": 14,
        "32": 14,
        "16": 37,
        "23": 37,
        "27": 47,
        "5": 10,
        "26": 29,
        "7": 31,
        "20": 31,
        "36": 31,
        "47": 44
    },
    "instance": null,
    "parameters": null,
    "parameters_data": null,
    "patients": null,
    "capacity": null,
    "num_days": null,
    "num_ORs": null,
    "num_surgeons": null,
    "initial_heuristics_time": 0.0,
    "gap": 0.0
}