{
    "proved_optimal": true,
    "obj": 36,
    "relax_obj": -97,
    "num_LCs": 0,
    "num_callbacks": 0,
    "num_CG_iterations": 22,
    "num_columns": 181,
    "num_nodes": 3,
    "overall_time": 11.798668622970581,
    "callback_time": 0.0,
    "subproblem_time": 6.974537134170532,
    "mp_time": 4.799926519393921,
    "inh_time": null,
    "ilp_time": 0.0,
    "surgeon_schedule": {
        "0": [
            9,
            46
        ],
        "1": [
            39
        ],
        "2": [
            10,
            34
        ],
        "3": [
            30
        ],
        "4": [
            7,
            29
        ],
        "5": [
            0,
            19,
            24
        ],
        "7": [
            20
        ],
        "8": [
            4,
            27
        ],
        "11": [
            15,
            37,
            40
        ]
    },
    "patient_schedule": {
        "33": 9,
        "21": 46,
        "35": 46,
        "40": 46,
        "11": 39,
        "31": 39,
        "1": 10,
        "39": 10,
        "46": 10,
        "15": 34,
        "37": 30,
        "41": 30,
        "19": 7,
        "9": 29,
        "29": 29,
        "14": 0,
        "25": 0,
        "28": 0,
        "42": 0,
        "2": 19,
        "3": 24,
        "10": 24,
        "8": 20,
        "30": 20,
        "22": 4,
        "32": 4,
        "23": 27,
        "27": 27,
        "5": 15,
        "7": 15,
        "36": 15,
        "26": 37,
        "20": 40
    },
    "instance": null,
    "parameters": null,
    "parameters_data": null,
    "patients": null,
    "capacity": null,
    "num_days": null,
    "num_ORs": null,
    "num_surgeons": null,
    "initial_heuristics_time": 0.0,
    "gap": -1.3711340206185567
}