{
    "proved_optimal": true,
    "obj": 28,
    "relax_obj": 28.0,
    "num_LCs": 19,
    "num_callbacks": 591,
    "num_CG_iterations": 24,
    "num_columns": 193,
    "num_nodes": 5,
    "overall_time": 15.560058832168579,
    "callback_time": 1.669123649597168,
    "subproblem_time": 8.830665826797485,
    "mp_time": 6.712568283081055,
    "inh_time": null,
    "ilp_time": 0.0,
    "surgeon_schedule": {
        "0": [
            48
        ],
        "1": [
            39
        ],
        "2": [
            20,
            37
        ],
        "3": [
            34
        ],
        "4": [
            0
        ],
        "5": [
            7,
            14,
            44
        ],
        "7": [
            4,
            25
        ],
        "8": [
            10,
            29
        ],
        "11": [
            9,
            18,
            30,
            40
        ]
    },
    "patient_schedule": {
        "21": 48,
        "40": 48,
        "11": 39,
        "31": 39,
        "1": 20,
        "39": 20,
        "46": 20,
        "43": 37,
        "37": 34,
        "41": 34,
        "19": 0,
        "29": 0,
        "10": 7,
        "25": 7,
        "42": 7,
        "2": 14,
        "3": 44,
        "14": 44,
        "28": 44,
        "0": 4,
        "30": 4,
        "8": 25,
        "38": 25,
        "23": 10,
        "27": 10,
        "16": 29,
        "22": 29,
        "20": 9,
        "7": 18,
        "36": 18,
        "47": 18,
        "26": 30,
        "5": 40
    },
    "instance": null,
    "parameters": null,
    "parameters_data": null,
    "patients": null,
    "capacity": null,
    "num_days": null,
    "num_ORs": null,
    "num_surgeons": null,
    "initial_heuristics_time": 0.0,
    "gap": 0.0
}