{
    "proved_optimal": true,
    "obj": 4,
    "relax_obj": 3.5,
    "num_LCs": 79,
    "num_callbacks": 1134,
    "num_CG_iterations": 30,
    "num_columns": 228,
    "num_nodes": 5,
    "overall_time": 43.007697105407715,
    "callback_time": 2.440905809402466,
    "subproblem_time": 34.7287495136261,
    "mp_time": 8.25418758392334,
    "inh_time": null,
    "ilp_time": 0.0,
    "surgeon_schedule": {
        "0": [
            2,
            30,
            43
        ],
        "2": [
            10,
            28,
            36
        ],
        "7": [
            21
        ],
        "8": [
            9
        ],
        "11": [
            16
        ]
    },
    "patient_schedule": {
        "35": 2,
        "45": 2,
        "33": 30,
        "6": 43,
        "21": 43,
        "40": 43,
        "15": 10,
        "1": 28,
        "39": 28,
        "43": 28,
        "46": 28,
        "17": 36,
        "24": 36,
        "0": 21,
        "30": 21,
        "38": 21,
        "22": 9,
        "23": 9,
        "27": 9,
        "5": 16,
        "7": 16,
        "20": 16,
        "26": 16
    },
    "instance": null,
    "parameters": null,
    "parameters_data": null,
    "patients": null,
    "capacity": null,
    "num_days": null,
    "num_ORs": null,
    "num_surgeons": null,
    "initial_heuristics_time": 0.0,
    "gap": 0.14285714285714285
}