{
    "proved_optimal": true,
    "obj": 1,
    "relax_obj": 0.75,
    "num_LCs": 27,
    "num_callbacks": 986,
    "num_CG_iterations": 28,
    "num_columns": 239,
    "num_nodes": 1,
    "overall_time": 28.755106925964355,
    "callback_time": 2.697556495666504,
    "subproblem_time": 21.959228992462158,
    "mp_time": 6.784094333648682,
    "inh_time": null,
    "ilp_time": 0.0,
    "surgeon_schedule": {
        "0": [
            20,
            33
        ],
        "2": [
            19,
            26,
            49
        ],
        "4": [
            42
        ],
        "7": [
            1
        ],
        "8": [
            8
        ],
        "11": [
            12
        ]
    },
    "patient_schedule": {
        "33": 20,
        "6": 33,
        "21": 33,
        "35": 33,
        "15": 19,
        "17": 26,
        "24": 26,
        "1": 49,
        "39": 49,
        "46": 49,
        "9": 42,
        "19": 42,
        "44": 42,
        "0": 1,
        "30": 1,
        "38": 1,
        "16": 8,
        "23": 8,
        "27": 8,
        "32": 8,
        "5": 12,
        "7": 12,
        "20": 12,
        "47": 12
    },
    "instance": null,
    "parameters": null,
    "parameters_data": null,
    "patients": null,
    "capacity": null,
    "num_days": null,
    "num_ORs": null,
    "num_surgeons": null,
    "initial_heuristics_time": 0.0,
    "gap": 0.3333333333333333
}