{
    "proved_optimal": true,
    "obj": 20,
    "relax_obj": 19.5,
    "num_LCs": 15,
    "num_callbacks": 873,
    "num_CG_iterations": 25,
    "num_columns": 219,
    "num_nodes": 1,
    "overall_time": 22.463244915008545,
    "callback_time": 2.311925172805786,
    "subproblem_time": 16.742223978042603,
    "mp_time": 5.7102766036987305,
    "inh_time": null,
    "ilp_time": 0.0,
    "surgeon_schedule": {
        "0": [
            2,
            49
        ],
        "2": [
            11,
            40
        ],
        "3": [
            34
        ],
        "4": [
            30
        ],
        "5": [
            18,
            20
        ],
        "7": [
            45
        ],
        "8": [
            38
        ],
        "11": [
            9,
            26
        ]
    },
    "patient_schedule": {
        "21": 2,
        "35": 2,
        "40": 2,
        "33": 49,
        "1": 11,
        "17": 11,
        "39": 11,
        "43": 11,
        "15": 40,
        "37": 34,
        "41": 34,
        "9": 30,
        "29": 30,
        "2": 18,
        "12": 18,
        "14": 18,
        "3": 20,
        "25": 20,
        "28": 20,
        "42": 20,
        "0": 45,
        "30": 45,
        "38": 45,
        "16": 38,
        "23": 38,
        "27": 38,
        "32": 38,
        "26": 9,
        "5": 26,
        "7": 26,
        "20": 26,
        "47": 26
    },
    "instance": null,
    "parameters": null,
    "parameters_data": null,
    "patients": null,
    "capacity": null,
    "num_days": null,
    "num_ORs": null,
    "num_surgeons": null,
    "initial_heuristics_time": 0.0,
    "gap": 0.02564102564102564
}