{
    "proved_optimal": true,
    "obj": 36,
    "relax_obj": -33,
    "num_LCs": 0,
    "num_callbacks": 0,
    "num_CG_iterations": 23,
    "num_columns": 168,
    "num_nodes": 9,
    "overall_time": 8.273078441619873,
    "callback_time": 0.0,
    "subproblem_time": 3.397655725479126,
    "mp_time": 4.835781812667847,
    "inh_time": null,
    "ilp_time": 0.0,
    "surgeon_schedule": {
        "1": [
            20
        ],
        "2": [
            7,
            10,
            24,
            30
        ],
        "3": [
            37
        ],
        "4": [
            27,
            39
        ],
        "5": [
            0,
            34
        ],
        "7": [
            9,
            17
        ],
        "8": [
            14,
            48
        ],
        "11": [
            4,
            19,
            29,
            41
        ]
    },
    "patient_schedule": {
        "11": 20,
        "31": 20,
        "15": 7,
        "1": 10,
        "46": 10,
        "43": 24,
        "17": 30,
        "39": 30,
        "37": 37,
        "41": 37,
        "9": 27,
        "29": 27,
        "19": 39,
        "3": 0,
        "14": 0,
        "25": 0,
        "28": 0,
        "10": 34,
        "42": 34,
        "0": 9,
        "30": 9,
        "8": 17,
        "16": 14,
        "22": 48,
        "23": 48,
        "27": 48,
        "32": 48,
        "26": 4,
        "47": 19,
        "7": 29,
        "5": 41,
        "20": 41,
        "36": 41
    },
    "instance": null,
    "parameters": null,
    "parameters_data": null,
    "patients": null,
    "capacity": null,
    "num_days": null,
    "num_ORs": null,
    "num_surgeons": null,
    "initial_heuristics_time": 0.0,
    "gap": -2.090909090909091
}