{
    "proved_optimal": true,
    "obj": 1,
    "relax_obj": 0.75,
    "num_LCs": 29,
    "num_callbacks": 1376,
    "num_CG_iterations": 34,
    "num_columns": 257,
    "num_nodes": 3,
    "overall_time": 36.18063926696777,
    "callback_time": 3.6094179153442383,
    "subproblem_time": 26.464975118637085,
    "mp_time": 9.692558526992798,
    "inh_time": null,
    "ilp_time": 0.0,
    "surgeon_schedule": {
        "0": [
            12,
            20
        ],
        "2": [
            19,
            26,
            30
        ],
        "4": [
            36
        ],
        "5": [
            9
        ],
        "7": [
            48
        ],
        "8": [
            41
        ],
        "11": [
            2
        ]
    },
    "patient_schedule": {
        "21": 12,
        "35": 12,
        "40": 12,
        "33": 20,
        "15": 19,
        "24": 26,
        "43": 26,
        "1": 30,
        "39": 30,
        "46": 30,
        "9": 36,
        "19": 36,
        "44": 36,
        "3": 9,
        "14": 9,
        "25": 9,
        "42": 9,
        "0": 48,
        "30": 48,
        "38": 48,
        "16": 41,
        "23": 41,
        "27": 41,
        "32": 41,
        "5": 2,
        "7": 2,
        "20": 2,
        "26": 2
    },
    "instance": null,
    "parameters": null,
    "parameters_data": null,
    "patients": null,
    "capacity": null,
    "num_days": null,
    "num_ORs": null,
    "num_surgeons": null,
    "initial_heuristics_time": 0.0,
    "gap": 0.3333333333333333
}