{
    "proved_optimal": true,
    "obj": 28,
    "relax_obj": -33,
    "num_LCs": 0,
    "num_callbacks": 0,
    "num_CG_iterations": 22,
    "num_columns": 168,
    "num_nodes": 7,
    "overall_time": 8.558576107025146,
    "callback_time": 0.0,
    "subproblem_time": 3.6890602111816406,
    "mp_time": 4.833795070648193,
    "inh_time": null,
    "ilp_time": 0.0,
    "surgeon_schedule": {
        "1": [
            29
        ],
        "2": [
            0
        ],
        "3": [
            30
        ],
        "4": [
            27,
            39
        ],
        "5": [
            7,
            10,
            24,
            34
        ],
        "7": [
            9,
            18
        ],
        "8": [
            4,
            20,
            37
        ],
        "11": [
            14,
            43
        ]
    },
    "patient_schedule": {
        "11": 29,
        "31": 29,
        "1": 0,
        "39": 0,
        "46": 0,
        "37": 30,
        "41": 30,
        "9": 27,
        "29": 27,
        "19": 39,
        "10": 7,
        "14": 7,
        "2": 10,
        "12": 24,
        "28": 24,
        "3": 34,
        "25": 34,
        "42": 34,
        "0": 9,
        "30": 9,
        "8": 18,
        "38": 18,
        "16": 4,
        "27": 4,
        "22": 20,
        "23": 20,
        "32": 37,
        "5": 14,
        "7": 43,
        "20": 43,
        "26": 43,
        "36": 43,
        "47": 43
    },
    "instance": null,
    "parameters": null,
    "parameters_data": null,
    "patients": null,
    "capacity": null,
    "num_days": null,
    "num_ORs": null,
    "num_surgeons": null,
    "initial_heuristics_time": 0.0,
    "gap": -1.8484848484848484
}