{
    "proved_optimal": true,
    "obj": 40,
    "relax_obj": 39.0,
    "num_LCs": 0,
    "num_callbacks": 0,
    "num_CG_iterations": 162,
    "num_columns": 588,
    "num_nodes": 61,
    "overall_time": 421.42732214927673,
    "callback_time": 0.0,
    "subproblem_time": 349.3321623802185,
    "mp_time": 71.81493949890137,
    "inh_time": null,
    "ilp_time": 0.0,
    "surgeon_schedule": {
        "0": [
            22,
            30
        ],
        "1": [
            34
        ],
        "2": [
            0,
            18
        ],
        "3": [
            29
        ],
        "4": [
            14
        ],
        "5": [
            9,
            38
        ],
        "7": [
            5
        ],
        "8": [
            10,
            49
        ],
        "11": [
            42
        ]
    },
    "patient_schedule": {
        "21": 22,
        "35": 22,
        "40": 22,
        "33": 30,
        "11": 34,
        "31": 34,
        "15": 0,
        "1": 18,
        "17": 18,
        "39": 18,
        "43": 18,
        "37": 29,
        "41": 29,
        "19": 14,
        "29": 14,
        "2": 9,
        "3": 38,
        "10": 38,
        "14": 38,
        "25": 38,
        "28": 38,
        "42": 38,
        "0": 5,
        "30": 5,
        "38": 5,
        "22": 10,
        "32": 10,
        "16": 49,
        "23": 49,
        "5": 42,
        "7": 42,
        "20": 42,
        "26": 42
    },
    "instance": null,
    "parameters": null,
    "parameters_data": null,
    "patients": null,
    "capacity": null,
    "num_days": null,
    "num_ORs": null,
    "num_surgeons": null,
    "initial_heuristics_time": 0.0,
    "gap": 0.02564102564102564
}