{
    "proved_optimal": true,
    "obj": 30,
    "relax_obj": 30.0,
    "num_LCs": 35,
    "num_callbacks": 504,
    "num_CG_iterations": 19,
    "num_columns": 170,
    "num_nodes": 1,
    "overall_time": 10.231959581375122,
    "callback_time": 1.0252163410186768,
    "subproblem_time": 7.3479228019714355,
    "mp_time": 2.8753466606140137,
    "inh_time": null,
    "ilp_time": 0.0,
    "surgeon_schedule": {
        "0": [
            15,
            40
        ],
        "1": [
            10
        ],
        "2": [
            7,
            30
        ],
        "3": [
            9
        ],
        "4": [
            34
        ],
        "5": [
            19,
            26
        ],
        "7": [
            4,
            20
        ],
        "8": [
            0,
            37
        ],
        "11": [
            39,
            46
        ]
    },
    "patient_schedule": {
        "21": 15,
        "40": 15,
        "33": 40,
        "11": 10,
        "31": 10,
        "15": 7,
        "1": 30,
        "39": 30,
        "46": 30,
        "37": 9,
        "41": 9,
        "9": 34,
        "29": 34,
        "3": 19,
        "14": 19,
        "42": 19,
        "2": 26,
        "10": 26,
        "12": 26,
        "25": 26,
        "28": 26,
        "0": 4,
        "8": 20,
        "30": 20,
        "22": 0,
        "23": 0,
        "27": 0,
        "32": 37,
        "26": 39,
        "5": 46,
        "7": 46,
        "20": 46,
        "47": 46
    },
    "instance": null,
    "parameters": null,
    "parameters_data": null,
    "patients": null,
    "capacity": null,
    "num_days": null,
    "num_ORs": null,
    "num_surgeons": null,
    "initial_heuristics_time": 0.0,
    "gap": 0.0
}