{
    "proved_optimal": true,
    "obj": 50,
    "relax_obj": -102,
    "num_LCs": 0,
    "num_callbacks": 0,
    "num_CG_iterations": 18,
    "num_columns": 164,
    "num_nodes": 1,
    "overall_time": 6.01224684715271,
    "callback_time": 0.0,
    "subproblem_time": 3.0900537967681885,
    "mp_time": 2.9128870964050293,
    "inh_time": null,
    "ilp_time": 0.0,
    "surgeon_schedule": {
        "0": [
            21
        ],
        "1": [
            4
        ],
        "2": [
            8,
            19
        ],
        "3": [
            10
        ],
        "4": [
            0
        ],
        "5": [
            14,
            27,
            30
        ],
        "7": [
            17,
            35
        ],
        "8": [
            39,
            40
        ],
        "11": [
            29,
            46
        ]
    },
    "patient_schedule": {
        "21": 21,
        "45": 21,
        "11": 4,
        "31": 4,
        "1": 8,
        "39": 8,
        "43": 8,
        "46": 8,
        "17": 19,
        "37": 10,
        "41": 10,
        "19": 0,
        "29": 0,
        "3": 14,
        "28": 14,
        "42": 14,
        "2": 27,
        "10": 30,
        "14": 30,
        "25": 30,
        "8": 17,
        "30": 17,
        "0": 35,
        "38": 35,
        "16": 39,
        "23": 39,
        "22": 40,
        "27": 40,
        "36": 29,
        "5": 46,
        "7": 46,
        "20": 46,
        "26": 46
    },
    "instance": null,
    "parameters": null,
    "parameters_data": null,
    "patients": null,
    "capacity": null,
    "num_days": null,
    "num_ORs": null,
    "num_surgeons": null,
    "initial_heuristics_time": 0.0,
    "gap": -1.4901960784313726
}