{
    "proved_optimal": true,
    "obj": 15,
    "relax_obj": 15.0,
    "num_LCs": 0,
    "num_callbacks": 722,
    "num_CG_iterations": 30,
    "num_columns": 195,
    "num_nodes": 15,
    "overall_time": 14.575478315353394,
    "callback_time": 1.5790131092071533,
    "subproblem_time": 7.423438549041748,
    "mp_time": 7.107087850570679,
    "inh_time": null,
    "ilp_time": 0.0,
    "surgeon_schedule": {
        "0": [
            7,
            48
        ],
        "1": [
            19
        ],
        "2": [
            35,
            41
        ],
        "3": [
            39
        ],
        "4": [
            4
        ],
        "5": [
            0,
            28,
            30
        ],
        "7": [
            17,
            21
        ],
        "8": [
            9
        ],
        "11": [
            11
        ]
    },
    "patient_schedule": {
        "33": 7,
        "21": 48,
        "35": 48,
        "11": 19,
        "31": 19,
        "1": 35,
        "17": 35,
        "46": 35,
        "15": 41,
        "39": 41,
        "43": 41,
        "37": 39,
        "41": 39,
        "19": 4,
        "29": 4,
        "3": 0,
        "14": 0,
        "28": 0,
        "42": 0,
        "10": 28,
        "12": 28,
        "25": 28,
        "2": 30,
        "0": 17,
        "30": 17,
        "8": 21,
        "38": 21,
        "22": 9,
        "23": 9,
        "27": 9,
        "7": 11,
        "20": 11,
        "36": 11
    },
    "instance": null,
    "parameters": null,
    "parameters_data": null,
    "patients": null,
    "capacity": null,
    "num_days": null,
    "num_ORs": null,
    "num_surgeons": null,
    "initial_heuristics_time": 0.0,
    "gap": 0.0
}