{
    "proved_optimal": true,
    "obj": 29,
    "relax_obj": 29.0,
    "num_LCs": 0,
    "num_callbacks": 0,
    "num_CG_iterations": 19,
    "num_columns": 172,
    "num_nodes": 1,
    "overall_time": 8.530486822128296,
    "callback_time": 0.0,
    "subproblem_time": 4.230865240097046,
    "mp_time": 4.290380477905273,
    "inh_time": null,
    "ilp_time": 0.0,
    "surgeon_schedule": {
        "0": [
            17,
            28
        ],
        "1": [
            39
        ],
        "2": [
            46
        ],
        "3": [
            0
        ],
        "4": [
            40
        ],
        "5": [
            19,
            32
        ],
        "7": [
            9
        ],
        "8": [
            7,
            20
        ],
        "11": [
            4,
            11,
            24
        ]
    },
    "patient_schedule": {
        "33": 17,
        "21": 28,
        "45": 28,
        "11": 39,
        "31": 39,
        "1": 46,
        "15": 46,
        "39": 46,
        "43": 46,
        "46": 46,
        "37": 0,
        "41": 0,
        "9": 40,
        "19": 40,
        "3": 19,
        "14": 19,
        "2": 32,
        "10": 32,
        "12": 32,
        "25": 32,
        "28": 32,
        "42": 32,
        "0": 9,
        "30": 9,
        "32": 7,
        "22": 20,
        "23": 20,
        "27": 20,
        "47": 4,
        "5": 11,
        "20": 11,
        "36": 11,
        "26": 24
    },
    "instance": null,
    "parameters": null,
    "parameters_data": null,
    "patients": null,
    "capacity": null,
    "num_days": null,
    "num_ORs": null,
    "num_surgeons": null,
    "initial_heuristics_time": 0.0,
    "gap": 0.0
}