{
    "proved_optimal": true,
    "obj": 40,
    "relax_obj": 39.5,
    "num_LCs": 43,
    "num_callbacks": 812,
    "num_CG_iterations": 23,
    "num_columns": 201,
    "num_nodes": 1,
    "overall_time": 20.611947298049927,
    "callback_time": 1.7826483249664307,
    "subproblem_time": 15.59139633178711,
    "mp_time": 5.010432243347168,
    "inh_time": null,
    "ilp_time": 0.0,
    "surgeon_schedule": {
        "0": [
            13,
            42
        ],
        "1": [
            39
        ],
        "2": [
            25
        ],
        "3": [
            0
        ],
        "4": [
            29
        ],
        "5": [
            6
        ],
        "7": [
            20
        ],
        "8": [
            49
        ],
        "11": [
            32
        ]
    },
    "patient_schedule": {
        "6": 13,
        "45": 13,
        "21": 42,
        "35": 42,
        "40": 42,
        "11": 39,
        "31": 39,
        "1": 25,
        "17": 25,
        "39": 25,
        "43": 25,
        "37": 0,
        "41": 0,
        "19": 29,
        "29": 29,
        "2": 6,
        "3": 6,
        "10": 6,
        "14": 6,
        "25": 6,
        "28": 6,
        "42": 6,
        "8": 20,
        "30": 20,
        "22": 49,
        "23": 49,
        "27": 49,
        "5": 32,
        "7": 32,
        "20": 32,
        "26": 32
    },
    "instance": null,
    "parameters": null,
    "parameters_data": null,
    "patients": null,
    "capacity": null,
    "num_days": null,
    "num_ORs": null,
    "num_surgeons": null,
    "initial_heuristics_time": 0.0,
    "gap": 0.012658227848101266
}