{
    "proved_optimal": true,
    "obj": 0,
    "relax_obj": 0.0,
    "num_LCs": 0,
    "num_callbacks": 0,
    "num_CG_iterations": 21,
    "num_columns": 218,
    "num_nodes": 3,
    "overall_time": 8.943274021148682,
    "callback_time": 0.0,
    "subproblem_time": 3.8012173175811768,
    "mp_time": 5.126094102859497,
    "inh_time": null,
    "ilp_time": 0.0,
    "surgeon_schedule": {
        "1": [
            12,
            29
        ],
        "2": [
            39,
            48
        ],
        "4": [
            19,
            37
        ],
        "6": [
            1,
            30,
            40
        ],
        "7": [
            27
        ],
        "8": [
            9
        ],
        "10": [
            44
        ],
        "11": [
            7,
            21,
            34
        ]
    },
    "patient_schedule": {
        "36": 12,
        "37": 12,
        "39": 12,
        "41": 29,
        "56": 29,
        "57": 29,
        "1": 39,
        "7": 39,
        "8": 48,
        "21": 19,
        "11": 37,
        "43": 37,
        "24": 1,
        "27": 1,
        "9": 30,
        "13": 30,
        "34": 30,
        "4": 40,
        "17": 40,
        "54": 27,
        "49": 9,
        "25": 44,
        "44": 7,
        "50": 7,
        "20": 21,
        "33": 21,
        "58": 21,
        "16": 34,
        "38": 34,
        "55": 34
    },
    "instance": null,
    "parameters": null,
    "parameters_data": null,
    "patients": null,
    "capacity": null,
    "num_days": null,
    "num_ORs": null,
    "num_surgeons": null,
    "initial_heuristics_time": 0.0,
    "gap": null
}