{
    "proved_optimal": true,
    "obj": 55,
    "relax_obj": 54.333333333333336,
    "num_LCs": 33,
    "num_callbacks": 661,
    "num_CG_iterations": 22,
    "num_columns": 239,
    "num_nodes": 1,
    "overall_time": 15.609752655029297,
    "callback_time": 1.7535216808319092,
    "subproblem_time": 9.690279483795166,
    "mp_time": 5.908461809158325,
    "inh_time": null,
    "ilp_time": 0.0,
    "surgeon_schedule": {
        "0": [
            0,
            19
        ],
        "1": [
            49
        ],
        "4": [
            20,
            34
        ],
        "5": [
            9,
            29,
            37,
            44
        ],
        "6": [
            27,
            39
        ],
        "7": [
            15,
            24
        ],
        "9": [
            47
        ],
        "10": [
            30
        ],
        "11": [
            5,
            10,
            40
        ]
    },
    "patient_schedule": {
        "12": 0,
        "47": 0,
        "19": 19,
        "41": 49,
        "56": 49,
        "57": 49,
        "11": 20,
        "43": 20,
        "21": 34,
        "0": 9,
        "6": 29,
        "35": 29,
        "46": 29,
        "29": 37,
        "53": 37,
        "48": 44,
        "13": 27,
        "18": 27,
        "24": 27,
        "2": 39,
        "4": 39,
        "9": 39,
        "34": 39,
        "22": 15,
        "26": 15,
        "32": 15,
        "54": 24,
        "5": 47,
        "52": 47,
        "3": 30,
        "40": 30,
        "33": 5,
        "50": 5,
        "44": 10,
        "55": 10,
        "58": 10,
        "16": 40,
        "20": 40,
        "38": 40
    },
    "instance": null,
    "parameters": null,
    "parameters_data": null,
    "patients": null,
    "capacity": null,
    "num_days": null,
    "num_ORs": null,
    "num_surgeons": null,
    "initial_heuristics_time": 0.0,
    "gap": 0.012269938650306704
}