{
    "proved_optimal": true,
    "obj": 53,
    "relax_obj": 52.333333333333336,
    "num_LCs": 0,
    "num_callbacks": 0,
    "num_CG_iterations": 27,
    "num_columns": 282,
    "num_nodes": 1,
    "overall_time": 25.84713339805603,
    "callback_time": 0.0,
    "subproblem_time": 18.441787719726562,
    "mp_time": 7.392953634262085,
    "inh_time": null,
    "ilp_time": 0.0,
    "surgeon_schedule": {
        "0": [
            24
        ],
        "1": [
            37
        ],
        "2": [
            7
        ],
        "4": [
            4,
            29
        ],
        "5": [
            0,
            20,
            47
        ],
        "6": [
            41
        ],
        "7": [
            31
        ],
        "8": [
            39
        ],
        "9": [
            12
        ],
        "10": [
            27,
            49
        ],
        "11": [
            9,
            19
        ]
    },
    "patient_schedule": {
        "12": 24,
        "19": 24,
        "41": 37,
        "56": 37,
        "57": 37,
        "1": 7,
        "7": 7,
        "11": 4,
        "43": 4,
        "21": 29,
        "29": 0,
        "46": 0,
        "6": 20,
        "35": 20,
        "53": 20,
        "48": 47,
        "2": 41,
        "4": 41,
        "9": 41,
        "13": 41,
        "18": 41,
        "24": 41,
        "34": 41,
        "22": 31,
        "26": 31,
        "32": 31,
        "49": 39,
        "5": 12,
        "23": 12,
        "52": 12,
        "14": 27,
        "40": 27,
        "25": 49,
        "16": 9,
        "38": 9,
        "58": 9,
        "20": 19,
        "44": 19,
        "55": 19
    },
    "instance": null,
    "parameters": null,
    "parameters_data": null,
    "patients": null,
    "capacity": null,
    "num_days": null,
    "num_ORs": null,
    "num_surgeons": null,
    "initial_heuristics_time": 0.0,
    "gap": 0.012738853503184667
}