{
    "proved_optimal": true,
    "obj": 30,
    "relax_obj": -40,
    "num_LCs": 0,
    "num_callbacks": 0,
    "num_CG_iterations": 20,
    "num_columns": 207,
    "num_nodes": 3,
    "overall_time": 8.089534521102905,
    "callback_time": 0.0,
    "subproblem_time": 3.400413751602173,
    "mp_time": 4.662689924240112,
    "inh_time": null,
    "ilp_time": 0.0,
    "surgeon_schedule": {
        "0": [
            14,
            47
        ],
        "1": [
            17,
            44
        ],
        "2": [
            4,
            27
        ],
        "3": [
            0
        ],
        "4": [
            49
        ],
        "5": [
            10,
            29,
            39
        ],
        "6": [
            7,
            34,
            40
        ],
        "7": [
            21
        ],
        "9": [
            19,
            30
        ],
        "10": [
            37
        ],
        "11": [
            9
        ]
    },
    "patient_schedule": {
        "47": 14,
        "12": 47,
        "19": 47,
        "36": 17,
        "57": 17,
        "41": 44,
        "56": 44,
        "15": 4,
        "1": 27,
        "7": 27,
        "28": 0,
        "11": 49,
        "43": 49,
        "46": 10,
        "53": 10,
        "48": 29,
        "6": 39,
        "29": 39,
        "35": 39,
        "2": 7,
        "13": 7,
        "34": 7,
        "9": 34,
        "18": 34,
        "24": 34,
        "4": 40,
        "17": 40,
        "22": 21,
        "26": 21,
        "32": 21,
        "5": 19,
        "52": 19,
        "42": 30,
        "14": 37,
        "40": 37,
        "20": 9,
        "38": 9,
        "50": 9,
        "55": 9,
        "58": 9
    },
    "instance": null,
    "parameters": null,
    "parameters_data": null,
    "patients": null,
    "capacity": null,
    "num_days": null,
    "num_ORs": null,
    "num_surgeons": null,
    "initial_heuristics_time": 0.0,
    "gap": -1.75
}