{
    "proved_optimal": true,
    "obj": 53,
    "relax_obj": 52.666666666666664,
    "num_LCs": 11,
    "num_callbacks": 758,
    "num_CG_iterations": 23,
    "num_columns": 252,
    "num_nodes": 1,
    "overall_time": 18.106325387954712,
    "callback_time": 2.133282423019409,
    "subproblem_time": 11.839805841445923,
    "mp_time": 6.255895614624023,
    "inh_time": null,
    "ilp_time": 0.0,
    "surgeon_schedule": {
        "0": [
            0
        ],
        "1": [
            10
        ],
        "2": [
            7
        ],
        "4": [
            4,
            29,
            39
        ],
        "5": [
            27,
            45
        ],
        "6": [
            19,
            49
        ],
        "7": [
            15
        ],
        "9": [
            32
        ],
        "10": [
            9,
            24
        ],
        "11": [
            20,
            40
        ]
    },
    "patient_schedule": {
        "12": 0,
        "19": 0,
        "41": 10,
        "56": 10,
        "57": 10,
        "1": 7,
        "7": 7,
        "21": 4,
        "30": 29,
        "11": 39,
        "43": 39,
        "48": 27,
        "6": 45,
        "29": 45,
        "35": 45,
        "46": 45,
        "53": 45,
        "13": 19,
        "18": 19,
        "24": 19,
        "2": 49,
        "4": 49,
        "9": 49,
        "34": 49,
        "22": 15,
        "26": 15,
        "32": 15,
        "5": 32,
        "23": 32,
        "52": 32,
        "3": 9,
        "40": 9,
        "25": 24,
        "16": 20,
        "38": 20,
        "58": 20,
        "20": 40,
        "44": 40,
        "55": 40
    },
    "instance": null,
    "parameters": null,
    "parameters_data": null,
    "patients": null,
    "capacity": null,
    "num_days": null,
    "num_ORs": null,
    "num_surgeons": null,
    "initial_heuristics_time": 0.0,
    "gap": 0.006329113924050678
}