{
    "proved_optimal": true,
    "obj": 0,
    "relax_obj": 0.0,
    "num_LCs": 0,
    "num_callbacks": 0,
    "num_CG_iterations": 23,
    "num_columns": 227,
    "num_nodes": 5,
    "overall_time": 12.90234661102295,
    "callback_time": 0.0,
    "subproblem_time": 5.4250195026397705,
    "mp_time": 7.449632167816162,
    "inh_time": null,
    "ilp_time": 0.0,
    "surgeon_schedule": {
        "1": [
            1,
            38
        ],
        "4": [
            7,
            19
        ],
        "6": [
            9,
            34,
            41
        ],
        "8": [
            17
        ],
        "9": [
            23
        ],
        "10": [
            47
        ],
        "11": [
            11,
            30,
            49
        ]
    },
    "patient_schedule": {
        "39": 1,
        "41": 1,
        "36": 38,
        "37": 38,
        "56": 38,
        "57": 38,
        "21": 7,
        "11": 19,
        "43": 19,
        "4": 9,
        "13": 9,
        "34": 9,
        "17": 34,
        "18": 34,
        "24": 41,
        "27": 41,
        "49": 17,
        "23": 23,
        "45": 23,
        "25": 47,
        "33": 11,
        "50": 11,
        "16": 30,
        "38": 30,
        "55": 30,
        "20": 49,
        "44": 49,
        "58": 49
    },
    "instance": null,
    "parameters": null,
    "parameters_data": null,
    "patients": null,
    "capacity": null,
    "num_days": null,
    "num_ORs": null,
    "num_surgeons": null,
    "initial_heuristics_time": 0.0,
    "gap": null
}