{
    "proved_optimal": true,
    "obj": 19,
    "relax_obj": 19.0,
    "num_LCs": 0,
    "num_callbacks": 0,
    "num_CG_iterations": 19,
    "num_columns": 205,
    "num_nodes": 1,
    "overall_time": 8.861547231674194,
    "callback_time": 0.0,
    "subproblem_time": 3.7083992958068848,
    "mp_time": 5.144262313842773,
    "inh_time": null,
    "ilp_time": 0.0,
    "surgeon_schedule": {
        "0": [
            14,
            24
        ],
        "1": [
            9,
            34
        ],
        "2": [
            20,
            40
        ],
        "4": [
            37
        ],
        "5": [
            0,
            19
        ],
        "6": [
            17,
            28
        ],
        "7": [
            45
        ],
        "9": [
            4,
            10
        ],
        "10": [
            7,
            39,
            49
        ],
        "11": [
            30
        ]
    },
    "patient_schedule": {
        "12": 14,
        "19": 14,
        "47": 24,
        "36": 9,
        "56": 9,
        "41": 34,
        "57": 34,
        "15": 20,
        "1": 40,
        "7": 40,
        "11": 37,
        "43": 37,
        "6": 0,
        "29": 0,
        "35": 0,
        "46": 19,
        "53": 19,
        "9": 17,
        "24": 17,
        "34": 17,
        "2": 28,
        "4": 28,
        "13": 28,
        "17": 28,
        "18": 28,
        "22": 45,
        "26": 45,
        "32": 45,
        "42": 4,
        "5": 10,
        "52": 10,
        "25": 7,
        "3": 39,
        "14": 49,
        "40": 49,
        "20": 30,
        "38": 30,
        "50": 30,
        "55": 30,
        "58": 30
    },
    "instance": null,
    "parameters": null,
    "parameters_data": null,
    "patients": null,
    "capacity": null,
    "num_days": null,
    "num_ORs": null,
    "num_surgeons": null,
    "initial_heuristics_time": 0.0,
    "gap": 0.0
}