{
    "proved_optimal": true,
    "obj": 28,
    "relax_obj": -40,
    "num_LCs": 0,
    "num_callbacks": 0,
    "num_CG_iterations": 22,
    "num_columns": 244,
    "num_nodes": 1,
    "overall_time": 9.193669319152832,
    "callback_time": 0.0,
    "subproblem_time": 3.8977134227752686,
    "mp_time": 5.28273344039917,
    "inh_time": null,
    "ilp_time": 0.0,
    "surgeon_schedule": {
        "0": [
            19,
            27
        ],
        "1": [
            39,
            47
        ],
        "2": [
            24,
            44
        ],
        "3": [
            34
        ],
        "4": [
            10
        ],
        "5": [
            37,
            40
        ],
        "6": [
            7,
            14,
            30
        ],
        "7": [
            1
        ],
        "9": [
            9,
            17
        ],
        "10": [
            29,
            49
        ],
        "11": [
            20
        ]
    },
    "patient_schedule": {
        "12": 19,
        "19": 19,
        "47": 27,
        "36": 39,
        "56": 39,
        "41": 47,
        "57": 47,
        "1": 24,
        "7": 24,
        "15": 44,
        "28": 34,
        "11": 10,
        "43": 10,
        "29": 37,
        "46": 37,
        "6": 40,
        "35": 40,
        "53": 40,
        "13": 7,
        "18": 7,
        "34": 7,
        "9": 14,
        "17": 14,
        "2": 30,
        "4": 30,
        "24": 30,
        "22": 1,
        "26": 1,
        "32": 1,
        "42": 9,
        "5": 17,
        "52": 17,
        "25": 29,
        "3": 49,
        "40": 49,
        "20": 20,
        "38": 20,
        "50": 20,
        "55": 20,
        "58": 20
    },
    "instance": null,
    "parameters": null,
    "parameters_data": null,
    "patients": null,
    "capacity": null,
    "num_days": null,
    "num_ORs": null,
    "num_surgeons": null,
    "initial_heuristics_time": 0.0,
    "gap": -1.7
}