{
    "proved_optimal": true,
    "obj": 38,
    "relax_obj": 38.0,
    "num_LCs": 0,
    "num_callbacks": 520,
    "num_CG_iterations": 19,
    "num_columns": 205,
    "num_nodes": 1,
    "overall_time": 9.868395566940308,
    "callback_time": 1.3316285610198975,
    "subproblem_time": 5.343274831771851,
    "mp_time": 4.5155065059661865,
    "inh_time": null,
    "ilp_time": 0.0,
    "surgeon_schedule": {
        "0": [
            39
        ],
        "1": [
            34
        ],
        "2": [
            24
        ],
        "3": [
            7
        ],
        "4": [
            11
        ],
        "5": [
            46
        ],
        "6": [
            30,
            40
        ],
        "7": [
            28
        ],
        "8": [
            0
        ],
        "9": [
            19,
            37
        ],
        "10": [
            4,
            17
        ],
        "11": [
            9,
            20
        ]
    },
    "patient_schedule": {
        "12": 39,
        "19": 39,
        "41": 34,
        "56": 34,
        "57": 34,
        "1": 24,
        "7": 24,
        "28": 7,
        "11": 11,
        "30": 11,
        "43": 11,
        "6": 46,
        "29": 46,
        "35": 46,
        "46": 46,
        "48": 46,
        "53": 46,
        "13": 30,
        "24": 30,
        "34": 30,
        "2": 40,
        "4": 40,
        "9": 40,
        "18": 40,
        "22": 28,
        "26": 28,
        "32": 28,
        "31": 0,
        "42": 19,
        "5": 37,
        "52": 37,
        "14": 4,
        "40": 4,
        "25": 17,
        "16": 9,
        "55": 9,
        "58": 9,
        "20": 20,
        "38": 20,
        "50": 20
    },
    "instance": null,
    "parameters": null,
    "parameters_data": null,
    "patients": null,
    "capacity": null,
    "num_days": null,
    "num_ORs": null,
    "num_surgeons": null,
    "initial_heuristics_time": 0.0,
    "gap": 0.0
}