{
    "proved_optimal": true,
    "obj": 1,
    "relax_obj": 1.0,
    "num_LCs": 40,
    "num_callbacks": 821,
    "num_CG_iterations": 22,
    "num_columns": 207,
    "num_nodes": 3,
    "overall_time": 18.702077627182007,
    "callback_time": 1.685051679611206,
    "subproblem_time": 13.526987314224243,
    "mp_time": 5.16296911239624,
    "inh_time": null,
    "ilp_time": 0.0,
    "surgeon_schedule": {
        "1": [
            0,
            46
        ],
        "2": [
            16
        ],
        "4": [
            30,
            40
        ],
        "6": [
            29
        ],
        "7": [
            27,
            35
        ],
        "9": [
            6
        ],
        "11": [
            10,
            21,
            39
        ]
    },
    "patient_schedule": {
        "41": 0,
        "56": 0,
        "57": 0,
        "36": 46,
        "37": 46,
        "39": 46,
        "1": 16,
        "7": 16,
        "8": 16,
        "11": 30,
        "43": 30,
        "21": 40,
        "4": 29,
        "9": 29,
        "24": 29,
        "34": 29,
        "54": 27,
        "22": 35,
        "26": 35,
        "32": 35,
        "5": 6,
        "23": 6,
        "52": 6,
        "16": 10,
        "38": 10,
        "55": 10,
        "33": 21,
        "50": 21,
        "20": 39,
        "44": 39,
        "58": 39
    },
    "instance": null,
    "parameters": null,
    "parameters_data": null,
    "patients": null,
    "capacity": null,
    "num_days": null,
    "num_ORs": null,
    "num_surgeons": null,
    "initial_heuristics_time": 0.0,
    "gap": 0.0
}