{
    "proved_optimal": true,
    "obj": 25,
    "relax_obj": 25.0,
    "num_LCs": 17,
    "num_callbacks": 802,
    "num_CG_iterations": 24,
    "num_columns": 253,
    "num_nodes": 3,
    "overall_time": 16.18397068977356,
    "callback_time": 1.7030677795410156,
    "subproblem_time": 9.570257663726807,
    "mp_time": 6.596152067184448,
    "inh_time": null,
    "ilp_time": 0.0,
    "surgeon_schedule": {
        "0": [
            20
        ],
        "1": [
            0,
            16
        ],
        "2": [
            37
        ],
        "4": [
            34,
            44
        ],
        "5": [
            30
        ],
        "6": [
            29,
            39
        ],
        "7": [
            25,
            49
        ],
        "8": [
            40
        ],
        "9": [
            4
        ],
        "11": [
            8,
            10,
            47
        ]
    },
    "patient_schedule": {
        "12": 20,
        "47": 20,
        "41": 0,
        "56": 0,
        "57": 0,
        "36": 16,
        "37": 16,
        "39": 16,
        "1": 37,
        "7": 37,
        "21": 34,
        "11": 44,
        "43": 44,
        "6": 30,
        "29": 30,
        "53": 30,
        "2": 29,
        "18": 29,
        "24": 29,
        "34": 29,
        "4": 39,
        "9": 39,
        "13": 39,
        "22": 25,
        "26": 25,
        "32": 25,
        "54": 49,
        "49": 40,
        "5": 4,
        "52": 4,
        "33": 8,
        "50": 8,
        "16": 10,
        "38": 10,
        "55": 10,
        "20": 47,
        "44": 47,
        "58": 47
    },
    "instance": null,
    "parameters": null,
    "parameters_data": null,
    "patients": null,
    "capacity": null,
    "num_days": null,
    "num_ORs": null,
    "num_surgeons": null,
    "initial_heuristics_time": 0.0,
    "gap": 0.0
}