{
    "proved_optimal": true,
    "obj": 0,
    "relax_obj": -1.3877787807814457e-17,
    "num_LCs": 22,
    "num_callbacks": 828,
    "num_CG_iterations": 23,
    "num_columns": 232,
    "num_nodes": 1,
    "overall_time": 17.118300914764404,
    "callback_time": 1.8819677829742432,
    "subproblem_time": 11.626070022583008,
    "mp_time": 5.482689380645752,
    "inh_time": null,
    "ilp_time": 0.0,
    "surgeon_schedule": {
        "1": [
            9,
            32
        ],
        "2": [
            12
        ],
        "4": [
            0,
            40
        ],
        "5": [
            47
        ],
        "6": [
            49
        ],
        "7": [
            39
        ],
        "8": [
            44
        ],
        "9": [
            22
        ],
        "11": [
            5,
            19,
            29
        ]
    },
    "patient_schedule": {
        "41": 9,
        "56": 9,
        "57": 9,
        "36": 32,
        "37": 32,
        "39": 32,
        "1": 12,
        "7": 12,
        "8": 12,
        "11": 0,
        "43": 0,
        "21": 40,
        "6": 47,
        "46": 47,
        "53": 47,
        "4": 49,
        "9": 49,
        "18": 49,
        "34": 49,
        "54": 39,
        "49": 44,
        "42": 22,
        "45": 22,
        "52": 22,
        "33": 5,
        "50": 5,
        "44": 19,
        "55": 19,
        "58": 19,
        "16": 29,
        "20": 29,
        "38": 29
    },
    "instance": null,
    "parameters": null,
    "parameters_data": null,
    "patients": null,
    "capacity": null,
    "num_days": null,
    "num_ORs": null,
    "num_surgeons": null,
    "initial_heuristics_time": 0.0,
    "gap": null
}