{
    "proved_optimal": true,
    "obj": 0,
    "relax_obj": 0.0,
    "num_LCs": 22,
    "num_callbacks": 748,
    "num_CG_iterations": 22,
    "num_columns": 223,
    "num_nodes": 1,
    "overall_time": 16.50968098640442,
    "callback_time": 2.0557496547698975,
    "subproblem_time": 11.070457935333252,
    "mp_time": 5.428273677825928,
    "inh_time": null,
    "ilp_time": 0.0,
    "surgeon_schedule": {
        "1": [
            14,
            36
        ],
        "2": [
            20,
            41
        ],
        "4": [
            10,
            29
        ],
        "5": [
            30
        ],
        "6": [
            49
        ],
        "7": [
            17
        ],
        "8": [
            19
        ],
        "9": [
            2
        ],
        "11": [
            9,
            25,
            47
        ]
    },
    "patient_schedule": {
        "41": 14,
        "56": 14,
        "57": 14,
        "36": 36,
        "37": 36,
        "39": 36,
        "1": 20,
        "7": 20,
        "8": 41,
        "21": 10,
        "11": 29,
        "43": 29,
        "6": 30,
        "35": 30,
        "53": 30,
        "4": 49,
        "9": 49,
        "18": 49,
        "34": 49,
        "54": 17,
        "49": 19,
        "42": 2,
        "45": 2,
        "52": 2,
        "20": 9,
        "44": 9,
        "55": 9,
        "33": 25,
        "50": 25,
        "16": 47,
        "38": 47,
        "58": 47
    },
    "instance": null,
    "parameters": null,
    "parameters_data": null,
    "patients": null,
    "capacity": null,
    "num_days": null,
    "num_ORs": null,
    "num_surgeons": null,
    "initial_heuristics_time": 0.0,
    "gap": null
}