{
    "proved_optimal": true,
    "obj": 1,
    "relax_obj": 0.75,
    "num_LCs": 43,
    "num_callbacks": 1224,
    "num_CG_iterations": 31,
    "num_columns": 281,
    "num_nodes": 7,
    "overall_time": 25.096604824066162,
    "callback_time": 2.620685338973999,
    "subproblem_time": 15.946786642074585,
    "mp_time": 9.124093770980835,
    "inh_time": null,
    "ilp_time": 0.0,
    "surgeon_schedule": {
        "1": [
            39,
            42
        ],
        "2": [
            19,
            28
        ],
        "5": [
            4,
            17
        ],
        "6": [
            0,
            11,
            24
        ],
        "9": [
            32
        ],
        "11": [
            8,
            20,
            49
        ]
    },
    "patient_schedule": {
        "41": 39,
        "56": 39,
        "57": 39,
        "36": 42,
        "37": 42,
        "39": 42,
        "1": 19,
        "7": 19,
        "8": 28,
        "6": 4,
        "35": 4,
        "53": 4,
        "48": 17,
        "2": 0,
        "9": 0,
        "24": 0,
        "34": 0,
        "4": 11,
        "27": 11,
        "17": 24,
        "18": 24,
        "5": 32,
        "23": 32,
        "52": 32,
        "33": 8,
        "50": 8,
        "20": 20,
        "44": 20,
        "58": 20,
        "16": 49,
        "38": 49,
        "55": 49
    },
    "instance": null,
    "parameters": null,
    "parameters_data": null,
    "patients": null,
    "capacity": null,
    "num_days": null,
    "num_ORs": null,
    "num_surgeons": null,
    "initial_heuristics_time": 0.0,
    "gap": 0.3333333333333333
}