{
    "proved_optimal": true,
    "obj": 19,
    "relax_obj": 19.0,
    "num_LCs": 3,
    "num_callbacks": 524,
    "num_CG_iterations": 19,
    "num_columns": 209,
    "num_nodes": 1,
    "overall_time": 9.087865591049194,
    "callback_time": 1.2525653839111328,
    "subproblem_time": 5.050915241241455,
    "mp_time": 4.028881549835205,
    "inh_time": null,
    "ilp_time": 0.0,
    "surgeon_schedule": {
        "0": [
            39
        ],
        "1": [
            24
        ],
        "2": [
            30,
            49
        ],
        "3": [
            27
        ],
        "4": [
            9,
            37,
            40
        ],
        "5": [
            20,
            34,
            47
        ],
        "6": [
            7,
            17
        ],
        "7": [
            11
        ],
        "9": [
            0,
            19
        ],
        "10": [
            4,
            44
        ],
        "11": [
            29
        ]
    },
    "patient_schedule": {
        "12": 39,
        "47": 39,
        "36": 24,
        "56": 24,
        "57": 24,
        "1": 30,
        "7": 30,
        "15": 49,
        "28": 27,
        "30": 9,
        "21": 37,
        "11": 40,
        "43": 40,
        "29": 20,
        "46": 20,
        "48": 34,
        "6": 47,
        "35": 47,
        "53": 47,
        "2": 7,
        "18": 7,
        "24": 7,
        "34": 7,
        "4": 17,
        "9": 17,
        "13": 17,
        "22": 11,
        "26": 11,
        "32": 11,
        "52": 0,
        "5": 19,
        "42": 19,
        "3": 4,
        "40": 4,
        "25": 44,
        "20": 29,
        "38": 29,
        "50": 29,
        "55": 29,
        "58": 29
    },
    "instance": null,
    "parameters": null,
    "parameters_data": null,
    "patients": null,
    "capacity": null,
    "num_days": null,
    "num_ORs": null,
    "num_surgeons": null,
    "initial_heuristics_time": 0.0,
    "gap": 0.0
}