{
    "proved_optimal": true,
    "obj": 50,
    "relax_obj": 49.666666666666664,
    "num_LCs": 0,
    "num_callbacks": 0,
    "num_CG_iterations": 21,
    "num_columns": 228,
    "num_nodes": 1,
    "overall_time": 20.117955207824707,
    "callback_time": 0.0,
    "subproblem_time": 15.231131792068481,
    "mp_time": 4.87809944152832,
    "inh_time": null,
    "ilp_time": 0.0,
    "surgeon_schedule": {
        "0": [
            30
        ],
        "1": [
            22,
            49
        ],
        "2": [
            17,
            34
        ],
        "4": [
            10,
            40
        ],
        "5": [
            19,
            39
        ],
        "6": [
            37,
            47
        ],
        "7": [
            5,
            29
        ],
        "8": [
            14
        ],
        "9": [
            44
        ],
        "10": [
            0
        ],
        "11": [
            9
        ]
    },
    "patient_schedule": {
        "12": 30,
        "47": 30,
        "36": 22,
        "37": 22,
        "39": 22,
        "41": 49,
        "56": 49,
        "57": 49,
        "1": 17,
        "7": 17,
        "15": 34,
        "21": 10,
        "11": 40,
        "43": 40,
        "46": 19,
        "53": 19,
        "0": 39,
        "6": 39,
        "4": 37,
        "9": 37,
        "18": 37,
        "34": 37,
        "2": 47,
        "13": 47,
        "24": 47,
        "22": 5,
        "26": 5,
        "32": 5,
        "54": 29,
        "49": 14,
        "5": 44,
        "52": 44,
        "3": 0,
        "40": 0,
        "20": 9,
        "38": 9,
        "50": 9,
        "55": 9,
        "58": 9
    },
    "instance": null,
    "parameters": null,
    "parameters_data": null,
    "patients": null,
    "capacity": null,
    "num_days": null,
    "num_ORs": null,
    "num_surgeons": null,
    "initial_heuristics_time": 0.0,
    "gap": 0.006711409395973203
}