{
    "proved_optimal": true,
    "obj": 53,
    "relax_obj": 52.666666666666664,
    "num_LCs": 28,
    "num_callbacks": 732,
    "num_CG_iterations": 23,
    "num_columns": 249,
    "num_nodes": 1,
    "overall_time": 16.41217017173767,
    "callback_time": 1.607466697692871,
    "subproblem_time": 10.860527038574219,
    "mp_time": 5.542346954345703,
    "inh_time": null,
    "ilp_time": 0.0,
    "surgeon_schedule": {
        "0": [
            47
        ],
        "1": [
            10
        ],
        "2": [
            40
        ],
        "4": [
            7,
            34,
            44
        ],
        "5": [
            29,
            39,
            49
        ],
        "6": [
            4,
            30
        ],
        "7": [
            18
        ],
        "9": [
            22
        ],
        "10": [
            0,
            37
        ],
        "11": [
            9,
            14
        ]
    },
    "patient_schedule": {
        "12": 47,
        "19": 47,
        "41": 10,
        "56": 10,
        "57": 10,
        "1": 40,
        "7": 40,
        "30": 7,
        "21": 34,
        "11": 44,
        "43": 44,
        "48": 29,
        "35": 39,
        "53": 39,
        "6": 49,
        "29": 49,
        "46": 49,
        "2": 4,
        "4": 4,
        "9": 4,
        "24": 4,
        "13": 30,
        "18": 30,
        "34": 30,
        "22": 18,
        "26": 18,
        "32": 18,
        "5": 22,
        "23": 22,
        "52": 22,
        "25": 0,
        "14": 37,
        "40": 37,
        "16": 9,
        "38": 9,
        "55": 9,
        "20": 14,
        "44": 14,
        "58": 14
    },
    "instance": null,
    "parameters": null,
    "parameters_data": null,
    "patients": null,
    "capacity": null,
    "num_days": null,
    "num_ORs": null,
    "num_surgeons": null,
    "initial_heuristics_time": 0.0,
    "gap": 0.006329113924050678
}