{
    "proved_optimal": true,
    "obj": 39,
    "relax_obj": 39.0,
    "num_LCs": 0,
    "num_callbacks": 0,
    "num_CG_iterations": 21,
    "num_columns": 237,
    "num_nodes": 1,
    "overall_time": 11.109088659286499,
    "callback_time": 0.0,
    "subproblem_time": 6.642347812652588,
    "mp_time": 4.458256006240845,
    "inh_time": null,
    "ilp_time": 0.0,
    "surgeon_schedule": {
        "0": [
            0
        ],
        "1": [
            17,
            41
        ],
        "2": [
            47
        ],
        "3": [
            39
        ],
        "4": [
            9,
            49
        ],
        "5": [
            4,
            19,
            34
        ],
        "6": [
            20,
            37
        ],
        "7": [
            7,
            11
        ],
        "8": [
            29
        ],
        "9": [
            24
        ],
        "10": [
            27
        ],
        "11": [
            30
        ]
    },
    "patient_schedule": {
        "12": 0,
        "47": 0,
        "36": 17,
        "56": 17,
        "57": 17,
        "37": 41,
        "41": 41,
        "15": 47,
        "28": 39,
        "21": 9,
        "11": 49,
        "43": 49,
        "0": 4,
        "46": 19,
        "53": 19,
        "6": 34,
        "29": 34,
        "35": 34,
        "2": 20,
        "9": 20,
        "24": 20,
        "34": 20,
        "4": 37,
        "13": 37,
        "18": 37,
        "54": 7,
        "22": 11,
        "26": 11,
        "32": 11,
        "49": 29,
        "5": 24,
        "52": 24,
        "3": 27,
        "40": 27,
        "20": 30,
        "38": 30,
        "50": 30,
        "55": 30,
        "58": 30
    },
    "instance": null,
    "parameters": null,
    "parameters_data": null,
    "patients": null,
    "capacity": null,
    "num_days": null,
    "num_ORs": null,
    "num_surgeons": null,
    "initial_heuristics_time": 0.0,
    "gap": 0.0
}