{
    "proved_optimal": true,
    "obj": 42,
    "relax_obj": 42.0,
    "num_LCs": 19,
    "num_callbacks": 524,
    "num_CG_iterations": 19,
    "num_columns": 211,
    "num_nodes": 1,
    "overall_time": 8.700955629348755,
    "callback_time": 1.1403193473815918,
    "subproblem_time": 4.841398239135742,
    "mp_time": 3.8510375022888184,
    "inh_time": null,
    "ilp_time": 0.0,
    "surgeon_schedule": {
        "0": [
            37,
            49
        ],
        "1": [
            30
        ],
        "3": [
            44
        ],
        "4": [
            9,
            19
        ],
        "5": [
            7,
            10,
            27,
            40
        ],
        "6": [
            17,
            39
        ],
        "7": [
            14,
            21
        ],
        "8": [
            29,
            47
        ],
        "9": [
            34
        ],
        "10": [
            0
        ],
        "11": [
            4
        ]
    },
    "patient_schedule": {
        "12": 37,
        "47": 37,
        "19": 49,
        "41": 30,
        "56": 30,
        "57": 30,
        "28": 44,
        "21": 9,
        "11": 19,
        "43": 19,
        "48": 7,
        "0": 10,
        "29": 27,
        "53": 27,
        "6": 40,
        "35": 40,
        "46": 40,
        "2": 17,
        "4": 17,
        "9": 17,
        "18": 17,
        "13": 39,
        "24": 39,
        "34": 39,
        "54": 14,
        "22": 21,
        "26": 21,
        "32": 21,
        "49": 29,
        "31": 47,
        "5": 34,
        "52": 34,
        "3": 0,
        "40": 0,
        "20": 4,
        "38": 4,
        "50": 4,
        "55": 4,
        "58": 4
    },
    "instance": null,
    "parameters": null,
    "parameters_data": null,
    "patients": null,
    "capacity": null,
    "num_days": null,
    "num_ORs": null,
    "num_surgeons": null,
    "initial_heuristics_time": 0.0,
    "gap": 0.0
}