{
    "proved_optimal": true,
    "obj": 38,
    "relax_obj": 38.0,
    "num_LCs": 0,
    "num_callbacks": 0,
    "num_CG_iterations": 18,
    "num_columns": 202,
    "num_nodes": 1,
    "overall_time": 6.5709404945373535,
    "callback_time": 0.0,
    "subproblem_time": 2.9568350315093994,
    "mp_time": 3.6059203147888184,
    "inh_time": null,
    "ilp_time": 0.0,
    "surgeon_schedule": {
        "0": [
            4
        ],
        "1": [
            29
        ],
        "2": [
            17
        ],
        "3": [
            27
        ],
        "4": [
            7,
            30
        ],
        "5": [
            0,
            14,
            34
        ],
        "6": [
            20,
            37
        ],
        "7": [
            45
        ],
        "8": [
            49
        ],
        "9": [
            19,
            40
        ],
        "10": [
            10,
            24
        ],
        "11": [
            9,
            39
        ]
    },
    "patient_schedule": {
        "12": 4,
        "19": 4,
        "41": 29,
        "56": 29,
        "57": 29,
        "1": 17,
        "7": 17,
        "28": 27,
        "30": 7,
        "11": 30,
        "43": 30,
        "6": 0,
        "29": 0,
        "35": 0,
        "46": 14,
        "53": 14,
        "48": 34,
        "2": 20,
        "4": 20,
        "24": 20,
        "34": 20,
        "9": 37,
        "13": 37,
        "18": 37,
        "22": 45,
        "26": 45,
        "32": 45,
        "31": 49,
        "5": 19,
        "42": 19,
        "52": 40,
        "25": 10,
        "14": 24,
        "40": 24,
        "16": 9,
        "38": 9,
        "58": 9,
        "20": 39,
        "50": 39,
        "55": 39
    },
    "instance": null,
    "parameters": null,
    "parameters_data": null,
    "patients": null,
    "capacity": null,
    "num_days": null,
    "num_ORs": null,
    "num_surgeons": null,
    "initial_heuristics_time": 0.0,
    "gap": 0.0
}