{
    "proved_optimal": true,
    "obj": 37,
    "relax_obj": 37.0,
    "num_LCs": 0,
    "num_callbacks": 0,
    "num_CG_iterations": 20,
    "num_columns": 199,
    "num_nodes": 3,
    "overall_time": 10.405195474624634,
    "callback_time": 0.0,
    "subproblem_time": 5.802530288696289,
    "mp_time": 4.592743873596191,
    "inh_time": null,
    "ilp_time": 0.0,
    "surgeon_schedule": {
        "0": [
            7
        ],
        "1": [
            18
        ],
        "2": [
            14,
            40
        ],
        "4": [
            9,
            45
        ],
        "5": [
            1
        ],
        "6": [
            20,
            49
        ],
        "7": [
            29
        ],
        "8": [
            24,
            36
        ],
        "10": [
            27,
            30
        ],
        "11": [
            10
        ]
    },
    "patient_schedule": {
        "16": 7,
        "2": 18,
        "21": 18,
        "47": 18,
        "18": 14,
        "43": 14,
        "37": 40,
        "45": 9,
        "38": 45,
        "40": 45,
        "10": 1,
        "30": 1,
        "41": 1,
        "24": 20,
        "35": 20,
        "14": 49,
        "25": 29,
        "29": 29,
        "23": 24,
        "27": 24,
        "19": 36,
        "20": 36,
        "26": 36,
        "42": 36,
        "11": 27,
        "5": 30,
        "36": 30,
        "0": 10,
        "1": 10,
        "13": 10
    },
    "instance": null,
    "parameters": null,
    "parameters_data": null,
    "patients": null,
    "capacity": null,
    "num_days": null,
    "num_ORs": null,
    "num_surgeons": null,
    "initial_heuristics_time": 0.0,
    "gap": 0.0
}