{
    "proved_optimal": true,
    "obj": 37,
    "relax_obj": 37.0,
    "num_LCs": 9,
    "num_callbacks": 682,
    "num_CG_iterations": 23,
    "num_columns": 199,
    "num_nodes": 7,
    "overall_time": 17.206074714660645,
    "callback_time": 1.837205410003662,
    "subproblem_time": 10.391659498214722,
    "mp_time": 6.794254541397095,
    "inh_time": null,
    "ilp_time": 0.0,
    "surgeon_schedule": {
        "0": [
            19
        ],
        "1": [
            38
        ],
        "2": [
            20,
            34
        ],
        "5": [
            25,
            30,
            40
        ],
        "6": [
            7,
            29
        ],
        "7": [
            11
        ],
        "8": [
            1,
            45
        ],
        "10": [
            9,
            17
        ],
        "11": [
            49
        ]
    },
    "patient_schedule": {
        "16": 19,
        "2": 38,
        "21": 38,
        "47": 38,
        "18": 20,
        "43": 20,
        "37": 34,
        "6": 25,
        "10": 25,
        "30": 30,
        "34": 40,
        "41": 40,
        "24": 7,
        "35": 7,
        "14": 29,
        "22": 11,
        "25": 11,
        "29": 11,
        "19": 1,
        "20": 1,
        "27": 1,
        "23": 45,
        "26": 45,
        "42": 45,
        "5": 9,
        "36": 9,
        "11": 17,
        "0": 49,
        "1": 49,
        "13": 49
    },
    "instance": null,
    "parameters": null,
    "parameters_data": null,
    "patients": null,
    "capacity": null,
    "num_days": null,
    "num_ORs": null,
    "num_surgeons": null,
    "initial_heuristics_time": 0.0,
    "gap": 0.0
}