{
    "proved_optimal": true,
    "obj": 1,
    "relax_obj": 0.5,
    "num_LCs": 57,
    "num_callbacks": 858,
    "num_CG_iterations": 23,
    "num_columns": 224,
    "num_nodes": 1,
    "overall_time": 19.371708393096924,
    "callback_time": 2.0336432456970215,
    "subproblem_time": 14.050103664398193,
    "mp_time": 5.312477350234985,
    "inh_time": null,
    "ilp_time": 0.0,
    "surgeon_schedule": {
        "1": [
            31,
            43
        ],
        "5": [
            9
        ],
        "7": [
            15
        ],
        "8": [
            2,
            10,
            29,
            38
        ],
        "9": [
            22
        ],
        "11": [
            19
        ]
    },
    "patient_schedule": {
        "2": 31,
        "21": 31,
        "47": 31,
        "28": 43,
        "33": 43,
        "34": 9,
        "41": 9,
        "22": 15,
        "25": 15,
        "29": 15,
        "12": 2,
        "19": 2,
        "23": 2,
        "8": 10,
        "42": 10,
        "26": 29,
        "27": 29,
        "4": 38,
        "20": 38,
        "7": 22,
        "39": 22,
        "0": 19,
        "1": 19,
        "13": 19
    },
    "instance": null,
    "parameters": null,
    "parameters_data": null,
    "patients": null,
    "capacity": null,
    "num_days": null,
    "num_ORs": null,
    "num_surgeons": null,
    "initial_heuristics_time": 0.0,
    "gap": 1.0
}