{
    "proved_optimal": true,
    "obj": 0,
    "relax_obj": 0.0,
    "num_LCs": 21,
    "num_callbacks": 767,
    "num_CG_iterations": 23,
    "num_columns": 230,
    "num_nodes": 1,
    "overall_time": 16.435152292251587,
    "callback_time": 1.7649219036102295,
    "subproblem_time": 10.83201265335083,
    "mp_time": 5.594410419464111,
    "inh_time": null,
    "ilp_time": 0.0,
    "surgeon_schedule": {
        "1": [
            18
        ],
        "5": [
            11
        ],
        "6": [
            22
        ],
        "7": [
            8
        ],
        "8": [
            1,
            29,
            43
        ],
        "9": [
            32
        ],
        "11": [
            39
        ]
    },
    "patient_schedule": {
        "2": 18,
        "21": 18,
        "47": 18,
        "30": 11,
        "41": 11,
        "44": 11,
        "3": 22,
        "17": 22,
        "35": 22,
        "22": 8,
        "25": 8,
        "29": 8,
        "9": 1,
        "12": 1,
        "20": 1,
        "26": 29,
        "27": 29,
        "4": 43,
        "8": 43,
        "19": 43,
        "42": 43,
        "7": 32,
        "39": 32,
        "0": 39,
        "1": 39,
        "13": 39
    },
    "instance": null,
    "parameters": null,
    "parameters_data": null,
    "patients": null,
    "capacity": null,
    "num_days": null,
    "num_ORs": null,
    "num_surgeons": null,
    "initial_heuristics_time": 0.0,
    "gap": null
}