{
    "proved_optimal": true,
    "obj": 45,
    "relax_obj": 45.0,
    "num_LCs": 26,
    "num_callbacks": 625,
    "num_CG_iterations": 20,
    "num_columns": 208,
    "num_nodes": 1,
    "overall_time": 13.999560594558716,
    "callback_time": 1.5546317100524902,
    "subproblem_time": 9.57460880279541,
    "mp_time": 4.4177656173706055,
    "inh_time": null,
    "ilp_time": 0.0,
    "surgeon_schedule": {
        "0": [
            17
        ],
        "1": [
            1
        ],
        "2": [
            19,
            27
        ],
        "4": [
            48
        ],
        "5": [
            8,
            40
        ],
        "6": [
            10,
            30
        ],
        "7": [
            21
        ],
        "8": [
            29,
            36
        ],
        "10": [
            14
        ],
        "11": [
            44
        ]
    },
    "patient_schedule": {
        "16": 17,
        "2": 1,
        "21": 1,
        "47": 1,
        "37": 19,
        "18": 27,
        "43": 27,
        "38": 48,
        "40": 48,
        "30": 8,
        "41": 8,
        "44": 8,
        "10": 40,
        "34": 40,
        "24": 10,
        "35": 10,
        "14": 30,
        "22": 21,
        "25": 21,
        "29": 21,
        "26": 29,
        "27": 29,
        "19": 36,
        "20": 36,
        "23": 36,
        "42": 36,
        "5": 14,
        "36": 14,
        "0": 44,
        "1": 44,
        "13": 44
    },
    "instance": null,
    "parameters": null,
    "parameters_data": null,
    "patients": null,
    "capacity": null,
    "num_days": null,
    "num_ORs": null,
    "num_surgeons": null,
    "initial_heuristics_time": 0.0,
    "gap": 0.0
}