{
    "proved_optimal": true,
    "obj": 16,
    "relax_obj": 16.0,
    "num_LCs": 31,
    "num_callbacks": 561,
    "num_CG_iterations": 18,
    "num_columns": 195,
    "num_nodes": 1,
    "overall_time": 10.52834415435791,
    "callback_time": 1.4686601161956787,
    "subproblem_time": 6.3826282024383545,
    "mp_time": 4.136345863342285,
    "inh_time": null,
    "ilp_time": 0.0,
    "surgeon_schedule": {
        "1": [
            20,
            41
        ],
        "2": [
            0,
            37
        ],
        "3": [
            30
        ],
        "5": [
            8,
            34
        ],
        "6": [
            4,
            17
        ],
        "7": [
            11
        ],
        "8": [
            19,
            27,
            48
        ],
        "10": [
            29,
            39
        ],
        "11": [
            24
        ]
    },
    "patient_schedule": {
        "33": 20,
        "2": 41,
        "21": 41,
        "47": 41,
        "18": 0,
        "43": 0,
        "37": 37,
        "15": 30,
        "10": 8,
        "30": 8,
        "41": 8,
        "34": 34,
        "44": 34,
        "24": 4,
        "35": 4,
        "14": 17,
        "22": 11,
        "25": 11,
        "29": 11,
        "8": 19,
        "42": 19,
        "23": 27,
        "27": 27,
        "9": 48,
        "20": 48,
        "26": 48,
        "5": 29,
        "36": 29,
        "11": 39,
        "0": 24,
        "1": 24,
        "13": 24
    },
    "instance": null,
    "parameters": null,
    "parameters_data": null,
    "patients": null,
    "capacity": null,
    "num_days": null,
    "num_ORs": null,
    "num_surgeons": null,
    "initial_heuristics_time": 0.0,
    "gap": 0.0
}