{
    "proved_optimal": true,
    "obj": 1,
    "relax_obj": 0.5,
    "num_LCs": 51,
    "num_callbacks": 756,
    "num_CG_iterations": 21,
    "num_columns": 208,
    "num_nodes": 1,
    "overall_time": 17.698710441589355,
    "callback_time": 1.9875471591949463,
    "subproblem_time": 12.743889093399048,
    "mp_time": 4.947032928466797,
    "inh_time": null,
    "ilp_time": 0.0,
    "surgeon_schedule": {
        "1": [
            3,
            21
        ],
        "2": [
            10
        ],
        "5": [
            44
        ],
        "6": [
            40
        ],
        "8": [
            16,
            29,
            30,
            48
        ],
        "9": [
            36
        ],
        "11": [
            27
        ]
    },
    "patient_schedule": {
        "28": 3,
        "33": 3,
        "2": 21,
        "21": 21,
        "47": 21,
        "18": 10,
        "43": 10,
        "34": 44,
        "41": 44,
        "24": 40,
        "35": 40,
        "4": 16,
        "19": 16,
        "23": 29,
        "27": 29,
        "8": 30,
        "42": 30,
        "12": 48,
        "20": 48,
        "26": 48,
        "7": 36,
        "39": 36,
        "0": 27,
        "1": 27,
        "13": 27
    },
    "instance": null,
    "parameters": null,
    "parameters_data": null,
    "patients": null,
    "capacity": null,
    "num_days": null,
    "num_ORs": null,
    "num_surgeons": null,
    "initial_heuristics_time": 0.0,
    "gap": 1.0
}