{
    "proved_optimal": true,
    "obj": 15,
    "relax_obj": -92,
    "num_LCs": 0,
    "num_callbacks": 0,
    "num_CG_iterations": 19,
    "num_columns": 203,
    "num_nodes": 1,
    "overall_time": 6.37556004524231,
    "callback_time": 0.0,
    "subproblem_time": 2.765284538269043,
    "mp_time": 3.6019787788391113,
    "inh_time": null,
    "ilp_time": 0.0,
    "surgeon_schedule": {
        "1": [
            19,
            28
        ],
        "3": [
            0
        ],
        "4": [
            48
        ],
        "5": [
            7,
            31
        ],
        "6": [
            9,
            14
        ],
        "7": [
            38
        ],
        "8": [
            4,
            10,
            41
        ],
        "10": [
            17,
            20
        ],
        "11": [
            24
        ]
    },
    "patient_schedule": {
        "2": 19,
        "33": 19,
        "21": 28,
        "47": 28,
        "15": 0,
        "38": 48,
        "40": 48,
        "34": 7,
        "41": 7,
        "10": 31,
        "30": 31,
        "44": 31,
        "24": 9,
        "35": 9,
        "14": 14,
        "29": 38,
        "31": 38,
        "8": 4,
        "42": 4,
        "23": 10,
        "27": 10,
        "9": 41,
        "20": 41,
        "26": 41,
        "11": 17,
        "36": 17,
        "5": 20,
        "0": 24,
        "1": 24,
        "13": 24
    },
    "instance": null,
    "parameters": null,
    "parameters_data": null,
    "patients": null,
    "capacity": null,
    "num_days": null,
    "num_ORs": null,
    "num_surgeons": null,
    "initial_heuristics_time": 0.0,
    "gap": -1.1630434782608696
}