{
    "proved_optimal": true,
    "obj": 2,
    "relax_obj": 1.3333333333333333,
    "num_LCs": 49,
    "num_callbacks": 801,
    "num_CG_iterations": 22,
    "num_columns": 215,
    "num_nodes": 1,
    "overall_time": 19.106313228607178,
    "callback_time": 2.032395362854004,
    "subproblem_time": 13.950222969055176,
    "mp_time": 5.14820408821106,
    "inh_time": null,
    "ilp_time": 0.0,
    "surgeon_schedule": {
        "1": [
            13,
            25
        ],
        "5": [
            29,
            48
        ],
        "8": [
            20,
            33,
            41
        ],
        "9": [
            2
        ],
        "11": [
            9
        ]
    },
    "patient_schedule": {
        "28": 13,
        "33": 13,
        "2": 25,
        "21": 25,
        "47": 25,
        "34": 29,
        "44": 29,
        "10": 48,
        "30": 48,
        "41": 48,
        "9": 20,
        "27": 20,
        "8": 33,
        "12": 33,
        "19": 33,
        "26": 33,
        "42": 33,
        "4": 41,
        "20": 41,
        "7": 2,
        "39": 2,
        "0": 9,
        "1": 9,
        "13": 9
    },
    "instance": null,
    "parameters": null,
    "parameters_data": null,
    "patients": null,
    "capacity": null,
    "num_days": null,
    "num_ORs": null,
    "num_surgeons": null,
    "initial_heuristics_time": 0.0,
    "gap": 0.5000000000000001
}