{
    "proved_optimal": true,
    "obj": 36,
    "relax_obj": 36.0,
    "num_LCs": 18,
    "num_callbacks": 513,
    "num_CG_iterations": 18,
    "num_columns": 186,
    "num_nodes": 1,
    "overall_time": 8.391486167907715,
    "callback_time": 1.1270058155059814,
    "subproblem_time": 4.700536727905273,
    "mp_time": 3.6839661598205566,
    "inh_time": null,
    "ilp_time": 0.0,
    "surgeon_schedule": {
        "1": [
            29,
            31
        ],
        "2": [
            7,
            10
        ],
        "3": [
            17
        ],
        "4": [
            19,
            20
        ],
        "5": [
            0,
            48
        ],
        "6": [
            24
        ],
        "7": [
            4
        ],
        "8": [
            14,
            27,
            41
        ],
        "10": [
            9,
            39
        ],
        "11": [
            37
        ]
    },
    "patient_schedule": {
        "2": 29,
        "33": 29,
        "21": 31,
        "47": 31,
        "18": 7,
        "43": 7,
        "37": 10,
        "15": 17,
        "45": 19,
        "40": 20,
        "34": 0,
        "41": 0,
        "10": 48,
        "30": 48,
        "44": 48,
        "24": 24,
        "35": 24,
        "25": 4,
        "29": 4,
        "8": 14,
        "42": 14,
        "9": 27,
        "27": 27,
        "12": 41,
        "20": 41,
        "26": 41,
        "11": 9,
        "36": 9,
        "5": 39,
        "0": 37,
        "1": 37,
        "13": 37
    },
    "instance": null,
    "parameters": null,
    "parameters_data": null,
    "patients": null,
    "capacity": null,
    "num_days": null,
    "num_ORs": null,
    "num_surgeons": null,
    "initial_heuristics_time": 0.0,
    "gap": 0.0
}