{
    "proved_optimal": true,
    "obj": 15,
    "relax_obj": -32,
    "num_LCs": 0,
    "num_callbacks": 0,
    "num_CG_iterations": 16,
    "num_columns": 172,
    "num_nodes": 1,
    "overall_time": 5.591637134552002,
    "callback_time": 0.0,
    "subproblem_time": 2.6490190029144287,
    "mp_time": 2.934723377227783,
    "inh_time": null,
    "ilp_time": 0.0,
    "surgeon_schedule": {
        "0": [
            0
        ],
        "1": [
            10,
            29
        ],
        "2": [
            14,
            49
        ],
        "5": [
            17,
            41
        ],
        "6": [
            9,
            30
        ],
        "7": [
            38
        ],
        "8": [
            4,
            19,
            21,
            34
        ],
        "10": [
            7,
            47
        ],
        "11": [
            27
        ]
    },
    "patient_schedule": {
        "16": 0,
        "33": 10,
        "2": 29,
        "47": 29,
        "37": 14,
        "18": 49,
        "43": 49,
        "34": 17,
        "44": 17,
        "10": 41,
        "30": 41,
        "41": 41,
        "14": 9,
        "24": 30,
        "35": 30,
        "22": 38,
        "25": 38,
        "29": 38,
        "8": 4,
        "42": 4,
        "9": 19,
        "12": 21,
        "20": 21,
        "23": 21,
        "26": 34,
        "27": 34,
        "11": 7,
        "36": 7,
        "5": 47,
        "0": 27,
        "1": 27,
        "13": 27
    },
    "instance": null,
    "parameters": null,
    "parameters_data": null,
    "patients": null,
    "capacity": null,
    "num_days": null,
    "num_ORs": null,
    "num_surgeons": null,
    "initial_heuristics_time": 0.0,
    "gap": -1.46875
}