{
    "proved_optimal": true,
    "obj": 16,
    "relax_obj": 16.0,
    "num_LCs": 0,
    "num_callbacks": 0,
    "num_CG_iterations": 16,
    "num_columns": 158,
    "num_nodes": 3,
    "overall_time": 4.108322858810425,
    "callback_time": 0.0,
    "subproblem_time": 1.649174690246582,
    "mp_time": 2.45169734954834,
    "inh_time": null,
    "ilp_time": 0.0,
    "surgeon_schedule": {
        "0": [
            40
        ],
        "1": [
            9,
            19
        ],
        "2": [
            4,
            10
        ],
        "3": [
            44
        ],
        "5": [
            15,
            24
        ],
        "6": [
            27,
            47
        ],
        "7": [
            20
        ],
        "8": [
            33,
            49
        ],
        "10": [
            7,
            29
        ],
        "11": [
            0
        ]
    },
    "patient_schedule": {
        "16": 40,
        "2": 9,
        "33": 9,
        "47": 19,
        "37": 4,
        "18": 10,
        "43": 10,
        "15": 44,
        "30": 15,
        "41": 15,
        "44": 15,
        "10": 24,
        "34": 24,
        "14": 27,
        "24": 47,
        "35": 47,
        "25": 20,
        "29": 20,
        "8": 33,
        "9": 33,
        "20": 33,
        "23": 33,
        "26": 33,
        "27": 33,
        "42": 33,
        "12": 49,
        "5": 7,
        "36": 7,
        "11": 29,
        "0": 0,
        "1": 0,
        "13": 0
    },
    "instance": null,
    "parameters": null,
    "parameters_data": null,
    "patients": null,
    "capacity": null,
    "num_days": null,
    "num_ORs": null,
    "num_surgeons": null,
    "initial_heuristics_time": 0.0,
    "gap": 0.0
}