{
    "proved_optimal": true,
    "obj": 45,
    "relax_obj": 45.0,
    "num_LCs": 0,
    "num_callbacks": 0,
    "num_CG_iterations": 19,
    "num_columns": 199,
    "num_nodes": 1,
    "overall_time": 30.877432107925415,
    "callback_time": 0.0,
    "subproblem_time": 26.69143533706665,
    "mp_time": 4.178798198699951,
    "inh_time": null,
    "ilp_time": 0.0,
    "surgeon_schedule": {
        "0": [
            29
        ],
        "1": [
            35
        ],
        "2": [
            0,
            20
        ],
        "4": [
            48
        ],
        "5": [
            14,
            25
        ],
        "6": [
            10,
            30
        ],
        "7": [
            8
        ],
        "8": [
            18,
            41
        ],
        "10": [
            4
        ],
        "11": [
            39
        ]
    },
    "patient_schedule": {
        "16": 29,
        "2": 35,
        "21": 35,
        "47": 35,
        "18": 0,
        "43": 0,
        "37": 20,
        "38": 48,
        "40": 48,
        "34": 14,
        "41": 14,
        "10": 25,
        "30": 25,
        "44": 25,
        "14": 10,
        "24": 30,
        "35": 30,
        "22": 8,
        "25": 8,
        "29": 8,
        "19": 18,
        "20": 18,
        "27": 18,
        "23": 41,
        "26": 41,
        "42": 41,
        "5": 4,
        "36": 4,
        "0": 39,
        "1": 39,
        "13": 39
    },
    "instance": null,
    "parameters": null,
    "parameters_data": null,
    "patients": null,
    "capacity": null,
    "num_days": null,
    "num_ORs": null,
    "num_surgeons": null,
    "initial_heuristics_time": 0.0,
    "gap": 0.0
}