{
    "proved_optimal": true,
    "obj": 0,
    "relax_obj": -1.3877787807814457e-17,
    "num_LCs": 0,
    "num_callbacks": 0,
    "num_CG_iterations": 19,
    "num_columns": 195,
    "num_nodes": 1,
    "overall_time": 11.961647748947144,
    "callback_time": 0.0,
    "subproblem_time": 6.603209733963013,
    "mp_time": 5.349687337875366,
    "inh_time": null,
    "ilp_time": 0.0,
    "surgeon_schedule": {
        "1": [
            28
        ],
        "2": [
            17
        ],
        "5": [
            11,
            20
        ],
        "6": [
            19
        ],
        "7": [
            41
        ],
        "8": [
            2,
            24,
            30,
            48
        ],
        "9": [
            36
        ],
        "11": [
            9
        ]
    },
    "patient_schedule": {
        "2": 28,
        "21": 28,
        "47": 28,
        "18": 17,
        "43": 17,
        "6": 11,
        "30": 11,
        "34": 20,
        "44": 20,
        "24": 19,
        "35": 19,
        "22": 41,
        "25": 41,
        "29": 41,
        "4": 2,
        "19": 2,
        "9": 24,
        "27": 24,
        "8": 30,
        "42": 30,
        "12": 48,
        "20": 48,
        "23": 48,
        "7": 36,
        "39": 36,
        "0": 9,
        "1": 9,
        "13": 9
    },
    "instance": null,
    "parameters": null,
    "parameters_data": null,
    "patients": null,
    "capacity": null,
    "num_days": null,
    "num_ORs": null,
    "num_surgeons": null,
    "initial_heuristics_time": 0.0,
    "gap": null
}