{
    "proved_optimal": true,
    "obj": 0,
    "relax_obj": 0.0,
    "num_LCs": 25,
    "num_callbacks": 805,
    "num_CG_iterations": 23,
    "num_columns": 220,
    "num_nodes": 1,
    "overall_time": 18.568843841552734,
    "callback_time": 1.9663364887237549,
    "subproblem_time": 13.166338205337524,
    "mp_time": 5.393801212310791,
    "inh_time": null,
    "ilp_time": 0.0,
    "surgeon_schedule": {
        "1": [
            45
        ],
        "2": [
            49
        ],
        "5": [
            9
        ],
        "6": [
            2
        ],
        "7": [
            21
        ],
        "8": [
            10,
            28,
            36,
            40
        ],
        "9": [
            16
        ],
        "11": [
            30
        ]
    },
    "patient_schedule": {
        "2": 45,
        "21": 45,
        "47": 45,
        "18": 49,
        "43": 49,
        "34": 9,
        "41": 9,
        "3": 2,
        "17": 2,
        "35": 2,
        "22": 21,
        "25": 21,
        "29": 21,
        "8": 10,
        "42": 10,
        "12": 28,
        "20": 28,
        "26": 28,
        "4": 36,
        "19": 36,
        "9": 40,
        "27": 40,
        "7": 16,
        "39": 16,
        "0": 30,
        "1": 30,
        "13": 30
    },
    "instance": null,
    "parameters": null,
    "parameters_data": null,
    "patients": null,
    "capacity": null,
    "num_days": null,
    "num_ORs": null,
    "num_surgeons": null,
    "initial_heuristics_time": 0.0,
    "gap": null
}