{
    "proved_optimal": true,
    "obj": 46,
    "relax_obj": 46.0,
    "num_LCs": 20,
    "num_callbacks": 601,
    "num_CG_iterations": 19,
    "num_columns": 203,
    "num_nodes": 1,
    "overall_time": 16.294965982437134,
    "callback_time": 1.7937288284301758,
    "subproblem_time": 12.002367734909058,
    "mp_time": 4.284637451171875,
    "inh_time": null,
    "ilp_time": 0.0,
    "surgeon_schedule": {
        "1": [
            11
        ],
        "2": [
            24,
            39
        ],
        "5": [
            5,
            27
        ],
        "6": [
            9,
            29
        ],
        "7": [
            18
        ],
        "8": [
            0,
            32,
            46
        ],
        "10": [
            40
        ],
        "11": [
            20
        ]
    },
    "patient_schedule": {
        "2": 11,
        "21": 11,
        "47": 11,
        "37": 24,
        "18": 39,
        "43": 39,
        "10": 5,
        "30": 5,
        "41": 5,
        "34": 27,
        "44": 27,
        "14": 9,
        "24": 29,
        "35": 29,
        "22": 18,
        "25": 18,
        "29": 18,
        "23": 0,
        "27": 0,
        "8": 32,
        "12": 32,
        "20": 32,
        "26": 32,
        "42": 32,
        "4": 46,
        "19": 46,
        "5": 40,
        "36": 40,
        "0": 20,
        "1": 20,
        "13": 20
    },
    "instance": null,
    "parameters": null,
    "parameters_data": null,
    "patients": null,
    "capacity": null,
    "num_days": null,
    "num_ORs": null,
    "num_surgeons": null,
    "initial_heuristics_time": 0.0,
    "gap": 0.0
}