{
    "proved_optimal": true,
    "obj": 20,
    "relax_obj": 19.666666666666668,
    "num_LCs": 14,
    "num_callbacks": 1071,
    "num_CG_iterations": 27,
    "num_columns": 238,
    "num_nodes": 5,
    "overall_time": 23.769417762756348,
    "callback_time": 2.5851778984069824,
    "subproblem_time": 16.03854465484619,
    "mp_time": 7.715256690979004,
    "inh_time": null,
    "ilp_time": 0.0,
    "surgeon_schedule": {
        "1": [
            11
        ],
        "2": [
            29
        ],
        "5": [
            21,
            39
        ],
        "6": [
            47
        ],
        "7": [
            41
        ],
        "8": [
            18,
            27,
            32,
            49
        ],
        "9": [
            2
        ],
        "11": [
            9
        ]
    },
    "patient_schedule": {
        "2": 11,
        "21": 11,
        "47": 11,
        "18": 29,
        "43": 29,
        "10": 21,
        "30": 21,
        "44": 21,
        "34": 39,
        "41": 39,
        "24": 47,
        "35": 47,
        "22": 41,
        "25": 41,
        "29": 41,
        "4": 18,
        "20": 18,
        "8": 27,
        "42": 27,
        "12": 32,
        "19": 32,
        "26": 32,
        "23": 49,
        "27": 49,
        "7": 2,
        "39": 2,
        "0": 9,
        "1": 9,
        "13": 9
    },
    "instance": null,
    "parameters": null,
    "parameters_data": null,
    "patients": null,
    "capacity": null,
    "num_days": null,
    "num_ORs": null,
    "num_surgeons": null,
    "initial_heuristics_time": 0.0,
    "gap": 0.01694915254237282
}