{
    "proved_optimal": true,
    "obj": 19,
    "relax_obj": 18.75,
    "num_LCs": 13,
    "num_callbacks": 1042,
    "num_CG_iterations": 27,
    "num_columns": 222,
    "num_nodes": 1,
    "overall_time": 20.57256531715393,
    "callback_time": 2.1975417137145996,
    "subproblem_time": 13.264365434646606,
    "mp_time": 7.297881841659546,
    "inh_time": null,
    "ilp_time": 0.0,
    "surgeon_schedule": {
        "0": [
            39,
            43
        ],
        "2": [
            21
        ],
        "3": [
            1
        ],
        "4": [
            8
        ],
        "5": [
            13
        ],
        "8": [
            28
        ],
        "10": [
            31
        ],
        "11": [
            37
        ]
    },
    "patient_schedule": {
        "24": 39,
        "43": 39,
        "3": 43,
        "8": 43,
        "11": 43,
        "40": 43,
        "15": 21,
        "22": 21,
        "33": 21,
        "38": 21,
        "0": 1,
        "5": 1,
        "14": 1,
        "28": 1,
        "2": 8,
        "6": 8,
        "17": 13,
        "18": 13,
        "32": 13,
        "36": 13,
        "26": 28,
        "35": 28,
        "4": 31,
        "25": 31,
        "34": 31,
        "13": 37,
        "37": 37
    },
    "instance": null,
    "parameters": null,
    "parameters_data": null,
    "patients": null,
    "capacity": null,
    "num_days": null,
    "num_ORs": null,
    "num_surgeons": null,
    "initial_heuristics_time": 0.0,
    "gap": 0.013333333333333334
}