{
    "proved_optimal": true,
    "obj": 19,
    "relax_obj": 18.75,
    "num_LCs": 0,
    "num_callbacks": 0,
    "num_CG_iterations": 28,
    "num_columns": 236,
    "num_nodes": 1,
    "overall_time": 18.326532125473022,
    "callback_time": 0.0,
    "subproblem_time": 10.504951477050781,
    "mp_time": 7.81074595451355,
    "inh_time": null,
    "ilp_time": 0.0,
    "surgeon_schedule": {
        "0": [
            11,
            27,
            38
        ],
        "2": [
            21
        ],
        "3": [
            41
        ],
        "4": [
            48
        ],
        "5": [
            3
        ],
        "8": [
            18
        ],
        "10": [
            31
        ],
        "11": [
            29
        ]
    },
    "patient_schedule": {
        "8": 11,
        "11": 11,
        "24": 27,
        "43": 27,
        "3": 38,
        "40": 38,
        "15": 21,
        "22": 21,
        "33": 21,
        "38": 21,
        "0": 41,
        "5": 41,
        "14": 41,
        "28": 41,
        "2": 48,
        "6": 48,
        "17": 3,
        "18": 3,
        "32": 3,
        "36": 3,
        "26": 18,
        "35": 18,
        "4": 31,
        "25": 31,
        "34": 31,
        "13": 29,
        "37": 29
    },
    "instance": null,
    "parameters": null,
    "parameters_data": null,
    "patients": null,
    "capacity": null,
    "num_days": null,
    "num_ORs": null,
    "num_surgeons": null,
    "initial_heuristics_time": 0.0,
    "gap": 0.013333333333333334
}