{
    "proved_optimal": false,
    "obj": 39,
    "relax_obj": 38.0,
    "num_LCs": 0,
    "num_callbacks": 0,
    "num_CG_iterations": 1561,
    "num_columns": 2373,
    "num_nodes": 510,
    "overall_time": 1200.0142772197723,
    "callback_time": 0.0,
    "subproblem_time": 318.77450156211853,
    "mp_time": 879.1923725605011,
    "inh_time": null,
    "ilp_time": 0.0,
    "surgeon_schedule": {
        "0": [
            1,
            19,
            21
        ],
        "2": [
            15
        ],
        "3": [
            48
        ],
        "4": [
            8
        ],
        "5": [
            33
        ],
        "8": [
            28
        ],
        "10": [
            41
        ],
        "11": [
            10
        ]
    },
    "patient_schedule": {
        "3": 1,
        "24": 1,
        "40": 19,
        "43": 19,
        "8": 21,
        "11": 21,
        "15": 15,
        "22": 15,
        "33": 15,
        "38": 15,
        "0": 48,
        "5": 48,
        "14": 48,
        "28": 48,
        "2": 8,
        "9": 8,
        "17": 33,
        "18": 33,
        "32": 33,
        "36": 33,
        "26": 28,
        "35": 28,
        "4": 41,
        "25": 41,
        "34": 41,
        "13": 10,
        "37": 10
    },
    "instance": null,
    "parameters": null,
    "parameters_data": null,
    "patients": null,
    "capacity": null,
    "num_days": null,
    "num_ORs": null,
    "num_surgeons": null,
    "initial_heuristics_time": 0.0,
    "gap": 0.02631578947368421
}