{
    "proved_optimal": true,
    "obj": 15,
    "relax_obj": 15.0,
    "num_LCs": 21,
    "num_callbacks": 438,
    "num_CG_iterations": 14,
    "num_columns": 152,
    "num_nodes": 1,
    "overall_time": 5.546774625778198,
    "callback_time": 0.855964183807373,
    "subproblem_time": 3.2877731323242188,
    "mp_time": 2.2544140815734863,
    "inh_time": null,
    "ilp_time": 0.0,
    "surgeon_schedule": {
        "0": [
            9,
            39,
            41
        ],
        "1": [
            49
        ],
        "2": [
            19,
            24,
            37
        ],
        "3": [
            11
        ],
        "4": [
            31
        ],
        "5": [
            1
        ],
        "7": [
            47
        ],
        "9": [
            7
        ],
        "10": [
            28
        ],
        "11": [
            17,
            20
        ]
    },
    "patient_schedule": {
        "24": 9,
        "40": 39,
        "43": 39,
        "8": 41,
        "11": 41,
        "20": 49,
        "39": 49,
        "1": 19,
        "22": 19,
        "15": 24,
        "38": 24,
        "33": 37,
        "0": 11,
        "5": 11,
        "14": 11,
        "28": 11,
        "2": 31,
        "6": 31,
        "17": 1,
        "18": 1,
        "36": 1,
        "27": 47,
        "12": 7,
        "4": 28,
        "25": 28,
        "34": 28,
        "13": 17,
        "37": 17,
        "29": 20
    },
    "instance": null,
    "parameters": null,
    "parameters_data": null,
    "patients": null,
    "capacity": null,
    "num_days": null,
    "num_ORs": null,
    "num_surgeons": null,
    "initial_heuristics_time": 0.0,
    "gap": 0.0
}