{
    "proved_optimal": true,
    "obj": 46,
    "relax_obj": 46.0,
    "num_LCs": 26,
    "num_callbacks": 698,
    "num_CG_iterations": 20,
    "num_columns": 205,
    "num_nodes": 1,
    "overall_time": 11.279865741729736,
    "callback_time": 1.3914287090301514,
    "subproblem_time": 7.340245008468628,
    "mp_time": 3.933001756668091,
    "inh_time": null,
    "ilp_time": 0.0,
    "surgeon_schedule": {
        "0": [
            36,
            49
        ],
        "2": [
            30
        ],
        "3": [
            18
        ],
        "4": [
            21
        ],
        "5": [
            28
        ],
        "6": [
            42
        ],
        "8": [
            6
        ],
        "10": [
            11
        ],
        "11": [
            0
        ]
    },
    "patient_schedule": {
        "8": 36,
        "24": 36,
        "30": 36,
        "40": 49,
        "43": 49,
        "1": 30,
        "22": 30,
        "38": 30,
        "0": 18,
        "5": 18,
        "14": 18,
        "28": 18,
        "2": 21,
        "6": 21,
        "17": 28,
        "18": 28,
        "36": 28,
        "19": 42,
        "31": 42,
        "10": 6,
        "23": 6,
        "35": 6,
        "4": 11,
        "25": 11,
        "34": 11,
        "13": 0,
        "37": 0
    },
    "instance": null,
    "parameters": null,
    "parameters_data": null,
    "patients": null,
    "capacity": null,
    "num_days": null,
    "num_ORs": null,
    "num_surgeons": null,
    "initial_heuristics_time": 0.0,
    "gap": 0.0
}