{
    "proved_optimal": true,
    "obj": 18,
    "relax_obj": -86,
    "num_LCs": 0,
    "num_callbacks": 0,
    "num_CG_iterations": 22,
    "num_columns": 215,
    "num_nodes": 3,
    "overall_time": 9.754262208938599,
    "callback_time": 0.0,
    "subproblem_time": 4.2754786014556885,
    "mp_time": 5.4587321281433105,
    "inh_time": null,
    "ilp_time": 0.0,
    "surgeon_schedule": {
        "0": [
            10,
            35
        ],
        "1": [
            14
        ],
        "2": [
            40
        ],
        "3": [
            0,
            21
        ],
        "4": [
            28
        ],
        "5": [
            39
        ],
        "6": [
            46
        ],
        "8": [
            6
        ],
        "10": [
            18
        ],
        "11": [
            30
        ]
    },
    "patient_schedule": {
        "40": 10,
        "43": 10,
        "8": 35,
        "11": 35,
        "20": 14,
        "39": 14,
        "1": 40,
        "22": 40,
        "38": 40,
        "5": 0,
        "14": 0,
        "28": 21,
        "41": 21,
        "2": 28,
        "6": 28,
        "18": 39,
        "36": 39,
        "19": 46,
        "31": 46,
        "10": 6,
        "23": 6,
        "35": 6,
        "4": 18,
        "25": 18,
        "34": 18,
        "13": 30,
        "37": 30
    },
    "instance": null,
    "parameters": null,
    "parameters_data": null,
    "patients": null,
    "capacity": null,
    "num_days": null,
    "num_ORs": null,
    "num_surgeons": null,
    "initial_heuristics_time": 0.0,
    "gap": -1.2093023255813953
}