{
    "proved_optimal": false,
    "obj": 22,
    "relax_obj": 21.0,
    "num_LCs": 127,
    "num_callbacks": 45260,
    "num_CG_iterations": 1281,
    "num_columns": 3342,
    "num_nodes": 281,
    "overall_time": 1201.6023151874542,
    "callback_time": 49.35117983818054,
    "subproblem_time": 510.6864182949066,
    "mp_time": 689.8166744709015,
    "inh_time": null,
    "ilp_time": 0.0,
    "surgeon_schedule": {
        "0": [
            30,
            46
        ],
        "2": [
            9
        ],
        "3": [
            11
        ],
        "4": [
            18
        ],
        "5": [
            23
        ],
        "6": [
            2
        ],
        "8": [
            36
        ],
        "11": [
            40
        ]
    },
    "patient_schedule": {
        "24": 30,
        "43": 30,
        "8": 46,
        "30": 46,
        "40": 46,
        "1": 9,
        "22": 9,
        "38": 9,
        "0": 11,
        "5": 11,
        "14": 11,
        "28": 11,
        "2": 18,
        "6": 18,
        "17": 23,
        "18": 23,
        "32": 23,
        "36": 23,
        "19": 2,
        "31": 2,
        "10": 36,
        "23": 36,
        "35": 36,
        "13": 40,
        "37": 40
    },
    "instance": null,
    "parameters": null,
    "parameters_data": null,
    "patients": null,
    "capacity": null,
    "num_days": null,
    "num_ORs": null,
    "num_surgeons": null,
    "initial_heuristics_time": 0.0,
    "gap": 0.047619047619047616
}