{
    "proved_optimal": false,
    "obj": 2,
    "relax_obj": 1.0,
    "num_LCs": 116,
    "num_callbacks": 43498,
    "num_CG_iterations": 1004,
    "num_columns": 1994,
    "num_nodes": 388,
    "overall_time": 1202.8858087062836,
    "callback_time": 53.674838066101074,
    "subproblem_time": 588.692396402359,
    "mp_time": 611.9076623916626,
    "inh_time": null,
    "ilp_time": 0.0,
    "surgeon_schedule": {
        "2": [
            41
        ],
        "3": [
            21
        ],
        "4": [
            36,
            48
        ],
        "5": [
            13
        ],
        "6": [
            2
        ],
        "8": [
            28
        ],
        "11": [
            9,
            30
        ]
    },
    "patient_schedule": {
        "1": 41,
        "15": 41,
        "33": 41,
        "38": 41,
        "0": 21,
        "5": 21,
        "14": 21,
        "28": 21,
        "6": 36,
        "21": 36,
        "2": 48,
        "9": 48,
        "17": 13,
        "18": 13,
        "32": 13,
        "36": 13,
        "19": 2,
        "31": 2,
        "26": 28,
        "35": 28,
        "13": 9,
        "37": 9,
        "29": 30
    },
    "instance": null,
    "parameters": null,
    "parameters_data": null,
    "patients": null,
    "capacity": null,
    "num_days": null,
    "num_ORs": null,
    "num_surgeons": null,
    "initial_heuristics_time": 0.0,
    "gap": 1.0
}