{
    "proved_optimal": true,
    "obj": 36,
    "relax_obj": 35.666666666666664,
    "num_LCs": 8,
    "num_callbacks": 587,
    "num_CG_iterations": 21,
    "num_columns": 220,
    "num_nodes": 1,
    "overall_time": 11.587180614471436,
    "callback_time": 1.3616349697113037,
    "subproblem_time": 6.20268988609314,
    "mp_time": 5.376250982284546,
    "inh_time": null,
    "ilp_time": 0.0,
    "surgeon_schedule": {
        "0": [
            1,
            49
        ],
        "1": [
            34
        ],
        "2": [
            17
        ],
        "3": [
            8,
            30
        ],
        "4": [
            38
        ],
        "5": [
            19
        ],
        "6": [
            22
        ],
        "8": [
            42
        ],
        "10": [
            11
        ],
        "11": [
            29
        ]
    },
    "patient_schedule": {
        "8": 1,
        "11": 1,
        "40": 49,
        "43": 49,
        "20": 34,
        "39": 34,
        "1": 17,
        "22": 17,
        "38": 17,
        "14": 8,
        "41": 8,
        "5": 30,
        "28": 30,
        "2": 38,
        "6": 38,
        "18": 19,
        "36": 19,
        "19": 22,
        "31": 22,
        "10": 42,
        "23": 42,
        "35": 42,
        "4": 11,
        "25": 11,
        "34": 11,
        "13": 29,
        "37": 29
    },
    "instance": null,
    "parameters": null,
    "parameters_data": null,
    "patients": null,
    "capacity": null,
    "num_days": null,
    "num_ORs": null,
    "num_surgeons": null,
    "initial_heuristics_time": 0.0,
    "gap": 0.009345794392523431
}