{
    "proved_optimal": true,
    "obj": 2,
    "relax_obj": 2.0,
    "num_LCs": 54,
    "num_callbacks": 886,
    "num_CG_iterations": 24,
    "num_columns": 218,
    "num_nodes": 1,
    "overall_time": 22.522143840789795,
    "callback_time": 2.0196073055267334,
    "subproblem_time": 17.334965229034424,
    "mp_time": 5.1782143115997314,
    "inh_time": null,
    "ilp_time": 0.0,
    "surgeon_schedule": {
        "0": [
            26
        ],
        "2": [
            10
        ],
        "3": [
            38
        ],
        "4": [
            31
        ],
        "5": [
            43
        ],
        "6": [
            16
        ],
        "8": [
            3
        ],
        "11": [
            20
        ]
    },
    "patient_schedule": {
        "11": 26,
        "24": 26,
        "40": 26,
        "43": 26,
        "1": 10,
        "22": 10,
        "38": 10,
        "0": 38,
        "5": 38,
        "14": 38,
        "28": 38,
        "2": 31,
        "6": 31,
        "17": 43,
        "18": 43,
        "32": 43,
        "36": 43,
        "19": 16,
        "31": 16,
        "16": 3,
        "23": 3,
        "35": 3,
        "13": 20,
        "37": 20
    },
    "instance": null,
    "parameters": null,
    "parameters_data": null,
    "patients": null,
    "capacity": null,
    "num_days": null,
    "num_ORs": null,
    "num_surgeons": null,
    "initial_heuristics_time": 0.0,
    "gap": 0.0
}