{
    "proved_optimal": true,
    "obj": 36,
    "relax_obj": 35.666666666666664,
    "num_LCs": 0,
    "num_callbacks": 0,
    "num_CG_iterations": 21,
    "num_columns": 207,
    "num_nodes": 3,
    "overall_time": 11.491364002227783,
    "callback_time": 0.0,
    "subproblem_time": 5.245193004608154,
    "mp_time": 6.234334945678711,
    "inh_time": null,
    "ilp_time": 0.0,
    "surgeon_schedule": {
        "0": [
            30,
            41
        ],
        "1": [
            10
        ],
        "2": [
            39
        ],
        "3": [
            29,
            35
        ],
        "4": [
            18
        ],
        "5": [
            9
        ],
        "6": [
            22
        ],
        "8": [
            2
        ],
        "10": [
            48
        ],
        "11": [
            14
        ]
    },
    "patient_schedule": {
        "40": 30,
        "43": 30,
        "8": 41,
        "11": 41,
        "20": 10,
        "39": 10,
        "1": 39,
        "22": 39,
        "38": 39,
        "5": 29,
        "14": 29,
        "28": 35,
        "41": 35,
        "2": 18,
        "6": 18,
        "18": 9,
        "36": 9,
        "19": 22,
        "31": 22,
        "10": 2,
        "23": 2,
        "35": 2,
        "4": 48,
        "25": 48,
        "34": 48,
        "13": 14,
        "37": 14
    },
    "instance": null,
    "parameters": null,
    "parameters_data": null,
    "patients": null,
    "capacity": null,
    "num_days": null,
    "num_ORs": null,
    "num_surgeons": null,
    "initial_heuristics_time": 0.0,
    "gap": 0.009345794392523431
}