{
    "proved_optimal": true,
    "obj": 51,
    "relax_obj": -86,
    "num_LCs": 0,
    "num_callbacks": 0,
    "num_CG_iterations": 21,
    "num_columns": 215,
    "num_nodes": 1,
    "overall_time": 7.52627968788147,
    "callback_time": 0.0,
    "subproblem_time": 3.2383832931518555,
    "mp_time": 4.279839515686035,
    "inh_time": null,
    "ilp_time": 0.0,
    "surgeon_schedule": {
        "0": [
            20,
            35,
            41
        ],
        "1": [
            30
        ],
        "2": [
            18
        ],
        "3": [
            48
        ],
        "4": [
            1
        ],
        "5": [
            9
        ],
        "8": [
            25
        ],
        "9": [
            7
        ],
        "10": [
            11
        ],
        "11": [
            29,
            39
        ]
    },
    "patient_schedule": {
        "40": 20,
        "43": 20,
        "8": 35,
        "11": 35,
        "3": 41,
        "24": 41,
        "20": 30,
        "39": 30,
        "1": 18,
        "15": 18,
        "33": 18,
        "38": 18,
        "0": 48,
        "5": 48,
        "14": 48,
        "28": 48,
        "2": 1,
        "21": 1,
        "18": 9,
        "36": 9,
        "26": 25,
        "35": 25,
        "12": 7,
        "4": 11,
        "25": 11,
        "34": 11,
        "13": 29,
        "37": 29,
        "29": 39
    },
    "instance": null,
    "parameters": null,
    "parameters_data": null,
    "patients": null,
    "capacity": null,
    "num_days": null,
    "num_ORs": null,
    "num_surgeons": null,
    "initial_heuristics_time": 0.0,
    "gap": -1.5930232558139534
}