{
    "proved_optimal": true,
    "obj": 15,
    "relax_obj": 15.0,
    "num_LCs": 3,
    "num_callbacks": 472,
    "num_CG_iterations": 16,
    "num_columns": 160,
    "num_nodes": 3,
    "overall_time": 7.363847494125366,
    "callback_time": 1.043976068496704,
    "subproblem_time": 4.101860284805298,
    "mp_time": 3.253730297088623,
    "inh_time": null,
    "ilp_time": 0.0,
    "surgeon_schedule": {
        "0": [
            4,
            29,
            39
        ],
        "1": [
            27
        ],
        "2": [
            0,
            48
        ],
        "3": [
            11
        ],
        "5": [
            31
        ],
        "7": [
            9
        ],
        "8": [
            7,
            21
        ],
        "9": [
            37
        ],
        "10": [
            18
        ],
        "11": [
            41
        ]
    },
    "patient_schedule": {
        "24": 4,
        "43": 4,
        "8": 29,
        "40": 39,
        "20": 27,
        "39": 27,
        "1": 0,
        "38": 0,
        "15": 48,
        "22": 48,
        "33": 48,
        "0": 11,
        "5": 11,
        "14": 11,
        "28": 11,
        "17": 31,
        "18": 31,
        "36": 31,
        "27": 9,
        "23": 7,
        "26": 21,
        "35": 21,
        "12": 37,
        "4": 18,
        "25": 18,
        "34": 18,
        "13": 41,
        "29": 41,
        "37": 41
    },
    "instance": null,
    "parameters": null,
    "parameters_data": null,
    "patients": null,
    "capacity": null,
    "num_days": null,
    "num_ORs": null,
    "num_surgeons": null,
    "initial_heuristics_time": 0.0,
    "gap": 0.0
}