{
    "proved_optimal": true,
    "obj": 64,
    "relax_obj": -29,
    "num_LCs": 0,
    "num_callbacks": 0,
    "num_CG_iterations": 15,
    "num_columns": 166,
    "num_nodes": 1,
    "overall_time": 3.555229425430298,
    "callback_time": 0.0,
    "subproblem_time": 1.4859108924865723,
    "mp_time": 2.063063144683838,
    "inh_time": null,
    "ilp_time": 0.0,
    "surgeon_schedule": {
        "0": [
            12,
            25
        ],
        "1": [
            19
        ],
        "2": [
            0,
            48
        ],
        "3": [
            5
        ],
        "5": [
            41
        ],
        "8": [
            29,
            38
        ],
        "10": [
            31
        ],
        "11": [
            9,
            20
        ]
    },
    "patient_schedule": {
        "11": 12,
        "24": 12,
        "40": 12,
        "43": 12,
        "3": 25,
        "8": 25,
        "20": 19,
        "39": 19,
        "1": 0,
        "22": 0,
        "38": 0,
        "15": 48,
        "33": 48,
        "0": 5,
        "5": 5,
        "14": 5,
        "28": 5,
        "17": 41,
        "18": 41,
        "36": 41,
        "23": 29,
        "26": 38,
        "35": 38,
        "4": 31,
        "25": 31,
        "34": 31,
        "13": 9,
        "37": 9,
        "29": 20
    },
    "instance": null,
    "parameters": null,
    "parameters_data": null,
    "patients": null,
    "capacity": null,
    "num_days": null,
    "num_ORs": null,
    "num_surgeons": null,
    "initial_heuristics_time": 0.0,
    "gap": -3.206896551724138
}