{
    "proved_optimal": true,
    "obj": 46,
    "relax_obj": 46.0,
    "num_LCs": 10,
    "num_callbacks": 784,
    "num_CG_iterations": 22,
    "num_columns": 216,
    "num_nodes": 1,
    "overall_time": 16.58514094352722,
    "callback_time": 1.7016382217407227,
    "subproblem_time": 11.540911674499512,
    "mp_time": 5.0360260009765625,
    "inh_time": null,
    "ilp_time": 0.0,
    "surgeon_schedule": {
        "0": [
            29,
            42
        ],
        "2": [
            49
        ],
        "3": [
            38
        ],
        "4": [
            18
        ],
        "5": [
            11
        ],
        "6": [
            22
        ],
        "8": [
            2
        ],
        "10": [
            31
        ],
        "11": [
            9
        ]
    },
    "patient_schedule": {
        "40": 29,
        "43": 29,
        "8": 42,
        "24": 42,
        "30": 42,
        "1": 49,
        "22": 49,
        "38": 49,
        "0": 38,
        "5": 38,
        "14": 38,
        "28": 38,
        "2": 18,
        "6": 18,
        "17": 11,
        "18": 11,
        "36": 11,
        "19": 22,
        "31": 22,
        "10": 2,
        "23": 2,
        "35": 2,
        "4": 31,
        "25": 31,
        "34": 31,
        "13": 9,
        "37": 9
    },
    "instance": null,
    "parameters": null,
    "parameters_data": null,
    "patients": null,
    "capacity": null,
    "num_days": null,
    "num_ORs": null,
    "num_surgeons": null,
    "initial_heuristics_time": 0.0,
    "gap": 0.0
}