{
    "proved_optimal": true,
    "obj": 31,
    "relax_obj": 31.0,
    "num_LCs": 15,
    "num_callbacks": 593,
    "num_CG_iterations": 20,
    "num_columns": 196,
    "num_nodes": 3,
    "overall_time": 9.224021911621094,
    "callback_time": 1.0132896900177002,
    "subproblem_time": 5.176574468612671,
    "mp_time": 4.0334131717681885,
    "inh_time": null,
    "ilp_time": 0.0,
    "surgeon_schedule": {
        "0": [
            8,
            32
        ],
        "1": [
            14
        ],
        "2": [
            10,
            27,
            39
        ],
        "3": [
            21
        ],
        "4": [
            1,
            48
        ],
        "5": [
            17
        ],
        "8": [
            41
        ],
        "9": [
            19
        ],
        "11": [
            29
        ]
    },
    "patient_schedule": {
        "8": 8,
        "11": 8,
        "3": 32,
        "24": 32,
        "40": 32,
        "43": 32,
        "20": 14,
        "39": 14,
        "15": 10,
        "33": 27,
        "1": 39,
        "22": 39,
        "38": 39,
        "0": 21,
        "5": 21,
        "14": 21,
        "28": 21,
        "2": 1,
        "21": 1,
        "9": 48,
        "18": 17,
        "36": 17,
        "26": 41,
        "35": 41,
        "12": 19,
        "13": 29,
        "37": 29
    },
    "instance": null,
    "parameters": null,
    "parameters_data": null,
    "patients": null,
    "capacity": null,
    "num_days": null,
    "num_ORs": null,
    "num_surgeons": null,
    "initial_heuristics_time": 0.0,
    "gap": 0.0
}