{
    "proved_optimal": true,
    "obj": 17,
    "relax_obj": 17.0,
    "num_LCs": 0,
    "num_callbacks": 0,
    "num_CG_iterations": 16,
    "num_columns": 179,
    "num_nodes": 1,
    "overall_time": 4.737800121307373,
    "callback_time": 0.0,
    "subproblem_time": 2.0081541538238525,
    "mp_time": 2.7243432998657227,
    "inh_time": null,
    "ilp_time": 0.0,
    "surgeon_schedule": {
        "0": [
            8
        ],
        "1": [
            29,
            38,
            44
        ],
        "4": [
            19
        ],
        "5": [
            0,
            49
        ],
        "6": [
            24,
            47
        ],
        "7": [
            27
        ],
        "9": [
            15
        ],
        "10": [
            34,
            40
        ],
        "11": [
            4,
            10,
            20,
            30
        ]
    },
    "patient_schedule": {
        "13": 8,
        "18": 8,
        "25": 8,
        "26": 29,
        "3": 38,
        "38": 38,
        "39": 38,
        "5": 44,
        "20": 19,
        "17": 0,
        "30": 0,
        "1": 49,
        "23": 24,
        "27": 24,
        "9": 47,
        "19": 27,
        "36": 27,
        "4": 15,
        "34": 15,
        "35": 15,
        "42": 34,
        "8": 40,
        "41": 40,
        "33": 4,
        "40": 10,
        "24": 20,
        "7": 30,
        "28": 30
    },
    "instance": null,
    "parameters": null,
    "parameters_data": null,
    "patients": null,
    "capacity": null,
    "num_days": null,
    "num_ORs": null,
    "num_surgeons": null,
    "initial_heuristics_time": 0.0,
    "gap": 0.0
}