{
    "proved_optimal": true,
    "obj": 35,
    "relax_obj": 35.0,
    "num_LCs": 0,
    "num_callbacks": 0,
    "num_CG_iterations": 19,
    "num_columns": 215,
    "num_nodes": 1,
    "overall_time": 13.43104100227356,
    "callback_time": 0.0,
    "subproblem_time": 10.064072370529175,
    "mp_time": 3.3546700477600098,
    "inh_time": null,
    "ilp_time": 0.0,
    "surgeon_schedule": {
        "0": [
            35
        ],
        "1": [
            9,
            20
        ],
        "2": [
            1
        ],
        "3": [
            19,
            44
        ],
        "4": [
            40
        ],
        "5": [
            30
        ],
        "6": [
            17
        ],
        "7": [
            7
        ],
        "8": [
            24,
            39
        ],
        "9": [
            28
        ],
        "10": [
            48
        ],
        "11": [
            11
        ]
    },
    "patient_schedule": {
        "13": 35,
        "18": 35,
        "25": 35,
        "5": 9,
        "3": 20,
        "26": 20,
        "11": 1,
        "37": 1,
        "21": 19,
        "22": 44,
        "20": 40,
        "17": 30,
        "30": 30,
        "9": 17,
        "27": 17,
        "19": 7,
        "36": 7,
        "2": 24,
        "32": 39,
        "4": 28,
        "34": 28,
        "35": 28,
        "8": 48,
        "15": 48,
        "41": 48,
        "28": 11,
        "33": 11,
        "40": 11
    },
    "instance": null,
    "parameters": null,
    "parameters_data": null,
    "patients": null,
    "capacity": null,
    "num_days": null,
    "num_ORs": null,
    "num_surgeons": null,
    "initial_heuristics_time": 0.0,
    "gap": 0.0
}