{
    "proved_optimal": true,
    "obj": 35,
    "relax_obj": 35.0,
    "num_LCs": 4,
    "num_callbacks": 509,
    "num_CG_iterations": 19,
    "num_columns": 213,
    "num_nodes": 1,
    "overall_time": 8.032111644744873,
    "callback_time": 1.0750079154968262,
    "subproblem_time": 4.082006454467773,
    "mp_time": 3.942617654800415,
    "inh_time": null,
    "ilp_time": 0.0,
    "surgeon_schedule": {
        "0": [
            28
        ],
        "1": [
            9,
            48
        ],
        "2": [
            7,
            21
        ],
        "4": [
            4
        ],
        "5": [
            34,
            44
        ],
        "6": [
            11
        ],
        "7": [
            0
        ],
        "8": [
            17
        ],
        "9": [
            38
        ],
        "10": [
            19
        ],
        "11": [
            30,
            40
        ]
    },
    "patient_schedule": {
        "13": 28,
        "18": 28,
        "25": 28,
        "5": 9,
        "26": 48,
        "38": 48,
        "39": 48,
        "14": 7,
        "11": 21,
        "16": 21,
        "20": 4,
        "1": 34,
        "17": 44,
        "30": 44,
        "6": 11,
        "23": 11,
        "27": 11,
        "19": 0,
        "36": 0,
        "2": 17,
        "4": 38,
        "34": 38,
        "35": 38,
        "41": 19,
        "42": 19,
        "40": 30,
        "7": 40,
        "28": 40
    },
    "instance": null,
    "parameters": null,
    "parameters_data": null,
    "patients": null,
    "capacity": null,
    "num_days": null,
    "num_ORs": null,
    "num_surgeons": null,
    "initial_heuristics_time": 0.0,
    "gap": 0.0
}