{
    "proved_optimal": true,
    "obj": 35,
    "relax_obj": 35.0,
    "num_LCs": 0,
    "num_callbacks": 0,
    "num_CG_iterations": 18,
    "num_columns": 204,
    "num_nodes": 1,
    "overall_time": 6.068253755569458,
    "callback_time": 0.0,
    "subproblem_time": 2.6074769496917725,
    "mp_time": 3.453519344329834,
    "inh_time": null,
    "ilp_time": 0.0,
    "surgeon_schedule": {
        "0": [
            11
        ],
        "1": [
            18,
            37
        ],
        "2": [
            9,
            31
        ],
        "4": [
            20
        ],
        "5": [
            29,
            39
        ],
        "6": [
            45
        ],
        "7": [
            49
        ],
        "8": [
            7
        ],
        "9": [
            1
        ],
        "10": [
            24
        ],
        "11": [
            27,
            40
        ]
    },
    "patient_schedule": {
        "13": 11,
        "18": 11,
        "25": 11,
        "26": 18,
        "38": 18,
        "39": 18,
        "5": 37,
        "14": 9,
        "11": 31,
        "16": 31,
        "20": 20,
        "17": 29,
        "30": 29,
        "1": 39,
        "6": 45,
        "23": 45,
        "27": 45,
        "19": 49,
        "36": 49,
        "2": 7,
        "4": 1,
        "34": 1,
        "35": 1,
        "41": 24,
        "42": 24,
        "40": 27,
        "7": 40,
        "28": 40
    },
    "instance": null,
    "parameters": null,
    "parameters_data": null,
    "patients": null,
    "capacity": null,
    "num_days": null,
    "num_ORs": null,
    "num_surgeons": null,
    "initial_heuristics_time": 0.0,
    "gap": 0.0
}