{
    "proved_optimal": true,
    "obj": 0,
    "relax_obj": 2.7755575615628914e-17,
    "num_LCs": 16,
    "num_callbacks": 707,
    "num_CG_iterations": 23,
    "num_columns": 239,
    "num_nodes": 1,
    "overall_time": 13.350275039672852,
    "callback_time": 1.54721999168396,
    "subproblem_time": 7.630111932754517,
    "mp_time": 5.711339473724365,
    "inh_time": null,
    "ilp_time": 0.0,
    "surgeon_schedule": {
        "1": [
            0,
            28
        ],
        "2": [
            24
        ],
        "3": [
            6,
            33
        ],
        "5": [
            12,
            20
        ],
        "8": [
            19
        ],
        "10": [
            41
        ],
        "11": [
            48
        ]
    },
    "patient_schedule": {
        "5": 0,
        "26": 28,
        "38": 28,
        "39": 28,
        "14": 24,
        "22": 6,
        "44": 6,
        "21": 33,
        "43": 33,
        "1": 12,
        "12": 12,
        "17": 20,
        "30": 20,
        "32": 19,
        "8": 41,
        "15": 41,
        "42": 41,
        "24": 48,
        "28": 48,
        "33": 48
    },
    "instance": null,
    "parameters": null,
    "parameters_data": null,
    "patients": null,
    "capacity": null,
    "num_days": null,
    "num_ORs": null,
    "num_surgeons": null,
    "initial_heuristics_time": 0.0,
    "gap": null
}