{
    "proved_optimal": true,
    "obj": 25,
    "relax_obj": 24.428571428571427,
    "num_LCs": 37,
    "num_callbacks": 743,
    "num_CG_iterations": 21,
    "num_columns": 217,
    "num_nodes": 1,
    "overall_time": 14.995288372039795,
    "callback_time": 1.4044404029846191,
    "subproblem_time": 10.158000230789185,
    "mp_time": 4.828582048416138,
    "inh_time": null,
    "ilp_time": 0.0,
    "surgeon_schedule": {
        "0": [
            11
        ],
        "1": [
            9,
            18
        ],
        "3": [
            32,
            43
        ],
        "5": [
            2,
            39
        ],
        "6": [
            28
        ],
        "9": [
            21
        ]
    },
    "patient_schedule": {
        "13": 11,
        "18": 11,
        "25": 11,
        "5": 9,
        "26": 18,
        "38": 18,
        "39": 18,
        "22": 32,
        "44": 32,
        "21": 43,
        "43": 43,
        "1": 2,
        "12": 2,
        "17": 39,
        "30": 39,
        "6": 28,
        "23": 28,
        "27": 28,
        "4": 21,
        "34": 21,
        "35": 21
    },
    "instance": null,
    "parameters": null,
    "parameters_data": null,
    "patients": null,
    "capacity": null,
    "num_days": null,
    "num_ORs": null,
    "num_surgeons": null,
    "initial_heuristics_time": 0.0,
    "gap": 0.02339181286549714
}