{
    "proved_optimal": true,
    "obj": 21,
    "relax_obj": 20.333333333333332,
    "num_LCs": 10,
    "num_callbacks": 888,
    "num_CG_iterations": 24,
    "num_columns": 239,
    "num_nodes": 1,
    "overall_time": 15.746845960617065,
    "callback_time": 1.9015297889709473,
    "subproblem_time": 9.688777446746826,
    "mp_time": 6.047937393188477,
    "inh_time": null,
    "ilp_time": 0.0,
    "surgeon_schedule": {
        "0": [
            41
        ],
        "1": [
            20,
            48
        ],
        "2": [
            37
        ],
        "3": [
            16
        ],
        "5": [
            26,
            39
        ],
        "6": [
            10
        ],
        "9": [
            8
        ],
        "10": [
            1
        ],
        "11": [
            31
        ]
    },
    "patient_schedule": {
        "13": 41,
        "18": 41,
        "25": 41,
        "5": 20,
        "26": 48,
        "38": 48,
        "39": 48,
        "14": 37,
        "22": 16,
        "44": 16,
        "1": 26,
        "12": 26,
        "17": 39,
        "30": 39,
        "9": 10,
        "27": 10,
        "4": 8,
        "34": 8,
        "35": 8,
        "8": 1,
        "15": 1,
        "42": 1,
        "7": 31,
        "24": 31,
        "40": 31
    },
    "instance": null,
    "parameters": null,
    "parameters_data": null,
    "patients": null,
    "capacity": null,
    "num_days": null,
    "num_ORs": null,
    "num_surgeons": null,
    "initial_heuristics_time": 0.0,
    "gap": 0.0327868852459017
}