{
    "proved_optimal": true,
    "obj": 17,
    "relax_obj": 17.0,
    "num_LCs": 12,
    "num_callbacks": 454,
    "num_CG_iterations": 16,
    "num_columns": 177,
    "num_nodes": 1,
    "overall_time": 6.159966707229614,
    "callback_time": 0.9767773151397705,
    "subproblem_time": 3.4515841007232666,
    "mp_time": 2.703002452850342,
    "inh_time": null,
    "ilp_time": 0.0,
    "surgeon_schedule": {
        "0": [
            25
        ],
        "1": [
            9,
            10,
            20,
            40
        ],
        "4": [
            29
        ],
        "5": [
            7,
            19
        ],
        "6": [
            4,
            30
        ],
        "7": [
            44
        ],
        "9": [
            38
        ],
        "10": [
            14,
            34
        ],
        "11": [
            0,
            17,
            48
        ]
    },
    "patient_schedule": {
        "13": 25,
        "18": 25,
        "25": 25,
        "5": 9,
        "39": 10,
        "38": 20,
        "3": 40,
        "26": 40,
        "20": 29,
        "1": 7,
        "17": 19,
        "30": 19,
        "9": 4,
        "23": 30,
        "27": 30,
        "19": 44,
        "36": 44,
        "4": 38,
        "34": 38,
        "35": 38,
        "42": 14,
        "8": 34,
        "41": 34,
        "7": 0,
        "28": 0,
        "40": 17,
        "24": 48,
        "33": 48
    },
    "instance": null,
    "parameters": null,
    "parameters_data": null,
    "patients": null,
    "capacity": null,
    "num_days": null,
    "num_ORs": null,
    "num_surgeons": null,
    "initial_heuristics_time": 0.0,
    "gap": 0.0
}