{
    "proved_optimal": true,
    "obj": 38,
    "relax_obj": 37.5,
    "num_LCs": 19,
    "num_callbacks": 579,
    "num_CG_iterations": 19,
    "num_columns": 194,
    "num_nodes": 1,
    "overall_time": 11.817919731140137,
    "callback_time": 1.373661994934082,
    "subproblem_time": 7.3415751457214355,
    "mp_time": 4.4668684005737305,
    "inh_time": null,
    "ilp_time": 0.0,
    "surgeon_schedule": {
        "0": [
            8
        ],
        "1": [
            4,
            29
        ],
        "2": [
            11,
            20
        ],
        "3": [
            27,
            34
        ],
        "4": [
            49
        ],
        "6": [
            47
        ],
        "7": [
            24
        ],
        "8": [
            30,
            44
        ],
        "10": [
            18
        ],
        "11": [
            0,
            38,
            40
        ]
    },
    "patient_schedule": {
        "13": 8,
        "18": 8,
        "25": 8,
        "5": 4,
        "3": 29,
        "26": 29,
        "11": 11,
        "37": 11,
        "14": 20,
        "21": 27,
        "22": 34,
        "20": 49,
        "9": 47,
        "27": 47,
        "19": 24,
        "36": 24,
        "2": 30,
        "32": 44,
        "8": 18,
        "15": 18,
        "41": 18,
        "24": 0,
        "28": 38,
        "33": 38,
        "40": 38,
        "7": 40
    },
    "instance": null,
    "parameters": null,
    "parameters_data": null,
    "patients": null,
    "capacity": null,
    "num_days": null,
    "num_ORs": null,
    "num_surgeons": null,
    "initial_heuristics_time": 0.0,
    "gap": 0.013333333333333334
}