{
    "proved_optimal": true,
    "obj": 24,
    "relax_obj": -88,
    "num_LCs": 0,
    "num_callbacks": 0,
    "num_CG_iterations": 18,
    "num_columns": 198,
    "num_nodes": 1,
    "overall_time": 5.950287818908691,
    "callback_time": 0.0,
    "subproblem_time": 2.395237922668457,
    "mp_time": 3.546135425567627,
    "inh_time": null,
    "ilp_time": 0.0,
    "surgeon_schedule": {
        "0": [
            5
        ],
        "1": [
            46
        ],
        "2": [
            18,
            40
        ],
        "3": [
            10,
            37
        ],
        "4": [
            39
        ],
        "5": [
            27,
            34
        ],
        "6": [
            21
        ],
        "7": [
            14
        ],
        "8": [
            30
        ],
        "10": [
            0
        ],
        "11": [
            9,
            29
        ]
    },
    "patient_schedule": {
        "13": 5,
        "18": 5,
        "25": 5,
        "5": 46,
        "26": 46,
        "38": 46,
        "39": 46,
        "11": 18,
        "16": 18,
        "14": 40,
        "22": 10,
        "21": 37,
        "20": 39,
        "1": 27,
        "17": 34,
        "30": 34,
        "6": 21,
        "23": 21,
        "27": 21,
        "19": 14,
        "36": 14,
        "2": 30,
        "41": 0,
        "42": 0,
        "7": 9,
        "28": 9,
        "40": 29
    },
    "instance": null,
    "parameters": null,
    "parameters_data": null,
    "patients": null,
    "capacity": null,
    "num_days": null,
    "num_ORs": null,
    "num_surgeons": null,
    "initial_heuristics_time": 0.0,
    "gap": -1.2727272727272727
}