{
    "proved_optimal": true,
    "obj": 1,
    "relax_obj": 0.4,
    "num_LCs": 33,
    "num_callbacks": 715,
    "num_CG_iterations": 21,
    "num_columns": 204,
    "num_nodes": 1,
    "overall_time": 14.796363115310669,
    "callback_time": 1.3942573070526123,
    "subproblem_time": 9.791663646697998,
    "mp_time": 4.9957404136657715,
    "inh_time": null,
    "ilp_time": 0.0,
    "surgeon_schedule": {
        "0": [
            1
        ],
        "1": [
            21,
            39
        ],
        "3": [
            13,
            46
        ],
        "5": [
            32,
            40
        ],
        "6": [
            28
        ],
        "9": [
            8
        ]
    },
    "patient_schedule": {
        "13": 1,
        "18": 1,
        "25": 1,
        "26": 21,
        "38": 21,
        "39": 21,
        "5": 39,
        "21": 13,
        "43": 13,
        "22": 46,
        "44": 46,
        "1": 32,
        "12": 32,
        "17": 40,
        "30": 40,
        "6": 28,
        "23": 28,
        "27": 28,
        "4": 8,
        "34": 8,
        "35": 8
    },
    "instance": null,
    "parameters": null,
    "parameters_data": null,
    "patients": null,
    "capacity": null,
    "num_days": null,
    "num_ORs": null,
    "num_surgeons": null,
    "initial_heuristics_time": 0.0,
    "gap": 1.4999999999999998
}