{
    "proved_optimal": true,
    "obj": 17,
    "relax_obj": -88,
    "num_LCs": 0,
    "num_callbacks": 0,
    "num_CG_iterations": 18,
    "num_columns": 203,
    "num_nodes": 1,
    "overall_time": 5.419213533401489,
    "callback_time": 0.0,
    "subproblem_time": 2.108297348022461,
    "mp_time": 3.3023858070373535,
    "inh_time": null,
    "ilp_time": 0.0,
    "surgeon_schedule": {
        "0": [
            18
        ],
        "1": [
            1,
            20
        ],
        "2": [
            31,
            49
        ],
        "4": [
            37
        ],
        "5": [
            9,
            27
        ],
        "6": [
            45
        ],
        "7": [
            40
        ],
        "8": [
            24
        ],
        "9": [
            11
        ],
        "10": [
            7
        ],
        "11": [
            29,
            39
        ]
    },
    "patient_schedule": {
        "13": 18,
        "18": 18,
        "25": 18,
        "26": 1,
        "38": 1,
        "39": 1,
        "5": 20,
        "11": 31,
        "16": 31,
        "14": 49,
        "20": 37,
        "17": 9,
        "30": 9,
        "1": 27,
        "6": 45,
        "23": 45,
        "27": 45,
        "19": 40,
        "36": 40,
        "2": 24,
        "4": 11,
        "34": 11,
        "35": 11,
        "41": 7,
        "42": 7,
        "40": 29,
        "7": 39,
        "28": 39
    },
    "instance": null,
    "parameters": null,
    "parameters_data": null,
    "patients": null,
    "capacity": null,
    "num_days": null,
    "num_ORs": null,
    "num_surgeons": null,
    "initial_heuristics_time": 0.0,
    "gap": -1.1931818181818181
}