{
    "proved_optimal": true,
    "obj": 28,
    "relax_obj": -28,
    "num_LCs": 0,
    "num_callbacks": 0,
    "num_CG_iterations": 17,
    "num_columns": 175,
    "num_nodes": 3,
    "overall_time": 5.767666578292847,
    "callback_time": 0.0,
    "subproblem_time": 2.29487681388855,
    "mp_time": 3.4533989429473877,
    "inh_time": null,
    "ilp_time": 0.0,
    "surgeon_schedule": {
        "0": [
            25
        ],
        "1": [
            9,
            17,
            41
        ],
        "5": [
            7,
            14
        ],
        "6": [
            10,
            31
        ],
        "7": [
            20
        ],
        "9": [
            38
        ],
        "10": [
            4,
            19
        ],
        "11": [
            0,
            29,
            48
        ]
    },
    "patient_schedule": {
        "13": 25,
        "18": 25,
        "25": 25,
        "3": 9,
        "26": 9,
        "38": 17,
        "5": 41,
        "39": 41,
        "1": 7,
        "17": 14,
        "30": 14,
        "23": 10,
        "27": 10,
        "6": 31,
        "9": 31,
        "19": 20,
        "36": 20,
        "4": 38,
        "34": 38,
        "35": 38,
        "41": 4,
        "42": 4,
        "8": 19,
        "7": 0,
        "28": 0,
        "24": 29,
        "33": 48,
        "40": 48
    },
    "instance": null,
    "parameters": null,
    "parameters_data": null,
    "patients": null,
    "capacity": null,
    "num_days": null,
    "num_ORs": null,
    "num_surgeons": null,
    "initial_heuristics_time": 0.0,
    "gap": -2.0
}