{
    "proved_optimal": true,
    "obj": 19,
    "relax_obj": 19.0,
    "num_LCs": 0,
    "num_callbacks": 0,
    "num_CG_iterations": 16,
    "num_columns": 175,
    "num_nodes": 1,
    "overall_time": 6.116881847381592,
    "callback_time": 0.0,
    "subproblem_time": 3.4366822242736816,
    "mp_time": 2.6759650707244873,
    "inh_time": null,
    "ilp_time": 0.0,
    "surgeon_schedule": {
        "0": [
            11
        ],
        "1": [
            17,
            39,
            41
        ],
        "2": [
            28
        ],
        "4": [
            19,
            49
        ],
        "5": [
            1
        ],
        "6": [
            7,
            24,
            31
        ],
        "8": [
            37
        ],
        "9": [
            47
        ],
        "10": [
            9,
            20
        ]
    },
    "patient_schedule": {
        "4": 11,
        "28": 11,
        "35": 11,
        "5": 17,
        "26": 39,
        "7": 41,
        "22": 41,
        "33": 41,
        "3": 28,
        "12": 28,
        "18": 28,
        "40": 28,
        "44": 19,
        "8": 49,
        "21": 49,
        "32": 49,
        "36": 49,
        "14": 1,
        "47": 1,
        "25": 7,
        "0": 24,
        "6": 31,
        "29": 31,
        "42": 31,
        "24": 37,
        "38": 37,
        "34": 47,
        "46": 47,
        "31": 9,
        "10": 20,
        "16": 20
    },
    "instance": null,
    "parameters": null,
    "parameters_data": null,
    "patients": null,
    "capacity": null,
    "num_days": null,
    "num_ORs": null,
    "num_surgeons": null,
    "initial_heuristics_time": 0.0,
    "gap": 0.0
}