{
    "proved_optimal": true,
    "obj": 2,
    "relax_obj": 1.5,
    "num_LCs": 70,
    "num_callbacks": 892,
    "num_CG_iterations": 21,
    "num_columns": 207,
    "num_nodes": 1,
    "overall_time": 112.34251236915588,
    "callback_time": 2.111252546310425,
    "subproblem_time": 107.99204969406128,
    "mp_time": 4.344096899032593,
    "inh_time": null,
    "ilp_time": 0.0,
    "surgeon_schedule": {
        "1": [
            19,
            38
        ],
        "3": [
            23,
            49
        ],
        "4": [
            7,
            12
        ],
        "6": [
            31
        ],
        "7": [
            9,
            42
        ],
        "8": [
            1
        ]
    },
    "patient_schedule": {
        "26": 19,
        "5": 38,
        "7": 38,
        "33": 38,
        "1": 23,
        "9": 23,
        "37": 23,
        "48": 23,
        "23": 49,
        "32": 7,
        "44": 7,
        "8": 12,
        "17": 12,
        "21": 12,
        "36": 12,
        "0": 31,
        "29": 31,
        "42": 31,
        "45": 9,
        "11": 42,
        "13": 42,
        "20": 42,
        "24": 1,
        "38": 1,
        "41": 1
    },
    "instance": null,
    "parameters": null,
    "parameters_data": null,
    "patients": null,
    "capacity": null,
    "num_days": null,
    "num_ORs": null,
    "num_surgeons": null,
    "initial_heuristics_time": 0.0,
    "gap": 0.3333333333333333
}