{
    "proved_optimal": true,
    "obj": 64,
    "relax_obj": -95,
    "num_LCs": 0,
    "num_callbacks": 0,
    "num_CG_iterations": 18,
    "num_columns": 199,
    "num_nodes": 1,
    "overall_time": 9.930935859680176,
    "callback_time": 0.0,
    "subproblem_time": 6.389277219772339,
    "mp_time": 3.5336663722991943,
    "inh_time": null,
    "ilp_time": 0.0,
    "surgeon_schedule": {
        "0": [
            37
        ],
        "1": [
            11,
            24
        ],
        "2": [
            34
        ],
        "3": [
            19,
            29,
            39,
            46
        ],
        "4": [
            27
        ],
        "5": [
            40
        ],
        "6": [
            1
        ],
        "8": [
            8
        ],
        "9": [
            17
        ],
        "10": [
            20,
            30
        ]
    },
    "patient_schedule": {
        "4": 37,
        "28": 37,
        "5": 11,
        "7": 11,
        "22": 11,
        "26": 24,
        "18": 34,
        "40": 34,
        "48": 19,
        "23": 29,
        "30": 39,
        "1": 46,
        "19": 46,
        "37": 46,
        "8": 27,
        "21": 27,
        "32": 27,
        "36": 27,
        "14": 40,
        "6": 1,
        "25": 1,
        "42": 1,
        "24": 8,
        "38": 8,
        "41": 8,
        "34": 17,
        "46": 17,
        "31": 20,
        "10": 30,
        "16": 30
    },
    "instance": null,
    "parameters": null,
    "parameters_data": null,
    "patients": null,
    "capacity": null,
    "num_days": null,
    "num_ORs": null,
    "num_surgeons": null,
    "initial_heuristics_time": 0.0,
    "gap": -1.6736842105263159
}