{
    "proved_optimal": true,
    "obj": 41,
    "relax_obj": 41.0,
    "num_LCs": 0,
    "num_callbacks": 0,
    "num_CG_iterations": 16,
    "num_columns": 176,
    "num_nodes": 1,
    "overall_time": 8.24173617362976,
    "callback_time": 0.0,
    "subproblem_time": 5.432227373123169,
    "mp_time": 2.804962396621704,
    "inh_time": null,
    "ilp_time": 0.0,
    "surgeon_schedule": {
        "0": [
            10
        ],
        "1": [
            24,
            48
        ],
        "2": [
            14
        ],
        "3": [
            2,
            19,
            30,
            44
        ],
        "4": [
            20
        ],
        "5": [
            34
        ],
        "6": [
            38
        ],
        "8": [
            28
        ],
        "9": [
            40
        ],
        "10": [
            9,
            17
        ]
    },
    "patient_schedule": {
        "4": 10,
        "28": 10,
        "7": 24,
        "5": 48,
        "22": 48,
        "26": 48,
        "18": 14,
        "40": 14,
        "1": 2,
        "19": 2,
        "30": 2,
        "48": 19,
        "23": 30,
        "37": 44,
        "8": 20,
        "21": 20,
        "32": 20,
        "36": 20,
        "14": 34,
        "6": 38,
        "25": 38,
        "42": 38,
        "24": 28,
        "38": 28,
        "41": 28,
        "34": 40,
        "46": 40,
        "31": 9,
        "10": 17,
        "16": 17
    },
    "instance": null,
    "parameters": null,
    "parameters_data": null,
    "patients": null,
    "capacity": null,
    "num_days": null,
    "num_ORs": null,
    "num_surgeons": null,
    "initial_heuristics_time": 0.0,
    "gap": 0.0
}