{
    "proved_optimal": true,
    "obj": 4,
    "relax_obj": 3.5,
    "num_LCs": 74,
    "num_callbacks": 815,
    "num_CG_iterations": 20,
    "num_columns": 189,
    "num_nodes": 1,
    "overall_time": 73.91411852836609,
    "callback_time": 2.2824912071228027,
    "subproblem_time": 69.57523441314697,
    "mp_time": 4.331410646438599,
    "inh_time": null,
    "ilp_time": 0.0,
    "surgeon_schedule": {
        "1": [
            19,
            20
        ],
        "2": [
            0
        ],
        "3": [
            6,
            26,
            30
        ],
        "4": [
            37,
            43
        ],
        "7": [
            12,
            34
        ],
        "9": [
            39
        ]
    },
    "patient_schedule": {
        "26": 19,
        "5": 20,
        "22": 20,
        "18": 0,
        "40": 0,
        "43": 6,
        "48": 6,
        "1": 26,
        "19": 26,
        "30": 26,
        "23": 30,
        "8": 37,
        "21": 37,
        "32": 37,
        "36": 37,
        "17": 43,
        "27": 43,
        "11": 12,
        "13": 12,
        "20": 12,
        "45": 34,
        "34": 39,
        "46": 39
    },
    "instance": null,
    "parameters": null,
    "parameters_data": null,
    "patients": null,
    "capacity": null,
    "num_days": null,
    "num_ORs": null,
    "num_surgeons": null,
    "initial_heuristics_time": 0.0,
    "gap": 0.14285714285714285
}