{
    "proved_optimal": true,
    "obj": 51,
    "relax_obj": 50.5,
    "num_LCs": 0,
    "num_callbacks": 0,
    "num_CG_iterations": 20,
    "num_columns": 215,
    "num_nodes": 1,
    "overall_time": 14.410216808319092,
    "callback_time": 0.0,
    "subproblem_time": 9.780318975448608,
    "mp_time": 4.623625040054321,
    "inh_time": null,
    "ilp_time": 0.0,
    "surgeon_schedule": {
        "1": [
            0,
            24
        ],
        "2": [
            8
        ],
        "3": [
            43
        ],
        "4": [
            4
        ],
        "6": [
            11
        ],
        "7": [
            33
        ],
        "8": [
            28
        ],
        "9": [
            20
        ],
        "10": [
            18
        ]
    },
    "patient_schedule": {
        "26": 0,
        "22": 24,
        "33": 24,
        "3": 8,
        "12": 8,
        "18": 8,
        "40": 8,
        "1": 43,
        "9": 43,
        "37": 43,
        "48": 43,
        "8": 4,
        "21": 4,
        "32": 4,
        "36": 4,
        "0": 11,
        "6": 11,
        "42": 11,
        "11": 33,
        "13": 33,
        "20": 33,
        "45": 33,
        "24": 28,
        "38": 28,
        "41": 28,
        "34": 20,
        "46": 20,
        "10": 18,
        "49": 18
    },
    "instance": null,
    "parameters": null,
    "parameters_data": null,
    "patients": null,
    "capacity": null,
    "num_days": null,
    "num_ORs": null,
    "num_surgeons": null,
    "initial_heuristics_time": 0.0,
    "gap": 0.009900990099009901
}