{
    "proved_optimal": true,
    "obj": 52,
    "relax_obj": 52.0,
    "num_LCs": 12,
    "num_callbacks": 614,
    "num_CG_iterations": 17,
    "num_columns": 181,
    "num_nodes": 1,
    "overall_time": 17.78347134590149,
    "callback_time": 1.9008135795593262,
    "subproblem_time": 14.24198055267334,
    "mp_time": 3.536003828048706,
    "inh_time": null,
    "ilp_time": 0.0,
    "surgeon_schedule": {
        "0": [
            25
        ],
        "1": [
            0,
            47
        ],
        "2": [
            29
        ],
        "3": [
            32,
            49
        ],
        "4": [
            39
        ],
        "6": [
            41
        ],
        "7": [
            6,
            19
        ],
        "8": [
            15
        ],
        "10": [
            10,
            20
        ]
    },
    "patient_schedule": {
        "4": 25,
        "28": 25,
        "35": 25,
        "26": 0,
        "5": 47,
        "22": 47,
        "18": 29,
        "40": 29,
        "19": 32,
        "30": 32,
        "48": 32,
        "23": 49,
        "8": 39,
        "21": 39,
        "32": 39,
        "36": 39,
        "6": 41,
        "25": 41,
        "42": 41,
        "11": 6,
        "13": 6,
        "20": 6,
        "45": 19,
        "24": 15,
        "38": 15,
        "41": 15,
        "10": 10,
        "16": 10,
        "31": 20
    },
    "instance": null,
    "parameters": null,
    "parameters_data": null,
    "patients": null,
    "capacity": null,
    "num_days": null,
    "num_ORs": null,
    "num_surgeons": null,
    "initial_heuristics_time": 0.0,
    "gap": 0.0
}