{
    "proved_optimal": true,
    "obj": 23,
    "relax_obj": -95,
    "num_LCs": 0,
    "num_callbacks": 0,
    "num_CG_iterations": 17,
    "num_columns": 190,
    "num_nodes": 1,
    "overall_time": 10.962032079696655,
    "callback_time": 0.0,
    "subproblem_time": 7.540534734725952,
    "mp_time": 3.4131898880004883,
    "inh_time": null,
    "ilp_time": 0.0,
    "surgeon_schedule": {
        "0": [
            19
        ],
        "1": [
            9,
            41
        ],
        "2": [
            7
        ],
        "3": [
            10,
            20,
            36,
            47
        ],
        "4": [
            29
        ],
        "5": [
            49
        ],
        "6": [
            1
        ],
        "8": [
            15
        ],
        "9": [
            27
        ],
        "10": [
            24,
            30
        ]
    },
    "patient_schedule": {
        "4": 19,
        "28": 19,
        "5": 9,
        "7": 41,
        "22": 41,
        "26": 41,
        "18": 7,
        "40": 7,
        "30": 10,
        "1": 20,
        "19": 36,
        "37": 36,
        "48": 36,
        "23": 47,
        "8": 29,
        "21": 29,
        "32": 29,
        "36": 29,
        "14": 49,
        "6": 1,
        "25": 1,
        "42": 1,
        "24": 15,
        "38": 15,
        "41": 15,
        "34": 27,
        "46": 27,
        "31": 24,
        "10": 30,
        "16": 30
    },
    "instance": null,
    "parameters": null,
    "parameters_data": null,
    "patients": null,
    "capacity": null,
    "num_days": null,
    "num_ORs": null,
    "num_surgeons": null,
    "initial_heuristics_time": 0.0,
    "gap": -1.2421052631578948
}