{
    "proved_optimal": true,
    "obj": 20,
    "relax_obj": -97,
    "num_LCs": 0,
    "num_callbacks": 0,
    "num_CG_iterations": 19,
    "num_columns": 201,
    "num_nodes": 1,
    "overall_time": 8.74889612197876,
    "callback_time": 0.0,
    "subproblem_time": 4.5893495082855225,
    "mp_time": 4.150768995285034,
    "inh_time": null,
    "ilp_time": 0.0,
    "surgeon_schedule": {
        "0": [
            35
        ],
        "1": [
            29,
            41
        ],
        "2": [
            17,
            30
        ],
        "3": [
            22,
            49
        ],
        "4": [
            0,
            39
        ],
        "5": [
            47
        ],
        "6": [
            5
        ],
        "8": [
            19
        ],
        "9": [
            10
        ],
        "10": [
            9,
            14
        ]
    },
    "patient_schedule": {
        "4": 35,
        "28": 35,
        "35": 35,
        "26": 29,
        "5": 41,
        "7": 41,
        "33": 41,
        "18": 17,
        "40": 17,
        "3": 30,
        "12": 30,
        "1": 22,
        "19": 22,
        "37": 22,
        "48": 49,
        "8": 0,
        "32": 0,
        "44": 0,
        "21": 39,
        "36": 39,
        "14": 47,
        "25": 5,
        "29": 5,
        "42": 5,
        "24": 19,
        "38": 19,
        "34": 10,
        "46": 10,
        "31": 9,
        "10": 14,
        "16": 14
    },
    "instance": null,
    "parameters": null,
    "parameters_data": null,
    "patients": null,
    "capacity": null,
    "num_days": null,
    "num_ORs": null,
    "num_surgeons": null,
    "initial_heuristics_time": 0.0,
    "gap": -1.2061855670103092
}