{
    "proved_optimal": true,
    "obj": 4,
    "relax_obj": 3.5,
    "num_LCs": 76,
    "num_callbacks": 979,
    "num_CG_iterations": 22,
    "num_columns": 207,
    "num_nodes": 3,
    "overall_time": 59.29194641113281,
    "callback_time": 2.6134305000305176,
    "subproblem_time": 54.183597564697266,
    "mp_time": 5.093931436538696,
    "inh_time": null,
    "ilp_time": 0.0,
    "surgeon_schedule": {
        "2": [
            0
        ],
        "3": [
            23,
            42
        ],
        "4": [
            13,
            39
        ],
        "7": [
            6,
            49
        ],
        "8": [
            35
        ],
        "9": [
            30
        ]
    },
    "patient_schedule": {
        "18": 0,
        "40": 0,
        "23": 23,
        "30": 23,
        "43": 23,
        "1": 42,
        "19": 42,
        "48": 42,
        "17": 13,
        "27": 13,
        "8": 39,
        "21": 39,
        "32": 39,
        "36": 39,
        "11": 6,
        "13": 6,
        "20": 6,
        "45": 49,
        "24": 35,
        "38": 35,
        "41": 35,
        "34": 30,
        "46": 30
    },
    "instance": null,
    "parameters": null,
    "parameters_data": null,
    "patients": null,
    "capacity": null,
    "num_days": null,
    "num_ORs": null,
    "num_surgeons": null,
    "initial_heuristics_time": 0.0,
    "gap": 0.14285714285714285
}