{
    "proved_optimal": true,
    "obj": 1,
    "relax_obj": 0.6666666666666666,
    "num_LCs": 40,
    "num_callbacks": 1158,
    "num_CG_iterations": 27,
    "num_columns": 245,
    "num_nodes": 5,
    "overall_time": 88.68202996253967,
    "callback_time": 4.146930932998657,
    "subproblem_time": 80.54511070251465,
    "mp_time": 8.112561702728271,
    "inh_time": null,
    "ilp_time": 0.0,
    "surgeon_schedule": {
        "1": [
            30,
            45
        ],
        "3": [
            13,
            49
        ],
        "4": [
            35,
            40
        ],
        "6": [
            9,
            23
        ],
        "7": [
            2,
            39
        ]
    },
    "patient_schedule": {
        "26": 30,
        "5": 45,
        "7": 45,
        "33": 45,
        "1": 13,
        "9": 13,
        "30": 13,
        "48": 13,
        "23": 49,
        "21": 35,
        "27": 35,
        "8": 40,
        "32": 40,
        "44": 40,
        "0": 9,
        "2": 23,
        "6": 23,
        "25": 23,
        "29": 23,
        "11": 2,
        "13": 2,
        "20": 2,
        "45": 39
    },
    "instance": null,
    "parameters": null,
    "parameters_data": null,
    "patients": null,
    "capacity": null,
    "num_days": null,
    "num_ORs": null,
    "num_surgeons": null,
    "initial_heuristics_time": 0.0,
    "gap": 0.5000000000000001
}