{
    "proved_optimal": true,
    "obj": 41,
    "relax_obj": -31,
    "num_LCs": 0,
    "num_callbacks": 0,
    "num_CG_iterations": 17,
    "num_columns": 192,
    "num_nodes": 1,
    "overall_time": 7.333784341812134,
    "callback_time": 0.0,
    "subproblem_time": 4.248108625411987,
    "mp_time": 3.0789711475372314,
    "inh_time": null,
    "ilp_time": 0.0,
    "surgeon_schedule": {
        "0": [
            25
        ],
        "1": [
            4,
            14,
            38
        ],
        "2": [
            7,
            17
        ],
        "4": [
            9,
            29
        ],
        "6": [
            10,
            30,
            48
        ],
        "8": [
            41
        ],
        "9": [
            0
        ],
        "10": [
            19,
            20
        ],
        "11": [
            34
        ]
    },
    "patient_schedule": {
        "4": 25,
        "28": 25,
        "35": 25,
        "7": 4,
        "5": 14,
        "22": 38,
        "26": 38,
        "33": 38,
        "3": 7,
        "12": 7,
        "18": 17,
        "40": 17,
        "8": 9,
        "44": 9,
        "21": 29,
        "32": 29,
        "36": 29,
        "6": 10,
        "0": 30,
        "25": 48,
        "29": 48,
        "42": 48,
        "24": 41,
        "38": 41,
        "41": 41,
        "34": 0,
        "46": 0,
        "10": 19,
        "16": 19,
        "31": 20,
        "39": 34
    },
    "instance": null,
    "parameters": null,
    "parameters_data": null,
    "patients": null,
    "capacity": null,
    "num_days": null,
    "num_ORs": null,
    "num_surgeons": null,
    "initial_heuristics_time": 0.0,
    "gap": -2.3225806451612905
}