{
    "proved_optimal": true,
    "obj": 90,
    "relax_obj": -31,
    "num_LCs": 0,
    "num_callbacks": 0,
    "num_CG_iterations": 16,
    "num_columns": 180,
    "num_nodes": 1,
    "overall_time": 5.488548994064331,
    "callback_time": 0.0,
    "subproblem_time": 2.7870242595672607,
    "mp_time": 2.694514036178589,
    "inh_time": null,
    "ilp_time": 0.0,
    "surgeon_schedule": {
        "0": [
            4
        ],
        "1": [
            9,
            14,
            21
        ],
        "2": [
            19,
            34
        ],
        "4": [
            7,
            40
        ],
        "5": [
            27,
            44
        ],
        "6": [
            17,
            29,
            38
        ],
        "8": [
            30
        ],
        "9": [
            49
        ],
        "10": [
            0,
            10
        ],
        "11": [
            47
        ]
    },
    "patient_schedule": {
        "4": 4,
        "28": 4,
        "7": 9,
        "22": 9,
        "33": 14,
        "5": 21,
        "26": 21,
        "3": 19,
        "12": 19,
        "18": 34,
        "40": 34,
        "8": 7,
        "32": 7,
        "44": 7,
        "21": 40,
        "36": 40,
        "14": 27,
        "47": 44,
        "29": 17,
        "0": 29,
        "6": 38,
        "25": 38,
        "42": 38,
        "24": 30,
        "38": 30,
        "34": 49,
        "46": 49,
        "10": 0,
        "16": 0,
        "31": 10,
        "39": 47
    },
    "instance": null,
    "parameters": null,
    "parameters_data": null,
    "patients": null,
    "capacity": null,
    "num_days": null,
    "num_ORs": null,
    "num_surgeons": null,
    "initial_heuristics_time": 0.0,
    "gap": -3.903225806451613
}