{
    "proved_optimal": true,
    "obj": 41,
    "relax_obj": 41.0,
    "num_LCs": 10,
    "num_callbacks": 468,
    "num_CG_iterations": 16,
    "num_columns": 177,
    "num_nodes": 1,
    "overall_time": 8.695732355117798,
    "callback_time": 1.0406215190887451,
    "subproblem_time": 5.680926322937012,
    "mp_time": 3.009788990020752,
    "inh_time": null,
    "ilp_time": 0.0,
    "surgeon_schedule": {
        "0": [
            37
        ],
        "1": [
            10,
            39,
            40
        ],
        "2": [
            20
        ],
        "3": [
            3,
            28
        ],
        "4": [
            49
        ],
        "5": [
            19
        ],
        "6": [
            45
        ],
        "8": [
            31
        ],
        "9": [
            24
        ],
        "10": [
            15
        ]
    },
    "patient_schedule": {
        "4": 37,
        "28": 37,
        "7": 10,
        "22": 10,
        "5": 39,
        "26": 40,
        "18": 20,
        "40": 20,
        "1": 3,
        "19": 3,
        "23": 3,
        "48": 3,
        "30": 28,
        "37": 28,
        "8": 49,
        "21": 49,
        "32": 49,
        "36": 49,
        "14": 19,
        "6": 45,
        "25": 45,
        "42": 45,
        "24": 31,
        "38": 31,
        "41": 31,
        "34": 24,
        "46": 24,
        "10": 15,
        "16": 15,
        "31": 15
    },
    "instance": null,
    "parameters": null,
    "parameters_data": null,
    "patients": null,
    "capacity": null,
    "num_days": null,
    "num_ORs": null,
    "num_surgeons": null,
    "initial_heuristics_time": 0.0,
    "gap": 0.0
}