{
    "proved_optimal": true,
    "obj": 1,
    "relax_obj": 0.8,
    "num_LCs": 61,
    "num_callbacks": 890,
    "num_CG_iterations": 23,
    "num_columns": 239,
    "num_nodes": 1,
    "overall_time": 19.605852603912354,
    "callback_time": 1.9983069896697998,
    "subproblem_time": 14.061736583709717,
    "mp_time": 5.534733057022095,
    "inh_time": null,
    "ilp_time": 0.0,
    "surgeon_schedule": {
        "2": [
            9,
            13,
            20
        ],
        "3": [
            28
        ],
        "4": [
            1
        ],
        "5": [
            7
        ],
        "9": [
            24
        ],
        "10": [
            43
        ],
        "11": [
            33
        ]
    },
    "patient_schedule": {
        "14": 9,
        "4": 13,
        "7": 13,
        "25": 20,
        "37": 20,
        "9": 28,
        "12": 28,
        "19": 1,
        "24": 1,
        "15": 7,
        "26": 7,
        "31": 7,
        "40": 7,
        "28": 24,
        "38": 24,
        "46": 24,
        "1": 43,
        "29": 43,
        "33": 43,
        "18": 33,
        "22": 33,
        "39": 33
    },
    "instance": null,
    "parameters": null,
    "parameters_data": null,
    "patients": null,
    "capacity": null,
    "num_days": null,
    "num_ORs": null,
    "num_surgeons": null,
    "initial_heuristics_time": 0.0,
    "gap": 0.24999999999999994
}