{
    "proved_optimal": true,
    "obj": 22,
    "relax_obj": 22.0,
    "num_LCs": 6,
    "num_callbacks": 1438,
    "num_CG_iterations": 34,
    "num_columns": 248,
    "num_nodes": 11,
    "overall_time": 27.382259368896484,
    "callback_time": 3.5069386959075928,
    "subproblem_time": 17.893515825271606,
    "mp_time": 9.45891547203064,
    "inh_time": null,
    "ilp_time": 0.0,
    "surgeon_schedule": {
        "2": [
            1
        ],
        "3": [
            27
        ],
        "4": [
            21
        ],
        "5": [
            7,
            29,
            38
        ],
        "6": [
            9
        ],
        "7": [
            30
        ],
        "9": [
            34
        ],
        "10": [
            13
        ],
        "11": [
            43
        ]
    },
    "patient_schedule": {
        "14": 1,
        "25": 1,
        "37": 1,
        "12": 27,
        "23": 27,
        "19": 21,
        "24": 21,
        "27": 7,
        "31": 7,
        "44": 29,
        "21": 38,
        "26": 38,
        "32": 38,
        "40": 38,
        "41": 9,
        "3": 30,
        "10": 30,
        "45": 30,
        "28": 34,
        "38": 34,
        "46": 34,
        "1": 13,
        "29": 13,
        "33": 13,
        "18": 43,
        "22": 43,
        "39": 43
    },
    "instance": null,
    "parameters": null,
    "parameters_data": null,
    "patients": null,
    "capacity": null,
    "num_days": null,
    "num_ORs": null,
    "num_surgeons": null,
    "initial_heuristics_time": 0.0,
    "gap": 0.0
}