{
    "proved_optimal": true,
    "obj": 35,
    "relax_obj": 34.666666666666664,
    "num_LCs": 17,
    "num_callbacks": 574,
    "num_CG_iterations": 17,
    "num_columns": 177,
    "num_nodes": 1,
    "overall_time": 10.34588074684143,
    "callback_time": 1.5052368640899658,
    "subproblem_time": 6.455606698989868,
    "mp_time": 3.8831632137298584,
    "inh_time": null,
    "ilp_time": 0.0,
    "surgeon_schedule": {
        "0": [
            49
        ],
        "2": [
            24,
            44
        ],
        "3": [
            47
        ],
        "4": [
            28
        ],
        "5": [
            20,
            34
        ],
        "6": [
            4,
            30
        ],
        "7": [
            7,
            39
        ],
        "8": [
            0
        ],
        "9": [
            37,
            40
        ],
        "10": [
            9
        ],
        "11": [
            13
        ]
    },
    "patient_schedule": {
        "2": 49,
        "11": 49,
        "25": 24,
        "37": 24,
        "14": 44,
        "23": 47,
        "43": 47,
        "24": 28,
        "42": 28,
        "21": 20,
        "40": 20,
        "15": 34,
        "26": 34,
        "31": 34,
        "5": 4,
        "41": 30,
        "3": 7,
        "10": 7,
        "45": 7,
        "16": 39,
        "20": 0,
        "17": 37,
        "46": 37,
        "28": 40,
        "38": 40,
        "1": 9,
        "18": 13,
        "22": 13,
        "30": 13
    },
    "instance": null,
    "parameters": null,
    "parameters_data": null,
    "patients": null,
    "capacity": null,
    "num_days": null,
    "num_ORs": null,
    "num_surgeons": null,
    "initial_heuristics_time": 0.0,
    "gap": 0.009615384615384684
}