{
    "proved_optimal": true,
    "obj": 17,
    "relax_obj": -30,
    "num_LCs": 0,
    "num_callbacks": 0,
    "num_CG_iterations": 15,
    "num_columns": 164,
    "num_nodes": 1,
    "overall_time": 3.999652624130249,
    "callback_time": 0.0,
    "subproblem_time": 1.6507697105407715,
    "mp_time": 2.341745376586914,
    "inh_time": null,
    "ilp_time": 0.0,
    "surgeon_schedule": {
        "0": [
            10,
            37
        ],
        "2": [
            9,
            27
        ],
        "3": [
            18,
            29
        ],
        "5": [
            7,
            14,
            30,
            41
        ],
        "6": [
            4,
            24
        ],
        "7": [
            34,
            47
        ],
        "9": [
            0,
            49
        ],
        "10": [
            20,
            39
        ]
    },
    "patient_schedule": {
        "0": 10,
        "2": 37,
        "11": 37,
        "25": 9,
        "37": 9,
        "14": 27,
        "9": 18,
        "43": 18,
        "12": 29,
        "23": 29,
        "15": 7,
        "27": 7,
        "32": 14,
        "21": 30,
        "26": 41,
        "31": 41,
        "40": 41,
        "44": 41,
        "41": 4,
        "5": 24,
        "16": 34,
        "45": 34,
        "3": 47,
        "10": 47,
        "28": 0,
        "38": 0,
        "46": 0,
        "17": 49,
        "1": 20,
        "13": 39
    },
    "instance": null,
    "parameters": null,
    "parameters_data": null,
    "patients": null,
    "capacity": null,
    "num_days": null,
    "num_ORs": null,
    "num_surgeons": null,
    "initial_heuristics_time": 0.0,
    "gap": -1.5666666666666667
}