{
    "proved_optimal": true,
    "obj": 51,
    "relax_obj": 50.25,
    "num_LCs": 3,
    "num_callbacks": 716,
    "num_CG_iterations": 20,
    "num_columns": 209,
    "num_nodes": 1,
    "overall_time": 12.55745267868042,
    "callback_time": 1.8267970085144043,
    "subproblem_time": 8.12100601196289,
    "mp_time": 4.428320407867432,
    "inh_time": null,
    "ilp_time": 0.0,
    "surgeon_schedule": {
        "0": [
            0
        ],
        "2": [
            16,
            30,
            44
        ],
        "3": [
            9
        ],
        "4": [
            38
        ],
        "5": [
            7,
            10,
            34,
            47
        ],
        "6": [
            4
        ],
        "7": [
            49
        ],
        "9": [
            40
        ],
        "11": [
            23
        ]
    },
    "patient_schedule": {
        "2": 0,
        "11": 0,
        "6": 16,
        "7": 16,
        "25": 30,
        "37": 30,
        "14": 44,
        "23": 9,
        "43": 9,
        "19": 38,
        "24": 38,
        "31": 7,
        "32": 7,
        "26": 10,
        "27": 10,
        "44": 34,
        "21": 47,
        "40": 47,
        "41": 4,
        "3": 49,
        "10": 49,
        "45": 49,
        "28": 40,
        "38": 40,
        "46": 40,
        "18": 23,
        "22": 23,
        "30": 23
    },
    "instance": null,
    "parameters": null,
    "parameters_data": null,
    "patients": null,
    "capacity": null,
    "num_days": null,
    "num_ORs": null,
    "num_surgeons": null,
    "initial_heuristics_time": 0.0,
    "gap": 0.014925373134328358
}