{
    "proved_optimal": true,
    "obj": 1,
    "relax_obj": 0.5,
    "num_LCs": 19,
    "num_callbacks": 886,
    "num_CG_iterations": 23,
    "num_columns": 224,
    "num_nodes": 3,
    "overall_time": 17.799572706222534,
    "callback_time": 2.1421008110046387,
    "subproblem_time": 11.839932441711426,
    "mp_time": 5.942431688308716,
    "inh_time": null,
    "ilp_time": 0.0,
    "surgeon_schedule": {
        "0": [
            5,
            40
        ],
        "4": [
            11
        ],
        "5": [
            9,
            19,
            45
        ],
        "6": [
            0
        ],
        "7": [
            17
        ],
        "9": [
            49
        ],
        "10": [
            23
        ],
        "11": [
            33
        ]
    },
    "patient_schedule": {
        "11": 5,
        "34": 5,
        "0": 40,
        "19": 11,
        "24": 11,
        "44": 9,
        "27": 19,
        "31": 19,
        "21": 45,
        "26": 45,
        "32": 45,
        "40": 45,
        "41": 0,
        "3": 17,
        "10": 17,
        "45": 17,
        "28": 49,
        "38": 49,
        "46": 49,
        "1": 23,
        "29": 23,
        "33": 23,
        "18": 33,
        "22": 33,
        "39": 33
    },
    "instance": null,
    "parameters": null,
    "parameters_data": null,
    "patients": null,
    "capacity": null,
    "num_days": null,
    "num_ORs": null,
    "num_surgeons": null,
    "initial_heuristics_time": 0.0,
    "gap": 1.0
}