{
    "proved_optimal": true,
    "obj": 1,
    "relax_obj": 0.5,
    "num_LCs": 18,
    "num_callbacks": 1004,
    "num_CG_iterations": 26,
    "num_columns": 247,
    "num_nodes": 5,
    "overall_time": 18.848811149597168,
    "callback_time": 2.2588579654693604,
    "subproblem_time": 11.468488454818726,
    "mp_time": 7.355508089065552,
    "inh_time": null,
    "ilp_time": 0.0,
    "surgeon_schedule": {
        "0": [
            19,
            21
        ],
        "4": [
            31
        ],
        "5": [
            17,
            29,
            38
        ],
        "6": [
            14
        ],
        "7": [
            27
        ],
        "9": [
            10
        ],
        "10": [
            3
        ],
        "11": [
            43
        ]
    },
    "patient_schedule": {
        "0": 19,
        "11": 21,
        "34": 21,
        "19": 31,
        "24": 31,
        "26": 17,
        "32": 17,
        "27": 29,
        "31": 29,
        "21": 38,
        "40": 38,
        "44": 38,
        "41": 14,
        "3": 27,
        "10": 27,
        "45": 27,
        "28": 10,
        "38": 10,
        "46": 10,
        "1": 3,
        "29": 3,
        "33": 3,
        "18": 43,
        "22": 43,
        "39": 43
    },
    "instance": null,
    "parameters": null,
    "parameters_data": null,
    "patients": null,
    "capacity": null,
    "num_days": null,
    "num_ORs": null,
    "num_surgeons": null,
    "initial_heuristics_time": 0.0,
    "gap": 1.0
}