{
    "proved_optimal": true,
    "obj": 51,
    "relax_obj": -93,
    "num_LCs": 0,
    "num_callbacks": 0,
    "num_CG_iterations": 19,
    "num_columns": 208,
    "num_nodes": 1,
    "overall_time": 8.266094446182251,
    "callback_time": 0.0,
    "subproblem_time": 4.584814071655273,
    "mp_time": 3.6724917888641357,
    "inh_time": null,
    "ilp_time": 0.0,
    "surgeon_schedule": {
        "0": [
            4
        ],
        "2": [
            9,
            10
        ],
        "3": [
            17
        ],
        "4": [
            45
        ],
        "5": [
            19,
            20
        ],
        "6": [
            14,
            24
        ],
        "7": [
            0,
            49
        ],
        "8": [
            27
        ],
        "9": [
            7,
            29
        ],
        "10": [
            40
        ],
        "11": [
            33
        ]
    },
    "patient_schedule": {
        "2": 4,
        "11": 4,
        "14": 9,
        "25": 10,
        "37": 10,
        "23": 17,
        "43": 17,
        "24": 45,
        "42": 45,
        "21": 19,
        "40": 19,
        "15": 20,
        "26": 20,
        "31": 20,
        "5": 14,
        "41": 24,
        "3": 0,
        "16": 0,
        "45": 0,
        "10": 49,
        "20": 27,
        "17": 7,
        "46": 7,
        "28": 29,
        "38": 29,
        "1": 40,
        "18": 33,
        "22": 33,
        "30": 33
    },
    "instance": null,
    "parameters": null,
    "parameters_data": null,
    "patients": null,
    "capacity": null,
    "num_days": null,
    "num_ORs": null,
    "num_surgeons": null,
    "initial_heuristics_time": 0.0,
    "gap": -1.5483870967741935
}