{
    "proved_optimal": true,
    "obj": 30,
    "relax_obj": 30.0,
    "num_LCs": 26,
    "num_callbacks": 386,
    "num_CG_iterations": 13,
    "num_columns": 140,
    "num_nodes": 1,
    "overall_time": 4.420349359512329,
    "callback_time": 0.6999061107635498,
    "subproblem_time": 2.8434603214263916,
    "mp_time": 1.5714902877807617,
    "inh_time": null,
    "ilp_time": 0.0,
    "surgeon_schedule": {
        "0": [
            27,
            47
        ],
        "2": [
            37,
            40
        ],
        "3": [
            0,
            21
        ],
        "4": [
            18
        ],
        "5": [
            6,
            39
        ],
        "6": [
            11
        ],
        "7": [
            49
        ],
        "8": [
            31
        ],
        "9": [
            29,
            44
        ]
    },
    "patient_schedule": {
        "0": 27,
        "2": 47,
        "11": 47,
        "14": 37,
        "25": 40,
        "37": 40,
        "12": 0,
        "23": 0,
        "9": 21,
        "43": 21,
        "19": 18,
        "24": 18,
        "15": 6,
        "21": 6,
        "26": 6,
        "31": 6,
        "40": 6,
        "44": 6,
        "32": 39,
        "5": 11,
        "41": 11,
        "3": 49,
        "10": 49,
        "45": 49,
        "8": 31,
        "20": 31,
        "28": 29,
        "38": 29,
        "17": 44,
        "46": 44
    },
    "instance": null,
    "parameters": null,
    "parameters_data": null,
    "patients": null,
    "capacity": null,
    "num_days": null,
    "num_ORs": null,
    "num_surgeons": null,
    "initial_heuristics_time": 0.0,
    "gap": 0.0
}