{
    "proved_optimal": true,
    "obj": 17,
    "relax_obj": 17.0,
    "num_LCs": 0,
    "num_callbacks": 0,
    "num_CG_iterations": 14,
    "num_columns": 152,
    "num_nodes": 1,
    "overall_time": 4.136656284332275,
    "callback_time": 0.0,
    "subproblem_time": 1.9766356945037842,
    "mp_time": 2.155501127243042,
    "inh_time": null,
    "ilp_time": 0.0,
    "surgeon_schedule": {
        "0": [
            27,
            39
        ],
        "1": [
            24
        ],
        "2": [
            17,
            37
        ],
        "3": [
            19,
            34
        ],
        "4": [
            45
        ],
        "5": [
            9,
            10,
            20,
            30,
            40
        ],
        "7": [
            14,
            29
        ],
        "8": [
            5
        ],
        "9": [
            0,
            49
        ]
    },
    "patient_schedule": {
        "2": 27,
        "11": 27,
        "0": 39,
        "35": 24,
        "25": 17,
        "37": 17,
        "14": 37,
        "12": 19,
        "23": 34,
        "43": 34,
        "19": 45,
        "24": 45,
        "26": 9,
        "27": 9,
        "44": 10,
        "21": 20,
        "31": 20,
        "32": 30,
        "15": 40,
        "40": 40,
        "3": 14,
        "10": 14,
        "16": 29,
        "45": 29,
        "8": 5,
        "20": 5,
        "28": 0,
        "38": 0,
        "46": 0,
        "17": 49
    },
    "instance": null,
    "parameters": null,
    "parameters_data": null,
    "patients": null,
    "capacity": null,
    "num_days": null,
    "num_ORs": null,
    "num_surgeons": null,
    "initial_heuristics_time": 0.0,
    "gap": 0.0
}