{
    "proved_optimal": true,
    "obj": 2,
    "relax_obj": 1.4,
    "num_LCs": 72,
    "num_callbacks": 1700,
    "num_CG_iterations": 38,
    "num_columns": 281,
    "num_nodes": 11,
    "overall_time": 34.6190083026886,
    "callback_time": 3.207528829574585,
    "subproblem_time": 22.56658411026001,
    "mp_time": 12.000322818756104,
    "inh_time": null,
    "ilp_time": 0.0,
    "surgeon_schedule": {
        "2": [
            2,
            38
        ],
        "5": [
            30,
            42
        ],
        "6": [
            49
        ],
        "7": [
            9
        ],
        "10": [
            13,
            34
        ],
        "11": [
            23
        ]
    },
    "patient_schedule": {
        "6": 2,
        "7": 2,
        "14": 38,
        "25": 38,
        "37": 38,
        "44": 30,
        "21": 42,
        "26": 42,
        "27": 42,
        "31": 42,
        "32": 42,
        "40": 42,
        "41": 49,
        "3": 9,
        "10": 9,
        "45": 9,
        "1": 13,
        "29": 13,
        "33": 13,
        "13": 34,
        "18": 23,
        "22": 23,
        "30": 23
    },
    "instance": null,
    "parameters": null,
    "parameters_data": null,
    "patients": null,
    "capacity": null,
    "num_days": null,
    "num_ORs": null,
    "num_surgeons": null,
    "initial_heuristics_time": 0.0,
    "gap": 0.42857142857142866
}