{
    "proved_optimal": true,
    "obj": 36,
    "relax_obj": -30,
    "num_LCs": 0,
    "num_callbacks": 0,
    "num_CG_iterations": 15,
    "num_columns": 163,
    "num_nodes": 1,
    "overall_time": 5.093942165374756,
    "callback_time": 0.0,
    "subproblem_time": 2.4513561725616455,
    "mp_time": 2.6346964836120605,
    "inh_time": null,
    "ilp_time": 0.0,
    "surgeon_schedule": {
        "0": [
            27,
            37
        ],
        "1": [
            17
        ],
        "2": [
            9,
            47
        ],
        "3": [
            30,
            41
        ],
        "5": [
            7,
            19,
            24,
            34
        ],
        "6": [
            10,
            29
        ],
        "7": [
            4,
            20
        ],
        "9": [
            0,
            49
        ],
        "10": [
            14,
            39
        ]
    },
    "patient_schedule": {
        "2": 27,
        "11": 27,
        "0": 37,
        "35": 17,
        "25": 9,
        "37": 9,
        "14": 47,
        "12": 30,
        "43": 30,
        "9": 41,
        "23": 41,
        "40": 7,
        "27": 19,
        "31": 24,
        "32": 24,
        "15": 34,
        "21": 34,
        "26": 34,
        "41": 10,
        "5": 29,
        "10": 4,
        "16": 4,
        "3": 20,
        "45": 20,
        "28": 0,
        "38": 0,
        "46": 0,
        "17": 49,
        "13": 14,
        "1": 39
    },
    "instance": null,
    "parameters": null,
    "parameters_data": null,
    "patients": null,
    "capacity": null,
    "num_days": null,
    "num_ORs": null,
    "num_surgeons": null,
    "initial_heuristics_time": 0.0,
    "gap": -2.2
}