{
    "proved_optimal": true,
    "obj": 69,
    "relax_obj": -93,
    "num_LCs": 0,
    "num_callbacks": 0,
    "num_CG_iterations": 21,
    "num_columns": 229,
    "num_nodes": 1,
    "overall_time": 12.309632778167725,
    "callback_time": 0.0,
    "subproblem_time": 6.692821264266968,
    "mp_time": 5.605504274368286,
    "inh_time": null,
    "ilp_time": 0.0,
    "surgeon_schedule": {
        "0": [
            30
        ],
        "1": [
            37
        ],
        "2": [
            27,
            34
        ],
        "3": [
            39
        ],
        "4": [
            21
        ],
        "5": [
            10,
            29
        ],
        "6": [
            41
        ],
        "7": [
            19,
            49
        ],
        "8": [
            17
        ],
        "9": [
            47
        ],
        "10": [
            14
        ],
        "11": [
            3
        ]
    },
    "patient_schedule": {
        "2": 30,
        "11": 30,
        "35": 37,
        "14": 27,
        "25": 34,
        "37": 34,
        "23": 39,
        "43": 39,
        "24": 21,
        "42": 21,
        "15": 10,
        "21": 10,
        "26": 10,
        "31": 29,
        "40": 29,
        "5": 41,
        "41": 41,
        "16": 19,
        "3": 49,
        "10": 49,
        "45": 49,
        "20": 17,
        "28": 47,
        "38": 47,
        "46": 47,
        "1": 14,
        "18": 3,
        "22": 3,
        "30": 3
    },
    "instance": null,
    "parameters": null,
    "parameters_data": null,
    "patients": null,
    "capacity": null,
    "num_days": null,
    "num_ORs": null,
    "num_surgeons": null,
    "initial_heuristics_time": 0.0,
    "gap": -1.7419354838709677
}