{
    "proved_optimal": true,
    "obj": 30,
    "relax_obj": 30.0,
    "num_LCs": 0,
    "num_callbacks": 0,
    "num_CG_iterations": 21,
    "num_columns": 195,
    "num_nodes": 7,
    "overall_time": 19.05483388900757,
    "callback_time": 0.0,
    "subproblem_time": 13.84958004951477,
    "mp_time": 5.18790340423584,
    "inh_time": null,
    "ilp_time": 0.0,
    "surgeon_schedule": {
        "0": [
            10,
            30
        ],
        "1": [
            44
        ],
        "2": [
            27,
            47
        ],
        "3": [
            38,
            40
        ],
        "4": [
            17
        ],
        "5": [
            9,
            14,
            29,
            34
        ],
        "6": [
            20,
            49
        ],
        "7": [
            7
        ],
        "8": [
            1
        ],
        "9": [
            19,
            24
        ]
    },
    "patient_schedule": {
        "2": 10,
        "11": 10,
        "0": 30,
        "35": 44,
        "25": 27,
        "37": 27,
        "14": 47,
        "9": 38,
        "12": 38,
        "23": 40,
        "43": 40,
        "24": 17,
        "15": 9,
        "31": 9,
        "44": 14,
        "21": 29,
        "40": 29,
        "26": 34,
        "32": 34,
        "41": 20,
        "5": 49,
        "3": 7,
        "10": 7,
        "45": 7,
        "8": 1,
        "20": 1,
        "28": 19,
        "38": 19,
        "46": 19,
        "17": 24
    },
    "instance": null,
    "parameters": null,
    "parameters_data": null,
    "patients": null,
    "capacity": null,
    "num_days": null,
    "num_ORs": null,
    "num_surgeons": null,
    "initial_heuristics_time": 0.0,
    "gap": 0.0
}