{
    "proved_optimal": true,
    "obj": 51,
    "relax_obj": 50.25,
    "num_LCs": 0,
    "num_callbacks": 0,
    "num_CG_iterations": 21,
    "num_columns": 219,
    "num_nodes": 1,
    "overall_time": 10.825844287872314,
    "callback_time": 0.0,
    "subproblem_time": 6.510691404342651,
    "mp_time": 4.3077521324157715,
    "inh_time": null,
    "ilp_time": 0.0,
    "surgeon_schedule": {
        "0": [
            24
        ],
        "2": [
            14,
            37,
            46
        ],
        "3": [
            39
        ],
        "4": [
            31
        ],
        "5": [
            10,
            27,
            40
        ],
        "6": [
            19,
            20
        ],
        "7": [
            29
        ],
        "9": [
            17
        ],
        "11": [
            3
        ]
    },
    "patient_schedule": {
        "2": 24,
        "11": 24,
        "25": 14,
        "37": 14,
        "14": 37,
        "6": 46,
        "7": 46,
        "23": 39,
        "43": 39,
        "19": 31,
        "24": 31,
        "26": 10,
        "32": 10,
        "27": 27,
        "31": 27,
        "21": 40,
        "40": 40,
        "5": 19,
        "41": 20,
        "10": 29,
        "16": 29,
        "28": 17,
        "38": 17,
        "46": 17,
        "18": 3,
        "22": 3,
        "30": 3
    },
    "instance": null,
    "parameters": null,
    "parameters_data": null,
    "patients": null,
    "capacity": null,
    "num_days": null,
    "num_ORs": null,
    "num_surgeons": null,
    "initial_heuristics_time": 0.0,
    "gap": 0.014925373134328358
}