{
    "proved_optimal": false,
    "obj": 24,
    "relax_obj": 22.8,
    "num_LCs": 142,
    "num_callbacks": 52967,
    "num_CG_iterations": 1241,
    "num_columns": 2471,
    "num_nodes": 291,
    "overall_time": 1200.143681049347,
    "callback_time": 73.68119359016418,
    "subproblem_time": 560.1118216514587,
    "mp_time": 638.3988823890686,
    "inh_time": null,
    "ilp_time": 0.0,
    "surgeon_schedule": {
        "2": [
            0,
            32,
            40
        ],
        "3": [
            7,
            25
        ],
        "4": [
            48
        ],
        "5": [
            9,
            20,
            39,
            44
        ],
        "7": [
            4
        ],
        "9": [
            29
        ],
        "11": [
            13
        ]
    },
    "patient_schedule": {
        "14": 0,
        "6": 32,
        "7": 32,
        "25": 40,
        "37": 40,
        "23": 7,
        "43": 7,
        "9": 25,
        "12": 25,
        "19": 48,
        "24": 48,
        "44": 9,
        "27": 20,
        "31": 20,
        "21": 39,
        "40": 39,
        "26": 44,
        "32": 44,
        "3": 4,
        "10": 4,
        "45": 4,
        "28": 29,
        "38": 29,
        "46": 29,
        "18": 13,
        "22": 13,
        "30": 13
    },
    "instance": null,
    "parameters": null,
    "parameters_data": null,
    "patients": null,
    "capacity": null,
    "num_days": null,
    "num_ORs": null,
    "num_surgeons": null,
    "initial_heuristics_time": 0.0,
    "gap": 0.05263157894736839
}