{
    "proved_optimal": true,
    "obj": 35,
    "relax_obj": 34.666666666666664,
    "num_LCs": 2,
    "num_callbacks": 679,
    "num_CG_iterations": 20,
    "num_columns": 206,
    "num_nodes": 3,
    "overall_time": 13.951415777206421,
    "callback_time": 1.6345412731170654,
    "subproblem_time": 8.237698793411255,
    "mp_time": 5.698874473571777,
    "inh_time": null,
    "ilp_time": 0.0,
    "surgeon_schedule": {
        "0": [
            10
        ],
        "1": [
            29
        ],
        "2": [
            38
        ],
        "3": [
            20
        ],
        "4": [
            8
        ],
        "5": [
            14,
            34
        ],
        "6": [
            19,
            27
        ],
        "7": [
            4,
            30
        ],
        "8": [
            17
        ],
        "9": [
            0
        ],
        "10": [
            24
        ],
        "11": [
            43
        ]
    },
    "patient_schedule": {
        "2": 10,
        "11": 10,
        "35": 29,
        "14": 38,
        "25": 38,
        "37": 38,
        "23": 20,
        "43": 20,
        "24": 8,
        "42": 8,
        "21": 14,
        "40": 14,
        "15": 34,
        "26": 34,
        "31": 34,
        "41": 19,
        "5": 27,
        "10": 4,
        "45": 4,
        "3": 30,
        "16": 30,
        "20": 17,
        "28": 0,
        "38": 0,
        "46": 0,
        "1": 24,
        "18": 43,
        "22": 43,
        "30": 43
    },
    "instance": null,
    "parameters": null,
    "parameters_data": null,
    "patients": null,
    "capacity": null,
    "num_days": null,
    "num_ORs": null,
    "num_surgeons": null,
    "initial_heuristics_time": 0.0,
    "gap": 0.009615384615384684
}