{
    "proved_optimal": true,
    "obj": 51,
    "relax_obj": 50.4,
    "num_LCs": 32,
    "num_callbacks": 859,
    "num_CG_iterations": 23,
    "num_columns": 240,
    "num_nodes": 1,
    "overall_time": 16.69946026802063,
    "callback_time": 2.060628652572632,
    "subproblem_time": 10.640003442764282,
    "mp_time": 6.049586057662964,
    "inh_time": null,
    "ilp_time": 0.0,
    "surgeon_schedule": {
        "0": [
            30,
            49
        ],
        "2": [
            17,
            29,
            42
        ],
        "3": [
            19
        ],
        "4": [
            38
        ],
        "5": [
            25,
            34
        ],
        "6": [
            10
        ],
        "7": [
            14
        ],
        "9": [
            20
        ],
        "11": [
            3
        ]
    },
    "patient_schedule": {
        "2": 30,
        "11": 30,
        "0": 49,
        "25": 17,
        "37": 17,
        "14": 29,
        "6": 42,
        "7": 42,
        "23": 19,
        "43": 19,
        "19": 38,
        "24": 38,
        "26": 25,
        "27": 25,
        "31": 25,
        "32": 25,
        "21": 34,
        "40": 34,
        "41": 10,
        "3": 14,
        "10": 14,
        "45": 14,
        "28": 20,
        "38": 20,
        "46": 20,
        "18": 3,
        "22": 3,
        "30": 3
    },
    "instance": null,
    "parameters": null,
    "parameters_data": null,
    "patients": null,
    "capacity": null,
    "num_days": null,
    "num_ORs": null,
    "num_surgeons": null,
    "initial_heuristics_time": 0.0,
    "gap": 0.011904761904761934
}