{
    "proved_optimal": true,
    "obj": 43,
    "relax_obj": 42.25,
    "num_LCs": 0,
    "num_callbacks": 0,
    "num_CG_iterations": 19,
    "num_columns": 201,
    "num_nodes": 1,
    "overall_time": 102.3765070438385,
    "callback_time": 0.0,
    "subproblem_time": 98.5466525554657,
    "mp_time": 3.8220415115356445,
    "inh_time": null,
    "ilp_time": 0.0,
    "surgeon_schedule": {
        "0": [
            0,
            29
        ],
        "2": [
            20,
            37
        ],
        "3": [
            7,
            48
        ],
        "4": [
            31
        ],
        "5": [
            4,
            24,
            39,
            40
        ],
        "6": [
            27
        ],
        "7": [
            9
        ],
        "9": [
            44
        ],
        "11": [
            13
        ]
    },
    "patient_schedule": {
        "2": 0,
        "11": 0,
        "0": 29,
        "25": 20,
        "37": 20,
        "14": 37,
        "23": 7,
        "43": 7,
        "9": 48,
        "12": 48,
        "19": 31,
        "24": 31,
        "21": 4,
        "40": 4,
        "15": 24,
        "27": 24,
        "44": 39,
        "26": 40,
        "32": 40,
        "41": 27,
        "3": 9,
        "10": 9,
        "45": 9,
        "28": 44,
        "38": 44,
        "46": 44,
        "18": 13,
        "22": 13,
        "39": 13
    },
    "instance": null,
    "parameters": null,
    "parameters_data": null,
    "patients": null,
    "capacity": null,
    "num_days": null,
    "num_ORs": null,
    "num_surgeons": null,
    "initial_heuristics_time": 0.0,
    "gap": 0.01775147928994083
}