{
    "proved_optimal": true,
    "obj": 21,
    "relax_obj": -32,
    "num_LCs": 0,
    "num_callbacks": 0,
    "num_CG_iterations": 15,
    "num_columns": 168,
    "num_nodes": 1,
    "overall_time": 4.587626934051514,
    "callback_time": 0.0,
    "subproblem_time": 1.9604828357696533,
    "mp_time": 2.6184868812561035,
    "inh_time": null,
    "ilp_time": 0.0,
    "surgeon_schedule": {
        "0": [
            19,
            29
        ],
        "2": [
            14,
            24
        ],
        "3": [
            20,
            37
        ],
        "4": [
            10,
            27,
            39
        ],
        "6": [
            44
        ],
        "7": [
            0,
            48
        ],
        "9": [
            5,
            30,
            40
        ],
        "10": [
            9,
            17
        ],
        "11": [
            34
        ]
    },
    "patient_schedule": {
        "12": 19,
        "19": 29,
        "33": 29,
        "9": 14,
        "41": 14,
        "18": 24,
        "6": 20,
        "44": 20,
        "27": 37,
        "2": 10,
        "23": 10,
        "32": 27,
        "49": 27,
        "39": 39,
        "45": 39,
        "26": 44,
        "30": 44,
        "7": 0,
        "20": 0,
        "38": 0,
        "15": 48,
        "21": 48,
        "24": 48,
        "3": 5,
        "11": 5,
        "4": 30,
        "29": 30,
        "22": 40,
        "13": 9,
        "8": 17,
        "0": 34,
        "40": 34
    },
    "instance": null,
    "parameters": null,
    "parameters_data": null,
    "patients": null,
    "capacity": null,
    "num_days": null,
    "num_ORs": null,
    "num_surgeons": null,
    "initial_heuristics_time": 0.0,
    "gap": -1.65625
}