{
    "proved_optimal": true,
    "obj": 3,
    "relax_obj": 2.5,
    "num_LCs": 34,
    "num_callbacks": 674,
    "num_CG_iterations": 20,
    "num_columns": 196,
    "num_nodes": 1,
    "overall_time": 20.211118698120117,
    "callback_time": 1.6989750862121582,
    "subproblem_time": 15.743465662002563,
    "mp_time": 4.4590020179748535,
    "inh_time": null,
    "ilp_time": 0.0,
    "surgeon_schedule": {
        "3": [
            24,
            39
        ],
        "4": [
            0,
            16,
            20,
            49
        ],
        "5": [
            35
        ],
        "8": [
            42
        ],
        "9": [
            10,
            28
        ],
        "11": [
            6,
            30
        ]
    },
    "patient_schedule": {
        "6": 24,
        "44": 24,
        "27": 39,
        "39": 0,
        "49": 0,
        "37": 16,
        "42": 16,
        "2": 20,
        "23": 20,
        "32": 49,
        "45": 49,
        "10": 35,
        "48": 35,
        "16": 42,
        "28": 42,
        "31": 42,
        "3": 10,
        "29": 10,
        "4": 28,
        "11": 28,
        "5": 6,
        "46": 6,
        "0": 30,
        "40": 30
    },
    "instance": null,
    "parameters": null,
    "parameters_data": null,
    "patients": null,
    "capacity": null,
    "num_days": null,
    "num_ORs": null,
    "num_surgeons": null,
    "initial_heuristics_time": 0.0,
    "gap": 0.2
}