{
    "proved_optimal": true,
    "obj": 49,
    "relax_obj": 49.0,
    "num_LCs": 0,
    "num_callbacks": 0,
    "num_CG_iterations": 27,
    "num_columns": 258,
    "num_nodes": 5,
    "overall_time": 20.419057369232178,
    "callback_time": 0.0,
    "subproblem_time": 12.602524518966675,
    "mp_time": 7.795833587646484,
    "inh_time": null,
    "ilp_time": 0.0,
    "surgeon_schedule": {
        "0": [
            49
        ],
        "1": [
            39
        ],
        "2": [
            7,
            30
        ],
        "3": [
            37
        ],
        "4": [
            0,
            41
        ],
        "7": [
            9,
            34
        ],
        "8": [
            16,
            47
        ],
        "9": [
            4,
            23
        ],
        "11": [
            10
        ]
    },
    "patient_schedule": {
        "12": 49,
        "33": 49,
        "47": 39,
        "9": 7,
        "41": 7,
        "18": 30,
        "6": 37,
        "44": 37,
        "2": 0,
        "23": 0,
        "32": 41,
        "39": 41,
        "45": 41,
        "49": 41,
        "15": 9,
        "21": 9,
        "7": 34,
        "20": 34,
        "38": 34,
        "16": 16,
        "28": 16,
        "31": 16,
        "43": 47,
        "3": 4,
        "29": 4,
        "11": 23,
        "22": 23,
        "35": 23,
        "0": 10,
        "40": 10
    },
    "instance": null,
    "parameters": null,
    "parameters_data": null,
    "patients": null,
    "capacity": null,
    "num_days": null,
    "num_ORs": null,
    "num_surgeons": null,
    "initial_heuristics_time": 0.0,
    "gap": 0.0
}