{
    "proved_optimal": true,
    "obj": 24,
    "relax_obj": 23.75,
    "num_LCs": 33,
    "num_callbacks": 967,
    "num_CG_iterations": 28,
    "num_columns": 249,
    "num_nodes": 5,
    "overall_time": 21.450471878051758,
    "callback_time": 2.3112213611602783,
    "subproblem_time": 12.913573265075684,
    "mp_time": 8.507174491882324,
    "inh_time": null,
    "ilp_time": 0.0,
    "surgeon_schedule": {
        "0": [
            17
        ],
        "1": [
            2
        ],
        "3": [
            10,
            40
        ],
        "4": [
            9,
            14,
            28,
            48
        ],
        "7": [
            24,
            30,
            44
        ],
        "8": [
            36
        ],
        "9": [
            20
        ],
        "11": [
            19
        ]
    },
    "patient_schedule": {
        "19": 17,
        "33": 17,
        "1": 2,
        "25": 2,
        "47": 2,
        "6": 10,
        "44": 10,
        "27": 40,
        "39": 9,
        "45": 9,
        "32": 14,
        "49": 14,
        "23": 28,
        "37": 28,
        "2": 48,
        "42": 48,
        "24": 24,
        "7": 30,
        "15": 30,
        "20": 44,
        "21": 44,
        "38": 44,
        "16": 36,
        "28": 36,
        "31": 36,
        "4": 20,
        "29": 20,
        "0": 19,
        "40": 19
    },
    "instance": null,
    "parameters": null,
    "parameters_data": null,
    "patients": null,
    "capacity": null,
    "num_days": null,
    "num_ORs": null,
    "num_surgeons": null,
    "initial_heuristics_time": 0.0,
    "gap": 0.010526315789473684
}