{
    "proved_optimal": true,
    "obj": 55,
    "relax_obj": 54.5,
    "num_LCs": 11,
    "num_callbacks": 622,
    "num_CG_iterations": 21,
    "num_columns": 226,
    "num_nodes": 1,
    "overall_time": 12.749297142028809,
    "callback_time": 1.607581377029419,
    "subproblem_time": 7.250490427017212,
    "mp_time": 5.490750551223755,
    "inh_time": null,
    "ilp_time": 0.0,
    "surgeon_schedule": {
        "0": [
            9
        ],
        "1": [
            12
        ],
        "3": [
            40
        ],
        "4": [
            19,
            20,
            30
        ],
        "5": [
            28
        ],
        "7": [
            24,
            35
        ],
        "8": [
            0,
            46
        ],
        "9": [
            39
        ],
        "11": [
            5
        ]
    },
    "patient_schedule": {
        "19": 9,
        "33": 9,
        "1": 12,
        "25": 12,
        "47": 12,
        "6": 40,
        "44": 40,
        "2": 19,
        "23": 19,
        "32": 20,
        "49": 20,
        "39": 30,
        "45": 30,
        "10": 28,
        "48": 28,
        "20": 24,
        "21": 24,
        "38": 24,
        "7": 35,
        "15": 35,
        "24": 35,
        "43": 0,
        "16": 46,
        "28": 46,
        "31": 46,
        "4": 39,
        "29": 39,
        "5": 5,
        "40": 5
    },
    "instance": null,
    "parameters": null,
    "parameters_data": null,
    "patients": null,
    "capacity": null,
    "num_days": null,
    "num_ORs": null,
    "num_surgeons": null,
    "initial_heuristics_time": 0.0,
    "gap": 0.009174311926605505
}