{
    "proved_optimal": true,
    "obj": 43,
    "relax_obj": -94,
    "num_LCs": 0,
    "num_callbacks": 0,
    "num_CG_iterations": 18,
    "num_columns": 192,
    "num_nodes": 1,
    "overall_time": 5.872629165649414,
    "callback_time": 0.0,
    "subproblem_time": 2.5801358222961426,
    "mp_time": 3.2843546867370605,
    "inh_time": null,
    "ilp_time": 0.0,
    "surgeon_schedule": {
        "0": [
            4
        ],
        "1": [
            49
        ],
        "2": [
            17,
            20
        ],
        "3": [
            0
        ],
        "4": [
            14,
            38
        ],
        "5": [
            45
        ],
        "6": [
            9
        ],
        "7": [
            7,
            10
        ],
        "8": [
            26,
            40
        ],
        "9": [
            19,
            34
        ],
        "11": [
            30
        ]
    },
    "patient_schedule": {
        "19": 4,
        "33": 4,
        "1": 49,
        "9": 17,
        "41": 17,
        "18": 20,
        "6": 0,
        "44": 0,
        "2": 14,
        "23": 14,
        "32": 38,
        "39": 38,
        "45": 38,
        "49": 38,
        "10": 45,
        "48": 45,
        "26": 9,
        "30": 9,
        "7": 7,
        "20": 7,
        "38": 7,
        "15": 10,
        "21": 10,
        "16": 26,
        "28": 26,
        "31": 26,
        "43": 40,
        "4": 19,
        "29": 19,
        "22": 34,
        "0": 30,
        "40": 30
    },
    "instance": null,
    "parameters": null,
    "parameters_data": null,
    "patients": null,
    "capacity": null,
    "num_days": null,
    "num_ORs": null,
    "num_surgeons": null,
    "initial_heuristics_time": 0.0,
    "gap": -1.4574468085106382
}