{
    "proved_optimal": true,
    "obj": 24,
    "relax_obj": 23.75,
    "num_LCs": 8,
    "num_callbacks": 768,
    "num_CG_iterations": 23,
    "num_columns": 236,
    "num_nodes": 1,
    "overall_time": 16.69553017616272,
    "callback_time": 2.1298859119415283,
    "subproblem_time": 10.382357597351074,
    "mp_time": 6.302869081497192,
    "inh_time": null,
    "ilp_time": 0.0,
    "surgeon_schedule": {
        "1": [
            42
        ],
        "3": [
            0,
            39
        ],
        "4": [
            35,
            49
        ],
        "7": [
            9,
            19,
            30
        ],
        "8": [
            12
        ],
        "9": [
            7,
            23
        ],
        "11": [
            4
        ]
    },
    "patient_schedule": {
        "1": 42,
        "25": 42,
        "47": 42,
        "6": 0,
        "44": 0,
        "27": 39,
        "2": 35,
        "23": 35,
        "32": 35,
        "45": 35,
        "39": 49,
        "49": 49,
        "20": 9,
        "21": 9,
        "38": 9,
        "7": 19,
        "15": 19,
        "24": 30,
        "16": 12,
        "28": 12,
        "31": 12,
        "4": 7,
        "29": 7,
        "11": 23,
        "22": 23,
        "35": 23,
        "0": 4,
        "40": 4
    },
    "instance": null,
    "parameters": null,
    "parameters_data": null,
    "patients": null,
    "capacity": null,
    "num_days": null,
    "num_ORs": null,
    "num_surgeons": null,
    "initial_heuristics_time": 0.0,
    "gap": 0.010526315789473684
}