{
    "proved_optimal": true,
    "obj": 36,
    "relax_obj": 35.666666666666664,
    "num_LCs": 0,
    "num_callbacks": 0,
    "num_CG_iterations": 19,
    "num_columns": 210,
    "num_nodes": 1,
    "overall_time": 6.813103437423706,
    "callback_time": 0.0,
    "subproblem_time": 3.2180428504943848,
    "mp_time": 3.5884900093078613,
    "inh_time": null,
    "ilp_time": 0.0,
    "surgeon_schedule": {
        "0": [
            24
        ],
        "1": [
            20
        ],
        "2": [
            10,
            30
        ],
        "3": [
            49
        ],
        "4": [
            7,
            28
        ],
        "5": [
            47
        ],
        "6": [
            39
        ],
        "7": [
            9,
            14
        ],
        "8": [
            19,
            44
        ],
        "9": [
            17,
            35,
            40
        ],
        "10": [
            4
        ],
        "11": [
            0
        ]
    },
    "patient_schedule": {
        "12": 24,
        "33": 24,
        "47": 20,
        "9": 10,
        "41": 10,
        "18": 30,
        "6": 49,
        "44": 49,
        "39": 7,
        "45": 7,
        "2": 28,
        "23": 28,
        "32": 28,
        "49": 28,
        "10": 47,
        "26": 39,
        "30": 39,
        "7": 9,
        "20": 9,
        "38": 9,
        "15": 14,
        "21": 14,
        "43": 19,
        "28": 44,
        "22": 17,
        "3": 35,
        "11": 35,
        "4": 40,
        "29": 40,
        "13": 4,
        "0": 0,
        "40": 0
    },
    "instance": null,
    "parameters": null,
    "parameters_data": null,
    "patients": null,
    "capacity": null,
    "num_days": null,
    "num_ORs": null,
    "num_surgeons": null,
    "initial_heuristics_time": 0.0,
    "gap": 0.009345794392523431
}