{
    "proved_optimal": true,
    "obj": 43,
    "relax_obj": 43.0,
    "num_LCs": 5,
    "num_callbacks": 556,
    "num_CG_iterations": 21,
    "num_columns": 226,
    "num_nodes": 1,
    "overall_time": 11.220330715179443,
    "callback_time": 1.3548915386199951,
    "subproblem_time": 5.731402635574341,
    "mp_time": 5.480752944946289,
    "inh_time": null,
    "ilp_time": 0.0,
    "surgeon_schedule": {
        "0": [
            24
        ],
        "1": [
            10
        ],
        "2": [
            17,
            30
        ],
        "3": [
            7
        ],
        "4": [
            9,
            19,
            39
        ],
        "5": [
            1
        ],
        "6": [
            49
        ],
        "7": [
            20,
            34
        ],
        "8": [
            29,
            42
        ],
        "9": [
            27,
            37
        ],
        "11": [
            14
        ]
    },
    "patient_schedule": {
        "19": 24,
        "33": 24,
        "1": 10,
        "18": 17,
        "9": 30,
        "41": 30,
        "6": 7,
        "44": 7,
        "2": 9,
        "23": 9,
        "32": 19,
        "45": 19,
        "39": 39,
        "49": 39,
        "10": 1,
        "48": 1,
        "26": 49,
        "30": 49,
        "20": 20,
        "21": 20,
        "38": 20,
        "7": 34,
        "15": 34,
        "43": 29,
        "16": 42,
        "28": 42,
        "31": 42,
        "4": 27,
        "29": 27,
        "22": 37,
        "0": 14,
        "40": 14
    },
    "instance": null,
    "parameters": null,
    "parameters_data": null,
    "patients": null,
    "capacity": null,
    "num_days": null,
    "num_ORs": null,
    "num_surgeons": null,
    "initial_heuristics_time": 0.0,
    "gap": 0.0
}