{
    "proved_optimal": true,
    "obj": 0,
    "relax_obj": 1.3877787807814457e-17,
    "num_LCs": 0,
    "num_callbacks": 0,
    "num_CG_iterations": 31,
    "num_columns": 263,
    "num_nodes": 9,
    "overall_time": 15.361292839050293,
    "callback_time": 0.0,
    "subproblem_time": 6.436787128448486,
    "mp_time": 8.90052056312561,
    "inh_time": null,
    "ilp_time": 0.0,
    "surgeon_schedule": {
        "1": [
            2
        ],
        "2": [
            20
        ],
        "3": [
            27,
            47
        ],
        "4": [
            9,
            10,
            36,
            41
        ],
        "7": [
            29,
            49
        ],
        "8": [
            16
        ],
        "9": [
            24
        ],
        "11": [
            30
        ]
    },
    "patient_schedule": {
        "1": 2,
        "25": 2,
        "47": 2,
        "18": 20,
        "6": 27,
        "44": 27,
        "27": 47,
        "39": 9,
        "45": 9,
        "32": 10,
        "49": 10,
        "37": 36,
        "42": 36,
        "2": 41,
        "36": 41,
        "15": 29,
        "21": 29,
        "24": 49,
        "16": 16,
        "28": 16,
        "31": 16,
        "4": 24,
        "29": 24,
        "0": 30,
        "40": 30
    },
    "instance": null,
    "parameters": null,
    "parameters_data": null,
    "patients": null,
    "capacity": null,
    "num_days": null,
    "num_ORs": null,
    "num_surgeons": null,
    "initial_heuristics_time": 0.0,
    "gap": null
}