{
    "proved_optimal": true,
    "obj": 0,
    "relax_obj": 1.3877787807814457e-17,
    "num_LCs": 52,
    "num_callbacks": 1140,
    "num_CG_iterations": 32,
    "num_columns": 268,
    "num_nodes": 7,
    "overall_time": 22.3232741355896,
    "callback_time": 2.1736154556274414,
    "subproblem_time": 12.115362167358398,
    "mp_time": 10.183740615844727,
    "inh_time": null,
    "ilp_time": 0.0,
    "surgeon_schedule": {
        "1": [
            22
        ],
        "3": [
            19,
            44
        ],
        "4": [
            3,
            29,
            40
        ],
        "7": [
            49
        ],
        "8": [
            12
        ],
        "9": [
            33,
            47
        ]
    },
    "patient_schedule": {
        "1": 22,
        "25": 22,
        "47": 22,
        "6": 19,
        "44": 19,
        "27": 44,
        "37": 3,
        "39": 3,
        "42": 3,
        "45": 3,
        "32": 29,
        "49": 29,
        "2": 40,
        "23": 40,
        "20": 49,
        "21": 49,
        "38": 49,
        "16": 12,
        "28": 12,
        "31": 12,
        "11": 33,
        "22": 33,
        "35": 33,
        "4": 47,
        "29": 47
    },
    "instance": null,
    "parameters": null,
    "parameters_data": null,
    "patients": null,
    "capacity": null,
    "num_days": null,
    "num_ORs": null,
    "num_surgeons": null,
    "initial_heuristics_time": 0.0,
    "gap": null
}