{
    "proved_optimal": true,
    "obj": 55,
    "relax_obj": 54.5,
    "num_LCs": 22,
    "num_callbacks": 629,
    "num_CG_iterations": 21,
    "num_columns": 225,
    "num_nodes": 1,
    "overall_time": 13.599824905395508,
    "callback_time": 1.6183087825775146,
    "subproblem_time": 7.736706495285034,
    "mp_time": 5.853092193603516,
    "inh_time": null,
    "ilp_time": 0.0,
    "surgeon_schedule": {
        "0": [
            40
        ],
        "1": [
            36
        ],
        "3": [
            9,
            30
        ],
        "4": [
            10,
            20,
            44
        ],
        "5": [
            15
        ],
        "7": [
            29,
            47
        ],
        "8": [
            2,
            49
        ],
        "9": [
            19
        ],
        "11": [
            25
        ]
    },
    "patient_schedule": {
        "19": 40,
        "33": 40,
        "1": 36,
        "25": 36,
        "47": 36,
        "27": 9,
        "6": 30,
        "44": 30,
        "32": 10,
        "49": 10,
        "2": 20,
        "23": 20,
        "39": 44,
        "45": 44,
        "10": 15,
        "48": 15,
        "20": 29,
        "21": 29,
        "38": 29,
        "7": 47,
        "15": 47,
        "16": 2,
        "28": 2,
        "31": 2,
        "43": 49,
        "4": 19,
        "29": 19,
        "5": 25,
        "40": 25
    },
    "instance": null,
    "parameters": null,
    "parameters_data": null,
    "patients": null,
    "capacity": null,
    "num_days": null,
    "num_ORs": null,
    "num_surgeons": null,
    "initial_heuristics_time": 0.0,
    "gap": 0.009174311926605505
}