{
    "proved_optimal": true,
    "obj": 19,
    "relax_obj": 19.0,
    "num_LCs": 0,
    "num_callbacks": 0,
    "num_CG_iterations": 14,
    "num_columns": 156,
    "num_nodes": 1,
    "overall_time": 3.872284412384033,
    "callback_time": 0.0,
    "subproblem_time": 1.485931634902954,
    "mp_time": 2.3821048736572266,
    "inh_time": null,
    "ilp_time": 0.0,
    "surgeon_schedule": {
        "0": [
            7,
            17
        ],
        "2": [
            0,
            10
        ],
        "3": [
            4
        ],
        "4": [
            9,
            30,
            40
        ],
        "6": [
            47
        ],
        "7": [
            14,
            20,
            44
        ],
        "8": [
            24,
            34,
            49
        ],
        "9": [
            19,
            29
        ],
        "10": [
            38
        ],
        "11": [
            27
        ]
    },
    "patient_schedule": {
        "19": 7,
        "12": 17,
        "33": 17,
        "9": 0,
        "41": 0,
        "18": 10,
        "6": 4,
        "44": 4,
        "2": 9,
        "23": 9,
        "39": 30,
        "45": 30,
        "32": 40,
        "49": 40,
        "26": 47,
        "30": 47,
        "7": 14,
        "15": 14,
        "24": 20,
        "20": 44,
        "21": 44,
        "38": 44,
        "28": 24,
        "43": 34,
        "31": 49,
        "29": 19,
        "3": 29,
        "4": 29,
        "8": 38,
        "13": 38,
        "0": 27,
        "40": 27
    },
    "instance": null,
    "parameters": null,
    "parameters_data": null,
    "patients": null,
    "capacity": null,
    "num_days": null,
    "num_ORs": null,
    "num_surgeons": null,
    "initial_heuristics_time": 0.0,
    "gap": 0.0
}