{
    "proved_optimal": true,
    "obj": 20,
    "relax_obj": -94,
    "num_LCs": 0,
    "num_callbacks": 0,
    "num_CG_iterations": 17,
    "num_columns": 188,
    "num_nodes": 1,
    "overall_time": 5.308170557022095,
    "callback_time": 0.0,
    "subproblem_time": 2.334453821182251,
    "mp_time": 2.9659736156463623,
    "inh_time": null,
    "ilp_time": 0.0,
    "surgeon_schedule": {
        "0": [
            39
        ],
        "1": [
            20
        ],
        "2": [
            10,
            30
        ],
        "3": [
            19
        ],
        "4": [
            7,
            40
        ],
        "5": [
            9,
            25
        ],
        "6": [
            29
        ],
        "7": [
            17,
            34
        ],
        "8": [
            37,
            46
        ],
        "9": [
            1
        ],
        "11": [
            14
        ]
    },
    "patient_schedule": {
        "19": 39,
        "33": 39,
        "1": 20,
        "9": 10,
        "41": 10,
        "18": 30,
        "6": 19,
        "44": 19,
        "2": 7,
        "23": 7,
        "39": 40,
        "45": 40,
        "14": 9,
        "10": 25,
        "48": 25,
        "26": 29,
        "30": 29,
        "15": 17,
        "20": 17,
        "38": 17,
        "7": 34,
        "21": 34,
        "43": 37,
        "16": 46,
        "28": 46,
        "31": 46,
        "4": 1,
        "22": 1,
        "29": 1,
        "0": 14,
        "40": 14
    },
    "instance": null,
    "parameters": null,
    "parameters_data": null,
    "patients": null,
    "capacity": null,
    "num_days": null,
    "num_ORs": null,
    "num_surgeons": null,
    "initial_heuristics_time": 0.0,
    "gap": -1.2127659574468086
}