{
    "proved_optimal": true,
    "obj": 19,
    "relax_obj": 19.0,
    "num_LCs": 2,
    "num_callbacks": 381,
    "num_CG_iterations": 15,
    "num_columns": 166,
    "num_nodes": 1,
    "overall_time": 6.911490440368652,
    "callback_time": 0.9362320899963379,
    "subproblem_time": 3.909162998199463,
    "mp_time": 2.9961113929748535,
    "inh_time": null,
    "ilp_time": 0.0,
    "surgeon_schedule": {
        "0": [
            29,
            49
        ],
        "2": [
            19,
            37
        ],
        "3": [
            14,
            44
        ],
        "4": [
            8,
            10
        ],
        "6": [
            47
        ],
        "7": [
            0,
            27,
            40
        ],
        "9": [
            4,
            21,
            39
        ],
        "10": [
            31
        ],
        "11": [
            17
        ]
    },
    "patient_schedule": {
        "19": 29,
        "12": 49,
        "33": 49,
        "9": 19,
        "41": 19,
        "18": 37,
        "27": 14,
        "6": 44,
        "44": 44,
        "2": 8,
        "23": 8,
        "32": 8,
        "49": 8,
        "39": 10,
        "45": 10,
        "26": 47,
        "30": 47,
        "20": 0,
        "21": 0,
        "38": 0,
        "24": 27,
        "7": 40,
        "15": 40,
        "4": 4,
        "29": 4,
        "3": 21,
        "11": 21,
        "22": 39,
        "8": 31,
        "13": 31,
        "0": 17,
        "40": 17
    },
    "instance": null,
    "parameters": null,
    "parameters_data": null,
    "patients": null,
    "capacity": null,
    "num_days": null,
    "num_ORs": null,
    "num_surgeons": null,
    "initial_heuristics_time": 0.0,
    "gap": 0.0
}