{
    "proved_optimal": true,
    "obj": 52,
    "relax_obj": -98,
    "num_LCs": 0,
    "num_callbacks": 0,
    "num_CG_iterations": 19,
    "num_columns": 214,
    "num_nodes": 1,
    "overall_time": 9.752604484558105,
    "callback_time": 0.0,
    "subproblem_time": 4.7153027057647705,
    "mp_time": 5.0258519649505615,
    "inh_time": null,
    "ilp_time": 0.0,
    "surgeon_schedule": {
        "0": [
            37
        ],
        "1": [
            7
        ],
        "2": [
            14
        ],
        "3": [
            4
        ],
        "4": [
            10,
            39
        ],
        "5": [
            9,
            18
        ],
        "6": [
            44
        ],
        "7": [
            0,
            48
        ],
        "8": [
            40
        ],
        "9": [
            34
        ],
        "10": [
            29,
            30
        ],
        "11": [
            22
        ]
    },
    "patient_schedule": {
        "19": 37,
        "33": 37,
        "1": 7,
        "9": 14,
        "41": 14,
        "6": 4,
        "44": 4,
        "2": 10,
        "23": 10,
        "32": 39,
        "49": 39,
        "14": 9,
        "10": 18,
        "48": 18,
        "26": 44,
        "30": 44,
        "7": 0,
        "20": 0,
        "38": 0,
        "15": 48,
        "21": 48,
        "24": 48,
        "31": 40,
        "3": 34,
        "29": 34,
        "8": 29,
        "13": 30,
        "40": 22,
        "46": 22,
        "50": 22
    },
    "instance": null,
    "parameters": null,
    "parameters_data": null,
    "patients": null,
    "capacity": null,
    "num_days": null,
    "num_ORs": null,
    "num_surgeons": null,
    "initial_heuristics_time": 0.0,
    "gap": -1.530612244897959
}