{
    "proved_optimal": true,
    "obj": 38,
    "relax_obj": 38.0,
    "num_LCs": 14,
    "num_callbacks": 524,
    "num_CG_iterations": 20,
    "num_columns": 209,
    "num_nodes": 1,
    "overall_time": 11.812212228775024,
    "callback_time": 1.4163763523101807,
    "subproblem_time": 6.831233263015747,
    "mp_time": 4.971390724182129,
    "inh_time": null,
    "ilp_time": 0.0,
    "surgeon_schedule": {
        "0": [
            10,
            30
        ],
        "2": [
            14,
            20
        ],
        "3": [
            44
        ],
        "4": [
            9,
            34,
            40
        ],
        "5": [
            4
        ],
        "6": [
            47
        ],
        "7": [
            7,
            19
        ],
        "8": [
            29,
            38
        ],
        "9": [
            0,
            25,
            49
        ],
        "11": [
            17
        ]
    },
    "patient_schedule": {
        "12": 10,
        "19": 30,
        "33": 30,
        "9": 14,
        "41": 14,
        "18": 20,
        "6": 44,
        "44": 44,
        "32": 9,
        "49": 9,
        "2": 34,
        "23": 34,
        "39": 40,
        "45": 40,
        "10": 4,
        "26": 47,
        "30": 47,
        "15": 7,
        "20": 7,
        "38": 7,
        "7": 19,
        "21": 19,
        "43": 29,
        "28": 38,
        "31": 38,
        "3": 0,
        "4": 0,
        "11": 25,
        "29": 25,
        "22": 49,
        "0": 17,
        "40": 17
    },
    "instance": null,
    "parameters": null,
    "parameters_data": null,
    "patients": null,
    "capacity": null,
    "num_days": null,
    "num_ORs": null,
    "num_surgeons": null,
    "initial_heuristics_time": 0.0,
    "gap": 0.0
}