{
    "proved_optimal": true,
    "obj": 51,
    "relax_obj": 51.0,
    "num_LCs": 22,
    "num_callbacks": 686,
    "num_CG_iterations": 21,
    "num_columns": 207,
    "num_nodes": 3,
    "overall_time": 13.843910217285156,
    "callback_time": 1.431535005569458,
    "subproblem_time": 8.846722841262817,
    "mp_time": 4.986196279525757,
    "inh_time": null,
    "ilp_time": 0.0,
    "surgeon_schedule": {
        "0": [
            7
        ],
        "2": [
            10,
            39
        ],
        "3": [
            19
        ],
        "4": [
            37,
            48
        ],
        "5": [
            15
        ],
        "7": [
            4,
            44
        ],
        "8": [
            0,
            26
        ],
        "9": [
            20,
            31,
            40
        ],
        "11": [
            9
        ]
    },
    "patient_schedule": {
        "19": 7,
        "33": 7,
        "9": 10,
        "41": 10,
        "18": 39,
        "6": 19,
        "44": 19,
        "39": 37,
        "45": 37,
        "2": 48,
        "23": 48,
        "32": 48,
        "49": 48,
        "10": 15,
        "48": 15,
        "15": 4,
        "20": 4,
        "38": 4,
        "7": 44,
        "21": 44,
        "43": 0,
        "16": 26,
        "28": 26,
        "31": 26,
        "4": 20,
        "29": 20,
        "3": 31,
        "11": 31,
        "22": 40,
        "0": 9,
        "40": 9
    },
    "instance": null,
    "parameters": null,
    "parameters_data": null,
    "patients": null,
    "capacity": null,
    "num_days": null,
    "num_ORs": null,
    "num_surgeons": null,
    "initial_heuristics_time": 0.0,
    "gap": 0.0
}