{
    "proved_optimal": true,
    "obj": 0,
    "relax_obj": 0.0,
    "num_LCs": 16,
    "num_callbacks": 886,
    "num_CG_iterations": 26,
    "num_columns": 242,
    "num_nodes": 3,
    "overall_time": 16.58111023902893,
    "callback_time": 2.3705334663391113,
    "subproblem_time": 9.851577281951904,
    "mp_time": 6.7168614864349365,
    "inh_time": null,
    "ilp_time": 0.0,
    "surgeon_schedule": {
        "1": [
            42
        ],
        "3": [
            19,
            20
        ],
        "4": [
            15,
            26,
            30,
            49
        ],
        "8": [
            36
        ],
        "9": [
            3,
            10
        ]
    },
    "patient_schedule": {
        "1": 42,
        "25": 42,
        "47": 42,
        "27": 19,
        "6": 20,
        "44": 20,
        "2": 15,
        "36": 15,
        "37": 26,
        "42": 26,
        "39": 30,
        "49": 30,
        "32": 49,
        "45": 49,
        "16": 36,
        "28": 36,
        "31": 36,
        "11": 3,
        "22": 3,
        "35": 3,
        "4": 10,
        "29": 10
    },
    "instance": null,
    "parameters": null,
    "parameters_data": null,
    "patients": null,
    "capacity": null,
    "num_days": null,
    "num_ORs": null,
    "num_surgeons": null,
    "initial_heuristics_time": 0.0,
    "gap": null
}