{
    "proved_optimal": true,
    "obj": 21,
    "relax_obj": -32,
    "num_LCs": 0,
    "num_callbacks": 0,
    "num_CG_iterations": 17,
    "num_columns": 180,
    "num_nodes": 3,
    "overall_time": 5.385854244232178,
    "callback_time": 0.0,
    "subproblem_time": 2.0219428539276123,
    "mp_time": 3.3467609882354736,
    "inh_time": null,
    "ilp_time": 0.0,
    "surgeon_schedule": {
        "0": [
            14,
            39
        ],
        "2": [
            0,
            10
        ],
        "3": [
            25
        ],
        "4": [
            4,
            20,
            30
        ],
        "6": [
            49
        ],
        "7": [
            9,
            45
        ],
        "9": [
            19,
            35,
            40
        ],
        "10": [
            7,
            17
        ],
        "11": [
            29
        ]
    },
    "patient_schedule": {
        "12": 14,
        "19": 39,
        "33": 39,
        "9": 0,
        "41": 0,
        "18": 10,
        "6": 25,
        "27": 25,
        "44": 25,
        "39": 4,
        "49": 4,
        "2": 20,
        "23": 20,
        "32": 30,
        "45": 30,
        "26": 49,
        "30": 49,
        "24": 9,
        "7": 45,
        "15": 45,
        "20": 45,
        "21": 45,
        "38": 45,
        "22": 19,
        "3": 35,
        "11": 35,
        "4": 40,
        "29": 40,
        "13": 7,
        "8": 17,
        "0": 29,
        "40": 29
    },
    "instance": null,
    "parameters": null,
    "parameters_data": null,
    "patients": null,
    "capacity": null,
    "num_days": null,
    "num_ORs": null,
    "num_surgeons": null,
    "initial_heuristics_time": 0.0,
    "gap": -1.65625
}