{
    "proved_optimal": true,
    "obj": 0,
    "relax_obj": 1.3877787807814457e-17,
    "num_LCs": 65,
    "num_callbacks": 1459,
    "num_CG_iterations": 39,
    "num_columns": 281,
    "num_nodes": 9,
    "overall_time": 27.370973110198975,
    "callback_time": 2.6047794818878174,
    "subproblem_time": 14.897051811218262,
    "mp_time": 12.434526681900024,
    "inh_time": null,
    "ilp_time": 0.0,
    "surgeon_schedule": {
        "1": [
            32
        ],
        "4": [
            0,
            16,
            20,
            39
        ],
        "7": [
            10
        ],
        "8": [
            26
        ],
        "9": [
            9,
            43
        ],
        "11": [
            5
        ]
    },
    "patient_schedule": {
        "1": 32,
        "25": 32,
        "47": 32,
        "39": 0,
        "45": 0,
        "37": 16,
        "42": 16,
        "2": 20,
        "23": 20,
        "32": 39,
        "49": 39,
        "20": 10,
        "21": 10,
        "38": 10,
        "16": 26,
        "28": 26,
        "31": 26,
        "4": 9,
        "29": 9,
        "11": 43,
        "22": 43,
        "35": 43,
        "5": 5,
        "40": 5
    },
    "instance": null,
    "parameters": null,
    "parameters_data": null,
    "patients": null,
    "capacity": null,
    "num_days": null,
    "num_ORs": null,
    "num_surgeons": null,
    "initial_heuristics_time": 0.0,
    "gap": null
}