{
    "proved_optimal": true,
    "obj": 35,
    "relax_obj": 35.0,
    "num_LCs": 29,
    "num_callbacks": 583,
    "num_CG_iterations": 20,
    "num_columns": 220,
    "num_nodes": 1,
    "overall_time": 9.882557392120361,
    "callback_time": 1.173851728439331,
    "subproblem_time": 5.0920937061309814,
    "mp_time": 4.782240867614746,
    "inh_time": null,
    "ilp_time": 0.0,
    "surgeon_schedule": {
        "0": [
            7,
            14,
            30
        ],
        "2": [
            4,
            17
        ],
        "3": [
            9,
            10,
            47
        ],
        "4": [
            49
        ],
        "5": [
            0
        ],
        "6": [
            19,
            29
        ],
        "8": [
            38,
            44
        ],
        "9": [
            40
        ],
        "11": [
            22,
            34
        ]
    },
    "patient_schedule": {
        "19": 7,
        "21": 14,
        "32": 30,
        "15": 4,
        "43": 17,
        "10": 9,
        "11": 10,
        "39": 47,
        "33": 49,
        "28": 0,
        "36": 0,
        "12": 19,
        "18": 19,
        "3": 29,
        "20": 38,
        "22": 38,
        "0": 44,
        "25": 44,
        "1": 40,
        "26": 40,
        "38": 40,
        "13": 22,
        "24": 22,
        "30": 22,
        "41": 22,
        "9": 34,
        "37": 34
    },
    "instance": null,
    "parameters": null,
    "parameters_data": null,
    "patients": null,
    "capacity": null,
    "num_days": null,
    "num_ORs": null,
    "num_surgeons": null,
    "initial_heuristics_time": 0.0,
    "gap": 0.0
}