{
    "proved_optimal": true,
    "obj": 20,
    "relax_obj": -85,
    "num_LCs": 0,
    "num_callbacks": 0,
    "num_CG_iterations": 20,
    "num_columns": 223,
    "num_nodes": 1,
    "overall_time": 8.709460735321045,
    "callback_time": 0.0,
    "subproblem_time": 3.898402452468872,
    "mp_time": 4.800866603851318,
    "inh_time": null,
    "ilp_time": 0.0,
    "surgeon_schedule": {
        "0": [
            29,
            48
        ],
        "1": [
            9
        ],
        "2": [
            20
        ],
        "3": [
            34,
            40
        ],
        "4": [
            17
        ],
        "5": [
            11
        ],
        "6": [
            27,
            38
        ],
        "7": [
            30
        ],
        "8": [
            44
        ],
        "9": [
            7
        ],
        "10": [
            1
        ],
        "11": [
            19,
            24
        ]
    },
    "patient_schedule": {
        "19": 29,
        "21": 48,
        "31": 48,
        "4": 9,
        "15": 20,
        "11": 34,
        "10": 40,
        "33": 17,
        "28": 11,
        "36": 11,
        "44": 11,
        "12": 27,
        "18": 27,
        "3": 38,
        "34": 38,
        "8": 30,
        "20": 44,
        "25": 44,
        "1": 7,
        "26": 7,
        "38": 7,
        "29": 1,
        "35": 1,
        "24": 19,
        "9": 24,
        "13": 24,
        "37": 24
    },
    "instance": null,
    "parameters": null,
    "parameters_data": null,
    "patients": null,
    "capacity": null,
    "num_days": null,
    "num_ORs": null,
    "num_surgeons": null,
    "initial_heuristics_time": 0.0,
    "gap": -1.2352941176470589
}