{
    "proved_optimal": true,
    "obj": 18,
    "relax_obj": -27,
    "num_LCs": 0,
    "num_callbacks": 0,
    "num_CG_iterations": 16,
    "num_columns": 180,
    "num_nodes": 1,
    "overall_time": 4.490327596664429,
    "callback_time": 0.0,
    "subproblem_time": 1.813218355178833,
    "mp_time": 2.669930934906006,
    "inh_time": null,
    "ilp_time": 0.0,
    "surgeon_schedule": {
        "0": [
            11,
            20,
            34
        ],
        "3": [
            1,
            49
        ],
        "5": [
            25
        ],
        "6": [
            7,
            38
        ],
        "8": [
            18,
            29
        ],
        "9": [
            47
        ],
        "11": [
            9,
            30,
            41
        ]
    },
    "patient_schedule": {
        "21": 11,
        "31": 11,
        "19": 20,
        "32": 34,
        "10": 1,
        "11": 1,
        "39": 49,
        "17": 25,
        "28": 25,
        "36": 25,
        "12": 7,
        "18": 7,
        "3": 38,
        "34": 38,
        "20": 18,
        "22": 18,
        "0": 29,
        "25": 29,
        "1": 47,
        "26": 47,
        "38": 47,
        "13": 9,
        "30": 9,
        "37": 9,
        "24": 30,
        "9": 41,
        "41": 41
    },
    "instance": null,
    "parameters": null,
    "parameters_data": null,
    "patients": null,
    "capacity": null,
    "num_days": null,
    "num_ORs": null,
    "num_surgeons": null,
    "initial_heuristics_time": 0.0,
    "gap": -1.6666666666666667
}