{
    "proved_optimal": true,
    "obj": 49,
    "relax_obj": 49.0,
    "num_LCs": 5,
    "num_callbacks": 1158,
    "num_CG_iterations": 31,
    "num_columns": 268,
    "num_nodes": 11,
    "overall_time": 21.1145601272583,
    "callback_time": 2.2130818367004395,
    "subproblem_time": 11.405685186386108,
    "mp_time": 9.669739484786987,
    "inh_time": null,
    "ilp_time": 0.0,
    "surgeon_schedule": {
        "0": [
            1,
            27
        ],
        "2": [
            17,
            21,
            34
        ],
        "3": [
            7,
            29
        ],
        "5": [
            11
        ],
        "6": [
            30
        ],
        "8": [
            38,
            49
        ],
        "9": [
            19
        ],
        "10": [
            42
        ],
        "11": [
            9
        ]
    },
    "patient_schedule": {
        "21": 1,
        "31": 1,
        "19": 27,
        "43": 17,
        "15": 21,
        "16": 21,
        "6": 34,
        "11": 7,
        "10": 29,
        "17": 11,
        "28": 11,
        "36": 11,
        "3": 30,
        "18": 30,
        "20": 38,
        "22": 38,
        "0": 49,
        "25": 49,
        "1": 19,
        "26": 19,
        "38": 19,
        "2": 42,
        "29": 42,
        "13": 9,
        "30": 9,
        "37": 9
    },
    "instance": null,
    "parameters": null,
    "parameters_data": null,
    "patients": null,
    "capacity": null,
    "num_days": null,
    "num_ORs": null,
    "num_surgeons": null,
    "initial_heuristics_time": 0.0,
    "gap": 0.0
}