{
    "proved_optimal": true,
    "obj": 18,
    "relax_obj": 18.0,
    "num_LCs": 0,
    "num_callbacks": 0,
    "num_CG_iterations": 17,
    "num_columns": 153,
    "num_nodes": 7,
    "overall_time": 5.699382543563843,
    "callback_time": 0.0,
    "subproblem_time": 1.743499755859375,
    "mp_time": 3.940186023712158,
    "inh_time": null,
    "ilp_time": 0.0,
    "surgeon_schedule": {
        "3": [
            4,
            10,
            34
        ],
        "4": [
            24,
            30
        ],
        "5": [
            18
        ],
        "6": [
            0,
            45
        ],
        "7": [
            27,
            40
        ],
        "8": [
            8,
            29
        ],
        "9": [
            49
        ],
        "11": [
            14,
            20,
            38
        ]
    },
    "patient_schedule": {
        "11": 4,
        "10": 10,
        "39": 34,
        "42": 24,
        "33": 30,
        "28": 18,
        "36": 18,
        "44": 18,
        "12": 0,
        "18": 0,
        "3": 45,
        "34": 45,
        "27": 27,
        "8": 40,
        "20": 8,
        "22": 8,
        "0": 29,
        "25": 29,
        "1": 49,
        "26": 49,
        "38": 49,
        "9": 14,
        "37": 14,
        "13": 20,
        "24": 20,
        "30": 38,
        "41": 38
    },
    "instance": null,
    "parameters": null,
    "parameters_data": null,
    "patients": null,
    "capacity": null,
    "num_days": null,
    "num_ORs": null,
    "num_surgeons": null,
    "initial_heuristics_time": 0.0,
    "gap": 0.0
}