{
    "proved_optimal": true,
    "obj": 21,
    "relax_obj": 20.333333333333332,
    "num_LCs": 0,
    "num_callbacks": 0,
    "num_CG_iterations": 21,
    "num_columns": 215,
    "num_nodes": 1,
    "overall_time": 18.239059925079346,
    "callback_time": 0.0,
    "subproblem_time": 11.770050525665283,
    "mp_time": 6.457155704498291,
    "inh_time": null,
    "ilp_time": 0.0,
    "surgeon_schedule": {
        "0": [
            4,
            18
        ],
        "1": [
            36
        ],
        "2": [
            26,
            49
        ],
        "5": [
            45
        ],
        "6": [
            11,
            30
        ],
        "8": [
            8,
            40
        ],
        "9": [
            20
        ],
        "11": [
            0
        ]
    },
    "patient_schedule": {
        "19": 4,
        "21": 18,
        "31": 18,
        "4": 36,
        "7": 36,
        "6": 26,
        "14": 26,
        "15": 26,
        "43": 49,
        "28": 45,
        "36": 45,
        "44": 45,
        "12": 11,
        "34": 11,
        "3": 30,
        "18": 30,
        "20": 8,
        "22": 8,
        "0": 40,
        "25": 40,
        "1": 20,
        "26": 20,
        "38": 20,
        "13": 0,
        "30": 0,
        "37": 0
    },
    "instance": null,
    "parameters": null,
    "parameters_data": null,
    "patients": null,
    "capacity": null,
    "num_days": null,
    "num_ORs": null,
    "num_surgeons": null,
    "initial_heuristics_time": 0.0,
    "gap": 0.0327868852459017
}