{
    "proved_optimal": true,
    "obj": 35,
    "relax_obj": 35.0,
    "num_LCs": 0,
    "num_callbacks": 0,
    "num_CG_iterations": 17,
    "num_columns": 175,
    "num_nodes": 1,
    "overall_time": 4.728168249130249,
    "callback_time": 0.0,
    "subproblem_time": 2.1707746982574463,
    "mp_time": 2.550138473510742,
    "inh_time": null,
    "ilp_time": 0.0,
    "surgeon_schedule": {
        "0": [
            24,
            39
        ],
        "2": [
            19,
            20,
            44
        ],
        "3": [
            14,
            37,
            40
        ],
        "4": [
            49
        ],
        "5": [
            47
        ],
        "6": [
            10,
            29
        ],
        "8": [
            0,
            31
        ],
        "9": [
            27
        ],
        "11": [
            6,
            17
        ]
    },
    "patient_schedule": {
        "32": 24,
        "21": 39,
        "6": 19,
        "43": 20,
        "15": 44,
        "10": 14,
        "11": 37,
        "39": 40,
        "33": 49,
        "28": 47,
        "36": 47,
        "3": 10,
        "12": 29,
        "18": 29,
        "0": 0,
        "25": 0,
        "20": 31,
        "22": 31,
        "1": 27,
        "26": 27,
        "38": 27,
        "24": 6,
        "30": 6,
        "37": 6,
        "41": 6,
        "9": 17,
        "13": 17
    },
    "instance": null,
    "parameters": null,
    "parameters_data": null,
    "patients": null,
    "capacity": null,
    "num_days": null,
    "num_ORs": null,
    "num_surgeons": null,
    "initial_heuristics_time": 0.0,
    "gap": 0.0
}