{
    "proved_optimal": true,
    "obj": 2,
    "relax_obj": 1.3333333333333333,
    "num_LCs": 34,
    "num_callbacks": 815,
    "num_CG_iterations": 22,
    "num_columns": 229,
    "num_nodes": 1,
    "overall_time": 18.34342312812805,
    "callback_time": 1.666593074798584,
    "subproblem_time": 13.156809568405151,
    "mp_time": 5.177429914474487,
    "inh_time": null,
    "ilp_time": 0.0,
    "surgeon_schedule": {
        "0": [
            1,
            49
        ],
        "1": [
            13
        ],
        "2": [
            31,
            47
        ],
        "3": [
            44
        ],
        "8": [
            8,
            20
        ],
        "9": [
            40
        ],
        "10": [
            26,
            38
        ]
    },
    "patient_schedule": {
        "21": 1,
        "31": 1,
        "19": 49,
        "7": 13,
        "23": 13,
        "15": 31,
        "16": 31,
        "43": 47,
        "10": 44,
        "20": 8,
        "22": 8,
        "0": 20,
        "25": 20,
        "1": 40,
        "26": 40,
        "38": 40,
        "2": 26,
        "29": 26,
        "5": 38
    },
    "instance": null,
    "parameters": null,
    "parameters_data": null,
    "patients": null,
    "capacity": null,
    "num_days": null,
    "num_ORs": null,
    "num_surgeons": null,
    "initial_heuristics_time": 0.0,
    "gap": 0.5000000000000001
}