{
    "proved_optimal": true,
    "obj": 2,
    "relax_obj": 1.3333333333333333,
    "num_LCs": 33,
    "num_callbacks": 771,
    "num_CG_iterations": 20,
    "num_columns": 211,
    "num_nodes": 1,
    "overall_time": 13.91897988319397,
    "callback_time": 1.5854222774505615,
    "subproblem_time": 9.454211235046387,
    "mp_time": 4.456820487976074,
    "inh_time": null,
    "ilp_time": 0.0,
    "surgeon_schedule": {
        "0": [
            7
        ],
        "1": [
            33
        ],
        "2": [
            9,
            13,
            20
        ],
        "8": [
            28,
            49
        ],
        "9": [
            24
        ],
        "10": [
            1,
            42
        ]
    },
    "patient_schedule": {
        "19": 7,
        "7": 33,
        "23": 33,
        "43": 9,
        "15": 13,
        "16": 13,
        "40": 13,
        "6": 20,
        "20": 28,
        "22": 28,
        "0": 49,
        "25": 49,
        "1": 24,
        "26": 24,
        "38": 24,
        "5": 1,
        "2": 42,
        "29": 42
    },
    "instance": null,
    "parameters": null,
    "parameters_data": null,
    "patients": null,
    "capacity": null,
    "num_days": null,
    "num_ORs": null,
    "num_surgeons": null,
    "initial_heuristics_time": 0.0,
    "gap": 0.5000000000000001
}