{
    "proved_optimal": true,
    "obj": 20,
    "relax_obj": -82,
    "num_LCs": 0,
    "num_callbacks": 0,
    "num_CG_iterations": 19,
    "num_columns": 203,
    "num_nodes": 3,
    "overall_time": 7.363872528076172,
    "callback_time": 0.0,
    "subproblem_time": 2.849613666534424,
    "mp_time": 4.498892068862915,
    "inh_time": null,
    "ilp_time": 0.0,
    "surgeon_schedule": {
        "0": [
            31,
            40
        ],
        "1": [
            27
        ],
        "2": [
            7,
            14,
            21
        ],
        "3": [
            1,
            49
        ],
        "4": [
            19
        ],
        "5": [
            17
        ],
        "6": [
            9
        ],
        "8": [
            39
        ],
        "9": [
            10
        ],
        "11": [
            29,
            37,
            45
        ]
    },
    "patient_schedule": {
        "21": 31,
        "31": 31,
        "19": 40,
        "4": 27,
        "6": 7,
        "43": 14,
        "15": 21,
        "16": 21,
        "10": 1,
        "11": 1,
        "39": 49,
        "42": 19,
        "28": 17,
        "36": 17,
        "12": 9,
        "18": 9,
        "20": 39,
        "25": 39,
        "1": 10,
        "26": 10,
        "38": 10,
        "9": 29,
        "37": 29,
        "24": 37,
        "13": 45,
        "30": 45,
        "41": 45
    },
    "instance": null,
    "parameters": null,
    "parameters_data": null,
    "patients": null,
    "capacity": null,
    "num_days": null,
    "num_ORs": null,
    "num_surgeons": null,
    "initial_heuristics_time": 0.0,
    "gap": -1.2439024390243902
}