{
    "proved_optimal": true,
    "obj": 18,
    "relax_obj": 18.0,
    "num_LCs": 8,
    "num_callbacks": 385,
    "num_CG_iterations": 14,
    "num_columns": 156,
    "num_nodes": 1,
    "overall_time": 5.772563219070435,
    "callback_time": 0.7911636829376221,
    "subproblem_time": 3.0555667877197266,
    "mp_time": 2.711163282394409,
    "inh_time": null,
    "ilp_time": 0.0,
    "surgeon_schedule": {
        "1": [
            27
        ],
        "3": [
            17,
            29,
            47
        ],
        "4": [
            41
        ],
        "5": [
            11
        ],
        "6": [
            19,
            38
        ],
        "8": [
            4,
            31
        ],
        "9": [
            0
        ],
        "10": [
            7
        ],
        "11": [
            9,
            21,
            49
        ]
    },
    "patient_schedule": {
        "4": 27,
        "11": 17,
        "39": 29,
        "10": 47,
        "33": 41,
        "42": 41,
        "17": 11,
        "28": 11,
        "36": 11,
        "3": 19,
        "18": 19,
        "12": 38,
        "34": 38,
        "0": 4,
        "25": 4,
        "20": 31,
        "22": 31,
        "1": 0,
        "26": 0,
        "38": 0,
        "35": 7,
        "30": 9,
        "37": 9,
        "9": 21,
        "13": 21,
        "41": 21,
        "24": 49
    },
    "instance": null,
    "parameters": null,
    "parameters_data": null,
    "patients": null,
    "capacity": null,
    "num_days": null,
    "num_ORs": null,
    "num_surgeons": null,
    "initial_heuristics_time": 0.0,
    "gap": 0.0
}