{
    "proved_optimal": true,
    "obj": 18,
    "relax_obj": -82,
    "num_LCs": 0,
    "num_callbacks": 0,
    "num_CG_iterations": 18,
    "num_columns": 204,
    "num_nodes": 1,
    "overall_time": 5.208839654922485,
    "callback_time": 0.0,
    "subproblem_time": 1.9341199398040771,
    "mp_time": 3.265813112258911,
    "inh_time": null,
    "ilp_time": 0.0,
    "surgeon_schedule": {
        "0": [
            5,
            39
        ],
        "2": [
            17,
            31,
            40
        ],
        "3": [
            9,
            24
        ],
        "4": [
            19
        ],
        "5": [
            10
        ],
        "6": [
            49
        ],
        "7": [
            14,
            27
        ],
        "8": [
            20
        ],
        "9": [
            0
        ],
        "11": [
            29,
            37,
            45
        ]
    },
    "patient_schedule": {
        "21": 5,
        "31": 5,
        "19": 39,
        "43": 17,
        "15": 31,
        "16": 31,
        "6": 40,
        "11": 9,
        "10": 24,
        "42": 19,
        "28": 10,
        "36": 10,
        "12": 49,
        "18": 49,
        "8": 14,
        "27": 27,
        "20": 20,
        "25": 20,
        "1": 0,
        "26": 0,
        "38": 0,
        "9": 29,
        "37": 29,
        "24": 37,
        "13": 45,
        "30": 45,
        "41": 45
    },
    "instance": null,
    "parameters": null,
    "parameters_data": null,
    "patients": null,
    "capacity": null,
    "num_days": null,
    "num_ORs": null,
    "num_surgeons": null,
    "initial_heuristics_time": 0.0,
    "gap": -1.2195121951219512
}