{
    "proved_optimal": false,
    "obj": 43,
    "relax_obj": 42.0,
    "num_LCs": 0,
    "num_callbacks": 0,
    "num_CG_iterations": 1307,
    "num_columns": 3230,
    "num_nodes": 319,
    "overall_time": 1200.3193583488464,
    "callback_time": 0.0,
    "subproblem_time": 391.76405906677246,
    "mp_time": 806.9118168354034,
    "inh_time": null,
    "ilp_time": 0.0,
    "surgeon_schedule": {
        "0": [
            28,
            34
        ],
        "2": [
            6,
            39
        ],
        "3": [
            19,
            37,
            47
        ],
        "5": [
            41
        ],
        "6": [
            21,
            49
        ],
        "8": [
            11,
            30
        ],
        "9": [
            17
        ],
        "11": [
            0
        ]
    },
    "patient_schedule": {
        "21": 28,
        "31": 28,
        "19": 34,
        "6": 6,
        "14": 6,
        "15": 6,
        "43": 39,
        "11": 19,
        "10": 37,
        "39": 47,
        "28": 41,
        "36": 41,
        "44": 41,
        "12": 21,
        "34": 21,
        "3": 49,
        "18": 49,
        "20": 11,
        "22": 11,
        "0": 30,
        "25": 30,
        "1": 17,
        "26": 17,
        "38": 17,
        "9": 0,
        "13": 0,
        "37": 0
    },
    "instance": null,
    "parameters": null,
    "parameters_data": null,
    "patients": null,
    "capacity": null,
    "num_days": null,
    "num_ORs": null,
    "num_surgeons": null,
    "initial_heuristics_time": 0.0,
    "gap": 0.023809523809523808
}