{
    "proved_optimal": true,
    "obj": 49,
    "relax_obj": 49.0,
    "num_LCs": 21,
    "num_callbacks": 712,
    "num_CG_iterations": 21,
    "num_columns": 217,
    "num_nodes": 3,
    "overall_time": 13.146362543106079,
    "callback_time": 1.5289196968078613,
    "subproblem_time": 7.865349531173706,
    "mp_time": 5.266374349594116,
    "inh_time": null,
    "ilp_time": 0.0,
    "surgeon_schedule": {
        "0": [
            5,
            29
        ],
        "2": [
            33
        ],
        "3": [
            9,
            40
        ],
        "4": [
            27
        ],
        "5": [
            11
        ],
        "6": [
            0
        ],
        "8": [
            17,
            45
        ],
        "9": [
            49
        ],
        "10": [
            21
        ],
        "11": [
            19
        ]
    },
    "patient_schedule": {
        "21": 5,
        "31": 5,
        "19": 29,
        "6": 33,
        "15": 33,
        "16": 33,
        "43": 33,
        "10": 9,
        "11": 40,
        "42": 27,
        "17": 11,
        "28": 11,
        "36": 11,
        "3": 0,
        "18": 0,
        "0": 17,
        "25": 17,
        "20": 45,
        "22": 45,
        "1": 49,
        "26": 49,
        "38": 49,
        "5": 21,
        "13": 19,
        "30": 19,
        "37": 19
    },
    "instance": null,
    "parameters": null,
    "parameters_data": null,
    "patients": null,
    "capacity": null,
    "num_days": null,
    "num_ORs": null,
    "num_surgeons": null,
    "initial_heuristics_time": 0.0,
    "gap": 0.0
}