{
    "proved_optimal": true,
    "obj": 21,
    "relax_obj": 20.333333333333332,
    "num_LCs": 5,
    "num_callbacks": 906,
    "num_CG_iterations": 23,
    "num_columns": 230,
    "num_nodes": 1,
    "overall_time": 15.465511083602905,
    "callback_time": 2.016906976699829,
    "subproblem_time": 9.891167879104614,
    "mp_time": 5.563461065292358,
    "inh_time": null,
    "ilp_time": 0.0,
    "surgeon_schedule": {
        "0": [
            14
        ],
        "1": [
            2
        ],
        "2": [
            33
        ],
        "3": [
            29
        ],
        "5": [
            41
        ],
        "6": [
            9,
            18
        ],
        "8": [
            20,
            48
        ],
        "9": [
            10
        ],
        "11": [
            25
        ]
    },
    "patient_schedule": {
        "19": 14,
        "4": 2,
        "7": 2,
        "6": 33,
        "14": 33,
        "15": 33,
        "43": 33,
        "10": 29,
        "28": 41,
        "36": 41,
        "44": 41,
        "12": 9,
        "18": 9,
        "3": 18,
        "34": 18,
        "0": 20,
        "25": 20,
        "20": 48,
        "22": 48,
        "1": 10,
        "26": 10,
        "38": 10,
        "9": 25,
        "24": 25,
        "30": 25,
        "37": 25
    },
    "instance": null,
    "parameters": null,
    "parameters_data": null,
    "patients": null,
    "capacity": null,
    "num_days": null,
    "num_ORs": null,
    "num_surgeons": null,
    "initial_heuristics_time": 0.0,
    "gap": 0.0327868852459017
}