{
    "proved_optimal": true,
    "obj": 22,
    "relax_obj": 22.0,
    "num_LCs": 36,
    "num_callbacks": 819,
    "num_CG_iterations": 21,
    "num_columns": 213,
    "num_nodes": 1,
    "overall_time": 16.91660737991333,
    "callback_time": 1.861790657043457,
    "subproblem_time": 11.839561462402344,
    "mp_time": 5.067522764205933,
    "inh_time": null,
    "ilp_time": 0.0,
    "surgeon_schedule": {
        "0": [
            0
        ],
        "2": [
            5,
            10
        ],
        "3": [
            39
        ],
        "5": [
            21
        ],
        "6": [
            19,
            28
        ],
        "8": [
            9,
            31
        ],
        "9": [
            49
        ],
        "10": [
            15,
            42
        ],
        "11": [
            37
        ]
    },
    "patient_schedule": {
        "19": 0,
        "15": 5,
        "16": 5,
        "43": 10,
        "10": 39,
        "17": 21,
        "28": 21,
        "36": 21,
        "12": 19,
        "18": 19,
        "3": 28,
        "34": 28,
        "0": 9,
        "25": 9,
        "20": 31,
        "22": 31,
        "1": 49,
        "26": 49,
        "38": 49,
        "5": 15,
        "2": 42,
        "29": 42,
        "13": 37,
        "30": 37,
        "37": 37
    },
    "instance": null,
    "parameters": null,
    "parameters_data": null,
    "patients": null,
    "capacity": null,
    "num_days": null,
    "num_ORs": null,
    "num_surgeons": null,
    "initial_heuristics_time": 0.0,
    "gap": 0.0
}