{
    "proved_optimal": true,
    "obj": 20,
    "relax_obj": 19.666666666666668,
    "num_LCs": 58,
    "num_callbacks": 2819,
    "num_CG_iterations": 79,
    "num_columns": 359,
    "num_nodes": 19,
    "overall_time": 57.273926734924316,
    "callback_time": 5.039635896682739,
    "subproblem_time": 32.2574508190155,
    "mp_time": 24.959105730056763,
    "inh_time": null,
    "ilp_time": 0.0,
    "surgeon_schedule": {
        "1": [
            38
        ],
        "2": [
            46
        ],
        "3": [
            31
        ],
        "4": [
            1,
            16,
            28
        ],
        "5": [
            24
        ],
        "6": [
            10
        ],
        "7": [
            8
        ],
        "8": [
            20,
            40
        ]
    },
    "patient_schedule": {
        "7": 38,
        "29": 38,
        "34": 38,
        "25": 46,
        "28": 46,
        "8": 31,
        "11": 31,
        "3": 1,
        "42": 1,
        "10": 16,
        "33": 16,
        "23": 28,
        "32": 28,
        "37": 28,
        "4": 24,
        "19": 24,
        "24": 24,
        "31": 10,
        "38": 10,
        "21": 8,
        "26": 8,
        "2": 20,
        "20": 20,
        "22": 40,
        "27": 40
    },
    "instance": null,
    "parameters": null,
    "parameters_data": null,
    "patients": null,
    "capacity": null,
    "num_days": null,
    "num_ORs": null,
    "num_surgeons": null,
    "initial_heuristics_time": 0.0,
    "gap": 0.01694915254237282
}