{
    "proved_optimal": true,
    "obj": 43,
    "relax_obj": -27,
    "num_LCs": 0,
    "num_callbacks": 0,
    "num_CG_iterations": 15,
    "num_columns": 156,
    "num_nodes": 3,
    "overall_time": 3.9127354621887207,
    "callback_time": 0.0,
    "subproblem_time": 1.4251439571380615,
    "mp_time": 2.4748175144195557,
    "inh_time": null,
    "ilp_time": 0.0,
    "surgeon_schedule": {
        "0": [
            10,
            40
        ],
        "1": [
            7,
            38
        ],
        "2": [
            19
        ],
        "3": [
            20
        ],
        "4": [
            17,
            30,
            45
        ],
        "5": [
            1,
            49
        ],
        "6": [
            9
        ],
        "8": [
            14,
            27,
            34
        ],
        "9": [
            24
        ],
        "11": [
            29
        ]
    },
    "patient_schedule": {
        "0": 10,
        "9": 40,
        "17": 7,
        "7": 38,
        "29": 38,
        "34": 38,
        "25": 19,
        "11": 20,
        "3": 17,
        "10": 30,
        "23": 45,
        "32": 45,
        "37": 45,
        "4": 1,
        "19": 1,
        "24": 1,
        "36": 1,
        "6": 49,
        "31": 9,
        "38": 9,
        "2": 14,
        "27": 14,
        "1": 27,
        "20": 34,
        "22": 34,
        "39": 24,
        "13": 29
    },
    "instance": null,
    "parameters": null,
    "parameters_data": null,
    "patients": null,
    "capacity": null,
    "num_days": null,
    "num_ORs": null,
    "num_surgeons": null,
    "initial_heuristics_time": 0.0,
    "gap": -2.5925925925925926
}