{
    "proved_optimal": true,
    "obj": 44,
    "relax_obj": 44.0,
    "num_LCs": 28,
    "num_callbacks": 761,
    "num_CG_iterations": 22,
    "num_columns": 216,
    "num_nodes": 3,
    "overall_time": 16.621944665908813,
    "callback_time": 1.7178571224212646,
    "subproblem_time": 10.201419115066528,
    "mp_time": 6.410025358200073,
    "inh_time": null,
    "ilp_time": 0.0,
    "surgeon_schedule": {
        "1": [
            48
        ],
        "2": [
            16
        ],
        "3": [
            28
        ],
        "4": [
            0,
            31,
            41
        ],
        "5": [
            20,
            37
        ],
        "6": [
            24
        ],
        "7": [
            5
        ],
        "8": [
            9,
            10,
            39
        ]
    },
    "patient_schedule": {
        "7": 48,
        "29": 48,
        "34": 48,
        "25": 16,
        "28": 16,
        "8": 28,
        "11": 28,
        "10": 0,
        "3": 31,
        "23": 31,
        "32": 41,
        "37": 41,
        "42": 41,
        "4": 20,
        "24": 20,
        "6": 37,
        "19": 37,
        "31": 24,
        "38": 24,
        "21": 5,
        "26": 5,
        "22": 9,
        "27": 9,
        "2": 10,
        "20": 10,
        "1": 39
    },
    "instance": null,
    "parameters": null,
    "parameters_data": null,
    "patients": null,
    "capacity": null,
    "num_days": null,
    "num_ORs": null,
    "num_surgeons": null,
    "initial_heuristics_time": 0.0,
    "gap": 0.0
}