{
    "proved_optimal": true,
    "obj": 46,
    "relax_obj": 46.0,
    "num_LCs": 41,
    "num_callbacks": 942,
    "num_CG_iterations": 26,
    "num_columns": 244,
    "num_nodes": 5,
    "overall_time": 21.162055015563965,
    "callback_time": 1.930861234664917,
    "subproblem_time": 14.02451777458191,
    "mp_time": 7.1181488037109375,
    "inh_time": null,
    "ilp_time": 0.0,
    "surgeon_schedule": {
        "0": [
            29
        ],
        "1": [
            38
        ],
        "3": [
            21
        ],
        "4": [
            6,
            11,
            48
        ],
        "5": [
            19
        ],
        "6": [
            0
        ],
        "7": [
            41
        ],
        "8": [
            17,
            27,
            34
        ],
        "10": [
            30
        ]
    },
    "patient_schedule": {
        "9": 29,
        "7": 38,
        "29": 38,
        "34": 38,
        "8": 21,
        "11": 21,
        "10": 6,
        "33": 6,
        "23": 11,
        "32": 11,
        "37": 11,
        "3": 48,
        "42": 48,
        "4": 19,
        "19": 19,
        "24": 19,
        "31": 0,
        "38": 0,
        "21": 41,
        "26": 41,
        "2": 17,
        "20": 17,
        "1": 27,
        "22": 34,
        "27": 34,
        "41": 30
    },
    "instance": null,
    "parameters": null,
    "parameters_data": null,
    "patients": null,
    "capacity": null,
    "num_days": null,
    "num_ORs": null,
    "num_surgeons": null,
    "initial_heuristics_time": 0.0,
    "gap": 0.0
}