{
    "proved_optimal": true,
    "obj": 38,
    "relax_obj": 38.0,
    "num_LCs": 10,
    "num_callbacks": 694,
    "num_CG_iterations": 21,
    "num_columns": 200,
    "num_nodes": 5,
    "overall_time": 13.361080884933472,
    "callback_time": 1.5860481262207031,
    "subproblem_time": 7.622533082962036,
    "mp_time": 5.72648024559021,
    "inh_time": null,
    "ilp_time": 0.0,
    "surgeon_schedule": {
        "1": [
            27,
            31
        ],
        "2": [
            7
        ],
        "3": [
            9
        ],
        "4": [
            16,
            40
        ],
        "5": [
            1,
            49
        ],
        "6": [
            37
        ],
        "7": [
            21
        ],
        "8": [
            10,
            29,
            44
        ],
        "10": [
            39
        ],
        "11": [
            47
        ]
    },
    "patient_schedule": {
        "29": 27,
        "7": 31,
        "17": 31,
        "34": 31,
        "25": 7,
        "11": 9,
        "23": 16,
        "37": 16,
        "42": 16,
        "10": 40,
        "4": 1,
        "19": 1,
        "24": 1,
        "36": 1,
        "6": 49,
        "31": 37,
        "38": 37,
        "21": 21,
        "26": 21,
        "1": 10,
        "2": 29,
        "27": 29,
        "20": 44,
        "22": 44,
        "41": 39,
        "13": 47
    },
    "instance": null,
    "parameters": null,
    "parameters_data": null,
    "patients": null,
    "capacity": null,
    "num_days": null,
    "num_ORs": null,
    "num_surgeons": null,
    "initial_heuristics_time": 0.0,
    "gap": 0.0
}