{
    "proved_optimal": true,
    "obj": 38,
    "relax_obj": 38.0,
    "num_LCs": 8,
    "num_callbacks": 695,
    "num_CG_iterations": 21,
    "num_columns": 200,
    "num_nodes": 5,
    "overall_time": 11.14924931526184,
    "callback_time": 1.2518866062164307,
    "subproblem_time": 6.190811395645142,
    "mp_time": 4.947537422180176,
    "inh_time": null,
    "ilp_time": 0.0,
    "surgeon_schedule": {
        "1": [
            15
        ],
        "2": [
            39
        ],
        "3": [
            20
        ],
        "4": [
            19,
            28,
            31
        ],
        "5": [
            9,
            40
        ],
        "6": [
            37
        ],
        "7": [
            45
        ],
        "8": [
            1,
            24,
            49
        ],
        "9": [
            7
        ],
        "10": [
            10
        ]
    },
    "patient_schedule": {
        "7": 15,
        "29": 15,
        "34": 15,
        "25": 39,
        "11": 20,
        "10": 19,
        "23": 28,
        "32": 28,
        "37": 28,
        "3": 31,
        "42": 31,
        "6": 9,
        "4": 40,
        "19": 40,
        "24": 40,
        "31": 37,
        "38": 37,
        "21": 45,
        "26": 45,
        "5": 1,
        "20": 1,
        "2": 24,
        "22": 24,
        "1": 49,
        "39": 7,
        "41": 10
    },
    "instance": null,
    "parameters": null,
    "parameters_data": null,
    "patients": null,
    "capacity": null,
    "num_days": null,
    "num_ORs": null,
    "num_surgeons": null,
    "initial_heuristics_time": 0.0,
    "gap": 0.0
}