{
    "proved_optimal": true,
    "obj": 0,
    "relax_obj": 0.0,
    "num_LCs": 25,
    "num_callbacks": 762,
    "num_CG_iterations": 21,
    "num_columns": 211,
    "num_nodes": 1,
    "overall_time": 15.919618368148804,
    "callback_time": 1.9774458408355713,
    "subproblem_time": 10.533447504043579,
    "mp_time": 5.3794310092926025,
    "inh_time": null,
    "ilp_time": 0.0,
    "surgeon_schedule": {
        "1": [
            1
        ],
        "2": [
            36
        ],
        "4": [
            16,
            29,
            42
        ],
        "5": [
            10
        ],
        "6": [
            49
        ],
        "7": [
            8,
            22
        ],
        "8": [
            30
        ]
    },
    "patient_schedule": {
        "17": 1,
        "29": 1,
        "34": 1,
        "25": 36,
        "28": 36,
        "23": 16,
        "32": 16,
        "42": 16,
        "3": 29,
        "37": 29,
        "10": 42,
        "33": 42,
        "4": 10,
        "19": 10,
        "24": 10,
        "31": 49,
        "38": 49,
        "21": 8,
        "26": 8,
        "12": 22,
        "30": 22,
        "2": 30,
        "27": 30
    },
    "instance": null,
    "parameters": null,
    "parameters_data": null,
    "patients": null,
    "capacity": null,
    "num_days": null,
    "num_ORs": null,
    "num_surgeons": null,
    "initial_heuristics_time": 0.0,
    "gap": null
}