{
    "proved_optimal": true,
    "obj": 18,
    "relax_obj": -80,
    "num_LCs": 0,
    "num_callbacks": 0,
    "num_CG_iterations": 18,
    "num_columns": 193,
    "num_nodes": 1,
    "overall_time": 13.792283773422241,
    "callback_time": 0.0,
    "subproblem_time": 10.082406997680664,
    "mp_time": 3.701740026473999,
    "inh_time": null,
    "ilp_time": 0.0,
    "surgeon_schedule": {
        "1": [
            38
        ],
        "2": [
            19
        ],
        "3": [
            7
        ],
        "4": [
            12,
            29,
            30
        ],
        "5": [
            9,
            24,
            49
        ],
        "6": [
            27
        ],
        "7": [
            41
        ],
        "8": [
            4,
            34,
            47
        ],
        "10": [
            20
        ],
        "11": [
            0
        ]
    },
    "patient_schedule": {
        "7": 38,
        "17": 38,
        "34": 38,
        "25": 19,
        "11": 7,
        "23": 12,
        "32": 12,
        "42": 12,
        "10": 29,
        "3": 30,
        "37": 30,
        "4": 9,
        "24": 9,
        "36": 24,
        "6": 49,
        "19": 49,
        "31": 27,
        "38": 27,
        "21": 41,
        "26": 41,
        "2": 4,
        "27": 4,
        "1": 34,
        "20": 47,
        "22": 47,
        "41": 20,
        "13": 0
    },
    "instance": null,
    "parameters": null,
    "parameters_data": null,
    "patients": null,
    "capacity": null,
    "num_days": null,
    "num_ORs": null,
    "num_surgeons": null,
    "initial_heuristics_time": 0.0,
    "gap": -1.225
}