{
    "proved_optimal": true,
    "obj": 16,
    "relax_obj": 16.0,
    "num_LCs": 2,
    "num_callbacks": 374,
    "num_CG_iterations": 13,
    "num_columns": 143,
    "num_nodes": 1,
    "overall_time": 4.5757529735565186,
    "callback_time": 0.6664936542510986,
    "subproblem_time": 2.5800178050994873,
    "mp_time": 1.9909703731536865,
    "inh_time": null,
    "ilp_time": 0.0,
    "surgeon_schedule": {
        "0": [
            30,
            49
        ],
        "1": [
            7,
            28
        ],
        "4": [
            17,
            38,
            45
        ],
        "5": [
            10,
            24,
            34
        ],
        "6": [
            19
        ],
        "8": [
            9,
            14,
            40
        ],
        "9": [
            20
        ],
        "10": [
            4
        ],
        "11": [
            0
        ]
    },
    "patient_schedule": {
        "9": 30,
        "0": 49,
        "29": 7,
        "7": 28,
        "17": 28,
        "34": 28,
        "10": 17,
        "3": 38,
        "42": 38,
        "23": 45,
        "32": 45,
        "37": 45,
        "4": 10,
        "24": 10,
        "19": 24,
        "36": 24,
        "6": 34,
        "31": 19,
        "38": 19,
        "2": 9,
        "27": 9,
        "1": 14,
        "20": 40,
        "22": 40,
        "39": 20,
        "41": 4,
        "13": 0
    },
    "instance": null,
    "parameters": null,
    "parameters_data": null,
    "patients": null,
    "capacity": null,
    "num_days": null,
    "num_ORs": null,
    "num_surgeons": null,
    "initial_heuristics_time": 0.0,
    "gap": 0.0
}