{
    "proved_optimal": true,
    "obj": 20,
    "relax_obj": 19.333333333333332,
    "num_LCs": 13,
    "num_callbacks": 838,
    "num_CG_iterations": 22,
    "num_columns": 201,
    "num_nodes": 1,
    "overall_time": 15.283324480056763,
    "callback_time": 1.846482276916504,
    "subproblem_time": 10.610036134719849,
    "mp_time": 4.665040731430054,
    "inh_time": null,
    "ilp_time": 0.0,
    "surgeon_schedule": {
        "1": [
            38
        ],
        "2": [
            2
        ],
        "3": [
            28
        ],
        "4": [
            9,
            11,
            21
        ],
        "5": [
            19
        ],
        "6": [
            17
        ],
        "7": [
            31,
            42
        ],
        "8": [
            49
        ]
    },
    "patient_schedule": {
        "17": 38,
        "29": 38,
        "34": 38,
        "25": 2,
        "28": 2,
        "8": 28,
        "11": 28,
        "10": 9,
        "32": 11,
        "37": 11,
        "42": 11,
        "3": 21,
        "23": 21,
        "4": 19,
        "19": 19,
        "24": 19,
        "31": 17,
        "38": 17,
        "21": 31,
        "26": 31,
        "12": 42,
        "30": 42,
        "22": 49,
        "27": 49
    },
    "instance": null,
    "parameters": null,
    "parameters_data": null,
    "patients": null,
    "capacity": null,
    "num_days": null,
    "num_ORs": null,
    "num_surgeons": null,
    "initial_heuristics_time": 0.0,
    "gap": 0.03448275862068972
}