{
    "proved_optimal": true,
    "obj": 44,
    "relax_obj": 44.0,
    "num_LCs": 11,
    "num_callbacks": 739,
    "num_CG_iterations": 21,
    "num_columns": 207,
    "num_nodes": 3,
    "overall_time": 16.131866455078125,
    "callback_time": 1.8401894569396973,
    "subproblem_time": 10.76712965965271,
    "mp_time": 5.355058193206787,
    "inh_time": null,
    "ilp_time": 0.0,
    "surgeon_schedule": {
        "1": [
            48
        ],
        "2": [
            32
        ],
        "3": [
            41
        ],
        "4": [
            9,
            10,
            26
        ],
        "5": [
            7,
            19
        ],
        "6": [
            0
        ],
        "7": [
            15
        ],
        "8": [
            4,
            20,
            39
        ]
    },
    "patient_schedule": {
        "7": 48,
        "29": 48,
        "34": 48,
        "25": 32,
        "28": 32,
        "8": 41,
        "11": 41,
        "10": 9,
        "3": 10,
        "37": 10,
        "23": 26,
        "32": 26,
        "42": 26,
        "6": 7,
        "4": 19,
        "19": 19,
        "24": 19,
        "31": 0,
        "38": 0,
        "21": 15,
        "26": 15,
        "2": 4,
        "22": 4,
        "20": 20,
        "27": 20,
        "1": 39
    },
    "instance": null,
    "parameters": null,
    "parameters_data": null,
    "patients": null,
    "capacity": null,
    "num_days": null,
    "num_ORs": null,
    "num_surgeons": null,
    "initial_heuristics_time": 0.0,
    "gap": 0.0
}