{
    "proved_optimal": true,
    "obj": 16,
    "relax_obj": 16.0,
    "num_LCs": 13,
    "num_callbacks": 353,
    "num_CG_iterations": 13,
    "num_columns": 144,
    "num_nodes": 1,
    "overall_time": 4.164493560791016,
    "callback_time": 0.6495552062988281,
    "subproblem_time": 2.515831232070923,
    "mp_time": 1.644658088684082,
    "inh_time": null,
    "ilp_time": 0.0,
    "surgeon_schedule": {
        "0": [
            9,
            14
        ],
        "1": [
            7,
            28
        ],
        "2": [
            30
        ],
        "4": [
            17,
            38,
            45
        ],
        "5": [
            10,
            24,
            34
        ],
        "6": [
            4
        ],
        "8": [
            0,
            19,
            40
        ],
        "9": [
            20
        ],
        "11": [
            49
        ]
    },
    "patient_schedule": {
        "0": 9,
        "9": 14,
        "29": 7,
        "7": 28,
        "17": 28,
        "34": 28,
        "25": 30,
        "10": 17,
        "3": 38,
        "42": 38,
        "23": 45,
        "32": 45,
        "37": 45,
        "4": 10,
        "24": 10,
        "19": 24,
        "36": 24,
        "6": 34,
        "31": 4,
        "38": 4,
        "2": 0,
        "20": 0,
        "1": 19,
        "22": 40,
        "27": 40,
        "39": 20,
        "13": 49
    },
    "instance": null,
    "parameters": null,
    "parameters_data": null,
    "patients": null,
    "capacity": null,
    "num_days": null,
    "num_ORs": null,
    "num_surgeons": null,
    "initial_heuristics_time": 0.0,
    "gap": 0.0
}