{
    "proved_optimal": true,
    "obj": 73,
    "relax_obj": -27,
    "num_LCs": 0,
    "num_callbacks": 0,
    "num_CG_iterations": 16,
    "num_columns": 167,
    "num_nodes": 1,
    "overall_time": 4.091883897781372,
    "callback_time": 0.0,
    "subproblem_time": 1.507859230041504,
    "mp_time": 2.578005313873291,
    "inh_time": null,
    "ilp_time": 0.0,
    "surgeon_schedule": {
        "0": [
            20,
            40
        ],
        "1": [
            7,
            48
        ],
        "2": [
            44
        ],
        "4": [
            4,
            11,
            27
        ],
        "5": [
            19,
            24,
            37
        ],
        "6": [
            0
        ],
        "8": [
            9,
            17,
            30
        ],
        "9": [
            34
        ],
        "10": [
            39
        ],
        "11": [
            29
        ]
    },
    "patient_schedule": {
        "0": 20,
        "9": 40,
        "7": 7,
        "17": 48,
        "29": 48,
        "34": 48,
        "25": 44,
        "3": 4,
        "37": 4,
        "32": 11,
        "42": 11,
        "10": 27,
        "4": 19,
        "24": 19,
        "6": 24,
        "19": 37,
        "36": 37,
        "31": 0,
        "38": 0,
        "20": 9,
        "22": 9,
        "1": 17,
        "2": 30,
        "27": 30,
        "39": 34,
        "41": 39,
        "13": 29
    },
    "instance": null,
    "parameters": null,
    "parameters_data": null,
    "patients": null,
    "capacity": null,
    "num_days": null,
    "num_ORs": null,
    "num_surgeons": null,
    "initial_heuristics_time": 0.0,
    "gap": -3.7037037037037037
}