{
    "proved_optimal": true,
    "obj": 36,
    "relax_obj": 36.0,
    "num_LCs": 36,
    "num_callbacks": 500,
    "num_CG_iterations": 17,
    "num_columns": 188,
    "num_nodes": 1,
    "overall_time": 6.596869707107544,
    "callback_time": 0.8199403285980225,
    "subproblem_time": 3.96985125541687,
    "mp_time": 2.6218385696411133,
    "inh_time": null,
    "ilp_time": 0.0,
    "surgeon_schedule": {
        "0": [
            8
        ],
        "1": [
            25,
            40
        ],
        "3": [
            10
        ],
        "4": [
            19,
            29,
            34
        ],
        "5": [
            30
        ],
        "6": [
            46
        ],
        "7": [
            20,
            38
        ],
        "8": [
            1,
            14
        ],
        "10": [
            17
        ]
    },
    "patient_schedule": {
        "0": 8,
        "9": 8,
        "7": 25,
        "17": 25,
        "34": 25,
        "29": 40,
        "11": 10,
        "3": 19,
        "37": 19,
        "32": 29,
        "10": 34,
        "4": 30,
        "19": 30,
        "24": 30,
        "15": 46,
        "31": 46,
        "38": 46,
        "12": 20,
        "21": 38,
        "26": 38,
        "1": 1,
        "2": 1,
        "20": 1,
        "22": 14,
        "27": 14,
        "41": 17
    },
    "instance": null,
    "parameters": null,
    "parameters_data": null,
    "patients": null,
    "capacity": null,
    "num_days": null,
    "num_ORs": null,
    "num_surgeons": null,
    "initial_heuristics_time": 0.0,
    "gap": 0.0
}