{
    "proved_optimal": true,
    "obj": 41,
    "relax_obj": -37,
    "num_LCs": 0,
    "num_callbacks": 0,
    "num_CG_iterations": 16,
    "num_columns": 168,
    "num_nodes": 1,
    "overall_time": 6.349577903747559,
    "callback_time": 0.0,
    "subproblem_time": 3.623079299926758,
    "mp_time": 2.7181780338287354,
    "inh_time": null,
    "ilp_time": 0.0,
    "surgeon_schedule": {
        "0": [
            45
        ],
        "1": [
            9
        ],
        "2": [
            17,
            20
        ],
        "4": [
            29,
            30
        ],
        "5": [
            4
        ],
        "6": [
            0,
            49
        ],
        "7": [
            19
        ],
        "8": [
            7,
            36
        ],
        "9": [
            14
        ],
        "10": [
            10,
            24
        ],
        "11": [
            27,
            40
        ]
    },
    "patient_schedule": {
        "0": 45,
        "10": 45,
        "41": 45,
        "8": 9,
        "14": 9,
        "22": 9,
        "35": 17,
        "16": 20,
        "15": 29,
        "27": 29,
        "47": 30,
        "18": 4,
        "28": 4,
        "29": 4,
        "3": 0,
        "21": 0,
        "23": 0,
        "36": 0,
        "49": 0,
        "6": 49,
        "19": 49,
        "5": 19,
        "31": 19,
        "20": 7,
        "33": 7,
        "1": 36,
        "32": 36,
        "42": 36,
        "52": 36,
        "30": 14,
        "38": 14,
        "17": 10,
        "48": 10,
        "45": 24,
        "25": 27,
        "12": 40,
        "50": 40
    },
    "instance": null,
    "parameters": null,
    "parameters_data": null,
    "patients": null,
    "capacity": null,
    "num_days": null,
    "num_ORs": null,
    "num_surgeons": null,
    "initial_heuristics_time": 0.0,
    "gap": -2.108108108108108
}