{
    "proved_optimal": true,
    "obj": 43,
    "relax_obj": -37,
    "num_LCs": 0,
    "num_callbacks": 0,
    "num_CG_iterations": 18,
    "num_columns": 195,
    "num_nodes": 1,
    "overall_time": 6.290040731430054,
    "callback_time": 0.0,
    "subproblem_time": 2.9718005657196045,
    "mp_time": 3.309896469116211,
    "inh_time": null,
    "ilp_time": 0.0,
    "surgeon_schedule": {
        "0": [
            11
        ],
        "1": [
            49
        ],
        "4": [
            20,
            44
        ],
        "5": [
            1
        ],
        "6": [
            30,
            40
        ],
        "7": [
            34,
            47
        ],
        "8": [
            8,
            25
        ],
        "9": [
            17
        ],
        "10": [
            38
        ],
        "11": [
            19,
            29
        ]
    },
    "patient_schedule": {
        "0": 11,
        "10": 11,
        "41": 11,
        "8": 49,
        "14": 49,
        "22": 49,
        "15": 20,
        "27": 20,
        "47": 44,
        "18": 1,
        "28": 1,
        "29": 1,
        "37": 1,
        "6": 30,
        "19": 30,
        "3": 40,
        "21": 40,
        "23": 40,
        "36": 40,
        "49": 40,
        "5": 34,
        "31": 34,
        "44": 47,
        "1": 8,
        "20": 8,
        "52": 8,
        "32": 25,
        "33": 25,
        "42": 25,
        "30": 17,
        "38": 17,
        "17": 38,
        "45": 38,
        "48": 38,
        "12": 19,
        "25": 19,
        "50": 29
    },
    "instance": null,
    "parameters": null,
    "parameters_data": null,
    "patients": null,
    "capacity": null,
    "num_days": null,
    "num_ORs": null,
    "num_surgeons": null,
    "initial_heuristics_time": 0.0,
    "gap": -2.1621621621621623
}