{
    "proved_optimal": true,
    "obj": 0,
    "relax_obj": 2.7755575615628914e-17,
    "num_LCs": 56,
    "num_callbacks": 926,
    "num_CG_iterations": 24,
    "num_columns": 213,
    "num_nodes": 5,
    "overall_time": 20.623006343841553,
    "callback_time": 2.343191385269165,
    "subproblem_time": 14.052902460098267,
    "mp_time": 6.546008825302124,
    "inh_time": null,
    "ilp_time": 0.0,
    "surgeon_schedule": {
        "1": [
            24
        ],
        "6": [
            0,
            17,
            20,
            49
        ],
        "7": [
            10,
            31
        ],
        "8": [
            19,
            28,
            42
        ],
        "9": [
            38
        ],
        "10": [
            14
        ],
        "11": [
            6
        ]
    },
    "patient_schedule": {
        "8": 24,
        "14": 24,
        "22": 24,
        "3": 0,
        "21": 0,
        "23": 0,
        "36": 0,
        "49": 0,
        "51": 17,
        "40": 20,
        "6": 49,
        "19": 49,
        "5": 10,
        "44": 10,
        "31": 31,
        "39": 31,
        "20": 19,
        "33": 19,
        "11": 28,
        "42": 28,
        "1": 42,
        "32": 42,
        "34": 42,
        "52": 42,
        "13": 38,
        "38": 38,
        "17": 14,
        "48": 14,
        "9": 6,
        "26": 6,
        "50": 6
    },
    "instance": null,
    "parameters": null,
    "parameters_data": null,
    "patients": null,
    "capacity": null,
    "num_days": null,
    "num_ORs": null,
    "num_surgeons": null,
    "initial_heuristics_time": 0.0,
    "gap": null
}