{
    "proved_optimal": true,
    "obj": 17,
    "relax_obj": -111,
    "num_LCs": 0,
    "num_callbacks": 0,
    "num_CG_iterations": 19,
    "num_columns": 207,
    "num_nodes": 1,
    "overall_time": 9.865109920501709,
    "callback_time": 0.0,
    "subproblem_time": 5.146061658859253,
    "mp_time": 4.709188461303711,
    "inh_time": null,
    "ilp_time": 0.0,
    "surgeon_schedule": {
        "0": [
            11
        ],
        "1": [
            30
        ],
        "4": [
            40
        ],
        "5": [
            19,
            24
        ],
        "6": [
            9,
            36
        ],
        "7": [
            17,
            44
        ],
        "8": [
            2,
            27
        ],
        "9": [
            20
        ],
        "10": [
            29
        ],
        "11": [
            48
        ]
    },
    "patient_schedule": {
        "0": 11,
        "10": 11,
        "41": 11,
        "8": 30,
        "14": 30,
        "22": 30,
        "15": 40,
        "47": 40,
        "28": 19,
        "29": 19,
        "18": 24,
        "37": 24,
        "40": 9,
        "3": 36,
        "19": 36,
        "21": 36,
        "23": 36,
        "24": 36,
        "36": 36,
        "49": 36,
        "5": 17,
        "31": 17,
        "44": 44,
        "20": 2,
        "34": 2,
        "42": 2,
        "52": 2,
        "1": 27,
        "33": 27,
        "30": 20,
        "38": 20,
        "17": 29,
        "48": 29,
        "12": 48,
        "26": 48,
        "50": 48
    },
    "instance": null,
    "parameters": null,
    "parameters_data": null,
    "patients": null,
    "capacity": null,
    "num_days": null,
    "num_ORs": null,
    "num_surgeons": null,
    "initial_heuristics_time": 0.0,
    "gap": -1.1531531531531531
}