{
    "proved_optimal": true,
    "obj": 35,
    "relax_obj": -110,
    "num_LCs": 0,
    "num_callbacks": 0,
    "num_CG_iterations": 20,
    "num_columns": 215,
    "num_nodes": 1,
    "overall_time": 9.430148124694824,
    "callback_time": 0.0,
    "subproblem_time": 5.148278713226318,
    "mp_time": 4.2718963623046875,
    "inh_time": null,
    "ilp_time": 0.0,
    "surgeon_schedule": {
        "0": [
            15
        ],
        "1": [
            0
        ],
        "2": [
            24
        ],
        "4": [
            20,
            48
        ],
        "5": [
            39
        ],
        "6": [
            10,
            29,
            40
        ],
        "7": [
            27
        ],
        "8": [
            6,
            30
        ],
        "9": [
            34
        ],
        "10": [
            37,
            44
        ],
        "11": [
            19
        ]
    },
    "patient_schedule": {
        "0": 15,
        "10": 15,
        "41": 15,
        "8": 0,
        "14": 0,
        "22": 0,
        "16": 24,
        "27": 20,
        "47": 20,
        "15": 48,
        "43": 48,
        "18": 39,
        "28": 39,
        "37": 39,
        "3": 10,
        "6": 10,
        "21": 10,
        "49": 10,
        "40": 29,
        "19": 40,
        "23": 40,
        "36": 40,
        "5": 27,
        "31": 27,
        "1": 6,
        "4": 6,
        "42": 6,
        "52": 6,
        "20": 30,
        "33": 30,
        "30": 34,
        "38": 34,
        "17": 37,
        "48": 37,
        "45": 44,
        "12": 19,
        "25": 19
    },
    "instance": null,
    "parameters": null,
    "parameters_data": null,
    "patients": null,
    "capacity": null,
    "num_days": null,
    "num_ORs": null,
    "num_surgeons": null,
    "initial_heuristics_time": 0.0,
    "gap": -1.3181818181818181
}