{
    "proved_optimal": true,
    "obj": 21,
    "relax_obj": 21.0,
    "num_LCs": 9,
    "num_callbacks": 576,
    "num_CG_iterations": 19,
    "num_columns": 204,
    "num_nodes": 1,
    "overall_time": 14.481711626052856,
    "callback_time": 1.854945182800293,
    "subproblem_time": 10.133183479309082,
    "mp_time": 4.339267730712891,
    "inh_time": null,
    "ilp_time": 0.0,
    "surgeon_schedule": {
        "0": [
            8
        ],
        "1": [
            30
        ],
        "4": [
            19
        ],
        "5": [
            34
        ],
        "6": [
            11,
            29,
            39
        ],
        "7": [
            37,
            41
        ],
        "8": [
            1,
            21,
            48
        ],
        "9": [
            17
        ],
        "10": [
            27
        ]
    },
    "patient_schedule": {
        "0": 8,
        "10": 8,
        "41": 8,
        "8": 30,
        "14": 30,
        "22": 30,
        "27": 19,
        "47": 19,
        "18": 34,
        "28": 34,
        "37": 34,
        "3": 11,
        "19": 11,
        "21": 11,
        "36": 11,
        "40": 11,
        "6": 29,
        "23": 29,
        "49": 29,
        "51": 39,
        "5": 37,
        "44": 37,
        "31": 41,
        "39": 41,
        "1": 1,
        "20": 1,
        "52": 1,
        "4": 21,
        "33": 21,
        "42": 21,
        "11": 48,
        "32": 48,
        "30": 17,
        "38": 17,
        "17": 27,
        "48": 27
    },
    "instance": null,
    "parameters": null,
    "parameters_data": null,
    "patients": null,
    "capacity": null,
    "num_days": null,
    "num_ORs": null,
    "num_surgeons": null,
    "initial_heuristics_time": 0.0,
    "gap": 0.0
}