{
    "proved_optimal": true,
    "obj": 1,
    "relax_obj": 0.6666666666666666,
    "num_LCs": 42,
    "num_callbacks": 737,
    "num_CG_iterations": 20,
    "num_columns": 194,
    "num_nodes": 1,
    "overall_time": 15.459521532058716,
    "callback_time": 1.792342185974121,
    "subproblem_time": 11.169962406158447,
    "mp_time": 4.281927585601807,
    "inh_time": null,
    "ilp_time": 0.0,
    "surgeon_schedule": {
        "0": [
            38
        ],
        "1": [
            4
        ],
        "4": [
            10
        ],
        "6": [
            0,
            27,
            48
        ],
        "7": [
            29,
            41
        ],
        "8": [
            8,
            15,
            21
        ],
        "10": [
            19
        ],
        "11": [
            31
        ]
    },
    "patient_schedule": {
        "0": 38,
        "10": 38,
        "41": 38,
        "8": 4,
        "14": 4,
        "22": 4,
        "27": 10,
        "47": 10,
        "3": 0,
        "21": 0,
        "23": 0,
        "36": 0,
        "49": 0,
        "40": 27,
        "6": 48,
        "19": 48,
        "51": 48,
        "5": 29,
        "44": 29,
        "31": 41,
        "39": 41,
        "11": 8,
        "42": 8,
        "32": 15,
        "33": 15,
        "34": 15,
        "1": 21,
        "20": 21,
        "52": 21,
        "17": 19,
        "48": 19,
        "25": 31,
        "26": 31
    },
    "instance": null,
    "parameters": null,
    "parameters_data": null,
    "patients": null,
    "capacity": null,
    "num_days": null,
    "num_ORs": null,
    "num_surgeons": null,
    "initial_heuristics_time": 0.0,
    "gap": 0.5000000000000001
}