{
    "proved_optimal": true,
    "obj": 35,
    "relax_obj": 35.0,
    "num_LCs": 18,
    "num_callbacks": 556,
    "num_CG_iterations": 21,
    "num_columns": 223,
    "num_nodes": 1,
    "overall_time": 12.146229982376099,
    "callback_time": 1.3377196788787842,
    "subproblem_time": 6.7231268882751465,
    "mp_time": 5.414263725280762,
    "inh_time": null,
    "ilp_time": 0.0,
    "surgeon_schedule": {
        "0": [
            21
        ],
        "1": [
            49
        ],
        "2": [
            27
        ],
        "4": [
            17,
            41
        ],
        "5": [
            9
        ],
        "6": [
            10,
            39,
            47
        ],
        "7": [
            37
        ],
        "8": [
            2,
            34
        ],
        "9": [
            29
        ],
        "10": [
            19,
            30
        ],
        "11": [
            14
        ]
    },
    "patient_schedule": {
        "0": 21,
        "10": 21,
        "41": 21,
        "8": 49,
        "14": 49,
        "22": 49,
        "16": 27,
        "27": 17,
        "47": 17,
        "15": 41,
        "43": 41,
        "18": 9,
        "28": 9,
        "37": 9,
        "19": 10,
        "21": 10,
        "23": 10,
        "40": 39,
        "3": 47,
        "6": 47,
        "36": 47,
        "49": 47,
        "5": 37,
        "31": 37,
        "4": 2,
        "20": 2,
        "42": 2,
        "52": 2,
        "1": 34,
        "33": 34,
        "30": 29,
        "38": 29,
        "17": 19,
        "48": 19,
        "45": 30,
        "12": 14,
        "25": 14
    },
    "instance": null,
    "parameters": null,
    "parameters_data": null,
    "patients": null,
    "capacity": null,
    "num_days": null,
    "num_ORs": null,
    "num_surgeons": null,
    "initial_heuristics_time": 0.0,
    "gap": 0.0
}