{
    "proved_optimal": true,
    "obj": 44,
    "relax_obj": 44.0,
    "num_LCs": 9,
    "num_callbacks": 781,
    "num_CG_iterations": 25,
    "num_columns": 234,
    "num_nodes": 7,
    "overall_time": 21.808584690093994,
    "callback_time": 2.3543636798858643,
    "subproblem_time": 14.927480220794678,
    "mp_time": 6.8594934940338135,
    "inh_time": null,
    "ilp_time": 0.0,
    "surgeon_schedule": {
        "0": [
            45
        ],
        "1": [
            30
        ],
        "4": [
            19,
            38
        ],
        "5": [
            29
        ],
        "6": [
            0,
            20,
            49
        ],
        "7": [
            25,
            34
        ],
        "8": [
            8,
            15
        ],
        "9": [
            4
        ],
        "10": [
            40
        ],
        "11": [
            10
        ]
    },
    "patient_schedule": {
        "0": 45,
        "10": 45,
        "41": 45,
        "8": 30,
        "14": 30,
        "22": 30,
        "27": 19,
        "47": 19,
        "15": 38,
        "43": 38,
        "18": 29,
        "28": 29,
        "37": 29,
        "3": 0,
        "21": 0,
        "23": 0,
        "36": 0,
        "49": 0,
        "40": 20,
        "6": 49,
        "19": 49,
        "31": 25,
        "39": 25,
        "5": 34,
        "44": 34,
        "4": 8,
        "33": 8,
        "42": 8,
        "1": 15,
        "20": 15,
        "52": 15,
        "30": 4,
        "38": 4,
        "17": 40,
        "48": 40,
        "12": 10,
        "25": 10
    },
    "instance": null,
    "parameters": null,
    "parameters_data": null,
    "patients": null,
    "capacity": null,
    "num_days": null,
    "num_ORs": null,
    "num_surgeons": null,
    "initial_heuristics_time": 0.0,
    "gap": 0.0
}