{
    "proved_optimal": true,
    "obj": 1,
    "relax_obj": 0.6666666666666666,
    "num_LCs": 50,
    "num_callbacks": 980,
    "num_CG_iterations": 24,
    "num_columns": 213,
    "num_nodes": 3,
    "overall_time": 21.28915047645569,
    "callback_time": 2.115217924118042,
    "subproblem_time": 15.272582530975342,
    "mp_time": 6.003703832626343,
    "inh_time": null,
    "ilp_time": 0.0,
    "surgeon_schedule": {
        "0": [
            41
        ],
        "1": [
            29
        ],
        "4": [
            0
        ],
        "6": [
            4,
            20,
            39,
            49
        ],
        "7": [
            25,
            47
        ],
        "8": [
            8,
            16,
            30
        ],
        "10": [
            10
        ],
        "11": [
            35
        ]
    },
    "patient_schedule": {
        "0": 41,
        "10": 41,
        "41": 41,
        "8": 29,
        "14": 29,
        "22": 29,
        "27": 0,
        "47": 0,
        "3": 4,
        "19": 4,
        "21": 4,
        "36": 4,
        "51": 20,
        "40": 39,
        "6": 49,
        "23": 49,
        "49": 49,
        "31": 25,
        "39": 25,
        "5": 47,
        "44": 47,
        "11": 8,
        "42": 8,
        "1": 16,
        "4": 16,
        "32": 16,
        "52": 16,
        "20": 30,
        "33": 30,
        "17": 10,
        "48": 10,
        "25": 35,
        "26": 35
    },
    "instance": null,
    "parameters": null,
    "parameters_data": null,
    "patients": null,
    "capacity": null,
    "num_days": null,
    "num_ORs": null,
    "num_surgeons": null,
    "initial_heuristics_time": 0.0,
    "gap": 0.5000000000000001
}