{
    "proved_optimal": true,
    "obj": 0,
    "relax_obj": 0.0,
    "num_LCs": 0,
    "num_callbacks": 0,
    "num_CG_iterations": 24,
    "num_columns": 221,
    "num_nodes": 5,
    "overall_time": 14.844064950942993,
    "callback_time": 0.0,
    "subproblem_time": 7.138293266296387,
    "mp_time": 7.68815279006958,
    "inh_time": null,
    "ilp_time": 0.0,
    "surgeon_schedule": {
        "1": [
            24
        ],
        "4": [
            14
        ],
        "6": [
            8,
            10,
            20,
            39
        ],
        "7": [
            0,
            41
        ],
        "8": [
            18,
            28,
            48
        ],
        "10": [
            4
        ],
        "11": [
            32
        ]
    },
    "patient_schedule": {
        "8": 24,
        "14": 24,
        "22": 24,
        "27": 14,
        "47": 14,
        "3": 8,
        "21": 8,
        "23": 8,
        "24": 8,
        "36": 8,
        "40": 10,
        "51": 20,
        "6": 39,
        "19": 39,
        "5": 0,
        "44": 0,
        "31": 41,
        "39": 41,
        "11": 18,
        "42": 18,
        "1": 28,
        "20": 28,
        "52": 28,
        "32": 48,
        "33": 48,
        "34": 48,
        "17": 4,
        "48": 4,
        "9": 32,
        "26": 32,
        "50": 32
    },
    "instance": null,
    "parameters": null,
    "parameters_data": null,
    "patients": null,
    "capacity": null,
    "num_days": null,
    "num_ORs": null,
    "num_surgeons": null,
    "initial_heuristics_time": 0.0,
    "gap": null
}