{
    "proved_optimal": true,
    "obj": 17,
    "relax_obj": 17.0,
    "num_LCs": 44,
    "num_callbacks": 506,
    "num_CG_iterations": 18,
    "num_columns": 194,
    "num_nodes": 1,
    "overall_time": 12.323713302612305,
    "callback_time": 1.3388140201568604,
    "subproblem_time": 7.941949129104614,
    "mp_time": 4.373459577560425,
    "inh_time": null,
    "ilp_time": 0.0,
    "surgeon_schedule": {
        "0": [
            45
        ],
        "1": [
            7
        ],
        "4": [
            9,
            17
        ],
        "5": [
            0,
            39
        ],
        "6": [
            14,
            30
        ],
        "7": [
            4,
            49
        ],
        "8": [
            23
        ],
        "9": [
            37
        ],
        "10": [
            10,
            40
        ],
        "11": [
            19,
            34
        ]
    },
    "patient_schedule": {
        "0": 45,
        "10": 45,
        "41": 45,
        "8": 7,
        "14": 7,
        "22": 7,
        "15": 9,
        "27": 17,
        "47": 17,
        "18": 0,
        "28": 0,
        "29": 0,
        "37": 39,
        "3": 14,
        "19": 14,
        "36": 14,
        "49": 14,
        "6": 30,
        "21": 30,
        "23": 30,
        "31": 4,
        "5": 49,
        "44": 49,
        "1": 23,
        "4": 23,
        "20": 23,
        "33": 23,
        "42": 23,
        "52": 23,
        "30": 37,
        "38": 37,
        "17": 10,
        "48": 10,
        "45": 40,
        "50": 19,
        "12": 34,
        "25": 34
    },
    "instance": null,
    "parameters": null,
    "parameters_data": null,
    "patients": null,
    "capacity": null,
    "num_days": null,
    "num_ORs": null,
    "num_surgeons": null,
    "initial_heuristics_time": 0.0,
    "gap": 0.0
}