{
    "proved_optimal": true,
    "obj": 17,
    "relax_obj": 17.0,
    "num_LCs": 0,
    "num_callbacks": 0,
    "num_CG_iterations": 18,
    "num_columns": 192,
    "num_nodes": 1,
    "overall_time": 6.524383544921875,
    "callback_time": 0.0,
    "subproblem_time": 3.2754600048065186,
    "mp_time": 3.2379167079925537,
    "inh_time": null,
    "ilp_time": 0.0,
    "surgeon_schedule": {
        "0": [
            1
        ],
        "1": [
            49
        ],
        "4": [
            15
        ],
        "5": [
            20,
            30
        ],
        "6": [
            9,
            27
        ],
        "7": [
            7,
            19
        ],
        "8": [
            24,
            42
        ],
        "9": [
            29
        ],
        "10": [
            38
        ],
        "11": [
            10,
            34
        ]
    },
    "patient_schedule": {
        "0": 1,
        "10": 1,
        "41": 1,
        "8": 49,
        "14": 49,
        "22": 49,
        "15": 15,
        "27": 15,
        "47": 15,
        "28": 20,
        "29": 20,
        "18": 30,
        "37": 30,
        "19": 9,
        "23": 9,
        "49": 9,
        "3": 27,
        "6": 27,
        "21": 27,
        "36": 27,
        "5": 7,
        "44": 7,
        "31": 19,
        "1": 24,
        "33": 24,
        "4": 42,
        "20": 42,
        "42": 42,
        "52": 42,
        "30": 29,
        "38": 29,
        "17": 38,
        "45": 38,
        "48": 38,
        "25": 10,
        "12": 34,
        "50": 34
    },
    "instance": null,
    "parameters": null,
    "parameters_data": null,
    "patients": null,
    "capacity": null,
    "num_days": null,
    "num_ORs": null,
    "num_surgeons": null,
    "initial_heuristics_time": 0.0,
    "gap": 0.0
}