{
    "proved_optimal": true,
    "obj": 44,
    "relax_obj": 43.333333333333336,
    "num_LCs": 0,
    "num_callbacks": 0,
    "num_CG_iterations": 20,
    "num_columns": 206,
    "num_nodes": 1,
    "overall_time": 19.3102068901062,
    "callback_time": 0.0,
    "subproblem_time": 14.803683042526245,
    "mp_time": 4.498139142990112,
    "inh_time": null,
    "ilp_time": 0.0,
    "surgeon_schedule": {
        "0": [
            45
        ],
        "1": [
            40
        ],
        "4": [
            19,
            28
        ],
        "5": [
            9
        ],
        "6": [
            14,
            24,
            39,
            49
        ],
        "7": [
            37
        ],
        "8": [
            5,
            17
        ],
        "9": [
            20
        ],
        "10": [
            0,
            10
        ],
        "11": [
            31
        ]
    },
    "patient_schedule": {
        "0": 45,
        "10": 45,
        "41": 45,
        "8": 40,
        "14": 40,
        "22": 40,
        "27": 19,
        "47": 19,
        "15": 28,
        "43": 28,
        "18": 9,
        "28": 9,
        "37": 9,
        "51": 14,
        "6": 24,
        "23": 24,
        "49": 24,
        "3": 39,
        "19": 39,
        "21": 39,
        "36": 39,
        "40": 49,
        "5": 37,
        "44": 37,
        "11": 5,
        "52": 5,
        "20": 17,
        "33": 17,
        "30": 20,
        "38": 20,
        "45": 0,
        "17": 10,
        "48": 10,
        "9": 31,
        "12": 31,
        "50": 31
    },
    "instance": null,
    "parameters": null,
    "parameters_data": null,
    "patients": null,
    "capacity": null,
    "num_days": null,
    "num_ORs": null,
    "num_surgeons": null,
    "initial_heuristics_time": 0.0,
    "gap": 0.01538461538461533
}