{
    "proved_optimal": true,
    "obj": 37,
    "relax_obj": 37.0,
    "num_LCs": 0,
    "num_callbacks": 0,
    "num_CG_iterations": 18,
    "num_columns": 195,
    "num_nodes": 1,
    "overall_time": 5.321308851242065,
    "callback_time": 0.0,
    "subproblem_time": 2.456261157989502,
    "mp_time": 2.85856032371521,
    "inh_time": null,
    "ilp_time": 0.0,
    "surgeon_schedule": {
        "0": [
            11
        ],
        "1": [
            0
        ],
        "4": [
            44
        ],
        "5": [
            4
        ],
        "6": [
            7,
            17,
            29,
            47
        ],
        "7": [
            27
        ],
        "8": [
            9,
            21,
            30,
            49
        ],
        "9": [
            40
        ],
        "10": [
            19,
            34
        ],
        "11": [
            38
        ]
    },
    "patient_schedule": {
        "0": 11,
        "10": 11,
        "41": 11,
        "8": 0,
        "14": 0,
        "22": 0,
        "15": 44,
        "47": 44,
        "18": 4,
        "28": 4,
        "37": 4,
        "40": 7,
        "3": 17,
        "21": 17,
        "23": 17,
        "36": 17,
        "49": 17,
        "6": 29,
        "19": 29,
        "51": 47,
        "5": 27,
        "31": 27,
        "34": 9,
        "11": 21,
        "52": 21,
        "20": 30,
        "33": 30,
        "32": 49,
        "30": 40,
        "38": 40,
        "17": 19,
        "48": 19,
        "45": 34,
        "9": 38,
        "12": 38,
        "50": 38
    },
    "instance": null,
    "parameters": null,
    "parameters_data": null,
    "patients": null,
    "capacity": null,
    "num_days": null,
    "num_ORs": null,
    "num_surgeons": null,
    "initial_heuristics_time": 0.0,
    "gap": 0.0
}