{
    "proved_optimal": true,
    "obj": 17,
    "relax_obj": 17.0,
    "num_LCs": 1,
    "num_callbacks": 445,
    "num_CG_iterations": 17,
    "num_columns": 183,
    "num_nodes": 1,
    "overall_time": 9.558725595474243,
    "callback_time": 1.1556003093719482,
    "subproblem_time": 6.56363844871521,
    "mp_time": 2.986811399459839,
    "inh_time": null,
    "ilp_time": 0.0,
    "surgeon_schedule": {
        "0": [
            5
        ],
        "1": [
            24
        ],
        "4": [
            20,
            44
        ],
        "5": [
            19,
            30
        ],
        "6": [
            0,
            40
        ],
        "7": [
            9,
            47
        ],
        "8": [
            15,
            28
        ],
        "9": [
            34
        ],
        "10": [
            10,
            49
        ],
        "11": [
            38
        ]
    },
    "patient_schedule": {
        "0": 5,
        "10": 5,
        "41": 5,
        "8": 24,
        "14": 24,
        "22": 24,
        "15": 20,
        "27": 44,
        "47": 44,
        "18": 19,
        "28": 19,
        "29": 19,
        "37": 30,
        "3": 0,
        "21": 0,
        "23": 0,
        "36": 0,
        "49": 0,
        "6": 40,
        "19": 40,
        "5": 9,
        "31": 9,
        "44": 47,
        "1": 15,
        "20": 15,
        "42": 15,
        "32": 28,
        "33": 28,
        "52": 28,
        "30": 34,
        "38": 34,
        "17": 10,
        "48": 10,
        "45": 49,
        "12": 38,
        "25": 38,
        "50": 38
    },
    "instance": null,
    "parameters": null,
    "parameters_data": null,
    "patients": null,
    "capacity": null,
    "num_days": null,
    "num_ORs": null,
    "num_surgeons": null,
    "initial_heuristics_time": 0.0,
    "gap": 0.0
}