{
    "proved_optimal": true,
    "obj": 39,
    "relax_obj": 38.5,
    "num_LCs": 50,
    "num_callbacks": 620,
    "num_CG_iterations": 20,
    "num_columns": 213,
    "num_nodes": 1,
    "overall_time": 14.051312446594238,
    "callback_time": 1.875758409500122,
    "subproblem_time": 9.167736768722534,
    "mp_time": 4.874277830123901,
    "inh_time": null,
    "ilp_time": 0.0,
    "surgeon_schedule": {
        "0": [
            28
        ],
        "1": [
            14
        ],
        "2": [
            20
        ],
        "4": [
            39
        ],
        "5": [
            17
        ],
        "6": [
            0,
            10,
            24,
            49
        ],
        "7": [
            9
        ],
        "8": [
            5,
            41
        ],
        "9": [
            47
        ],
        "10": [
            19,
            37
        ],
        "11": [
            31
        ]
    },
    "patient_schedule": {
        "0": 28,
        "10": 28,
        "41": 28,
        "8": 14,
        "14": 14,
        "22": 14,
        "35": 20,
        "15": 39,
        "47": 39,
        "18": 17,
        "28": 17,
        "37": 17,
        "3": 0,
        "21": 0,
        "23": 0,
        "36": 0,
        "49": 0,
        "40": 10,
        "51": 24,
        "6": 49,
        "19": 49,
        "5": 9,
        "31": 9,
        "1": 5,
        "20": 5,
        "32": 5,
        "33": 41,
        "34": 41,
        "52": 41,
        "30": 47,
        "38": 47,
        "45": 19,
        "17": 37,
        "48": 37,
        "12": 31,
        "26": 31,
        "50": 31
    },
    "instance": null,
    "parameters": null,
    "parameters_data": null,
    "patients": null,
    "capacity": null,
    "num_days": null,
    "num_ORs": null,
    "num_surgeons": null,
    "initial_heuristics_time": 0.0,
    "gap": 0.012987012987012988
}