{
    "proved_optimal": true,
    "obj": 35,
    "relax_obj": 35.0,
    "num_LCs": 18,
    "num_callbacks": 741,
    "num_CG_iterations": 27,
    "num_columns": 244,
    "num_nodes": 9,
    "overall_time": 16.41725206375122,
    "callback_time": 1.7927477359771729,
    "subproblem_time": 8.433642387390137,
    "mp_time": 7.9584832191467285,
    "inh_time": null,
    "ilp_time": 0.0,
    "surgeon_schedule": {
        "0": [
            1
        ],
        "1": [
            40
        ],
        "2": [
            9
        ],
        "4": [
            31,
            47
        ],
        "5": [
            44
        ],
        "6": [
            25,
            39
        ],
        "7": [
            37
        ],
        "8": [
            16,
            29
        ],
        "9": [
            20
        ],
        "10": [
            7,
            49
        ],
        "11": [
            10
        ]
    },
    "patient_schedule": {
        "0": 1,
        "10": 1,
        "41": 1,
        "8": 40,
        "14": 40,
        "22": 40,
        "16": 9,
        "15": 31,
        "43": 31,
        "27": 47,
        "47": 47,
        "18": 44,
        "28": 44,
        "37": 44,
        "6": 25,
        "19": 25,
        "40": 25,
        "3": 39,
        "21": 39,
        "23": 39,
        "36": 39,
        "49": 39,
        "5": 37,
        "31": 37,
        "1": 16,
        "4": 16,
        "42": 16,
        "52": 16,
        "20": 29,
        "33": 29,
        "30": 20,
        "38": 20,
        "45": 7,
        "17": 49,
        "48": 49,
        "12": 10,
        "25": 10
    },
    "instance": null,
    "parameters": null,
    "parameters_data": null,
    "patients": null,
    "capacity": null,
    "num_days": null,
    "num_ORs": null,
    "num_surgeons": null,
    "initial_heuristics_time": 0.0,
    "gap": 0.0
}