{
    "proved_optimal": true,
    "obj": 1,
    "relax_obj": 0.25,
    "num_LCs": 17,
    "num_callbacks": 685,
    "num_CG_iterations": 19,
    "num_columns": 196,
    "num_nodes": 1,
    "overall_time": 18.441145420074463,
    "callback_time": 2.0355610847473145,
    "subproblem_time": 14.472588062286377,
    "mp_time": 3.9608516693115234,
    "inh_time": null,
    "ilp_time": 0.0,
    "surgeon_schedule": {
        "1": [
            34
        ],
        "4": [
            20,
            48
        ],
        "6": [
            19,
            24,
            30,
            41
        ],
        "7": [
            28,
            37
        ],
        "8": [
            8,
            12,
            39
        ],
        "9": [
            1
        ]
    },
    "patient_schedule": {
        "8": 34,
        "14": 34,
        "22": 34,
        "27": 20,
        "47": 20,
        "15": 48,
        "43": 48,
        "51": 19,
        "6": 24,
        "23": 24,
        "36": 24,
        "40": 30,
        "3": 41,
        "19": 41,
        "21": 41,
        "24": 41,
        "31": 28,
        "39": 28,
        "5": 37,
        "44": 37,
        "11": 8,
        "32": 8,
        "20": 12,
        "34": 12,
        "42": 12,
        "52": 12,
        "1": 39,
        "33": 39,
        "13": 1,
        "38": 1
    },
    "instance": null,
    "parameters": null,
    "parameters_data": null,
    "patients": null,
    "capacity": null,
    "num_days": null,
    "num_ORs": null,
    "num_surgeons": null,
    "initial_heuristics_time": 0.0,
    "gap": 3.0
}