{
    "proved_optimal": true,
    "obj": 21,
    "relax_obj": 21.0,
    "num_LCs": 0,
    "num_callbacks": 0,
    "num_CG_iterations": 18,
    "num_columns": 181,
    "num_nodes": 1,
    "overall_time": 9.867990016937256,
    "callback_time": 0.0,
    "subproblem_time": 6.341609954833984,
    "mp_time": 3.519423484802246,
    "inh_time": null,
    "ilp_time": 0.0,
    "surgeon_schedule": {
        "0": [
            5
        ],
        "1": [
            44
        ],
        "4": [
            30
        ],
        "5": [
            27
        ],
        "6": [
            9,
            29,
            40
        ],
        "7": [
            0,
            18
        ],
        "8": [
            11,
            24,
            36
        ],
        "9": [
            48
        ],
        "10": [
            20
        ]
    },
    "patient_schedule": {
        "0": 5,
        "10": 5,
        "41": 5,
        "8": 44,
        "14": 44,
        "22": 44,
        "15": 30,
        "27": 30,
        "18": 27,
        "28": 27,
        "37": 27,
        "40": 9,
        "6": 29,
        "19": 29,
        "3": 40,
        "21": 40,
        "23": 40,
        "36": 40,
        "49": 40,
        "5": 0,
        "44": 0,
        "31": 18,
        "39": 18,
        "11": 11,
        "52": 11,
        "20": 24,
        "33": 24,
        "1": 36,
        "4": 36,
        "32": 36,
        "42": 36,
        "13": 48,
        "38": 48,
        "17": 20,
        "48": 20
    },
    "instance": null,
    "parameters": null,
    "parameters_data": null,
    "patients": null,
    "capacity": null,
    "num_days": null,
    "num_ORs": null,
    "num_surgeons": null,
    "initial_heuristics_time": 0.0,
    "gap": 0.0
}