{
    "proved_optimal": true,
    "obj": 43,
    "relax_obj": 43.0,
    "num_LCs": 19,
    "num_callbacks": 591,
    "num_CG_iterations": 20,
    "num_columns": 217,
    "num_nodes": 1,
    "overall_time": 16.58704900741577,
    "callback_time": 1.7543480396270752,
    "subproblem_time": 11.980259656906128,
    "mp_time": 4.598204851150513,
    "inh_time": null,
    "ilp_time": 0.0,
    "surgeon_schedule": {
        "0": [
            25
        ],
        "1": [
            17
        ],
        "4": [
            11,
            30
        ],
        "5": [
            39
        ],
        "6": [
            0,
            20,
            49
        ],
        "7": [
            4
        ],
        "8": [
            19,
            42
        ],
        "9": [
            29
        ],
        "10": [
            35
        ],
        "11": [
            8
        ]
    },
    "patient_schedule": {
        "0": 25,
        "10": 25,
        "41": 25,
        "8": 17,
        "14": 17,
        "22": 17,
        "15": 11,
        "43": 11,
        "27": 30,
        "47": 30,
        "18": 39,
        "28": 39,
        "37": 39,
        "3": 0,
        "21": 0,
        "23": 0,
        "36": 0,
        "49": 0,
        "40": 20,
        "6": 49,
        "19": 49,
        "5": 4,
        "31": 4,
        "20": 19,
        "33": 19,
        "1": 42,
        "4": 42,
        "42": 42,
        "52": 42,
        "30": 29,
        "38": 29,
        "17": 35,
        "45": 35,
        "48": 35,
        "25": 8,
        "26": 8
    },
    "instance": null,
    "parameters": null,
    "parameters_data": null,
    "patients": null,
    "capacity": null,
    "num_days": null,
    "num_ORs": null,
    "num_surgeons": null,
    "initial_heuristics_time": 0.0,
    "gap": 0.0
}