{
    "proved_optimal": true,
    "obj": 21,
    "relax_obj": 21.0,
    "num_LCs": 29,
    "num_callbacks": 549,
    "num_CG_iterations": 17,
    "num_columns": 180,
    "num_nodes": 1,
    "overall_time": 10.54006314277649,
    "callback_time": 1.411982536315918,
    "subproblem_time": 7.464929103851318,
    "mp_time": 3.0682411193847656,
    "inh_time": null,
    "ilp_time": 0.0,
    "surgeon_schedule": {
        "0": [
            41
        ],
        "1": [
            29
        ],
        "4": [
            27
        ],
        "5": [
            49
        ],
        "6": [
            9,
            19,
            24,
            47
        ],
        "7": [
            11,
            20
        ],
        "8": [
            1,
            17,
            32
        ],
        "9": [
            39
        ],
        "10": [
            7
        ]
    },
    "patient_schedule": {
        "0": 41,
        "10": 41,
        "41": 41,
        "8": 29,
        "14": 29,
        "22": 29,
        "27": 27,
        "47": 27,
        "18": 49,
        "28": 49,
        "37": 49,
        "6": 9,
        "19": 9,
        "3": 19,
        "21": 19,
        "23": 19,
        "36": 19,
        "49": 19,
        "40": 24,
        "51": 47,
        "31": 11,
        "39": 11,
        "5": 20,
        "44": 20,
        "11": 1,
        "42": 1,
        "1": 17,
        "33": 17,
        "4": 32,
        "20": 32,
        "32": 32,
        "52": 32,
        "30": 39,
        "38": 39,
        "17": 7,
        "48": 7
    },
    "instance": null,
    "parameters": null,
    "parameters_data": null,
    "patients": null,
    "capacity": null,
    "num_days": null,
    "num_ORs": null,
    "num_surgeons": null,
    "initial_heuristics_time": 0.0,
    "gap": 0.0
}