{
    "proved_optimal": true,
    "obj": 17,
    "relax_obj": -110,
    "num_LCs": 0,
    "num_callbacks": 0,
    "num_CG_iterations": 20,
    "num_columns": 220,
    "num_nodes": 1,
    "overall_time": 7.498238801956177,
    "callback_time": 0.0,
    "subproblem_time": 3.2479233741760254,
    "mp_time": 4.240451335906982,
    "inh_time": null,
    "ilp_time": 0.0,
    "surgeon_schedule": {
        "0": [
            1
        ],
        "1": [
            44
        ],
        "2": [
            14
        ],
        "4": [
            8,
            10
        ],
        "5": [
            27
        ],
        "6": [
            21,
            40
        ],
        "7": [
            47
        ],
        "8": [
            32,
            49
        ],
        "9": [
            19
        ],
        "10": [
            17,
            29
        ],
        "11": [
            39
        ]
    },
    "patient_schedule": {
        "0": 1,
        "10": 1,
        "41": 1,
        "8": 44,
        "14": 44,
        "22": 44,
        "16": 14,
        "43": 8,
        "47": 8,
        "15": 10,
        "27": 10,
        "18": 27,
        "28": 27,
        "37": 27,
        "3": 21,
        "6": 21,
        "19": 21,
        "21": 21,
        "23": 21,
        "36": 21,
        "49": 21,
        "40": 40,
        "5": 47,
        "31": 47,
        "1": 32,
        "34": 32,
        "42": 32,
        "52": 32,
        "20": 49,
        "33": 49,
        "30": 19,
        "38": 19,
        "17": 17,
        "48": 17,
        "45": 29,
        "12": 39,
        "25": 39
    },
    "instance": null,
    "parameters": null,
    "parameters_data": null,
    "patients": null,
    "capacity": null,
    "num_days": null,
    "num_ORs": null,
    "num_surgeons": null,
    "initial_heuristics_time": 0.0,
    "gap": -1.1545454545454545
}