{
    "proved_optimal": true,
    "obj": 35,
    "relax_obj": 35.0,
    "num_LCs": 0,
    "num_callbacks": 0,
    "num_CG_iterations": 18,
    "num_columns": 197,
    "num_nodes": 1,
    "overall_time": 9.87948727607727,
    "callback_time": 0.0,
    "subproblem_time": 5.13361382484436,
    "mp_time": 4.7368786334991455,
    "inh_time": null,
    "ilp_time": 0.0,
    "surgeon_schedule": {
        "0": [
            18
        ],
        "1": [
            4
        ],
        "2": [
            9
        ],
        "4": [
            25,
            30
        ],
        "5": [
            10
        ],
        "6": [
            7,
            39,
            49
        ],
        "7": [
            0
        ],
        "8": [
            14,
            42
        ],
        "9": [
            29
        ],
        "10": [
            20,
            37
        ],
        "11": [
            34
        ]
    },
    "patient_schedule": {
        "0": 18,
        "10": 18,
        "41": 18,
        "8": 4,
        "14": 4,
        "22": 4,
        "16": 9,
        "15": 25,
        "43": 25,
        "27": 30,
        "47": 30,
        "18": 10,
        "28": 10,
        "37": 10,
        "19": 7,
        "21": 7,
        "23": 7,
        "40": 39,
        "3": 49,
        "6": 49,
        "36": 49,
        "49": 49,
        "5": 0,
        "31": 0,
        "1": 14,
        "33": 14,
        "20": 42,
        "34": 42,
        "42": 42,
        "52": 42,
        "30": 29,
        "38": 29,
        "17": 20,
        "48": 20,
        "45": 37,
        "12": 34,
        "25": 34
    },
    "instance": null,
    "parameters": null,
    "parameters_data": null,
    "patients": null,
    "capacity": null,
    "num_days": null,
    "num_ORs": null,
    "num_surgeons": null,
    "initial_heuristics_time": 0.0,
    "gap": 0.0
}