{
    "proved_optimal": true,
    "obj": 21,
    "relax_obj": 21.0,
    "num_LCs": 10,
    "num_callbacks": 955,
    "num_CG_iterations": 26,
    "num_columns": 274,
    "num_nodes": 1,
    "overall_time": 19.165348291397095,
    "callback_time": 2.3473644256591797,
    "subproblem_time": 11.066331148147583,
    "mp_time": 8.08693242073059,
    "inh_time": null,
    "ilp_time": 0.0,
    "surgeon_schedule": {
        "0": [
            33
        ],
        "1": [
            41
        ],
        "2": [
            48
        ],
        "3": [
            1,
            26
        ],
        "5": [
            11
        ],
        "6": [
            20
        ],
        "7": [
            19
        ],
        "8": [
            8
        ],
        "11": [
            17
        ]
    },
    "patient_schedule": {
        "10": 33,
        "29": 33,
        "36": 33,
        "41": 33,
        "34": 41,
        "37": 41,
        "5": 48,
        "40": 48,
        "3": 1,
        "22": 1,
        "48": 1,
        "0": 26,
        "33": 26,
        "35": 26,
        "11": 11,
        "20": 11,
        "31": 11,
        "2": 20,
        "7": 20,
        "23": 20,
        "16": 19,
        "42": 19,
        "47": 19,
        "12": 8,
        "26": 8,
        "43": 8,
        "49": 8,
        "4": 17,
        "18": 17
    },
    "instance": null,
    "parameters": null,
    "parameters_data": null,
    "patients": null,
    "capacity": null,
    "num_days": null,
    "num_ORs": null,
    "num_surgeons": null,
    "initial_heuristics_time": 0.0,
    "gap": 0.0
}