{
    "proved_optimal": true,
    "obj": 40,
    "relax_obj": 39.5,
    "num_LCs": 0,
    "num_callbacks": 0,
    "num_CG_iterations": 19,
    "num_columns": 204,
    "num_nodes": 1,
    "overall_time": 7.006788730621338,
    "callback_time": 0.0,
    "subproblem_time": 2.8796634674072266,
    "mp_time": 4.1202239990234375,
    "inh_time": null,
    "ilp_time": 0.0,
    "surgeon_schedule": {
        "0": [
            49
        ],
        "2": [
            21
        ],
        "3": [
            7,
            10
        ],
        "4": [
            35
        ],
        "5": [
            1
        ],
        "6": [
            30
        ],
        "7": [
            9,
            47
        ],
        "8": [
            28
        ],
        "9": [
            41
        ],
        "10": [
            39
        ],
        "11": [
            16
        ]
    },
    "patient_schedule": {
        "10": 49,
        "36": 49,
        "5": 21,
        "40": 21,
        "22": 7,
        "33": 10,
        "48": 10,
        "6": 35,
        "17": 35,
        "11": 1,
        "20": 1,
        "31": 1,
        "2": 30,
        "7": 30,
        "23": 30,
        "47": 9,
        "16": 47,
        "28": 47,
        "42": 47,
        "12": 28,
        "26": 28,
        "43": 28,
        "49": 28,
        "1": 41,
        "14": 41,
        "8": 39,
        "9": 39,
        "44": 39,
        "4": 16,
        "18": 16,
        "19": 16,
        "25": 16
    },
    "instance": null,
    "parameters": null,
    "parameters_data": null,
    "patients": null,
    "capacity": null,
    "num_days": null,
    "num_ORs": null,
    "num_surgeons": null,
    "initial_heuristics_time": 0.0,
    "gap": 0.012658227848101266
}