{
    "proved_optimal": true,
    "obj": 37,
    "relax_obj": 37.0,
    "num_LCs": 0,
    "num_callbacks": 0,
    "num_CG_iterations": 21,
    "num_columns": 235,
    "num_nodes": 1,
    "overall_time": 10.812206983566284,
    "callback_time": 0.0,
    "subproblem_time": 5.50621771812439,
    "mp_time": 5.298243284225464,
    "inh_time": null,
    "ilp_time": 0.0,
    "surgeon_schedule": {
        "0": [
            41
        ],
        "1": [
            48
        ],
        "2": [
            19,
            28
        ],
        "3": [
            9,
            15,
            34
        ],
        "5": [
            21
        ],
        "6": [
            37
        ],
        "7": [
            30
        ],
        "8": [
            5
        ],
        "9": [
            39
        ],
        "10": [
            0
        ],
        "11": [
            10
        ]
    },
    "patient_schedule": {
        "10": 41,
        "41": 41,
        "34": 48,
        "37": 48,
        "32": 19,
        "5": 28,
        "40": 28,
        "22": 9,
        "0": 15,
        "3": 15,
        "33": 34,
        "48": 34,
        "11": 21,
        "20": 21,
        "31": 21,
        "2": 37,
        "7": 37,
        "23": 37,
        "28": 30,
        "42": 30,
        "47": 30,
        "12": 5,
        "26": 5,
        "43": 5,
        "49": 5,
        "46": 39,
        "8": 0,
        "9": 0,
        "44": 0,
        "18": 10,
        "25": 10
    },
    "instance": null,
    "parameters": null,
    "parameters_data": null,
    "patients": null,
    "capacity": null,
    "num_days": null,
    "num_ORs": null,
    "num_surgeons": null,
    "initial_heuristics_time": 0.0,
    "gap": 0.0
}