{
    "proved_optimal": true,
    "obj": 48,
    "relax_obj": 47.666666666666664,
    "num_LCs": 30,
    "num_callbacks": 923,
    "num_CG_iterations": 28,
    "num_columns": 308,
    "num_nodes": 1,
    "overall_time": 19.345452308654785,
    "callback_time": 2.061931848526001,
    "subproblem_time": 10.842439651489258,
    "mp_time": 8.491223096847534,
    "inh_time": null,
    "ilp_time": 0.0,
    "surgeon_schedule": {
        "0": [
            43
        ],
        "2": [
            28
        ],
        "3": [
            38
        ],
        "4": [
            31
        ],
        "5": [
            11
        ],
        "6": [
            19
        ],
        "7": [
            17
        ],
        "8": [
            21
        ],
        "9": [
            8
        ],
        "11": [
            1
        ]
    },
    "patient_schedule": {
        "10": 43,
        "29": 43,
        "36": 43,
        "41": 43,
        "5": 28,
        "40": 28,
        "3": 38,
        "22": 38,
        "48": 38,
        "6": 31,
        "17": 31,
        "11": 11,
        "20": 11,
        "31": 11,
        "2": 19,
        "7": 19,
        "23": 19,
        "16": 17,
        "28": 17,
        "42": 17,
        "12": 21,
        "26": 21,
        "43": 21,
        "49": 21,
        "1": 8,
        "14": 8,
        "4": 1,
        "19": 1,
        "25": 1
    },
    "instance": null,
    "parameters": null,
    "parameters_data": null,
    "patients": null,
    "capacity": null,
    "num_days": null,
    "num_ORs": null,
    "num_surgeons": null,
    "initial_heuristics_time": 0.0,
    "gap": 0.006993006993007043
}