{
    "proved_optimal": true,
    "obj": 46,
    "relax_obj": 45.333333333333336,
    "num_LCs": 0,
    "num_callbacks": 0,
    "num_CG_iterations": 23,
    "num_columns": 245,
    "num_nodes": 1,
    "overall_time": 12.966859817504883,
    "callback_time": 0.0,
    "subproblem_time": 6.786318063735962,
    "mp_time": 6.171682834625244,
    "inh_time": null,
    "ilp_time": 0.0,
    "surgeon_schedule": {
        "0": [
            29
        ],
        "1": [
            1
        ],
        "2": [
            18
        ],
        "3": [
            11,
            42
        ],
        "5": [
            21
        ],
        "6": [
            49
        ],
        "7": [
            39
        ],
        "8": [
            8
        ],
        "9": [
            35
        ],
        "10": [
            30
        ],
        "11": [
            27
        ]
    },
    "patient_schedule": {
        "10": 29,
        "36": 29,
        "34": 1,
        "37": 1,
        "5": 18,
        "40": 18,
        "0": 11,
        "3": 11,
        "48": 11,
        "22": 42,
        "33": 42,
        "35": 42,
        "11": 21,
        "20": 21,
        "31": 21,
        "2": 49,
        "7": 49,
        "23": 49,
        "16": 39,
        "28": 39,
        "47": 39,
        "12": 8,
        "26": 8,
        "43": 8,
        "49": 8,
        "1": 35,
        "46": 35,
        "8": 30,
        "9": 30,
        "44": 30,
        "4": 27,
        "18": 27
    },
    "instance": null,
    "parameters": null,
    "parameters_data": null,
    "patients": null,
    "capacity": null,
    "num_days": null,
    "num_ORs": null,
    "num_surgeons": null,
    "initial_heuristics_time": 0.0,
    "gap": 0.014705882352941124
}