{
    "proved_optimal": true,
    "obj": 40,
    "relax_obj": 39.5,
    "num_LCs": 11,
    "num_callbacks": 730,
    "num_CG_iterations": 23,
    "num_columns": 252,
    "num_nodes": 1,
    "overall_time": 12.894893884658813,
    "callback_time": 1.6813690662384033,
    "subproblem_time": 6.427443981170654,
    "mp_time": 6.458000898361206,
    "inh_time": null,
    "ilp_time": 0.0,
    "surgeon_schedule": {
        "0": [
            20
        ],
        "2": [
            1
        ],
        "3": [
            19,
            40
        ],
        "4": [
            45
        ],
        "5": [
            15
        ],
        "6": [
            29
        ],
        "7": [
            27
        ],
        "8": [
            31
        ],
        "9": [
            8,
            49
        ],
        "10": [
            10
        ],
        "11": [
            24,
            38
        ]
    },
    "patient_schedule": {
        "10": 20,
        "36": 20,
        "5": 1,
        "40": 1,
        "33": 19,
        "48": 19,
        "22": 40,
        "6": 45,
        "17": 45,
        "11": 15,
        "20": 15,
        "31": 15,
        "2": 29,
        "7": 29,
        "23": 29,
        "16": 27,
        "28": 27,
        "42": 27,
        "12": 31,
        "26": 31,
        "43": 31,
        "49": 31,
        "1": 8,
        "14": 8,
        "46": 49,
        "8": 10,
        "9": 10,
        "44": 10,
        "4": 24,
        "18": 24,
        "19": 38,
        "25": 38
    },
    "instance": null,
    "parameters": null,
    "parameters_data": null,
    "patients": null,
    "capacity": null,
    "num_days": null,
    "num_ORs": null,
    "num_surgeons": null,
    "initial_heuristics_time": 0.0,
    "gap": 0.012658227848101266
}