{
    "proved_optimal": true,
    "obj": 48,
    "relax_obj": 47.666666666666664,
    "num_LCs": 10,
    "num_callbacks": 885,
    "num_CG_iterations": 27,
    "num_columns": 307,
    "num_nodes": 1,
    "overall_time": 16.326711654663086,
    "callback_time": 1.8880863189697266,
    "subproblem_time": 8.61276888847351,
    "mp_time": 7.7037248611450195,
    "inh_time": null,
    "ilp_time": 0.0,
    "surgeon_schedule": {
        "0": [
            13
        ],
        "1": [
            21
        ],
        "2": [
            48
        ],
        "3": [
            38
        ],
        "5": [
            41
        ],
        "6": [
            29
        ],
        "7": [
            27
        ],
        "8": [
            8
        ],
        "9": [
            1
        ],
        "11": [
            31
        ]
    },
    "patient_schedule": {
        "10": 13,
        "29": 13,
        "36": 13,
        "41": 13,
        "34": 21,
        "37": 21,
        "5": 48,
        "40": 48,
        "3": 38,
        "22": 38,
        "48": 38,
        "11": 41,
        "20": 41,
        "31": 41,
        "2": 29,
        "7": 29,
        "23": 29,
        "16": 27,
        "28": 27,
        "42": 27,
        "12": 8,
        "26": 8,
        "43": 8,
        "49": 8,
        "1": 1,
        "14": 1,
        "4": 31,
        "19": 31,
        "25": 31
    },
    "instance": null,
    "parameters": null,
    "parameters_data": null,
    "patients": null,
    "capacity": null,
    "num_days": null,
    "num_ORs": null,
    "num_surgeons": null,
    "initial_heuristics_time": 0.0,
    "gap": 0.006993006993007043
}