{
    "proved_optimal": true,
    "obj": 40,
    "relax_obj": 39.5,
    "num_LCs": 5,
    "num_callbacks": 700,
    "num_CG_iterations": 24,
    "num_columns": 272,
    "num_nodes": 1,
    "overall_time": 10.580647945404053,
    "callback_time": 1.237062692642212,
    "subproblem_time": 5.078190088272095,
    "mp_time": 5.494307994842529,
    "inh_time": null,
    "ilp_time": 0.0,
    "surgeon_schedule": {
        "0": [
            44
        ],
        "1": [
            37
        ],
        "2": [
            31
        ],
        "3": [
            39,
            47
        ],
        "4": [
            11
        ],
        "5": [
            21
        ],
        "6": [
            19
        ],
        "7": [
            17
        ],
        "8": [
            28
        ],
        "9": [
            8
        ],
        "10": [
            49
        ],
        "11": [
            1,
            40
        ]
    },
    "patient_schedule": {
        "10": 44,
        "36": 44,
        "34": 37,
        "5": 31,
        "40": 31,
        "22": 39,
        "33": 47,
        "48": 47,
        "6": 11,
        "17": 11,
        "11": 21,
        "20": 21,
        "31": 21,
        "2": 19,
        "7": 19,
        "23": 19,
        "16": 17,
        "28": 17,
        "42": 17,
        "12": 28,
        "26": 28,
        "43": 28,
        "49": 28,
        "1": 8,
        "14": 8,
        "8": 49,
        "9": 49,
        "44": 49,
        "18": 1,
        "19": 1,
        "4": 40,
        "25": 40
    },
    "instance": null,
    "parameters": null,
    "parameters_data": null,
    "patients": null,
    "capacity": null,
    "num_days": null,
    "num_ORs": null,
    "num_surgeons": null,
    "initial_heuristics_time": 0.0,
    "gap": 0.012658227848101266
}