{
    "proved_optimal": true,
    "obj": 44,
    "relax_obj": -32,
    "num_LCs": 0,
    "num_callbacks": 0,
    "num_CG_iterations": 17,
    "num_columns": 190,
    "num_nodes": 1,
    "overall_time": 5.045254707336426,
    "callback_time": 0.0,
    "subproblem_time": 2.0805916786193848,
    "mp_time": 2.9572222232818604,
    "inh_time": null,
    "ilp_time": 0.0,
    "surgeon_schedule": {
        "0": [
            30
        ],
        "2": [
            17,
            28
        ],
        "3": [
            9,
            14,
            20,
            39
        ],
        "5": [
            5,
            37
        ],
        "6": [
            24
        ],
        "7": [
            10,
            34
        ],
        "8": [
            48
        ],
        "10": [
            19
        ],
        "11": [
            0,
            41
        ]
    },
    "patient_schedule": {
        "10": 30,
        "36": 30,
        "40": 17,
        "5": 28,
        "32": 28,
        "22": 9,
        "0": 14,
        "3": 20,
        "33": 39,
        "48": 39,
        "11": 5,
        "20": 5,
        "31": 5,
        "24": 37,
        "2": 24,
        "7": 24,
        "23": 24,
        "42": 10,
        "16": 34,
        "28": 34,
        "47": 34,
        "12": 48,
        "26": 48,
        "43": 48,
        "49": 48,
        "8": 19,
        "9": 19,
        "44": 19,
        "4": 0,
        "25": 0,
        "18": 41,
        "19": 41
    },
    "instance": null,
    "parameters": null,
    "parameters_data": null,
    "patients": null,
    "capacity": null,
    "num_days": null,
    "num_ORs": null,
    "num_surgeons": null,
    "initial_heuristics_time": 0.0,
    "gap": -2.375
}