{
    "proved_optimal": true,
    "obj": 15,
    "relax_obj": -96,
    "num_LCs": 0,
    "num_callbacks": 0,
    "num_CG_iterations": 22,
    "num_columns": 237,
    "num_nodes": 1,
    "overall_time": 8.662980318069458,
    "callback_time": 0.0,
    "subproblem_time": 3.4436542987823486,
    "mp_time": 5.209066390991211,
    "inh_time": null,
    "ilp_time": 0.0,
    "surgeon_schedule": {
        "0": [
            20
        ],
        "2": [
            28
        ],
        "3": [
            45
        ],
        "4": [
            18
        ],
        "5": [
            38
        ],
        "6": [
            24
        ],
        "7": [
            30
        ],
        "8": [
            11
        ],
        "9": [
            1,
            49
        ],
        "10": [
            40
        ],
        "11": [
            8,
            34
        ]
    },
    "patient_schedule": {
        "10": 20,
        "36": 20,
        "5": 28,
        "40": 28,
        "3": 45,
        "22": 45,
        "48": 45,
        "6": 18,
        "17": 18,
        "11": 38,
        "20": 38,
        "31": 38,
        "2": 24,
        "7": 24,
        "23": 24,
        "16": 30,
        "28": 30,
        "42": 30,
        "12": 11,
        "26": 11,
        "43": 11,
        "49": 11,
        "1": 1,
        "14": 1,
        "46": 49,
        "8": 40,
        "9": 40,
        "44": 40,
        "18": 8,
        "19": 8,
        "4": 34,
        "25": 34
    },
    "instance": null,
    "parameters": null,
    "parameters_data": null,
    "patients": null,
    "capacity": null,
    "num_days": null,
    "num_ORs": null,
    "num_surgeons": null,
    "initial_heuristics_time": 0.0,
    "gap": -1.15625
}