{
    "proved_optimal": true,
    "obj": 48,
    "relax_obj": 47.666666666666664,
    "num_LCs": 0,
    "num_callbacks": 0,
    "num_CG_iterations": 25,
    "num_columns": 252,
    "num_nodes": 1,
    "overall_time": 12.54738736152649,
    "callback_time": 0.0,
    "subproblem_time": 6.156419992446899,
    "mp_time": 6.381538391113281,
    "inh_time": null,
    "ilp_time": 0.0,
    "surgeon_schedule": {
        "0": [
            33
        ],
        "2": [
            41
        ],
        "3": [
            28
        ],
        "4": [
            21
        ],
        "5": [
            1
        ],
        "6": [
            14
        ],
        "7": [
            10
        ],
        "8": [
            8
        ],
        "9": [
            48
        ],
        "11": [
            18
        ]
    },
    "patient_schedule": {
        "10": 33,
        "29": 33,
        "36": 33,
        "41": 33,
        "5": 41,
        "40": 41,
        "3": 28,
        "22": 28,
        "48": 28,
        "6": 21,
        "17": 21,
        "11": 1,
        "20": 1,
        "31": 1,
        "2": 14,
        "7": 14,
        "23": 14,
        "16": 10,
        "28": 10,
        "42": 10,
        "12": 8,
        "26": 8,
        "43": 8,
        "49": 8,
        "1": 48,
        "14": 48,
        "4": 18,
        "19": 18,
        "25": 18
    },
    "instance": null,
    "parameters": null,
    "parameters_data": null,
    "patients": null,
    "capacity": null,
    "num_days": null,
    "num_ORs": null,
    "num_surgeons": null,
    "initial_heuristics_time": 0.0,
    "gap": 0.006993006993007043
}