{
    "proved_optimal": true,
    "obj": 0,
    "relax_obj": -1.3877787807814457e-17,
    "num_LCs": 22,
    "num_callbacks": 971,
    "num_CG_iterations": 26,
    "num_columns": 270,
    "num_nodes": 1,
    "overall_time": 16.543679237365723,
    "callback_time": 2.1061935424804688,
    "subproblem_time": 9.196306705474854,
    "mp_time": 7.337920904159546,
    "inh_time": null,
    "ilp_time": 0.0,
    "surgeon_schedule": {
        "0": [
            43
        ],
        "1": [
            3,
            21
        ],
        "2": [
            11
        ],
        "3": [
            18,
            32
        ],
        "6": [
            29
        ],
        "7": [
            27
        ],
        "11": [
            39
        ]
    },
    "patient_schedule": {
        "10": 43,
        "29": 43,
        "36": 43,
        "41": 43,
        "27": 3,
        "45": 3,
        "34": 21,
        "37": 21,
        "5": 11,
        "40": 11,
        "0": 18,
        "3": 18,
        "48": 18,
        "22": 32,
        "33": 32,
        "35": 32,
        "2": 29,
        "7": 29,
        "23": 29,
        "16": 27,
        "42": 27,
        "47": 27,
        "4": 39,
        "18": 39
    },
    "instance": null,
    "parameters": null,
    "parameters_data": null,
    "patients": null,
    "capacity": null,
    "num_days": null,
    "num_ORs": null,
    "num_surgeons": null,
    "initial_heuristics_time": 0.0,
    "gap": null
}