{
    "proved_optimal": true,
    "obj": 19,
    "relax_obj": -99,
    "num_LCs": 0,
    "num_callbacks": 0,
    "num_CG_iterations": 23,
    "num_columns": 252,
    "num_nodes": 1,
    "overall_time": 7.9387290477752686,
    "callback_time": 0.0,
    "subproblem_time": 2.821788787841797,
    "mp_time": 5.106982469558716,
    "inh_time": null,
    "ilp_time": 0.0,
    "surgeon_schedule": {
        "0": [
            17
        ],
        "1": [
            25
        ],
        "2": [
            9,
            35
        ],
        "3": [
            19,
            20
        ],
        "5": [
            10,
            48
        ],
        "6": [
            14
        ],
        "7": [
            7
        ],
        "8": [
            1
        ],
        "9": [
            29,
            41
        ],
        "10": [
            30
        ],
        "11": [
            39
        ]
    },
    "patient_schedule": {
        "10": 17,
        "36": 17,
        "34": 25,
        "37": 25,
        "32": 9,
        "5": 35,
        "40": 35,
        "3": 19,
        "33": 20,
        "48": 20,
        "24": 10,
        "11": 48,
        "20": 48,
        "31": 48,
        "2": 14,
        "7": 14,
        "23": 14,
        "28": 7,
        "42": 7,
        "47": 7,
        "15": 1,
        "26": 1,
        "49": 1,
        "46": 29,
        "1": 41,
        "14": 41,
        "8": 30,
        "9": 30,
        "44": 30,
        "4": 39,
        "18": 39
    },
    "instance": null,
    "parameters": null,
    "parameters_data": null,
    "patients": null,
    "capacity": null,
    "num_days": null,
    "num_ORs": null,
    "num_surgeons": null,
    "initial_heuristics_time": 0.0,
    "gap": -1.1919191919191918
}