{
    "proved_optimal": true,
    "obj": 18,
    "relax_obj": 18.0,
    "num_LCs": 1,
    "num_callbacks": 463,
    "num_CG_iterations": 18,
    "num_columns": 202,
    "num_nodes": 1,
    "overall_time": 8.724358558654785,
    "callback_time": 1.037217617034912,
    "subproblem_time": 4.0118420124053955,
    "mp_time": 4.7055699825286865,
    "inh_time": null,
    "ilp_time": 0.0,
    "surgeon_schedule": {
        "0": [
            27
        ],
        "3": [
            9,
            17,
            39,
            40
        ],
        "5": [
            0,
            45
        ],
        "6": [
            29
        ],
        "7": [
            7,
            30
        ],
        "8": [
            11
        ],
        "9": [
            19,
            35
        ],
        "10": [
            49
        ],
        "11": [
            4,
            21
        ]
    },
    "patient_schedule": {
        "10": 27,
        "36": 27,
        "0": 9,
        "3": 17,
        "22": 39,
        "33": 40,
        "48": 40,
        "24": 0,
        "11": 45,
        "20": 45,
        "31": 45,
        "2": 29,
        "7": 29,
        "23": 29,
        "47": 7,
        "16": 30,
        "28": 30,
        "42": 30,
        "12": 11,
        "26": 11,
        "43": 11,
        "49": 11,
        "14": 19,
        "1": 35,
        "46": 35,
        "8": 49,
        "9": 49,
        "44": 49,
        "18": 4,
        "25": 4,
        "4": 21,
        "19": 21
    },
    "instance": null,
    "parameters": null,
    "parameters_data": null,
    "patients": null,
    "capacity": null,
    "num_days": null,
    "num_ORs": null,
    "num_surgeons": null,
    "initial_heuristics_time": 0.0,
    "gap": 0.0
}