{
    "proved_optimal": true,
    "obj": 24,
    "relax_obj": 24.0,
    "num_LCs": 46,
    "num_callbacks": 889,
    "num_CG_iterations": 24,
    "num_columns": 258,
    "num_nodes": 1,
    "overall_time": 16.193551063537598,
    "callback_time": 1.8374338150024414,
    "subproblem_time": 9.99733304977417,
    "mp_time": 6.186072111129761,
    "inh_time": null,
    "ilp_time": 0.0,
    "surgeon_schedule": {
        "0": [
            3
        ],
        "1": [
            15
        ],
        "2": [
            41
        ],
        "3": [
            22,
            38
        ],
        "5": [
            48
        ],
        "6": [
            29
        ],
        "7": [
            10
        ],
        "8": [
            31
        ],
        "11": [
            19
        ]
    },
    "patient_schedule": {
        "10": 3,
        "29": 3,
        "36": 3,
        "41": 3,
        "34": 15,
        "37": 15,
        "5": 41,
        "40": 41,
        "0": 22,
        "33": 22,
        "35": 22,
        "3": 38,
        "22": 38,
        "48": 38,
        "11": 48,
        "20": 48,
        "31": 48,
        "2": 29,
        "7": 29,
        "23": 29,
        "16": 10,
        "28": 10,
        "42": 10,
        "12": 31,
        "26": 31,
        "43": 31,
        "49": 31,
        "18": 19,
        "25": 19
    },
    "instance": null,
    "parameters": null,
    "parameters_data": null,
    "patients": null,
    "capacity": null,
    "num_days": null,
    "num_ORs": null,
    "num_surgeons": null,
    "initial_heuristics_time": 0.0,
    "gap": 0.0
}