{
    "proved_optimal": true,
    "obj": 35,
    "relax_obj": -96,
    "num_LCs": 0,
    "num_callbacks": 0,
    "num_CG_iterations": 22,
    "num_columns": 235,
    "num_nodes": 1,
    "overall_time": 7.61974835395813,
    "callback_time": 0.0,
    "subproblem_time": 2.87749981880188,
    "mp_time": 4.733227729797363,
    "inh_time": null,
    "ilp_time": 0.0,
    "surgeon_schedule": {
        "0": [
            49
        ],
        "1": [
            40
        ],
        "2": [
            28
        ],
        "3": [
            21
        ],
        "4": [
            45
        ],
        "5": [
            18
        ],
        "6": [
            34
        ],
        "7": [
            10
        ],
        "8": [
            38
        ],
        "9": [
            8
        ],
        "10": [
            30
        ],
        "11": [
            1,
            14
        ]
    },
    "patient_schedule": {
        "10": 49,
        "36": 49,
        "34": 40,
        "5": 28,
        "40": 28,
        "22": 21,
        "33": 21,
        "48": 21,
        "6": 45,
        "17": 45,
        "11": 18,
        "20": 18,
        "31": 18,
        "2": 34,
        "7": 34,
        "23": 34,
        "16": 10,
        "28": 10,
        "42": 10,
        "12": 38,
        "26": 38,
        "43": 38,
        "49": 38,
        "1": 8,
        "14": 8,
        "8": 30,
        "9": 30,
        "44": 30,
        "19": 1,
        "25": 1,
        "4": 14,
        "18": 14
    },
    "instance": null,
    "parameters": null,
    "parameters_data": null,
    "patients": null,
    "capacity": null,
    "num_days": null,
    "num_ORs": null,
    "num_surgeons": null,
    "initial_heuristics_time": 0.0,
    "gap": -1.3645833333333333
}