{
    "proved_optimal": true,
    "obj": 21,
    "relax_obj": 21.0,
    "num_LCs": 0,
    "num_callbacks": 0,
    "num_CG_iterations": 24,
    "num_columns": 260,
    "num_nodes": 1,
    "overall_time": 17.108240842819214,
    "callback_time": 0.0,
    "subproblem_time": 9.424996376037598,
    "mp_time": 7.669490575790405,
    "inh_time": null,
    "ilp_time": 0.0,
    "surgeon_schedule": {
        "0": [
            3
        ],
        "1": [
            41
        ],
        "2": [
            38
        ],
        "3": [
            26,
            31
        ],
        "5": [
            18
        ],
        "6": [
            47
        ],
        "7": [
            20
        ],
        "8": [
            11
        ],
        "11": [
            49
        ]
    },
    "patient_schedule": {
        "10": 3,
        "29": 3,
        "36": 3,
        "41": 3,
        "34": 41,
        "37": 41,
        "5": 38,
        "40": 38,
        "22": 26,
        "33": 26,
        "35": 26,
        "0": 31,
        "3": 31,
        "48": 31,
        "11": 18,
        "20": 18,
        "31": 18,
        "2": 47,
        "7": 47,
        "23": 47,
        "16": 20,
        "42": 20,
        "47": 20,
        "12": 11,
        "26": 11,
        "43": 11,
        "49": 11,
        "4": 49,
        "18": 49
    },
    "instance": null,
    "parameters": null,
    "parameters_data": null,
    "patients": null,
    "capacity": null,
    "num_days": null,
    "num_ORs": null,
    "num_surgeons": null,
    "initial_heuristics_time": 0.0,
    "gap": 0.0
}