{
    "proved_optimal": true,
    "obj": 21,
    "relax_obj": 21.0,
    "num_LCs": 11,
    "num_callbacks": 784,
    "num_CG_iterations": 21,
    "num_columns": 218,
    "num_nodes": 1,
    "overall_time": 15.156105279922485,
    "callback_time": 2.3957901000976562,
    "subproblem_time": 10.468441486358643,
    "mp_time": 4.680181503295898,
    "inh_time": null,
    "ilp_time": 0.0,
    "surgeon_schedule": {
        "0": [
            19
        ],
        "2": [
            5,
            30
        ],
        "3": [
            0
        ],
        "4": [
            29,
            37
        ],
        "5": [
            9,
            39
        ],
        "7": [
            34,
            41
        ],
        "8": [
            21
        ],
        "9": [
            27,
            48
        ],
        "10": [
            11
        ],
        "11": [
            17
        ]
    },
    "patient_schedule": {
        "3": 19,
        "60": 19,
        "13": 5,
        "21": 5,
        "37": 5,
        "36": 30,
        "46": 30,
        "22": 0,
        "48": 0,
        "16": 29,
        "38": 29,
        "45": 29,
        "47": 29,
        "33": 37,
        "56": 37,
        "29": 9,
        "30": 9,
        "39": 9,
        "10": 39,
        "12": 39,
        "31": 39,
        "14": 34,
        "27": 34,
        "7": 41,
        "11": 41,
        "44": 41,
        "53": 41,
        "23": 21,
        "50": 21,
        "57": 21,
        "2": 27,
        "4": 27,
        "9": 48,
        "54": 48,
        "59": 48,
        "15": 11,
        "49": 11,
        "61": 11,
        "24": 17,
        "52": 17,
        "55": 17
    },
    "instance": null,
    "parameters": null,
    "parameters_data": null,
    "patients": null,
    "capacity": null,
    "num_days": null,
    "num_ORs": null,
    "num_surgeons": null,
    "initial_heuristics_time": 0.0,
    "gap": 0.0
}