{
    "proved_optimal": true,
    "obj": 43,
    "relax_obj": -115,
    "num_LCs": 0,
    "num_callbacks": 0,
    "num_CG_iterations": 19,
    "num_columns": 211,
    "num_nodes": 1,
    "overall_time": 8.160063028335571,
    "callback_time": 0.0,
    "subproblem_time": 4.74046516418457,
    "mp_time": 3.409278392791748,
    "inh_time": null,
    "ilp_time": 0.0,
    "surgeon_schedule": {
        "0": [
            24
        ],
        "1": [
            7
        ],
        "2": [
            15,
            34
        ],
        "3": [
            29,
            30
        ],
        "4": [
            9,
            27
        ],
        "5": [
            0,
            10,
            20,
            47
        ],
        "6": [
            39
        ],
        "7": [
            37,
            40
        ],
        "8": [
            49
        ],
        "9": [
            4
        ],
        "10": [
            19
        ],
        "11": [
            44
        ]
    },
    "patient_schedule": {
        "41": 24,
        "60": 24,
        "28": 7,
        "13": 15,
        "21": 15,
        "37": 15,
        "1": 34,
        "46": 34,
        "20": 29,
        "22": 30,
        "48": 30,
        "16": 9,
        "33": 9,
        "38": 27,
        "45": 27,
        "47": 27,
        "56": 27,
        "18": 0,
        "39": 0,
        "12": 10,
        "29": 10,
        "31": 10,
        "43": 20,
        "10": 47,
        "30": 47,
        "19": 39,
        "7": 37,
        "53": 37,
        "11": 40,
        "14": 40,
        "23": 49,
        "57": 49,
        "2": 4,
        "4": 4,
        "5": 19,
        "15": 19,
        "24": 44,
        "52": 44,
        "55": 44
    },
    "instance": null,
    "parameters": null,
    "parameters_data": null,
    "patients": null,
    "capacity": null,
    "num_days": null,
    "num_ORs": null,
    "num_surgeons": null,
    "initial_heuristics_time": 0.0,
    "gap": -1.373913043478261
}