{
    "proved_optimal": true,
    "obj": 51,
    "relax_obj": 51.0,
    "num_LCs": 0,
    "num_callbacks": 0,
    "num_CG_iterations": 25,
    "num_columns": 266,
    "num_nodes": 1,
    "overall_time": 17.6697518825531,
    "callback_time": 0.0,
    "subproblem_time": 10.412475109100342,
    "mp_time": 7.248056650161743,
    "inh_time": null,
    "ilp_time": 0.0,
    "surgeon_schedule": {
        "1": [
            16
        ],
        "2": [
            29,
            48
        ],
        "3": [
            41
        ],
        "4": [
            25
        ],
        "5": [
            8,
            10
        ],
        "7": [
            32
        ],
        "8": [
            20
        ],
        "9": [
            4
        ],
        "10": [
            39
        ],
        "11": [
            0
        ]
    },
    "patient_schedule": {
        "26": 16,
        "28": 16,
        "58": 16,
        "36": 29,
        "46": 29,
        "1": 48,
        "13": 48,
        "21": 48,
        "20": 41,
        "22": 41,
        "48": 41,
        "16": 25,
        "33": 25,
        "38": 25,
        "45": 25,
        "47": 25,
        "56": 25,
        "18": 8,
        "31": 8,
        "43": 8,
        "10": 10,
        "30": 10,
        "39": 10,
        "7": 32,
        "11": 32,
        "14": 32,
        "27": 32,
        "44": 32,
        "53": 32,
        "23": 20,
        "57": 20,
        "2": 4,
        "4": 4,
        "5": 39,
        "61": 39,
        "24": 0,
        "52": 0,
        "55": 0
    },
    "instance": null,
    "parameters": null,
    "parameters_data": null,
    "patients": null,
    "capacity": null,
    "num_days": null,
    "num_ORs": null,
    "num_surgeons": null,
    "initial_heuristics_time": 0.0,
    "gap": 0.0
}