{
    "proved_optimal": true,
    "obj": 45,
    "relax_obj": 45.0,
    "num_LCs": 5,
    "num_callbacks": 564,
    "num_CG_iterations": 18,
    "num_columns": 202,
    "num_nodes": 1,
    "overall_time": 11.84754467010498,
    "callback_time": 1.599501609802246,
    "subproblem_time": 7.693911552429199,
    "mp_time": 4.147064447402954,
    "inh_time": null,
    "ilp_time": 0.0,
    "surgeon_schedule": {
        "0": [
            10
        ],
        "1": [
            4,
            29,
            34
        ],
        "2": [
            0,
            25
        ],
        "3": [
            14,
            37
        ],
        "4": [
            19
        ],
        "5": [
            39,
            45
        ],
        "6": [
            20
        ],
        "7": [
            17,
            40
        ],
        "8": [
            7
        ],
        "9": [
            49
        ],
        "10": [
            30
        ],
        "11": [
            9
        ]
    },
    "patient_schedule": {
        "41": 10,
        "60": 10,
        "28": 4,
        "26": 29,
        "25": 34,
        "37": 0,
        "46": 0,
        "1": 25,
        "13": 25,
        "21": 25,
        "20": 14,
        "22": 37,
        "48": 37,
        "16": 19,
        "38": 19,
        "45": 19,
        "47": 19,
        "10": 39,
        "30": 39,
        "12": 45,
        "29": 45,
        "31": 45,
        "39": 45,
        "43": 45,
        "19": 20,
        "14": 17,
        "53": 17,
        "7": 40,
        "11": 40,
        "23": 7,
        "57": 7,
        "2": 49,
        "4": 49,
        "5": 30,
        "15": 30,
        "24": 9,
        "52": 9,
        "55": 9
    },
    "instance": null,
    "parameters": null,
    "parameters_data": null,
    "patients": null,
    "capacity": null,
    "num_days": null,
    "num_ORs": null,
    "num_surgeons": null,
    "initial_heuristics_time": 0.0,
    "gap": 0.0
}