{
    "proved_optimal": true,
    "obj": 0,
    "relax_obj": 0.0,
    "num_LCs": 19,
    "num_callbacks": 543,
    "num_CG_iterations": 18,
    "num_columns": 197,
    "num_nodes": 1,
    "overall_time": 14.103599548339844,
    "callback_time": 2.0409653186798096,
    "subproblem_time": 9.903660535812378,
    "mp_time": 4.192832946777344,
    "inh_time": null,
    "ilp_time": 0.0,
    "surgeon_schedule": {
        "0": [
            20
        ],
        "3": [
            3,
            24
        ],
        "5": [
            19,
            34,
            48
        ],
        "8": [
            41
        ],
        "9": [
            12
        ],
        "10": [
            28,
            38
        ],
        "11": [
            30
        ]
    },
    "patient_schedule": {
        "3": 20,
        "60": 20,
        "6": 3,
        "8": 3,
        "20": 3,
        "22": 24,
        "48": 24,
        "18": 19,
        "39": 19,
        "12": 34,
        "43": 34,
        "10": 48,
        "29": 48,
        "31": 48,
        "34": 48,
        "23": 41,
        "50": 41,
        "57": 41,
        "2": 12,
        "4": 12,
        "9": 12,
        "54": 12,
        "59": 12,
        "5": 28,
        "40": 28,
        "15": 38,
        "49": 38,
        "61": 38,
        "24": 30,
        "52": 30,
        "55": 30
    },
    "instance": null,
    "parameters": null,
    "parameters_data": null,
    "patients": null,
    "capacity": null,
    "num_days": null,
    "num_ORs": null,
    "num_surgeons": null,
    "initial_heuristics_time": 0.0,
    "gap": null
}