{
    "proved_optimal": true,
    "obj": 51,
    "relax_obj": 51.0,
    "num_LCs": 46,
    "num_callbacks": 809,
    "num_CG_iterations": 22,
    "num_columns": 235,
    "num_nodes": 1,
    "overall_time": 17.01720094680786,
    "callback_time": 2.2909255027770996,
    "subproblem_time": 12.02664303779602,
    "mp_time": 4.981823444366455,
    "inh_time": null,
    "ilp_time": 0.0,
    "surgeon_schedule": {
        "1": [
            12
        ],
        "2": [
            4,
            41
        ],
        "3": [
            20,
            34
        ],
        "4": [
            30
        ],
        "5": [
            19,
            38,
            49
        ],
        "7": [
            8,
            29
        ],
        "8": [
            0
        ],
        "9": [
            27
        ],
        "10": [
            24
        ],
        "11": [
            47
        ]
    },
    "patient_schedule": {
        "26": 12,
        "28": 12,
        "58": 12,
        "1": 4,
        "46": 4,
        "13": 41,
        "21": 41,
        "37": 41,
        "22": 20,
        "48": 20,
        "20": 34,
        "16": 30,
        "38": 30,
        "45": 30,
        "47": 30,
        "10": 19,
        "32": 19,
        "18": 38,
        "29": 38,
        "43": 38,
        "30": 49,
        "31": 49,
        "39": 49,
        "11": 8,
        "27": 8,
        "44": 8,
        "53": 8,
        "7": 29,
        "14": 29,
        "23": 0,
        "57": 0,
        "2": 27,
        "4": 27,
        "5": 24,
        "61": 24,
        "24": 47,
        "52": 47,
        "55": 47
    },
    "instance": null,
    "parameters": null,
    "parameters_data": null,
    "patients": null,
    "capacity": null,
    "num_days": null,
    "num_ORs": null,
    "num_surgeons": null,
    "initial_heuristics_time": 0.0,
    "gap": 0.0
}