{
    "proved_optimal": true,
    "obj": 45,
    "relax_obj": 45.0,
    "num_LCs": 0,
    "num_callbacks": 0,
    "num_CG_iterations": 19,
    "num_columns": 212,
    "num_nodes": 1,
    "overall_time": 8.816823959350586,
    "callback_time": 0.0,
    "subproblem_time": 4.569682359695435,
    "mp_time": 4.2396979331970215,
    "inh_time": null,
    "ilp_time": 0.0,
    "surgeon_schedule": {
        "0": [
            24
        ],
        "1": [
            27,
            34
        ],
        "2": [
            7,
            48
        ],
        "3": [
            14,
            20
        ],
        "4": [
            30
        ],
        "5": [
            9,
            18,
            37
        ],
        "6": [
            39
        ],
        "7": [
            29,
            40
        ],
        "8": [
            44
        ],
        "9": [
            0
        ],
        "10": [
            4
        ],
        "11": [
            10
        ]
    },
    "patient_schedule": {
        "41": 24,
        "60": 24,
        "25": 27,
        "28": 34,
        "1": 7,
        "46": 7,
        "13": 48,
        "21": 48,
        "37": 48,
        "20": 14,
        "22": 20,
        "48": 20,
        "16": 30,
        "38": 30,
        "45": 30,
        "47": 30,
        "18": 9,
        "39": 9,
        "30": 18,
        "31": 18,
        "43": 18,
        "10": 37,
        "12": 37,
        "29": 37,
        "19": 39,
        "7": 29,
        "14": 29,
        "11": 40,
        "53": 40,
        "23": 44,
        "57": 44,
        "2": 0,
        "4": 0,
        "5": 4,
        "15": 4,
        "24": 10,
        "52": 10,
        "55": 10
    },
    "instance": null,
    "parameters": null,
    "parameters_data": null,
    "patients": null,
    "capacity": null,
    "num_days": null,
    "num_ORs": null,
    "num_surgeons": null,
    "initial_heuristics_time": 0.0,
    "gap": 0.0
}