{
    "proved_optimal": true,
    "obj": 0,
    "relax_obj": 0.0,
    "num_LCs": 64,
    "num_callbacks": 637,
    "num_CG_iterations": 17,
    "num_columns": 181,
    "num_nodes": 1,
    "overall_time": 14.538510799407959,
    "callback_time": 1.703031301498413,
    "subproblem_time": 11.281290531158447,
    "mp_time": 3.2515971660614014,
    "inh_time": null,
    "ilp_time": 0.0,
    "surgeon_schedule": {
        "0": [
            20
        ],
        "3": [
            33,
            49
        ],
        "5": [
            9,
            18
        ],
        "7": [
            7,
            11
        ],
        "9": [
            1,
            40
        ],
        "10": [
            28,
            45
        ],
        "11": [
            24
        ]
    },
    "patient_schedule": {
        "3": 20,
        "60": 20,
        "6": 33,
        "8": 33,
        "20": 33,
        "22": 49,
        "48": 49,
        "10": 9,
        "12": 9,
        "29": 9,
        "31": 18,
        "32": 18,
        "34": 18,
        "39": 18,
        "7": 7,
        "14": 7,
        "11": 11,
        "27": 11,
        "44": 11,
        "53": 11,
        "9": 1,
        "54": 1,
        "59": 1,
        "2": 40,
        "4": 40,
        "5": 28,
        "40": 28,
        "15": 45,
        "49": 45,
        "61": 45,
        "24": 24,
        "52": 24,
        "55": 24
    },
    "instance": null,
    "parameters": null,
    "parameters_data": null,
    "patients": null,
    "capacity": null,
    "num_days": null,
    "num_ORs": null,
    "num_surgeons": null,
    "initial_heuristics_time": 0.0,
    "gap": null
}