{
    "proved_optimal": true,
    "obj": 21,
    "relax_obj": 21.0,
    "num_LCs": 40,
    "num_callbacks": 654,
    "num_CG_iterations": 19,
    "num_columns": 203,
    "num_nodes": 1,
    "overall_time": 11.16594648361206,
    "callback_time": 1.6489577293395996,
    "subproblem_time": 7.092793941497803,
    "mp_time": 4.066532850265503,
    "inh_time": null,
    "ilp_time": 0.0,
    "surgeon_schedule": {
        "0": [
            47
        ],
        "2": [
            7,
            11,
            39
        ],
        "3": [
            40
        ],
        "4": [
            0,
            44
        ],
        "5": [
            20,
            49
        ],
        "6": [
            24
        ],
        "7": [
            28,
            30
        ],
        "8": [
            4
        ],
        "9": [
            19,
            35
        ],
        "10": [
            9
        ],
        "11": [
            17
        ]
    },
    "patient_schedule": {
        "41": 47,
        "60": 47,
        "37": 7,
        "1": 11,
        "13": 11,
        "21": 11,
        "36": 39,
        "46": 39,
        "22": 40,
        "48": 40,
        "33": 0,
        "45": 0,
        "47": 0,
        "16": 44,
        "38": 44,
        "56": 44,
        "10": 20,
        "12": 20,
        "31": 20,
        "29": 49,
        "30": 49,
        "39": 49,
        "19": 24,
        "11": 28,
        "27": 28,
        "44": 28,
        "53": 28,
        "7": 30,
        "14": 30,
        "23": 4,
        "57": 4,
        "2": 19,
        "4": 19,
        "9": 35,
        "54": 35,
        "59": 35,
        "5": 9,
        "61": 9,
        "24": 17,
        "52": 17,
        "55": 17
    },
    "instance": null,
    "parameters": null,
    "parameters_data": null,
    "patients": null,
    "capacity": null,
    "num_days": null,
    "num_ORs": null,
    "num_surgeons": null,
    "initial_heuristics_time": 0.0,
    "gap": 0.0
}