{
    "proved_optimal": true,
    "obj": 45,
    "relax_obj": 44.5,
    "num_LCs": 0,
    "num_callbacks": 0,
    "num_CG_iterations": 22,
    "num_columns": 243,
    "num_nodes": 1,
    "overall_time": 12.058759450912476,
    "callback_time": 0.0,
    "subproblem_time": 6.045366287231445,
    "mp_time": 6.005443572998047,
    "inh_time": null,
    "ilp_time": 0.0,
    "surgeon_schedule": {
        "0": [
            9,
            17
        ],
        "1": [
            49
        ],
        "2": [
            29,
            44
        ],
        "3": [
            39,
            40
        ],
        "4": [
            19,
            30
        ],
        "5": [
            10,
            20,
            47
        ],
        "7": [
            5
        ],
        "8": [
            14
        ],
        "9": [
            35
        ],
        "10": [
            25
        ],
        "11": [
            0
        ]
    },
    "patient_schedule": {
        "41": 9,
        "3": 17,
        "60": 17,
        "28": 49,
        "21": 29,
        "37": 44,
        "46": 44,
        "22": 39,
        "48": 39,
        "20": 40,
        "33": 19,
        "38": 19,
        "45": 19,
        "16": 30,
        "47": 30,
        "56": 30,
        "10": 10,
        "32": 10,
        "12": 20,
        "43": 20,
        "29": 47,
        "31": 47,
        "39": 47,
        "11": 5,
        "14": 5,
        "44": 5,
        "53": 5,
        "0": 14,
        "2": 35,
        "9": 35,
        "54": 35,
        "5": 25,
        "15": 25,
        "49": 25,
        "24": 0,
        "52": 0,
        "55": 0
    },
    "instance": null,
    "parameters": null,
    "parameters_data": null,
    "patients": null,
    "capacity": null,
    "num_days": null,
    "num_ORs": null,
    "num_surgeons": null,
    "initial_heuristics_time": 0.0,
    "gap": 0.011235955056179775
}