{
    "proved_optimal": true,
    "obj": 0,
    "relax_obj": -1.3877787807814457e-17,
    "num_LCs": 60,
    "num_callbacks": 825,
    "num_CG_iterations": 21,
    "num_columns": 215,
    "num_nodes": 3,
    "overall_time": 21.976577281951904,
    "callback_time": 2.2069613933563232,
    "subproblem_time": 16.42589569091797,
    "mp_time": 5.54072117805481,
    "inh_time": null,
    "ilp_time": 0.0,
    "surgeon_schedule": {
        "1": [
            26
        ],
        "2": [
            5
        ],
        "3": [
            16,
            41
        ],
        "4": [
            9,
            20
        ],
        "7": [
            0,
            38
        ],
        "10": [
            31,
            48
        ],
        "11": [
            10
        ]
    },
    "patient_schedule": {
        "26": 26,
        "28": 26,
        "58": 26,
        "1": 5,
        "13": 5,
        "21": 5,
        "6": 16,
        "20": 16,
        "22": 16,
        "8": 41,
        "48": 41,
        "16": 9,
        "33": 9,
        "38": 20,
        "45": 20,
        "47": 20,
        "56": 20,
        "14": 0,
        "27": 0,
        "7": 38,
        "11": 38,
        "44": 38,
        "53": 38,
        "5": 31,
        "40": 31,
        "15": 48,
        "49": 48,
        "61": 48,
        "24": 10,
        "52": 10,
        "55": 10
    },
    "instance": null,
    "parameters": null,
    "parameters_data": null,
    "patients": null,
    "capacity": null,
    "num_days": null,
    "num_ORs": null,
    "num_surgeons": null,
    "initial_heuristics_time": 0.0,
    "gap": null
}