{
    "proved_optimal": true,
    "obj": 35,
    "relax_obj": -41,
    "num_LCs": 0,
    "num_callbacks": 0,
    "num_CG_iterations": 20,
    "num_columns": 208,
    "num_nodes": 3,
    "overall_time": 10.464967489242554,
    "callback_time": 0.0,
    "subproblem_time": 6.1060895919799805,
    "mp_time": 4.33877968788147,
    "inh_time": null,
    "ilp_time": 0.0,
    "surgeon_schedule": {
        "0": [
            9
        ],
        "2": [
            4,
            10,
            41
        ],
        "3": [
            17
        ],
        "4": [
            48
        ],
        "5": [
            7,
            39
        ],
        "6": [
            24
        ],
        "7": [
            19,
            28
        ],
        "8": [
            14
        ],
        "9": [
            0,
            31
        ],
        "10": [
            37
        ],
        "11": [
            20
        ]
    },
    "patient_schedule": {
        "41": 9,
        "60": 9,
        "36": 4,
        "37": 10,
        "46": 10,
        "1": 41,
        "13": 41,
        "21": 41,
        "22": 17,
        "48": 17,
        "16": 48,
        "33": 48,
        "38": 48,
        "45": 48,
        "47": 48,
        "56": 48,
        "30": 7,
        "31": 7,
        "39": 7,
        "10": 39,
        "12": 39,
        "29": 39,
        "19": 24,
        "14": 19,
        "27": 19,
        "7": 28,
        "11": 28,
        "44": 28,
        "53": 28,
        "23": 14,
        "57": 14,
        "4": 0,
        "9": 0,
        "2": 31,
        "54": 31,
        "59": 31,
        "5": 37,
        "15": 37,
        "24": 20,
        "52": 20,
        "55": 20
    },
    "instance": null,
    "parameters": null,
    "parameters_data": null,
    "patients": null,
    "capacity": null,
    "num_days": null,
    "num_ORs": null,
    "num_surgeons": null,
    "initial_heuristics_time": 0.0,
    "gap": -1.853658536585366
}