{
    "proved_optimal": true,
    "obj": 23,
    "relax_obj": 23.0,
    "num_LCs": 61,
    "num_callbacks": 1093,
    "num_CG_iterations": 25,
    "num_columns": 224,
    "num_nodes": 5,
    "overall_time": 24.006678342819214,
    "callback_time": 2.599766254425049,
    "subproblem_time": 16.812118530273438,
    "mp_time": 7.173054933547974,
    "inh_time": null,
    "ilp_time": 0.0,
    "surgeon_schedule": {
        "2": [
            5,
            47
        ],
        "3": [
            30
        ],
        "4": [
            17,
            39
        ],
        "5": [
            20,
            49
        ],
        "7": [
            19,
            35
        ],
        "8": [
            29
        ],
        "9": [
            9,
            11
        ],
        "10": [
            25,
            41
        ],
        "11": [
            0
        ]
    },
    "patient_schedule": {
        "1": 5,
        "13": 5,
        "21": 5,
        "37": 47,
        "46": 47,
        "22": 30,
        "48": 30,
        "33": 17,
        "38": 17,
        "45": 17,
        "16": 39,
        "47": 39,
        "56": 39,
        "30": 20,
        "31": 20,
        "39": 20,
        "10": 49,
        "12": 49,
        "29": 49,
        "7": 19,
        "27": 19,
        "11": 35,
        "14": 35,
        "44": 35,
        "53": 35,
        "23": 29,
        "57": 29,
        "2": 9,
        "4": 9,
        "9": 11,
        "54": 11,
        "59": 11,
        "5": 25,
        "40": 25,
        "15": 41,
        "49": 41,
        "61": 41,
        "24": 0,
        "52": 0,
        "55": 0
    },
    "instance": null,
    "parameters": null,
    "parameters_data": null,
    "patients": null,
    "capacity": null,
    "num_days": null,
    "num_ORs": null,
    "num_surgeons": null,
    "initial_heuristics_time": 0.0,
    "gap": 0.0
}