{
    "proved_optimal": true,
    "obj": 17,
    "relax_obj": -41,
    "num_LCs": 0,
    "num_callbacks": 0,
    "num_CG_iterations": 22,
    "num_columns": 239,
    "num_nodes": 1,
    "overall_time": 9.704190969467163,
    "callback_time": 0.0,
    "subproblem_time": 4.4342200756073,
    "mp_time": 5.259434461593628,
    "inh_time": null,
    "ilp_time": 0.0,
    "surgeon_schedule": {
        "0": [
            44
        ],
        "2": [
            18,
            47
        ],
        "3": [
            10
        ],
        "4": [
            27,
            30
        ],
        "5": [
            35
        ],
        "6": [
            4
        ],
        "7": [
            21,
            39
        ],
        "8": [
            14
        ],
        "9": [
            8,
            49
        ],
        "10": [
            29,
            40
        ],
        "11": [
            0
        ]
    },
    "patient_schedule": {
        "41": 44,
        "60": 44,
        "1": 18,
        "13": 18,
        "21": 18,
        "37": 47,
        "46": 47,
        "22": 10,
        "48": 10,
        "33": 27,
        "56": 27,
        "16": 30,
        "38": 30,
        "45": 30,
        "47": 30,
        "10": 35,
        "12": 35,
        "29": 35,
        "30": 35,
        "31": 35,
        "39": 35,
        "19": 4,
        "7": 21,
        "11": 21,
        "44": 21,
        "53": 21,
        "14": 39,
        "27": 39,
        "23": 14,
        "57": 14,
        "9": 8,
        "54": 8,
        "59": 8,
        "2": 49,
        "4": 49,
        "5": 29,
        "61": 29,
        "15": 40,
        "24": 0,
        "52": 0,
        "55": 0
    },
    "instance": null,
    "parameters": null,
    "parameters_data": null,
    "patients": null,
    "capacity": null,
    "num_days": null,
    "num_ORs": null,
    "num_surgeons": null,
    "initial_heuristics_time": 0.0,
    "gap": -1.4146341463414633
}