{
    "proved_optimal": true,
    "obj": 0,
    "relax_obj": 1.3877787807814457e-17,
    "num_LCs": 0,
    "num_callbacks": 0,
    "num_CG_iterations": 17,
    "num_columns": 185,
    "num_nodes": 1,
    "overall_time": 8.946759700775146,
    "callback_time": 0.0,
    "subproblem_time": 5.400866746902466,
    "mp_time": 3.539947748184204,
    "inh_time": null,
    "ilp_time": 0.0,
    "surgeon_schedule": {
        "3": [
            26,
            38
        ],
        "7": [
            0,
            11,
            31
        ],
        "8": [
            20,
            44
        ],
        "9": [
            6
        ],
        "10": [
            18,
            48
        ],
        "11": [
            40
        ]
    },
    "patient_schedule": {
        "6": 26,
        "20": 26,
        "22": 26,
        "8": 38,
        "48": 38,
        "14": 0,
        "27": 0,
        "11": 11,
        "42": 11,
        "44": 31,
        "51": 31,
        "23": 20,
        "57": 20,
        "50": 44,
        "2": 6,
        "4": 6,
        "9": 6,
        "54": 6,
        "59": 6,
        "15": 18,
        "49": 18,
        "61": 18,
        "5": 48,
        "40": 48,
        "24": 40,
        "52": 40,
        "55": 40
    },
    "instance": null,
    "parameters": null,
    "parameters_data": null,
    "patients": null,
    "capacity": null,
    "num_days": null,
    "num_ORs": null,
    "num_surgeons": null,
    "initial_heuristics_time": 0.0,
    "gap": null
}