{
    "proved_optimal": true,
    "obj": 0,
    "relax_obj": 1.3877787807814457e-17,
    "num_LCs": 0,
    "num_callbacks": 0,
    "num_CG_iterations": 19,
    "num_columns": 196,
    "num_nodes": 3,
    "overall_time": 13.946363687515259,
    "callback_time": 0.0,
    "subproblem_time": 9.473646879196167,
    "mp_time": 4.462987422943115,
    "inh_time": null,
    "ilp_time": 0.0,
    "surgeon_schedule": {
        "0": [
            47
        ],
        "3": [
            1,
            22
        ],
        "4": [
            37,
            49
        ],
        "5": [
            8,
            18,
            29
        ],
        "7": [
            11,
            31,
            40
        ],
        "8": [
            39,
            44
        ]
    },
    "patient_schedule": {
        "3": 47,
        "60": 47,
        "8": 1,
        "48": 1,
        "6": 22,
        "20": 22,
        "22": 22,
        "16": 37,
        "33": 37,
        "38": 49,
        "45": 49,
        "47": 49,
        "56": 49,
        "10": 8,
        "18": 8,
        "43": 8,
        "12": 18,
        "30": 18,
        "31": 18,
        "34": 18,
        "29": 29,
        "32": 29,
        "44": 11,
        "51": 11,
        "42": 31,
        "53": 31,
        "7": 40,
        "14": 40,
        "50": 39,
        "23": 44,
        "57": 44
    },
    "instance": null,
    "parameters": null,
    "parameters_data": null,
    "patients": null,
    "capacity": null,
    "num_days": null,
    "num_ORs": null,
    "num_surgeons": null,
    "initial_heuristics_time": 0.0,
    "gap": null
}