{
    "proved_optimal": true,
    "obj": 45,
    "relax_obj": 45.0,
    "num_LCs": 9,
    "num_callbacks": 528,
    "num_CG_iterations": 17,
    "num_columns": 191,
    "num_nodes": 1,
    "overall_time": 9.188279151916504,
    "callback_time": 1.4275727272033691,
    "subproblem_time": 6.150288343429565,
    "mp_time": 3.031477451324463,
    "inh_time": null,
    "ilp_time": 0.0,
    "surgeon_schedule": {
        "0": [
            24
        ],
        "1": [
            4,
            29,
            34
        ],
        "2": [
            10,
            48
        ],
        "3": [
            14,
            37
        ],
        "4": [
            19
        ],
        "5": [
            9,
            30,
            44
        ],
        "6": [
            39
        ],
        "7": [
            17,
            40
        ],
        "8": [
            0
        ],
        "9": [
            20
        ],
        "10": [
            7
        ],
        "11": [
            27
        ]
    },
    "patient_schedule": {
        "41": 24,
        "60": 24,
        "28": 4,
        "26": 29,
        "25": 34,
        "1": 10,
        "46": 10,
        "13": 48,
        "21": 48,
        "37": 48,
        "20": 14,
        "22": 37,
        "48": 37,
        "16": 19,
        "38": 19,
        "45": 19,
        "47": 19,
        "12": 9,
        "43": 9,
        "10": 30,
        "31": 30,
        "39": 30,
        "29": 44,
        "30": 44,
        "19": 39,
        "14": 17,
        "53": 17,
        "7": 40,
        "11": 40,
        "23": 0,
        "57": 0,
        "2": 20,
        "4": 20,
        "5": 7,
        "15": 7,
        "24": 27,
        "52": 27,
        "55": 27
    },
    "instance": null,
    "parameters": null,
    "parameters_data": null,
    "patients": null,
    "capacity": null,
    "num_days": null,
    "num_ORs": null,
    "num_surgeons": null,
    "initial_heuristics_time": 0.0,
    "gap": 0.0
}