{
    "proved_optimal": true,
    "obj": 21,
    "relax_obj": 21.0,
    "num_LCs": 0,
    "num_callbacks": 0,
    "num_CG_iterations": 19,
    "num_columns": 194,
    "num_nodes": 3,
    "overall_time": 8.42019510269165,
    "callback_time": 0.0,
    "subproblem_time": 3.9554221630096436,
    "mp_time": 4.44576096534729,
    "inh_time": null,
    "ilp_time": 0.0,
    "surgeon_schedule": {
        "0": [
            40
        ],
        "2": [
            8,
            19
        ],
        "3": [
            27,
            30
        ],
        "4": [
            34,
            44
        ],
        "5": [
            14,
            29
        ],
        "7": [
            21,
            39
        ],
        "8": [
            10
        ],
        "9": [
            17,
            48
        ],
        "10": [
            1
        ],
        "11": [
            37
        ]
    },
    "patient_schedule": {
        "41": 40,
        "60": 40,
        "13": 8,
        "21": 8,
        "37": 8,
        "36": 19,
        "46": 19,
        "22": 27,
        "48": 27,
        "20": 30,
        "16": 34,
        "33": 34,
        "38": 44,
        "45": 44,
        "47": 44,
        "56": 44,
        "29": 14,
        "30": 14,
        "39": 14,
        "10": 29,
        "12": 29,
        "31": 29,
        "7": 21,
        "11": 21,
        "44": 21,
        "53": 21,
        "14": 39,
        "27": 39,
        "23": 10,
        "57": 10,
        "4": 17,
        "9": 17,
        "2": 48,
        "54": 48,
        "59": 48,
        "15": 1,
        "49": 1,
        "61": 1,
        "24": 37,
        "52": 37,
        "55": 37
    },
    "instance": null,
    "parameters": null,
    "parameters_data": null,
    "patients": null,
    "capacity": null,
    "num_days": null,
    "num_ORs": null,
    "num_surgeons": null,
    "initial_heuristics_time": 0.0,
    "gap": 0.0
}