{
    "proved_optimal": true,
    "obj": 51,
    "relax_obj": 51.0,
    "num_LCs": 12,
    "num_callbacks": 854,
    "num_CG_iterations": 24,
    "num_columns": 247,
    "num_nodes": 3,
    "overall_time": 20.135287523269653,
    "callback_time": 2.8118631839752197,
    "subproblem_time": 13.078905820846558,
    "mp_time": 7.044214248657227,
    "inh_time": null,
    "ilp_time": 0.0,
    "surgeon_schedule": {
        "1": [
            26
        ],
        "2": [
            0,
            31
        ],
        "3": [
            37,
            49
        ],
        "4": [
            44
        ],
        "5": [
            12,
            39
        ],
        "7": [
            5,
            40
        ],
        "8": [
            20
        ],
        "9": [
            19
        ],
        "10": [
            47
        ],
        "11": [
            9
        ]
    },
    "patient_schedule": {
        "26": 26,
        "28": 26,
        "58": 26,
        "36": 0,
        "46": 0,
        "1": 31,
        "13": 31,
        "21": 31,
        "20": 37,
        "22": 49,
        "48": 49,
        "16": 44,
        "38": 44,
        "45": 44,
        "47": 44,
        "10": 12,
        "29": 12,
        "30": 12,
        "31": 12,
        "32": 12,
        "43": 12,
        "18": 39,
        "39": 39,
        "7": 5,
        "11": 5,
        "44": 5,
        "53": 5,
        "14": 40,
        "27": 40,
        "23": 20,
        "57": 20,
        "2": 19,
        "4": 19,
        "5": 47,
        "61": 47,
        "24": 9,
        "52": 9,
        "55": 9
    },
    "instance": null,
    "parameters": null,
    "parameters_data": null,
    "patients": null,
    "capacity": null,
    "num_days": null,
    "num_ORs": null,
    "num_surgeons": null,
    "initial_heuristics_time": 0.0,
    "gap": 0.0
}