{
    "proved_optimal": true,
    "obj": 24,
    "relax_obj": -115,
    "num_LCs": 0,
    "num_callbacks": 0,
    "num_CG_iterations": 19,
    "num_columns": 212,
    "num_nodes": 1,
    "overall_time": 8.023285388946533,
    "callback_time": 0.0,
    "subproblem_time": 4.009923219680786,
    "mp_time": 4.003604412078857,
    "inh_time": null,
    "ilp_time": 0.0,
    "surgeon_schedule": {
        "0": [
            9
        ],
        "1": [
            4,
            18
        ],
        "2": [
            7,
            25
        ],
        "3": [
            29,
            39
        ],
        "4": [
            14
        ],
        "5": [
            10,
            37,
            44
        ],
        "6": [
            34
        ],
        "7": [
            48
        ],
        "8": [
            40
        ],
        "9": [
            0
        ],
        "10": [
            30
        ],
        "11": [
            20
        ]
    },
    "patient_schedule": {
        "41": 9,
        "60": 9,
        "26": 4,
        "25": 18,
        "28": 18,
        "37": 7,
        "46": 7,
        "1": 25,
        "13": 25,
        "21": 25,
        "22": 29,
        "48": 29,
        "20": 39,
        "16": 14,
        "38": 14,
        "45": 14,
        "47": 14,
        "10": 10,
        "29": 10,
        "12": 37,
        "43": 37,
        "30": 44,
        "31": 44,
        "39": 44,
        "19": 34,
        "7": 48,
        "11": 48,
        "14": 48,
        "53": 48,
        "23": 40,
        "57": 40,
        "2": 0,
        "4": 0,
        "5": 30,
        "15": 30,
        "24": 20,
        "52": 20,
        "55": 20
    },
    "instance": null,
    "parameters": null,
    "parameters_data": null,
    "patients": null,
    "capacity": null,
    "num_days": null,
    "num_ORs": null,
    "num_surgeons": null,
    "initial_heuristics_time": 0.0,
    "gap": -1.208695652173913
}