{
    "proved_optimal": true,
    "obj": 21,
    "relax_obj": 21.0,
    "num_LCs": 0,
    "num_callbacks": 0,
    "num_CG_iterations": 23,
    "num_columns": 248,
    "num_nodes": 1,
    "overall_time": 16.399996519088745,
    "callback_time": 0.0,
    "subproblem_time": 9.99125075340271,
    "mp_time": 6.399871349334717,
    "inh_time": null,
    "ilp_time": 0.0,
    "surgeon_schedule": {
        "0": [
            49
        ],
        "2": [
            10,
            25
        ],
        "3": [
            34
        ],
        "4": [
            29,
            44
        ],
        "5": [
            4,
            14
        ],
        "7": [
            38,
            47
        ],
        "8": [
            30,
            40
        ],
        "9": [
            8,
            20
        ],
        "10": [
            18
        ],
        "11": [
            0
        ]
    },
    "patient_schedule": {
        "3": 49,
        "60": 49,
        "36": 10,
        "46": 10,
        "13": 25,
        "21": 25,
        "37": 25,
        "22": 34,
        "48": 34,
        "16": 29,
        "33": 29,
        "38": 44,
        "45": 44,
        "47": 44,
        "56": 44,
        "10": 4,
        "12": 4,
        "31": 4,
        "29": 14,
        "30": 14,
        "39": 14,
        "7": 38,
        "11": 38,
        "44": 38,
        "53": 38,
        "14": 47,
        "27": 47,
        "50": 30,
        "23": 40,
        "57": 40,
        "9": 8,
        "54": 8,
        "59": 8,
        "2": 20,
        "4": 20,
        "15": 18,
        "49": 18,
        "61": 18,
        "24": 0,
        "52": 0,
        "55": 0
    },
    "instance": null,
    "parameters": null,
    "parameters_data": null,
    "patients": null,
    "capacity": null,
    "num_days": null,
    "num_ORs": null,
    "num_surgeons": null,
    "initial_heuristics_time": 0.0,
    "gap": 0.0
}