{
    "proved_optimal": true,
    "obj": 31,
    "relax_obj": 31.0,
    "num_LCs": 0,
    "num_callbacks": 0,
    "num_CG_iterations": 18,
    "num_columns": 185,
    "num_nodes": 1,
    "overall_time": 5.4036946296691895,
    "callback_time": 0.0,
    "subproblem_time": 2.2190914154052734,
    "mp_time": 3.1795248985290527,
    "inh_time": null,
    "ilp_time": 0.0,
    "surgeon_schedule": {
        "0": [
            30
        ],
        "1": [
            40
        ],
        "2": [
            8,
            10
        ],
        "3": [
            17,
            20
        ],
        "4": [
            39
        ],
        "5": [
            0
        ],
        "6": [
            49
        ],
        "7": [
            4,
            26
        ],
        "8": [
            44
        ],
        "10": [
            14,
            35
        ],
        "11": [
            19,
            47
        ]
    },
    "patient_schedule": {
        "5": 30,
        "7": 30,
        "26": 30,
        "6": 40,
        "32": 40,
        "42": 8,
        "43": 8,
        "24": 10,
        "29": 10,
        "46": 10,
        "19": 17,
        "31": 17,
        "25": 20,
        "37": 20,
        "30": 39,
        "49": 39,
        "11": 0,
        "21": 49,
        "48": 49,
        "40": 4,
        "16": 26,
        "20": 26,
        "34": 26,
        "4": 44,
        "18": 44,
        "38": 44,
        "22": 14,
        "41": 14,
        "1": 35,
        "47": 35,
        "10": 19,
        "28": 19,
        "23": 47
    },
    "instance": null,
    "parameters": null,
    "parameters_data": null,
    "patients": null,
    "capacity": null,
    "num_days": null,
    "num_ORs": null,
    "num_surgeons": null,
    "initial_heuristics_time": 0.0,
    "gap": 0.0
}