{
    "proved_optimal": true,
    "obj": 31,
    "relax_obj": 31.0,
    "num_LCs": 9,
    "num_callbacks": 577,
    "num_CG_iterations": 20,
    "num_columns": 222,
    "num_nodes": 1,
    "overall_time": 11.537369966506958,
    "callback_time": 1.5943422317504883,
    "subproblem_time": 5.811863660812378,
    "mp_time": 5.717203855514526,
    "inh_time": null,
    "ilp_time": 0.0,
    "surgeon_schedule": {
        "0": [
            34
        ],
        "1": [
            0
        ],
        "2": [
            19,
            28
        ],
        "3": [
            4,
            20
        ],
        "4": [
            30
        ],
        "6": [
            48
        ],
        "7": [
            12,
            44
        ],
        "8": [
            37
        ],
        "10": [
            8,
            39
        ],
        "11": [
            24,
            40
        ]
    },
    "patient_schedule": {
        "5": 34,
        "7": 34,
        "26": 34,
        "6": 0,
        "32": 0,
        "24": 19,
        "29": 19,
        "46": 19,
        "42": 28,
        "43": 28,
        "19": 4,
        "31": 4,
        "25": 20,
        "37": 20,
        "30": 30,
        "49": 30,
        "14": 48,
        "21": 48,
        "48": 48,
        "16": 12,
        "20": 12,
        "34": 12,
        "40": 44,
        "4": 37,
        "18": 37,
        "38": 37,
        "1": 8,
        "41": 8,
        "47": 8,
        "22": 39,
        "10": 24,
        "28": 24,
        "23": 40
    },
    "instance": null,
    "parameters": null,
    "parameters_data": null,
    "patients": null,
    "capacity": null,
    "num_days": null,
    "num_ORs": null,
    "num_surgeons": null,
    "initial_heuristics_time": 0.0,
    "gap": 0.0
}