{
    "proved_optimal": true,
    "obj": 31,
    "relax_obj": 31.0,
    "num_LCs": 2,
    "num_callbacks": 618,
    "num_CG_iterations": 21,
    "num_columns": 231,
    "num_nodes": 1,
    "overall_time": 11.035422325134277,
    "callback_time": 1.4116127490997314,
    "subproblem_time": 5.310073137283325,
    "mp_time": 5.7180304527282715,
    "inh_time": null,
    "ilp_time": 0.0,
    "surgeon_schedule": {
        "0": [
            39
        ],
        "1": [
            4
        ],
        "2": [
            0,
            21
        ],
        "3": [
            11
        ],
        "4": [
            34
        ],
        "6": [
            9,
            37
        ],
        "7": [
            30,
            46
        ],
        "8": [
            19
        ],
        "10": [
            28,
            40
        ],
        "11": [
            7,
            17
        ]
    },
    "patient_schedule": {
        "5": 39,
        "7": 39,
        "26": 39,
        "6": 4,
        "32": 4,
        "24": 0,
        "29": 0,
        "46": 0,
        "42": 21,
        "43": 21,
        "19": 11,
        "25": 11,
        "31": 11,
        "37": 11,
        "30": 34,
        "49": 34,
        "14": 9,
        "21": 37,
        "48": 37,
        "40": 30,
        "16": 46,
        "20": 46,
        "34": 46,
        "4": 19,
        "18": 19,
        "38": 19,
        "1": 28,
        "22": 28,
        "41": 40,
        "47": 40,
        "10": 7,
        "28": 7,
        "23": 17
    },
    "instance": null,
    "parameters": null,
    "parameters_data": null,
    "patients": null,
    "capacity": null,
    "num_days": null,
    "num_ORs": null,
    "num_surgeons": null,
    "initial_heuristics_time": 0.0,
    "gap": 0.0
}