{
    "proved_optimal": true,
    "obj": 18,
    "relax_obj": 18.0,
    "num_LCs": 2,
    "num_callbacks": 819,
    "num_CG_iterations": 23,
    "num_columns": 249,
    "num_nodes": 3,
    "overall_time": 17.135475158691406,
    "callback_time": 2.0078718662261963,
    "subproblem_time": 10.374683141708374,
    "mp_time": 6.749398946762085,
    "inh_time": null,
    "ilp_time": 0.0,
    "surgeon_schedule": {
        "0": [
            38
        ],
        "1": [
            7
        ],
        "2": [
            9,
            28,
            48
        ],
        "3": [
            0,
            34
        ],
        "4": [
            4
        ],
        "6": [
            30
        ],
        "7": [
            16
        ],
        "8": [
            24
        ],
        "9": [
            10
        ],
        "10": [
            41
        ],
        "11": [
            20
        ]
    },
    "patient_schedule": {
        "5": 38,
        "7": 38,
        "8": 38,
        "26": 38,
        "6": 7,
        "32": 7,
        "29": 9,
        "36": 9,
        "42": 28,
        "43": 28,
        "24": 48,
        "44": 48,
        "46": 48,
        "25": 0,
        "37": 0,
        "19": 34,
        "31": 34,
        "30": 4,
        "49": 4,
        "14": 30,
        "48": 30,
        "17": 16,
        "20": 16,
        "40": 16,
        "4": 24,
        "18": 24,
        "38": 24,
        "12": 10,
        "1": 41,
        "41": 41,
        "47": 41,
        "10": 20,
        "28": 20
    },
    "instance": null,
    "parameters": null,
    "parameters_data": null,
    "patients": null,
    "capacity": null,
    "num_days": null,
    "num_ORs": null,
    "num_surgeons": null,
    "initial_heuristics_time": 0.0,
    "gap": 0.0
}