{
    "proved_optimal": true,
    "obj": 31,
    "relax_obj": 31.0,
    "num_LCs": 0,
    "num_callbacks": 0,
    "num_CG_iterations": 20,
    "num_columns": 216,
    "num_nodes": 1,
    "overall_time": 7.745154142379761,
    "callback_time": 0.0,
    "subproblem_time": 4.1483473777771,
    "mp_time": 3.590054750442505,
    "inh_time": null,
    "ilp_time": 0.0,
    "surgeon_schedule": {
        "0": [
            49
        ],
        "1": [
            27
        ],
        "2": [
            47
        ],
        "3": [
            7,
            10
        ],
        "4": [
            40
        ],
        "5": [
            17,
            20,
            44
        ],
        "6": [
            29
        ],
        "7": [
            33
        ],
        "8": [
            14
        ],
        "9": [
            1
        ],
        "10": [
            9,
            24
        ],
        "11": [
            19
        ]
    },
    "patient_schedule": {
        "5": 49,
        "7": 49,
        "26": 49,
        "6": 27,
        "32": 27,
        "24": 47,
        "29": 47,
        "46": 47,
        "25": 7,
        "37": 7,
        "19": 10,
        "31": 10,
        "9": 40,
        "49": 40,
        "11": 17,
        "33": 20,
        "0": 44,
        "21": 29,
        "48": 29,
        "2": 33,
        "20": 33,
        "34": 33,
        "40": 33,
        "4": 14,
        "18": 14,
        "38": 14,
        "12": 1,
        "15": 1,
        "22": 9,
        "47": 9,
        "41": 24,
        "10": 19,
        "28": 19
    },
    "instance": null,
    "parameters": null,
    "parameters_data": null,
    "patients": null,
    "capacity": null,
    "num_days": null,
    "num_ORs": null,
    "num_surgeons": null,
    "initial_heuristics_time": 0.0,
    "gap": 0.0
}