{
    "proved_optimal": true,
    "obj": 36,
    "relax_obj": 35.5,
    "num_LCs": 0,
    "num_callbacks": 0,
    "num_CG_iterations": 23,
    "num_columns": 248,
    "num_nodes": 1,
    "overall_time": 11.081515789031982,
    "callback_time": 0.0,
    "subproblem_time": 5.811607122421265,
    "mp_time": 5.261996746063232,
    "inh_time": null,
    "ilp_time": 0.0,
    "surgeon_schedule": {
        "0": [
            11
        ],
        "1": [
            39
        ],
        "2": [
            20,
            48
        ],
        "3": [
            17,
            44
        ],
        "4": [
            27
        ],
        "5": [
            29
        ],
        "6": [
            19
        ],
        "7": [
            3
        ],
        "8": [
            37
        ],
        "10": [
            31
        ],
        "11": [
            24,
            40
        ]
    },
    "patient_schedule": {
        "5": 11,
        "7": 11,
        "8": 11,
        "26": 11,
        "6": 39,
        "32": 39,
        "24": 20,
        "29": 20,
        "46": 20,
        "42": 48,
        "43": 48,
        "25": 17,
        "37": 17,
        "19": 44,
        "31": 44,
        "30": 27,
        "49": 27,
        "11": 29,
        "14": 19,
        "48": 19,
        "2": 3,
        "20": 3,
        "34": 3,
        "40": 3,
        "4": 37,
        "18": 37,
        "38": 37,
        "1": 31,
        "41": 31,
        "47": 31,
        "10": 24,
        "28": 24,
        "23": 40
    },
    "instance": null,
    "parameters": null,
    "parameters_data": null,
    "patients": null,
    "capacity": null,
    "num_days": null,
    "num_ORs": null,
    "num_surgeons": null,
    "initial_heuristics_time": 0.0,
    "gap": 0.014084507042253521
}