{
    "proved_optimal": true,
    "obj": 30,
    "relax_obj": -33,
    "num_LCs": 0,
    "num_callbacks": 0,
    "num_CG_iterations": 15,
    "num_columns": 168,
    "num_nodes": 1,
    "overall_time": 4.2022480964660645,
    "callback_time": 0.0,
    "subproblem_time": 1.6403923034667969,
    "mp_time": 2.5542778968811035,
    "inh_time": null,
    "ilp_time": 0.0,
    "surgeon_schedule": {
        "0": [
            30,
            40
        ],
        "1": [
            44
        ],
        "2": [
            5,
            17,
            37
        ],
        "3": [
            24,
            34
        ],
        "4": [
            20,
            47
        ],
        "6": [
            10,
            29
        ],
        "8": [
            19
        ],
        "9": [
            9,
            27
        ],
        "10": [
            14,
            39
        ],
        "11": [
            0,
            49
        ]
    },
    "patient_schedule": {
        "7": 30,
        "39": 30,
        "5": 40,
        "26": 40,
        "6": 44,
        "32": 44,
        "24": 5,
        "44": 5,
        "46": 5,
        "42": 17,
        "29": 37,
        "36": 37,
        "19": 24,
        "31": 24,
        "25": 34,
        "37": 34,
        "9": 20,
        "30": 47,
        "49": 47,
        "21": 10,
        "14": 29,
        "48": 29,
        "4": 19,
        "18": 19,
        "38": 19,
        "15": 9,
        "12": 27,
        "22": 14,
        "41": 14,
        "47": 39,
        "10": 0,
        "28": 0,
        "23": 49
    },
    "instance": null,
    "parameters": null,
    "parameters_data": null,
    "patients": null,
    "capacity": null,
    "num_days": null,
    "num_ORs": null,
    "num_surgeons": null,
    "initial_heuristics_time": 0.0,
    "gap": -1.9090909090909092
}