{
    "proved_optimal": true,
    "obj": 0,
    "relax_obj": 1.3877787807814457e-17,
    "num_LCs": 65,
    "num_callbacks": 1423,
    "num_CG_iterations": 37,
    "num_columns": 278,
    "num_nodes": 9,
    "overall_time": 32.188260555267334,
    "callback_time": 3.02669095993042,
    "subproblem_time": 21.018390417099,
    "mp_time": 11.13408088684082,
    "inh_time": null,
    "ilp_time": 0.0,
    "surgeon_schedule": {
        "1": [
            46
        ],
        "2": [
            1,
            28,
            40
        ],
        "6": [
            24
        ],
        "7": [
            13,
            36
        ],
        "8": [
            8,
            20
        ],
        "11": [
            30
        ]
    },
    "patient_schedule": {
        "13": 46,
        "32": 46,
        "36": 1,
        "44": 1,
        "42": 28,
        "43": 28,
        "24": 40,
        "29": 40,
        "46": 40,
        "14": 24,
        "48": 24,
        "2": 13,
        "16": 13,
        "34": 13,
        "17": 36,
        "20": 36,
        "40": 36,
        "45": 8,
        "4": 20,
        "18": 20,
        "38": 20,
        "10": 30,
        "28": 30
    },
    "instance": null,
    "parameters": null,
    "parameters_data": null,
    "patients": null,
    "capacity": null,
    "num_days": null,
    "num_ORs": null,
    "num_surgeons": null,
    "initial_heuristics_time": 0.0,
    "gap": null
}