{
    "proved_optimal": true,
    "obj": 17,
    "relax_obj": -105,
    "num_LCs": 0,
    "num_callbacks": 0,
    "num_CG_iterations": 21,
    "num_columns": 225,
    "num_nodes": 1,
    "overall_time": 8.256924867630005,
    "callback_time": 0.0,
    "subproblem_time": 3.253664255142212,
    "mp_time": 4.992356061935425,
    "inh_time": null,
    "ilp_time": 0.0,
    "surgeon_schedule": {
        "0": [
            40
        ],
        "1": [
            19
        ],
        "2": [
            28,
            49
        ],
        "3": [
            30,
            44
        ],
        "4": [
            14
        ],
        "6": [
            0,
            39
        ],
        "7": [
            6,
            17
        ],
        "8": [
            34
        ],
        "10": [
            21,
            37
        ],
        "11": [
            10,
            47
        ]
    },
    "patient_schedule": {
        "5": 40,
        "7": 40,
        "26": 40,
        "6": 19,
        "32": 19,
        "42": 28,
        "43": 28,
        "24": 49,
        "29": 49,
        "46": 49,
        "19": 30,
        "31": 30,
        "25": 44,
        "37": 44,
        "30": 14,
        "49": 14,
        "21": 0,
        "48": 0,
        "14": 39,
        "16": 6,
        "20": 6,
        "34": 6,
        "40": 17,
        "4": 34,
        "18": 34,
        "38": 34,
        "1": 21,
        "41": 21,
        "47": 21,
        "22": 37,
        "23": 10,
        "10": 47,
        "28": 47
    },
    "instance": null,
    "parameters": null,
    "parameters_data": null,
    "patients": null,
    "capacity": null,
    "num_days": null,
    "num_ORs": null,
    "num_surgeons": null,
    "initial_heuristics_time": 0.0,
    "gap": -1.161904761904762
}