{
    "proved_optimal": true,
    "obj": 48,
    "relax_obj": -105,
    "num_LCs": 0,
    "num_callbacks": 0,
    "num_CG_iterations": 19,
    "num_columns": 210,
    "num_nodes": 1,
    "overall_time": 6.102614879608154,
    "callback_time": 0.0,
    "subproblem_time": 2.455292224884033,
    "mp_time": 3.639437437057495,
    "inh_time": null,
    "ilp_time": 0.0,
    "surgeon_schedule": {
        "0": [
            49
        ],
        "1": [
            20
        ],
        "2": [
            4,
            25
        ],
        "3": [
            45
        ],
        "4": [
            34
        ],
        "6": [
            10,
            29
        ],
        "7": [
            7,
            16
        ],
        "8": [
            30
        ],
        "10": [
            9,
            38
        ],
        "11": [
            0,
            40
        ]
    },
    "patient_schedule": {
        "5": 49,
        "7": 49,
        "26": 49,
        "6": 20,
        "32": 20,
        "24": 4,
        "29": 4,
        "46": 4,
        "42": 25,
        "43": 25,
        "19": 45,
        "25": 45,
        "31": 45,
        "37": 45,
        "30": 34,
        "49": 34,
        "21": 10,
        "14": 29,
        "48": 29,
        "20": 7,
        "16": 16,
        "34": 16,
        "40": 16,
        "4": 30,
        "18": 30,
        "38": 30,
        "22": 9,
        "1": 38,
        "41": 38,
        "47": 38,
        "10": 0,
        "28": 0,
        "23": 40
    },
    "instance": null,
    "parameters": null,
    "parameters_data": null,
    "patients": null,
    "capacity": null,
    "num_days": null,
    "num_ORs": null,
    "num_surgeons": null,
    "initial_heuristics_time": 0.0,
    "gap": -1.457142857142857
}