{
    "proved_optimal": true,
    "obj": 17,
    "relax_obj": 17.0,
    "num_LCs": 0,
    "num_callbacks": 0,
    "num_CG_iterations": 15,
    "num_columns": 167,
    "num_nodes": 1,
    "overall_time": 4.137277364730835,
    "callback_time": 0.0,
    "subproblem_time": 1.6385080814361572,
    "mp_time": 2.4927473068237305,
    "inh_time": null,
    "ilp_time": 0.0,
    "surgeon_schedule": {
        "0": [
            4,
            14
        ],
        "1": [
            19
        ],
        "2": [
            10,
            28,
            38
        ],
        "3": [
            20,
            34
        ],
        "4": [
            17,
            24
        ],
        "6": [
            7,
            47
        ],
        "8": [
            9
        ],
        "10": [
            0,
            41
        ],
        "11": [
            30,
            49
        ]
    },
    "patient_schedule": {
        "7": 4,
        "26": 4,
        "5": 14,
        "39": 14,
        "6": 19,
        "32": 19,
        "29": 10,
        "36": 10,
        "24": 28,
        "44": 28,
        "46": 28,
        "42": 38,
        "43": 38,
        "25": 20,
        "37": 20,
        "19": 34,
        "31": 34,
        "9": 17,
        "30": 24,
        "49": 24,
        "14": 7,
        "21": 47,
        "48": 47,
        "4": 9,
        "18": 9,
        "38": 9,
        "22": 0,
        "47": 0,
        "1": 41,
        "41": 41,
        "23": 30,
        "10": 49,
        "28": 49
    },
    "instance": null,
    "parameters": null,
    "parameters_data": null,
    "patients": null,
    "capacity": null,
    "num_days": null,
    "num_ORs": null,
    "num_surgeons": null,
    "initial_heuristics_time": 0.0,
    "gap": 0.0
}