{
    "proved_optimal": true,
    "obj": 0,
    "relax_obj": 0.0,
    "num_LCs": 28,
    "num_callbacks": 615,
    "num_CG_iterations": 19,
    "num_columns": 216,
    "num_nodes": 1,
    "overall_time": 10.608367919921875,
    "callback_time": 1.1937854290008545,
    "subproblem_time": 6.870285511016846,
    "mp_time": 3.7316274642944336,
    "inh_time": null,
    "ilp_time": 0.0,
    "surgeon_schedule": {
        "2": [
            31,
            42
        ],
        "3": [
            39,
            49
        ],
        "4": [
            10
        ],
        "6": [
            29
        ],
        "7": [
            3,
            22
        ],
        "8": [
            15,
            37
        ],
        "11": [
            19
        ]
    },
    "patient_schedule": {
        "36": 31,
        "44": 31,
        "24": 42,
        "29": 42,
        "42": 42,
        "43": 42,
        "46": 42,
        "25": 39,
        "37": 39,
        "19": 49,
        "31": 49,
        "30": 10,
        "49": 10,
        "14": 29,
        "48": 29,
        "2": 3,
        "16": 3,
        "34": 3,
        "17": 22,
        "20": 22,
        "40": 22,
        "45": 15,
        "4": 37,
        "18": 37,
        "38": 37,
        "10": 19,
        "28": 19
    },
    "instance": null,
    "parameters": null,
    "parameters_data": null,
    "patients": null,
    "capacity": null,
    "num_days": null,
    "num_ORs": null,
    "num_surgeons": null,
    "initial_heuristics_time": 0.0,
    "gap": null
}