{
    "proved_optimal": true,
    "obj": 17,
    "relax_obj": 17.0,
    "num_LCs": 3,
    "num_callbacks": 511,
    "num_CG_iterations": 18,
    "num_columns": 204,
    "num_nodes": 1,
    "overall_time": 6.688708066940308,
    "callback_time": 0.9343400001525879,
    "subproblem_time": 3.399036169052124,
    "mp_time": 3.284369707107544,
    "inh_time": null,
    "ilp_time": 0.0,
    "surgeon_schedule": {
        "0": [
            9,
            20
        ],
        "1": [
            44
        ],
        "2": [
            7,
            19,
            40
        ],
        "3": [
            17,
            37
        ],
        "4": [
            0,
            30
        ],
        "6": [
            48
        ],
        "8": [
            39
        ],
        "9": [
            4,
            29
        ],
        "10": [
            11,
            24
        ],
        "11": [
            27,
            34
        ]
    },
    "patient_schedule": {
        "39": 9,
        "5": 20,
        "7": 20,
        "26": 20,
        "6": 44,
        "32": 44,
        "24": 7,
        "29": 7,
        "36": 19,
        "42": 40,
        "46": 40,
        "25": 17,
        "37": 17,
        "19": 37,
        "31": 37,
        "9": 0,
        "49": 0,
        "30": 30,
        "14": 48,
        "21": 48,
        "48": 48,
        "4": 39,
        "18": 39,
        "38": 39,
        "12": 4,
        "15": 29,
        "1": 11,
        "47": 11,
        "22": 24,
        "41": 24,
        "23": 27,
        "10": 34,
        "28": 34
    },
    "instance": null,
    "parameters": null,
    "parameters_data": null,
    "patients": null,
    "capacity": null,
    "num_days": null,
    "num_ORs": null,
    "num_surgeons": null,
    "initial_heuristics_time": 0.0,
    "gap": 0.0
}