{
    "proved_optimal": true,
    "obj": 46,
    "relax_obj": 46.0,
    "num_LCs": 38,
    "num_callbacks": 687,
    "num_CG_iterations": 20,
    "num_columns": 228,
    "num_nodes": 1,
    "overall_time": 13.591519594192505,
    "callback_time": 1.543609857559204,
    "subproblem_time": 8.954952716827393,
    "mp_time": 4.62889838218689,
    "inh_time": null,
    "ilp_time": 0.0,
    "surgeon_schedule": {
        "0": [
            21
        ],
        "1": [
            37
        ],
        "2": [
            47
        ],
        "3": [
            4,
            30
        ],
        "4": [
            29
        ],
        "5": [
            0,
            40
        ],
        "6": [
            39
        ],
        "7": [
            13
        ],
        "8": [
            44
        ],
        "9": [
            27,
            34
        ],
        "10": [
            8
        ],
        "11": [
            49
        ]
    },
    "patient_schedule": {
        "5": 21,
        "7": 21,
        "8": 21,
        "26": 21,
        "6": 37,
        "32": 37,
        "24": 47,
        "29": 47,
        "46": 47,
        "25": 4,
        "37": 4,
        "19": 30,
        "31": 30,
        "9": 29,
        "49": 29,
        "33": 0,
        "11": 40,
        "14": 39,
        "48": 39,
        "2": 13,
        "20": 13,
        "34": 13,
        "40": 13,
        "4": 44,
        "18": 44,
        "38": 44,
        "12": 27,
        "15": 34,
        "1": 8,
        "41": 8,
        "47": 8,
        "10": 49,
        "28": 49
    },
    "instance": null,
    "parameters": null,
    "parameters_data": null,
    "patients": null,
    "capacity": null,
    "num_days": null,
    "num_ORs": null,
    "num_surgeons": null,
    "initial_heuristics_time": 0.0,
    "gap": 0.0
}