{
    "proved_optimal": true,
    "obj": 36,
    "relax_obj": 35.5,
    "num_LCs": 12,
    "num_callbacks": 1804,
    "num_CG_iterations": 50,
    "num_columns": 367,
    "num_nodes": 17,
    "overall_time": 40.35296368598938,
    "callback_time": 3.958402395248413,
    "subproblem_time": 22.04600214958191,
    "mp_time": 18.25913953781128,
    "inh_time": null,
    "ilp_time": 0.0,
    "surgeon_schedule": {
        "0": [
            5
        ],
        "1": [
            29
        ],
        "2": [
            19,
            45
        ],
        "3": [
            17,
            40
        ],
        "4": [
            10
        ],
        "5": [
            0
        ],
        "6": [
            9
        ],
        "7": [
            33
        ],
        "8": [
            49
        ],
        "10": [
            25
        ],
        "11": [
            14,
            20
        ]
    },
    "patient_schedule": {
        "5": 5,
        "7": 5,
        "8": 5,
        "26": 5,
        "6": 29,
        "32": 29,
        "24": 19,
        "29": 19,
        "46": 19,
        "42": 45,
        "43": 45,
        "25": 17,
        "37": 17,
        "19": 40,
        "31": 40,
        "30": 10,
        "49": 10,
        "11": 0,
        "14": 9,
        "48": 9,
        "2": 33,
        "20": 33,
        "34": 33,
        "40": 33,
        "4": 49,
        "18": 49,
        "38": 49,
        "1": 25,
        "41": 25,
        "47": 25,
        "23": 14,
        "10": 20,
        "28": 20
    },
    "instance": null,
    "parameters": null,
    "parameters_data": null,
    "patients": null,
    "capacity": null,
    "num_days": null,
    "num_ORs": null,
    "num_surgeons": null,
    "initial_heuristics_time": 0.0,
    "gap": 0.014084507042253521
}