{
    "proved_optimal": true,
    "obj": 32,
    "relax_obj": 32.0,
    "num_LCs": 28,
    "num_callbacks": 699,
    "num_CG_iterations": 22,
    "num_columns": 228,
    "num_nodes": 3,
    "overall_time": 12.465893745422363,
    "callback_time": 1.4898207187652588,
    "subproblem_time": 6.863715410232544,
    "mp_time": 5.59148383140564,
    "inh_time": null,
    "ilp_time": 0.0,
    "surgeon_schedule": {
        "0": [
            40
        ],
        "1": [
            39
        ],
        "2": [
            7
        ],
        "3": [
            14,
            37
        ],
        "4": [
            34
        ],
        "5": [
            0,
            18,
            44
        ],
        "6": [
            47
        ],
        "7": [
            23
        ],
        "8": [
            9
        ],
        "9": [
            4,
            30
        ],
        "10": [
            49
        ],
        "11": [
            10
        ]
    },
    "patient_schedule": {
        "5": 40,
        "7": 40,
        "26": 40,
        "6": 39,
        "32": 39,
        "24": 7,
        "29": 7,
        "46": 7,
        "19": 14,
        "31": 14,
        "25": 37,
        "37": 37,
        "9": 34,
        "49": 34,
        "0": 0,
        "33": 18,
        "35": 18,
        "11": 44,
        "21": 47,
        "48": 47,
        "2": 23,
        "20": 23,
        "34": 23,
        "40": 23,
        "4": 9,
        "18": 9,
        "38": 9,
        "15": 4,
        "12": 30,
        "41": 49,
        "47": 49,
        "10": 10,
        "28": 10
    },
    "instance": null,
    "parameters": null,
    "parameters_data": null,
    "patients": null,
    "capacity": null,
    "num_days": null,
    "num_ORs": null,
    "num_surgeons": null,
    "initial_heuristics_time": 0.0,
    "gap": 0.0
}