{
    "proved_optimal": true,
    "obj": 38,
    "relax_obj": -105,
    "num_LCs": 0,
    "num_callbacks": 0,
    "num_CG_iterations": 21,
    "num_columns": 240,
    "num_nodes": 1,
    "overall_time": 9.063378095626831,
    "callback_time": 0.0,
    "subproblem_time": 4.06692099571228,
    "mp_time": 4.98540472984314,
    "inh_time": null,
    "ilp_time": 0.0,
    "surgeon_schedule": {
        "0": [
            8
        ],
        "1": [
            37
        ],
        "2": [
            27
        ],
        "3": [
            0,
            40
        ],
        "4": [
            14
        ],
        "5": [
            10,
            20,
            30
        ],
        "6": [
            19,
            24
        ],
        "7": [
            4,
            17,
            39
        ],
        "8": [
            49
        ],
        "9": [
            29
        ],
        "10": [
            45
        ],
        "11": [
            34
        ]
    },
    "patient_schedule": {
        "5": 8,
        "7": 8,
        "8": 8,
        "26": 8,
        "6": 37,
        "32": 37,
        "24": 27,
        "29": 27,
        "46": 27,
        "25": 0,
        "37": 0,
        "19": 40,
        "31": 40,
        "9": 14,
        "49": 14,
        "33": 10,
        "35": 20,
        "11": 30,
        "21": 19,
        "14": 24,
        "48": 24,
        "40": 4,
        "20": 17,
        "34": 39,
        "4": 49,
        "18": 49,
        "38": 49,
        "15": 29,
        "1": 45,
        "41": 45,
        "47": 45,
        "10": 34,
        "28": 34
    },
    "instance": null,
    "parameters": null,
    "parameters_data": null,
    "patients": null,
    "capacity": null,
    "num_days": null,
    "num_ORs": null,
    "num_surgeons": null,
    "initial_heuristics_time": 0.0,
    "gap": -1.361904761904762
}