{
    "proved_optimal": true,
    "obj": 18,
    "relax_obj": 18.0,
    "num_LCs": 37,
    "num_callbacks": 764,
    "num_CG_iterations": 22,
    "num_columns": 252,
    "num_nodes": 1,
    "overall_time": 14.404424667358398,
    "callback_time": 1.682605504989624,
    "subproblem_time": 9.441988229751587,
    "mp_time": 4.953814506530762,
    "inh_time": null,
    "ilp_time": 0.0,
    "surgeon_schedule": {
        "0": [
            21
        ],
        "1": [
            40
        ],
        "2": [
            11,
            28,
            49
        ],
        "3": [
            39,
            44
        ],
        "4": [
            9
        ],
        "6": [
            30
        ],
        "7": [
            2
        ],
        "8": [
            47
        ],
        "9": [
            37
        ],
        "10": [
            18
        ],
        "11": [
            34
        ]
    },
    "patient_schedule": {
        "5": 21,
        "7": 21,
        "8": 21,
        "26": 21,
        "6": 40,
        "32": 40,
        "42": 11,
        "43": 11,
        "24": 28,
        "44": 28,
        "46": 28,
        "29": 49,
        "36": 49,
        "19": 39,
        "31": 39,
        "25": 44,
        "37": 44,
        "30": 9,
        "49": 9,
        "14": 30,
        "48": 30,
        "16": 2,
        "20": 2,
        "34": 2,
        "4": 47,
        "18": 47,
        "38": 47,
        "12": 37,
        "1": 18,
        "41": 18,
        "47": 18,
        "10": 34,
        "28": 34
    },
    "instance": null,
    "parameters": null,
    "parameters_data": null,
    "patients": null,
    "capacity": null,
    "num_days": null,
    "num_ORs": null,
    "num_surgeons": null,
    "initial_heuristics_time": 0.0,
    "gap": 0.0
}