{
    "proved_optimal": true,
    "obj": 44,
    "relax_obj": 44.0,
    "num_LCs": 0,
    "num_callbacks": 0,
    "num_CG_iterations": 23,
    "num_columns": 251,
    "num_nodes": 3,
    "overall_time": 15.464861154556274,
    "callback_time": 0.0,
    "subproblem_time": 8.939860582351685,
    "mp_time": 6.513216972351074,
    "inh_time": null,
    "ilp_time": 0.0,
    "surgeon_schedule": {
        "0": [
            11
        ],
        "1": [
            47
        ],
        "2": [
            49
        ],
        "3": [
            17,
            37
        ],
        "4": [
            9
        ],
        "5": [
            39,
            44
        ],
        "6": [
            0
        ],
        "7": [
            23
        ],
        "8": [
            30
        ],
        "9": [
            19,
            40
        ],
        "10": [
            5
        ],
        "11": [
            34
        ]
    },
    "patient_schedule": {
        "5": 11,
        "7": 11,
        "8": 11,
        "26": 11,
        "6": 47,
        "32": 47,
        "24": 49,
        "29": 49,
        "46": 49,
        "19": 17,
        "31": 17,
        "25": 37,
        "37": 37,
        "30": 9,
        "49": 9,
        "33": 39,
        "11": 44,
        "14": 0,
        "48": 0,
        "2": 23,
        "20": 23,
        "34": 23,
        "40": 23,
        "4": 30,
        "18": 30,
        "38": 30,
        "15": 19,
        "12": 40,
        "1": 5,
        "41": 5,
        "47": 5,
        "10": 34,
        "28": 34
    },
    "instance": null,
    "parameters": null,
    "parameters_data": null,
    "patients": null,
    "capacity": null,
    "num_days": null,
    "num_ORs": null,
    "num_surgeons": null,
    "initial_heuristics_time": 0.0,
    "gap": 0.0
}