{
    "proved_optimal": true,
    "obj": 30,
    "relax_obj": 30.0,
    "num_LCs": 0,
    "num_callbacks": 0,
    "num_CG_iterations": 17,
    "num_columns": 178,
    "num_nodes": 1,
    "overall_time": 6.2125725746154785,
    "callback_time": 0.0,
    "subproblem_time": 2.7886829376220703,
    "mp_time": 3.416665554046631,
    "inh_time": null,
    "ilp_time": 0.0,
    "surgeon_schedule": {
        "0": [
            9,
            45
        ],
        "1": [
            24
        ],
        "2": [
            40
        ],
        "3": [
            14,
            27,
            30
        ],
        "4": [
            19
        ],
        "5": [
            1
        ],
        "6": [
            20,
            34
        ],
        "8": [
            7,
            17,
            29
        ],
        "9": [
            39
        ],
        "10": [
            49
        ],
        "11": [
            10,
            37
        ]
    },
    "patient_schedule": {
        "3": 9,
        "6": 9,
        "9": 45,
        "19": 45,
        "20": 45,
        "15": 24,
        "32": 24,
        "40": 40,
        "5": 14,
        "24": 27,
        "21": 30,
        "2": 19,
        "27": 19,
        "11": 1,
        "12": 1,
        "41": 1,
        "10": 20,
        "22": 34,
        "7": 7,
        "44": 7,
        "16": 17,
        "33": 17,
        "35": 29,
        "23": 39,
        "42": 39,
        "18": 49,
        "26": 49,
        "43": 10,
        "0": 37,
        "29": 37,
        "39": 37
    },
    "instance": null,
    "parameters": null,
    "parameters_data": null,
    "patients": null,
    "capacity": null,
    "num_days": null,
    "num_ORs": null,
    "num_surgeons": null,
    "initial_heuristics_time": 0.0,
    "gap": 0.0
}