{
    "proved_optimal": true,
    "obj": 15,
    "relax_obj": -31,
    "num_LCs": 0,
    "num_callbacks": 0,
    "num_CG_iterations": 18,
    "num_columns": 181,
    "num_nodes": 3,
    "overall_time": 5.121940851211548,
    "callback_time": 0.0,
    "subproblem_time": 1.8051955699920654,
    "mp_time": 3.3003578186035156,
    "inh_time": null,
    "ilp_time": 0.0,
    "surgeon_schedule": {
        "0": [
            20,
            39
        ],
        "1": [
            48
        ],
        "2": [
            10
        ],
        "3": [
            9,
            19,
            24
        ],
        "4": [
            37
        ],
        "5": [
            5,
            29,
            40
        ],
        "8": [
            0,
            14,
            34
        ],
        "9": [
            27
        ],
        "10": [
            17
        ],
        "11": [
            30,
            44
        ]
    },
    "patient_schedule": {
        "6": 20,
        "9": 20,
        "3": 39,
        "19": 39,
        "15": 48,
        "30": 48,
        "32": 48,
        "40": 10,
        "21": 9,
        "24": 19,
        "5": 24,
        "2": 37,
        "27": 37,
        "11": 5,
        "12": 5,
        "17": 5,
        "41": 29,
        "4": 40,
        "35": 0,
        "16": 14,
        "33": 14,
        "7": 34,
        "44": 34,
        "23": 27,
        "42": 27,
        "18": 17,
        "26": 17,
        "0": 30,
        "29": 30,
        "39": 30,
        "43": 44
    },
    "instance": null,
    "parameters": null,
    "parameters_data": null,
    "patients": null,
    "capacity": null,
    "num_days": null,
    "num_ORs": null,
    "num_surgeons": null,
    "initial_heuristics_time": 0.0,
    "gap": -1.4838709677419355
}