{
    "proved_optimal": true,
    "obj": 2,
    "relax_obj": 2.0,
    "num_LCs": 29,
    "num_callbacks": 959,
    "num_CG_iterations": 25,
    "num_columns": 232,
    "num_nodes": 3,
    "overall_time": 20.0914204120636,
    "callback_time": 1.8441135883331299,
    "subproblem_time": 12.940185546875,
    "mp_time": 7.128558874130249,
    "inh_time": null,
    "ilp_time": 0.0,
    "surgeon_schedule": {
        "0": [
            9,
            28
        ],
        "1": [
            42
        ],
        "3": [
            24
        ],
        "4": [
            39
        ],
        "5": [
            7
        ],
        "8": [
            1,
            20,
            49
        ],
        "9": [
            32
        ],
        "11": [
            13
        ]
    },
    "patient_schedule": {
        "3": 9,
        "9": 9,
        "19": 9,
        "6": 28,
        "20": 28,
        "15": 42,
        "32": 42,
        "34": 42,
        "24": 24,
        "2": 39,
        "27": 39,
        "11": 7,
        "41": 7,
        "14": 1,
        "7": 20,
        "44": 20,
        "16": 49,
        "33": 49,
        "8": 32,
        "23": 32,
        "36": 32,
        "13": 13,
        "28": 13,
        "29": 13,
        "39": 13
    },
    "instance": null,
    "parameters": null,
    "parameters_data": null,
    "patients": null,
    "capacity": null,
    "num_days": null,
    "num_ORs": null,
    "num_surgeons": null,
    "initial_heuristics_time": 0.0,
    "gap": 0.0
}