{
    "proved_optimal": true,
    "obj": 37,
    "relax_obj": -89,
    "num_LCs": 0,
    "num_callbacks": 0,
    "num_CG_iterations": 19,
    "num_columns": 208,
    "num_nodes": 1,
    "overall_time": 6.66637659072876,
    "callback_time": 0.0,
    "subproblem_time": 2.996473789215088,
    "mp_time": 3.660953998565674,
    "inh_time": null,
    "ilp_time": 0.0,
    "surgeon_schedule": {
        "0": [
            0,
            48
        ],
        "1": [
            28
        ],
        "2": [
            9
        ],
        "3": [
            7,
            19,
            44
        ],
        "4": [
            4
        ],
        "5": [
            40
        ],
        "6": [
            11,
            37
        ],
        "8": [
            34
        ],
        "9": [
            39
        ],
        "10": [
            30
        ],
        "11": [
            17,
            21
        ]
    },
    "patient_schedule": {
        "6": 0,
        "9": 0,
        "3": 48,
        "19": 48,
        "20": 48,
        "15": 28,
        "30": 28,
        "32": 28,
        "40": 9,
        "21": 7,
        "24": 19,
        "5": 44,
        "2": 4,
        "27": 4,
        "11": 40,
        "41": 40,
        "1": 11,
        "22": 11,
        "10": 37,
        "7": 34,
        "16": 34,
        "23": 39,
        "42": 39,
        "18": 30,
        "26": 30,
        "43": 17,
        "28": 21,
        "29": 21,
        "39": 21
    },
    "instance": null,
    "parameters": null,
    "parameters_data": null,
    "patients": null,
    "capacity": null,
    "num_days": null,
    "num_ORs": null,
    "num_surgeons": null,
    "initial_heuristics_time": 0.0,
    "gap": -1.4157303370786516
}