{
    "proved_optimal": true,
    "obj": 5,
    "relax_obj": 4.8,
    "num_LCs": 32,
    "num_callbacks": 689,
    "num_CG_iterations": 20,
    "num_columns": 205,
    "num_nodes": 1,
    "overall_time": 13.64512848854065,
    "callback_time": 1.6178653240203857,
    "subproblem_time": 9.19710373878479,
    "mp_time": 4.439568996429443,
    "inh_time": null,
    "ilp_time": 0.0,
    "surgeon_schedule": {
        "0": [
            20,
            38
        ],
        "1": [
            48
        ],
        "4": [
            24
        ],
        "5": [
            30
        ],
        "6": [
            16
        ],
        "8": [
            29,
            34,
            41
        ],
        "9": [
            27
        ],
        "11": [
            3,
            10
        ]
    },
    "patient_schedule": {
        "6": 20,
        "9": 20,
        "3": 38,
        "19": 38,
        "20": 38,
        "15": 48,
        "30": 48,
        "32": 48,
        "2": 24,
        "27": 24,
        "11": 30,
        "41": 30,
        "10": 16,
        "22": 16,
        "31": 16,
        "7": 29,
        "44": 29,
        "16": 34,
        "33": 34,
        "14": 41,
        "23": 27,
        "42": 27,
        "13": 3,
        "28": 3,
        "29": 3,
        "39": 3,
        "43": 10
    },
    "instance": null,
    "parameters": null,
    "parameters_data": null,
    "patients": null,
    "capacity": null,
    "num_days": null,
    "num_ORs": null,
    "num_surgeons": null,
    "initial_heuristics_time": 0.0,
    "gap": 0.041666666666666706
}