{
    "proved_optimal": true,
    "obj": 15,
    "relax_obj": 15.0,
    "num_LCs": 12,
    "num_callbacks": 524,
    "num_CG_iterations": 18,
    "num_columns": 184,
    "num_nodes": 1,
    "overall_time": 7.965713024139404,
    "callback_time": 1.0894055366516113,
    "subproblem_time": 4.286652565002441,
    "mp_time": 3.6708052158355713,
    "inh_time": null,
    "ilp_time": 0.0,
    "surgeon_schedule": {
        "0": [
            20,
            31
        ],
        "1": [
            29
        ],
        "2": [
            9
        ],
        "3": [
            4,
            14,
            27
        ],
        "4": [
            10
        ],
        "5": [
            43
        ],
        "8": [
            17,
            24,
            37
        ],
        "9": [
            0
        ],
        "10": [
            7
        ],
        "11": [
            19,
            39
        ]
    },
    "patient_schedule": {
        "6": 20,
        "9": 20,
        "3": 31,
        "19": 31,
        "20": 31,
        "15": 29,
        "32": 29,
        "40": 9,
        "21": 4,
        "24": 14,
        "5": 27,
        "2": 10,
        "27": 10,
        "4": 43,
        "11": 43,
        "12": 43,
        "17": 43,
        "41": 43,
        "7": 17,
        "44": 17,
        "16": 24,
        "33": 24,
        "35": 37,
        "23": 0,
        "42": 0,
        "18": 7,
        "26": 7,
        "0": 19,
        "29": 19,
        "39": 19,
        "43": 39
    },
    "instance": null,
    "parameters": null,
    "parameters_data": null,
    "patients": null,
    "capacity": null,
    "num_days": null,
    "num_ORs": null,
    "num_surgeons": null,
    "initial_heuristics_time": 0.0,
    "gap": 0.0
}