{
    "proved_optimal": true,
    "obj": 47,
    "relax_obj": 46.25,
    "num_LCs": 7,
    "num_callbacks": 635,
    "num_CG_iterations": 21,
    "num_columns": 209,
    "num_nodes": 1,
    "overall_time": 13.35817551612854,
    "callback_time": 1.6203396320343018,
    "subproblem_time": 8.460944652557373,
    "mp_time": 4.88795018196106,
    "inh_time": null,
    "ilp_time": 0.0,
    "surgeon_schedule": {
        "0": [
            10,
            45
        ],
        "1": [
            8
        ],
        "3": [
            16,
            20
        ],
        "4": [
            27
        ],
        "5": [
            29
        ],
        "6": [
            32
        ],
        "8": [
            39,
            40
        ],
        "9": [
            4
        ],
        "10": [
            49
        ],
        "11": [
            0,
            24
        ]
    },
    "patient_schedule": {
        "3": 10,
        "9": 10,
        "19": 10,
        "6": 45,
        "20": 45,
        "15": 8,
        "30": 8,
        "32": 8,
        "5": 16,
        "38": 16,
        "24": 20,
        "2": 27,
        "27": 27,
        "11": 29,
        "41": 29,
        "10": 32,
        "22": 32,
        "31": 32,
        "16": 39,
        "33": 39,
        "7": 40,
        "44": 40,
        "23": 4,
        "42": 4,
        "18": 49,
        "26": 49,
        "29": 0,
        "43": 0,
        "0": 24,
        "39": 24
    },
    "instance": null,
    "parameters": null,
    "parameters_data": null,
    "patients": null,
    "capacity": null,
    "num_days": null,
    "num_ORs": null,
    "num_surgeons": null,
    "initial_heuristics_time": 0.0,
    "gap": 0.016216216216216217
}