{
    "proved_optimal": true,
    "obj": 37,
    "relax_obj": 37.0,
    "num_LCs": 0,
    "num_callbacks": 0,
    "num_CG_iterations": 17,
    "num_columns": 185,
    "num_nodes": 1,
    "overall_time": 7.138921737670898,
    "callback_time": 0.0,
    "subproblem_time": 2.9846720695495605,
    "mp_time": 4.144776105880737,
    "inh_time": null,
    "ilp_time": 0.0,
    "surgeon_schedule": {
        "0": [
            4,
            28
        ],
        "1": [
            48
        ],
        "2": [
            39
        ],
        "3": [
            9,
            19
        ],
        "4": [
            24
        ],
        "5": [
            7,
            20
        ],
        "6": [
            14,
            31
        ],
        "8": [
            17
        ],
        "9": [
            0
        ],
        "10": [
            37
        ],
        "11": [
            10,
            41
        ]
    },
    "patient_schedule": {
        "6": 4,
        "9": 4,
        "3": 28,
        "19": 28,
        "20": 28,
        "15": 48,
        "30": 48,
        "32": 48,
        "40": 39,
        "21": 9,
        "5": 19,
        "2": 24,
        "27": 24,
        "11": 7,
        "41": 7,
        "17": 20,
        "22": 14,
        "1": 31,
        "10": 31,
        "7": 17,
        "16": 17,
        "23": 0,
        "42": 0,
        "18": 37,
        "26": 37,
        "43": 10,
        "28": 41,
        "29": 41,
        "39": 41
    },
    "instance": null,
    "parameters": null,
    "parameters_data": null,
    "patients": null,
    "capacity": null,
    "num_days": null,
    "num_ORs": null,
    "num_surgeons": null,
    "initial_heuristics_time": 0.0,
    "gap": 0.0
}