{
    "proved_optimal": true,
    "obj": 37,
    "relax_obj": 37.0,
    "num_LCs": 5,
    "num_callbacks": 406,
    "num_CG_iterations": 16,
    "num_columns": 175,
    "num_nodes": 1,
    "overall_time": 7.746165990829468,
    "callback_time": 0.9253683090209961,
    "subproblem_time": 4.455291986465454,
    "mp_time": 3.2838916778564453,
    "inh_time": null,
    "ilp_time": 0.0,
    "surgeon_schedule": {
        "0": [
            8,
            14
        ],
        "1": [
            48
        ],
        "2": [
            27
        ],
        "3": [
            4,
            24
        ],
        "4": [
            0
        ],
        "5": [
            30
        ],
        "6": [
            18,
            29
        ],
        "8": [
            20,
            39
        ],
        "9": [
            44
        ],
        "10": [
            10
        ],
        "11": [
            35,
            40
        ]
    },
    "patient_schedule": {
        "3": 8,
        "19": 8,
        "20": 8,
        "6": 14,
        "9": 14,
        "15": 48,
        "30": 48,
        "32": 48,
        "40": 27,
        "5": 4,
        "21": 24,
        "2": 0,
        "27": 0,
        "11": 30,
        "41": 30,
        "1": 18,
        "22": 18,
        "10": 29,
        "35": 20,
        "7": 39,
        "16": 39,
        "23": 44,
        "42": 44,
        "18": 10,
        "26": 10,
        "28": 35,
        "39": 35,
        "29": 40,
        "43": 40
    },
    "instance": null,
    "parameters": null,
    "parameters_data": null,
    "patients": null,
    "capacity": null,
    "num_days": null,
    "num_ORs": null,
    "num_surgeons": null,
    "initial_heuristics_time": 0.0,
    "gap": 0.0
}