{
    "proved_optimal": true,
    "obj": 50,
    "relax_obj": 49.5,
    "num_LCs": 23,
    "num_callbacks": 561,
    "num_CG_iterations": 19,
    "num_columns": 197,
    "num_nodes": 1,
    "overall_time": 11.79157018661499,
    "callback_time": 1.3206400871276855,
    "subproblem_time": 7.692320823669434,
    "mp_time": 4.091283798217773,
    "inh_time": null,
    "ilp_time": 0.0,
    "surgeon_schedule": {
        "0": [
            21,
            37
        ],
        "1": [
            41
        ],
        "3": [
            39
        ],
        "4": [
            0
        ],
        "5": [
            27
        ],
        "6": [
            12
        ],
        "8": [
            5,
            19,
            30,
            47
        ],
        "9": [
            49
        ],
        "10": [
            9
        ],
        "11": [
            29,
            34
        ]
    },
    "patient_schedule": {
        "9": 21,
        "19": 21,
        "20": 21,
        "3": 37,
        "6": 37,
        "15": 41,
        "30": 41,
        "32": 41,
        "5": 39,
        "2": 0,
        "27": 0,
        "11": 27,
        "41": 27,
        "10": 12,
        "22": 12,
        "31": 12,
        "14": 5,
        "35": 19,
        "16": 30,
        "33": 30,
        "7": 47,
        "44": 47,
        "23": 49,
        "42": 49,
        "18": 9,
        "26": 9,
        "0": 29,
        "29": 29,
        "39": 29,
        "43": 34
    },
    "instance": null,
    "parameters": null,
    "parameters_data": null,
    "patients": null,
    "capacity": null,
    "num_days": null,
    "num_ORs": null,
    "num_surgeons": null,
    "initial_heuristics_time": 0.0,
    "gap": 0.010101010101010102
}