{
    "proved_optimal": true,
    "obj": 15,
    "relax_obj": 15.0,
    "num_LCs": 3,
    "num_callbacks": 405,
    "num_CG_iterations": 16,
    "num_columns": 174,
    "num_nodes": 1,
    "overall_time": 7.232322692871094,
    "callback_time": 0.9022605419158936,
    "subproblem_time": 3.392315626144409,
    "mp_time": 3.833453416824341,
    "inh_time": null,
    "ilp_time": 0.0,
    "surgeon_schedule": {
        "0": [
            9,
            18
        ],
        "1": [
            44
        ],
        "2": [
            30
        ],
        "3": [
            0,
            20,
            47
        ],
        "4": [
            40
        ],
        "5": [
            4,
            10,
            29,
            34
        ],
        "8": [
            7,
            25
        ],
        "9": [
            37
        ],
        "10": [
            14
        ],
        "11": [
            39,
            49
        ]
    },
    "patient_schedule": {
        "3": 9,
        "9": 9,
        "19": 9,
        "6": 18,
        "20": 18,
        "15": 44,
        "32": 44,
        "40": 30,
        "21": 0,
        "24": 20,
        "5": 47,
        "2": 40,
        "27": 40,
        "11": 4,
        "41": 4,
        "12": 10,
        "17": 29,
        "4": 34,
        "16": 7,
        "33": 7,
        "7": 25,
        "35": 25,
        "44": 25,
        "23": 37,
        "42": 37,
        "18": 14,
        "26": 14,
        "0": 39,
        "39": 39,
        "29": 49,
        "43": 49
    },
    "instance": null,
    "parameters": null,
    "parameters_data": null,
    "patients": null,
    "capacity": null,
    "num_days": null,
    "num_ORs": null,
    "num_surgeons": null,
    "initial_heuristics_time": 0.0,
    "gap": 0.0
}