{
    "proved_optimal": true,
    "obj": 30,
    "relax_obj": 30.0,
    "num_LCs": 7,
    "num_callbacks": 478,
    "num_CG_iterations": 19,
    "num_columns": 206,
    "num_nodes": 1,
    "overall_time": 9.26044511795044,
    "callback_time": 1.0300817489624023,
    "subproblem_time": 4.757233142852783,
    "mp_time": 4.494973659515381,
    "inh_time": null,
    "ilp_time": 0.0,
    "surgeon_schedule": {
        "0": [
            31,
            44
        ],
        "1": [
            10
        ],
        "2": [
            0
        ],
        "3": [
            4,
            19,
            27
        ],
        "4": [
            40
        ],
        "5": [
            9,
            14,
            24
        ],
        "6": [
            17,
            47
        ],
        "8": [
            29,
            37
        ],
        "9": [
            7
        ],
        "10": [
            49
        ],
        "11": [
            20,
            39
        ]
    },
    "patient_schedule": {
        "6": 31,
        "20": 31,
        "3": 44,
        "9": 44,
        "19": 44,
        "15": 10,
        "32": 10,
        "40": 0,
        "21": 4,
        "24": 19,
        "5": 27,
        "2": 40,
        "27": 40,
        "11": 9,
        "41": 9,
        "12": 14,
        "17": 24,
        "10": 17,
        "22": 47,
        "7": 29,
        "44": 29,
        "16": 37,
        "33": 37,
        "23": 7,
        "42": 7,
        "18": 49,
        "26": 49,
        "43": 20,
        "0": 39,
        "29": 39,
        "39": 39
    },
    "instance": null,
    "parameters": null,
    "parameters_data": null,
    "patients": null,
    "capacity": null,
    "num_days": null,
    "num_ORs": null,
    "num_surgeons": null,
    "initial_heuristics_time": 0.0,
    "gap": 0.0
}