{
    "proved_optimal": true,
    "obj": 5,
    "relax_obj": 4.8,
    "num_LCs": 33,
    "num_callbacks": 668,
    "num_CG_iterations": 20,
    "num_columns": 197,
    "num_nodes": 1,
    "overall_time": 14.456496238708496,
    "callback_time": 1.474200963973999,
    "subproblem_time": 9.972142934799194,
    "mp_time": 4.475502967834473,
    "inh_time": null,
    "ilp_time": 0.0,
    "surgeon_schedule": {
        "0": [
            5,
            29
        ],
        "1": [
            21
        ],
        "4": [
            0
        ],
        "5": [
            44
        ],
        "6": [
            16
        ],
        "8": [
            10,
            27,
            48
        ],
        "9": [
            40
        ],
        "11": [
            9,
            33
        ]
    },
    "patient_schedule": {
        "6": 5,
        "20": 5,
        "3": 29,
        "9": 29,
        "19": 29,
        "15": 21,
        "30": 21,
        "32": 21,
        "2": 0,
        "27": 0,
        "11": 44,
        "41": 44,
        "10": 16,
        "22": 16,
        "31": 16,
        "7": 10,
        "44": 10,
        "16": 27,
        "33": 27,
        "14": 48,
        "23": 40,
        "42": 40,
        "43": 9,
        "13": 33,
        "28": 33,
        "29": 33,
        "39": 33
    },
    "instance": null,
    "parameters": null,
    "parameters_data": null,
    "patients": null,
    "capacity": null,
    "num_days": null,
    "num_ORs": null,
    "num_surgeons": null,
    "initial_heuristics_time": 0.0,
    "gap": 0.041666666666666706
}