{
    "proved_optimal": true,
    "obj": 45,
    "relax_obj": -89,
    "num_LCs": 0,
    "num_callbacks": 0,
    "num_CG_iterations": 21,
    "num_columns": 230,
    "num_nodes": 1,
    "overall_time": 7.262609958648682,
    "callback_time": 0.0,
    "subproblem_time": 2.9896576404571533,
    "mp_time": 4.263471364974976,
    "inh_time": null,
    "ilp_time": 0.0,
    "surgeon_schedule": {
        "0": [
            29,
            35
        ],
        "1": [
            1
        ],
        "2": [
            7
        ],
        "3": [
            9,
            10,
            39
        ],
        "4": [
            27
        ],
        "5": [
            19
        ],
        "6": [
            15,
            30
        ],
        "8": [
            44
        ],
        "9": [
            24
        ],
        "10": [
            40
        ],
        "11": [
            20,
            48
        ]
    },
    "patient_schedule": {
        "3": 29,
        "9": 29,
        "19": 29,
        "6": 35,
        "20": 35,
        "15": 1,
        "30": 1,
        "32": 1,
        "40": 7,
        "21": 9,
        "24": 10,
        "5": 39,
        "2": 27,
        "27": 27,
        "11": 19,
        "41": 19,
        "1": 15,
        "10": 15,
        "22": 30,
        "7": 44,
        "16": 44,
        "23": 24,
        "42": 24,
        "18": 40,
        "26": 40,
        "43": 20,
        "28": 48,
        "29": 48,
        "39": 48
    },
    "instance": null,
    "parameters": null,
    "parameters_data": null,
    "patients": null,
    "capacity": null,
    "num_days": null,
    "num_ORs": null,
    "num_surgeons": null,
    "initial_heuristics_time": 0.0,
    "gap": -1.5056179775280898
}