{
    "proved_optimal": true,
    "obj": 19,
    "relax_obj": 19.0,
    "num_LCs": 3,
    "num_callbacks": 668,
    "num_CG_iterations": 21,
    "num_columns": 215,
    "num_nodes": 1,
    "overall_time": 11.791366338729858,
    "callback_time": 1.5349011421203613,
    "subproblem_time": 6.887603044509888,
    "mp_time": 4.895609617233276,
    "inh_time": null,
    "ilp_time": 0.0,
    "surgeon_schedule": {
        "0": [
            14,
            41
        ],
        "1": [
            38
        ],
        "3": [
            2,
            34
        ],
        "4": [
            20
        ],
        "5": [
            18
        ],
        "6": [
            48
        ],
        "8": [
            9,
            10
        ],
        "9": [
            26
        ],
        "11": [
            30
        ]
    },
    "patient_schedule": {
        "3": 14,
        "6": 14,
        "9": 41,
        "19": 41,
        "20": 41,
        "15": 38,
        "30": 38,
        "32": 38,
        "5": 2,
        "38": 2,
        "24": 34,
        "2": 20,
        "27": 20,
        "11": 18,
        "12": 18,
        "17": 18,
        "1": 48,
        "22": 48,
        "16": 9,
        "33": 9,
        "7": 10,
        "44": 10,
        "8": 26,
        "23": 26,
        "36": 26,
        "0": 30,
        "29": 30,
        "39": 30
    },
    "instance": null,
    "parameters": null,
    "parameters_data": null,
    "patients": null,
    "capacity": null,
    "num_days": null,
    "num_ORs": null,
    "num_surgeons": null,
    "initial_heuristics_time": 0.0,
    "gap": 0.0
}