{
    "proved_optimal": true,
    "obj": 0,
    "relax_obj": 0.0,
    "num_LCs": 14,
    "num_callbacks": 733,
    "num_CG_iterations": 24,
    "num_columns": 230,
    "num_nodes": 3,
    "overall_time": 13.996400356292725,
    "callback_time": 1.765084981918335,
    "subproblem_time": 7.677776336669922,
    "mp_time": 6.304157018661499,
    "inh_time": null,
    "ilp_time": 0.0,
    "surgeon_schedule": {
        "1": [
            38
        ],
        "3": [
            6,
            17
        ],
        "4": [
            19
        ],
        "5": [
            49
        ],
        "6": [
            11
        ],
        "8": [
            0,
            20,
            31
        ],
        "9": [
            42
        ],
        "11": [
            26
        ]
    },
    "patient_schedule": {
        "15": 38,
        "30": 38,
        "32": 38,
        "5": 6,
        "38": 6,
        "24": 17,
        "2": 19,
        "27": 19,
        "11": 49,
        "41": 49,
        "1": 11,
        "22": 11,
        "7": 0,
        "44": 0,
        "16": 20,
        "33": 20,
        "14": 31,
        "8": 42,
        "23": 42,
        "36": 42,
        "0": 26,
        "28": 26,
        "39": 26,
        "43": 26
    },
    "instance": null,
    "parameters": null,
    "parameters_data": null,
    "patients": null,
    "capacity": null,
    "num_days": null,
    "num_ORs": null,
    "num_surgeons": null,
    "initial_heuristics_time": 0.0,
    "gap": null
}