{
    "proved_optimal": true,
    "obj": 24,
    "relax_obj": 24.0,
    "num_LCs": 32,
    "num_callbacks": 2303,
    "num_CG_iterations": 64,
    "num_columns": 292,
    "num_nodes": 15,
    "overall_time": 46.26961374282837,
    "callback_time": 4.120357036590576,
    "subproblem_time": 28.738869667053223,
    "mp_time": 17.48135232925415,
    "inh_time": null,
    "ilp_time": 0.0,
    "surgeon_schedule": {
        "0": [
            21,
            37
        ],
        "1": [
            45
        ],
        "4": [
            34
        ],
        "5": [
            40
        ],
        "6": [
            2
        ],
        "8": [
            9,
            28,
            49
        ],
        "9": [
            39
        ],
        "11": [
            13,
            30
        ]
    },
    "patient_schedule": {
        "6": 21,
        "20": 21,
        "3": 37,
        "9": 37,
        "19": 37,
        "15": 45,
        "30": 45,
        "32": 45,
        "2": 34,
        "27": 34,
        "11": 40,
        "41": 40,
        "10": 2,
        "22": 2,
        "31": 2,
        "16": 9,
        "33": 9,
        "14": 28,
        "7": 49,
        "44": 49,
        "23": 39,
        "42": 39,
        "13": 13,
        "28": 13,
        "29": 13,
        "39": 13,
        "43": 30
    },
    "instance": null,
    "parameters": null,
    "parameters_data": null,
    "patients": null,
    "capacity": null,
    "num_days": null,
    "num_ORs": null,
    "num_surgeons": null,
    "initial_heuristics_time": 0.0,
    "gap": 0.0
}