{
    "proved_optimal": true,
    "obj": 42,
    "relax_obj": 41.333333333333336,
    "num_LCs": 0,
    "num_callbacks": 0,
    "num_CG_iterations": 21,
    "num_columns": 211,
    "num_nodes": 1,
    "overall_time": 14.76623010635376,
    "callback_time": 0.0,
    "subproblem_time": 9.370659589767456,
    "mp_time": 5.385813236236572,
    "inh_time": null,
    "ilp_time": 0.0,
    "surgeon_schedule": {
        "0": [
            15,
            39
        ],
        "1": [
            25
        ],
        "3": [
            20
        ],
        "4": [
            19
        ],
        "5": [
            0,
            49
        ],
        "6": [
            32
        ],
        "8": [
            7,
            10,
            29
        ],
        "9": [
            4
        ],
        "10": [
            9
        ],
        "11": [
            42
        ]
    },
    "patient_schedule": {
        "3": 15,
        "19": 15,
        "20": 15,
        "6": 39,
        "9": 39,
        "15": 25,
        "30": 25,
        "32": 25,
        "24": 20,
        "2": 19,
        "27": 19,
        "12": 0,
        "11": 49,
        "41": 49,
        "10": 32,
        "22": 32,
        "31": 32,
        "7": 7,
        "44": 7,
        "16": 10,
        "33": 10,
        "35": 29,
        "23": 4,
        "42": 4,
        "18": 9,
        "26": 9,
        "0": 42,
        "28": 42,
        "39": 42,
        "43": 42
    },
    "instance": null,
    "parameters": null,
    "parameters_data": null,
    "patients": null,
    "capacity": null,
    "num_days": null,
    "num_ORs": null,
    "num_surgeons": null,
    "initial_heuristics_time": 0.0,
    "gap": 0.016129032258064457
}