{
    "proved_optimal": true,
    "obj": 53,
    "relax_obj": 53.0,
    "num_LCs": 6,
    "num_callbacks": 707,
    "num_CG_iterations": 21,
    "num_columns": 231,
    "num_nodes": 1,
    "overall_time": 19.91410255432129,
    "callback_time": 2.004544973373413,
    "subproblem_time": 15.004397630691528,
    "mp_time": 4.901273727416992,
    "inh_time": null,
    "ilp_time": 0.0,
    "surgeon_schedule": {
        "1": [
            42
        ],
        "3": [
            19,
            25,
            30
        ],
        "4": [
            29
        ],
        "5": [
            15,
            37
        ],
        "6": [
            39
        ],
        "7": [
            1
        ],
        "8": [
            10,
            49
        ],
        "9": [
            7
        ],
        "11": [
            9,
            20,
            34
        ]
    },
    "patient_schedule": {
        "6": 42,
        "16": 42,
        "24": 42,
        "40": 42,
        "5": 19,
        "29": 19,
        "7": 25,
        "19": 25,
        "35": 30,
        "25": 29,
        "52": 29,
        "1": 15,
        "22": 15,
        "43": 15,
        "46": 37,
        "50": 37,
        "48": 39,
        "4": 1,
        "12": 1,
        "34": 1,
        "42": 1,
        "3": 10,
        "10": 10,
        "13": 10,
        "18": 49,
        "11": 7,
        "36": 7,
        "30": 9,
        "31": 9,
        "41": 20,
        "28": 34
    },
    "instance": null,
    "parameters": null,
    "parameters_data": null,
    "patients": null,
    "capacity": null,
    "num_days": null,
    "num_ORs": null,
    "num_surgeons": null,
    "initial_heuristics_time": 0.0,
    "gap": 0.0
}