{
    "proved_optimal": true,
    "obj": 0,
    "relax_obj": -1.3877787807814457e-17,
    "num_LCs": 19,
    "num_callbacks": 716,
    "num_CG_iterations": 22,
    "num_columns": 224,
    "num_nodes": 1,
    "overall_time": 18.32745623588562,
    "callback_time": 2.300779104232788,
    "subproblem_time": 11.684695482254028,
    "mp_time": 6.630658864974976,
    "inh_time": null,
    "ilp_time": 0.0,
    "surgeon_schedule": {
        "1": [
            46
        ],
        "3": [
            9,
            15,
            34
        ],
        "5": [
            19,
            38
        ],
        "8": [
            7,
            22
        ],
        "9": [
            40
        ],
        "11": [
            1,
            10,
            29,
            30
        ]
    },
    "patient_schedule": {
        "6": 46,
        "16": 46,
        "24": 46,
        "40": 46,
        "35": 9,
        "7": 15,
        "19": 15,
        "5": 34,
        "29": 34,
        "46": 19,
        "50": 19,
        "1": 38,
        "22": 38,
        "43": 38,
        "18": 7,
        "3": 22,
        "10": 22,
        "17": 22,
        "27": 22,
        "11": 40,
        "36": 40,
        "15": 1,
        "32": 1,
        "28": 10,
        "41": 29,
        "30": 30,
        "31": 30
    },
    "instance": null,
    "parameters": null,
    "parameters_data": null,
    "patients": null,
    "capacity": null,
    "num_days": null,
    "num_ORs": null,
    "num_surgeons": null,
    "initial_heuristics_time": 0.0,
    "gap": null
}