{
    "proved_optimal": true,
    "obj": 24,
    "relax_obj": 24.0,
    "num_LCs": 0,
    "num_callbacks": 0,
    "num_CG_iterations": 27,
    "num_columns": 256,
    "num_nodes": 5,
    "overall_time": 17.95081639289856,
    "callback_time": 0.0,
    "subproblem_time": 9.273695468902588,
    "mp_time": 8.652624130249023,
    "inh_time": null,
    "ilp_time": 0.0,
    "surgeon_schedule": {
        "1": [
            36
        ],
        "3": [
            4,
            11,
            27
        ],
        "4": [
            0
        ],
        "5": [
            9,
            21
        ],
        "7": [
            40
        ],
        "8": [
            7,
            19
        ],
        "9": [
            44
        ],
        "11": [
            17,
            29,
            30,
            48
        ]
    },
    "patient_schedule": {
        "6": 36,
        "16": 36,
        "24": 36,
        "40": 36,
        "35": 4,
        "7": 11,
        "19": 11,
        "5": 27,
        "29": 27,
        "25": 0,
        "52": 0,
        "46": 9,
        "50": 9,
        "1": 21,
        "22": 21,
        "43": 21,
        "12": 40,
        "39": 40,
        "3": 7,
        "10": 7,
        "13": 7,
        "18": 19,
        "11": 44,
        "36": 44,
        "30": 17,
        "31": 17,
        "28": 29,
        "41": 30,
        "15": 48,
        "32": 48
    },
    "instance": null,
    "parameters": null,
    "parameters_data": null,
    "patients": null,
    "capacity": null,
    "num_days": null,
    "num_ORs": null,
    "num_surgeons": null,
    "initial_heuristics_time": 0.0,
    "gap": 0.0
}