{
    "proved_optimal": true,
    "obj": 62,
    "relax_obj": -100,
    "num_LCs": 0,
    "num_callbacks": 0,
    "num_CG_iterations": 25,
    "num_columns": 252,
    "num_nodes": 5,
    "overall_time": 14.331423997879028,
    "callback_time": 0.0,
    "subproblem_time": 7.540227174758911,
    "mp_time": 6.755768060684204,
    "inh_time": null,
    "ilp_time": 0.0,
    "surgeon_schedule": {
        "1": [
            25
        ],
        "3": [
            1,
            39,
            49
        ],
        "4": [
            34
        ],
        "5": [
            7,
            19
        ],
        "6": [
            20
        ],
        "7": [
            45
        ],
        "8": [
            40
        ],
        "9": [
            10
        ],
        "10": [
            29,
            37
        ],
        "11": [
            9,
            15,
            30
        ]
    },
    "patient_schedule": {
        "24": 25,
        "40": 25,
        "7": 1,
        "19": 1,
        "5": 39,
        "29": 39,
        "35": 49,
        "33": 34,
        "52": 34,
        "1": 7,
        "51": 7,
        "46": 19,
        "50": 19,
        "48": 20,
        "4": 45,
        "12": 45,
        "34": 45,
        "42": 45,
        "3": 40,
        "10": 40,
        "13": 40,
        "11": 10,
        "21": 10,
        "26": 29,
        "14": 37,
        "41": 9,
        "15": 15,
        "32": 15,
        "30": 30,
        "31": 30
    },
    "instance": null,
    "parameters": null,
    "parameters_data": null,
    "patients": null,
    "capacity": null,
    "num_days": null,
    "num_ORs": null,
    "num_surgeons": null,
    "initial_heuristics_time": 0.0,
    "gap": -1.62
}