{
    "proved_optimal": true,
    "obj": 1,
    "relax_obj": 0.6,
    "num_LCs": 58,
    "num_callbacks": 2503,
    "num_CG_iterations": 53,
    "num_columns": 329,
    "num_nodes": 15,
    "overall_time": 63.657002210617065,
    "callback_time": 4.707783222198486,
    "subproblem_time": 45.048884868621826,
    "mp_time": 18.54403042793274,
    "inh_time": null,
    "ilp_time": 0.0,
    "surgeon_schedule": {
        "1": [
            42
        ],
        "3": [
            6,
            19,
            28
        ],
        "5": [
            20,
            31
        ],
        "7": [
            17
        ],
        "8": [
            37,
            49
        ],
        "11": [
            0,
            11,
            24,
            39
        ]
    },
    "patient_schedule": {
        "6": 42,
        "16": 42,
        "24": 42,
        "40": 42,
        "5": 6,
        "23": 6,
        "38": 6,
        "35": 19,
        "7": 28,
        "19": 28,
        "46": 20,
        "50": 20,
        "1": 31,
        "22": 31,
        "43": 31,
        "39": 17,
        "42": 17,
        "18": 37,
        "3": 49,
        "10": 49,
        "13": 49,
        "30": 0,
        "31": 0,
        "15": 11,
        "32": 11,
        "28": 24,
        "41": 39
    },
    "instance": null,
    "parameters": null,
    "parameters_data": null,
    "patients": null,
    "capacity": null,
    "num_days": null,
    "num_ORs": null,
    "num_surgeons": null,
    "initial_heuristics_time": 0.0,
    "gap": 0.6666666666666667
}