{
    "proved_optimal": true,
    "obj": 2,
    "relax_obj": 2.0,
    "num_LCs": 46,
    "num_callbacks": 1143,
    "num_CG_iterations": 30,
    "num_columns": 229,
    "num_nodes": 9,
    "overall_time": 42.25278854370117,
    "callback_time": 2.6362268924713135,
    "subproblem_time": 33.55003380775452,
    "mp_time": 8.66070556640625,
    "inh_time": null,
    "ilp_time": 0.0,
    "surgeon_schedule": {
        "1": [
            42
        ],
        "3": [
            21,
            35
        ],
        "5": [
            4,
            27
        ],
        "7": [
            0,
            18,
            30
        ],
        "8": [
            10,
            49
        ],
        "11": [
            8,
            14,
            29,
            39
        ]
    },
    "patient_schedule": {
        "6": 42,
        "16": 42,
        "24": 42,
        "40": 42,
        "7": 21,
        "19": 21,
        "5": 35,
        "29": 35,
        "35": 35,
        "46": 4,
        "50": 4,
        "1": 27,
        "51": 27,
        "34": 0,
        "12": 18,
        "49": 18,
        "4": 30,
        "39": 30,
        "3": 10,
        "10": 10,
        "13": 10,
        "18": 49,
        "15": 8,
        "32": 8,
        "30": 14,
        "31": 14,
        "28": 29,
        "41": 39
    },
    "instance": null,
    "parameters": null,
    "parameters_data": null,
    "patients": null,
    "capacity": null,
    "num_days": null,
    "num_ORs": null,
    "num_surgeons": null,
    "initial_heuristics_time": 0.0,
    "gap": 0.0
}