{
    "proved_optimal": true,
    "obj": 48,
    "relax_obj": 47.666666666666664,
    "num_LCs": 42,
    "num_callbacks": 665,
    "num_CG_iterations": 21,
    "num_columns": 239,
    "num_nodes": 1,
    "overall_time": 13.050023317337036,
    "callback_time": 1.4275314807891846,
    "subproblem_time": 8.25268292427063,
    "mp_time": 4.788038015365601,
    "inh_time": null,
    "ilp_time": 0.0,
    "surgeon_schedule": {
        "0": [
            7
        ],
        "1": [
            1,
            31
        ],
        "2": [
            20
        ],
        "3": [
            14
        ],
        "4": [
            37
        ],
        "5": [
            10
        ],
        "6": [
            9,
            24
        ],
        "7": [
            39
        ],
        "8": [
            27,
            40
        ],
        "9": [
            17
        ],
        "11": [
            19,
            29,
            46
        ]
    },
    "patient_schedule": {
        "2": 7,
        "24": 1,
        "40": 1,
        "6": 31,
        "20": 31,
        "0": 20,
        "45": 20,
        "5": 14,
        "29": 14,
        "33": 37,
        "52": 37,
        "1": 10,
        "43": 10,
        "46": 10,
        "47": 9,
        "48": 24,
        "12": 39,
        "39": 39,
        "3": 27,
        "10": 27,
        "13": 27,
        "18": 40,
        "11": 17,
        "21": 17,
        "28": 19,
        "30": 29,
        "31": 29,
        "15": 46,
        "32": 46,
        "41": 46
    },
    "instance": null,
    "parameters": null,
    "parameters_data": null,
    "patients": null,
    "capacity": null,
    "num_days": null,
    "num_ORs": null,
    "num_surgeons": null,
    "initial_heuristics_time": 0.0,
    "gap": 0.006993006993007043
}