{
    "proved_optimal": true,
    "obj": 41,
    "relax_obj": 41.0,
    "num_LCs": 0,
    "num_callbacks": 0,
    "num_CG_iterations": 27,
    "num_columns": 246,
    "num_nodes": 9,
    "overall_time": 17.8042631149292,
    "callback_time": 0.0,
    "subproblem_time": 8.873521089553833,
    "mp_time": 8.909858703613281,
    "inh_time": null,
    "ilp_time": 0.0,
    "surgeon_schedule": {
        "0": [
            24
        ],
        "1": [
            48
        ],
        "2": [
            14
        ],
        "3": [
            4,
            28,
            37
        ],
        "4": [
            7
        ],
        "5": [
            20
        ],
        "6": [
            44
        ],
        "7": [
            17,
            34
        ],
        "8": [
            19
        ],
        "9": [
            9
        ],
        "10": [
            39,
            40
        ],
        "11": [
            0,
            10,
            30
        ]
    },
    "patient_schedule": {
        "2": 24,
        "6": 48,
        "16": 48,
        "40": 48,
        "0": 14,
        "45": 14,
        "23": 4,
        "7": 28,
        "19": 28,
        "5": 37,
        "29": 37,
        "25": 7,
        "52": 7,
        "1": 20,
        "43": 20,
        "46": 20,
        "48": 44,
        "4": 17,
        "12": 17,
        "39": 34,
        "42": 34,
        "3": 19,
        "10": 19,
        "17": 19,
        "11": 9,
        "21": 9,
        "26": 39,
        "14": 40,
        "30": 0,
        "31": 0,
        "41": 10,
        "28": 30
    },
    "instance": null,
    "parameters": null,
    "parameters_data": null,
    "patients": null,
    "capacity": null,
    "num_days": null,
    "num_ORs": null,
    "num_surgeons": null,
    "initial_heuristics_time": 0.0,
    "gap": 0.0
}