{
    "proved_optimal": true,
    "obj": 20,
    "relax_obj": -100,
    "num_LCs": 0,
    "num_callbacks": 0,
    "num_CG_iterations": 31,
    "num_columns": 263,
    "num_nodes": 11,
    "overall_time": 19.614876747131348,
    "callback_time": 0.0,
    "subproblem_time": 9.17601227760315,
    "mp_time": 10.394487142562866,
    "inh_time": null,
    "ilp_time": 0.0,
    "surgeon_schedule": {
        "1": [
            35
        ],
        "3": [
            19,
            29,
            39
        ],
        "4": [
            14
        ],
        "5": [
            9,
            17
        ],
        "6": [
            40
        ],
        "7": [
            5
        ],
        "8": [
            10
        ],
        "9": [
            20,
            44
        ],
        "10": [
            27,
            30
        ],
        "11": [
            0,
            24,
            48
        ]
    },
    "patient_schedule": {
        "24": 35,
        "40": 35,
        "5": 19,
        "35": 29,
        "7": 39,
        "29": 39,
        "33": 14,
        "52": 14,
        "1": 9,
        "51": 9,
        "46": 17,
        "50": 17,
        "48": 40,
        "4": 5,
        "12": 5,
        "34": 5,
        "42": 5,
        "3": 10,
        "10": 10,
        "13": 10,
        "44": 20,
        "11": 44,
        "21": 44,
        "14": 27,
        "26": 30,
        "41": 0,
        "30": 24,
        "31": 24,
        "15": 48,
        "32": 48
    },
    "instance": null,
    "parameters": null,
    "parameters_data": null,
    "patients": null,
    "capacity": null,
    "num_days": null,
    "num_ORs": null,
    "num_surgeons": null,
    "initial_heuristics_time": 0.0,
    "gap": -1.2
}