{
    "proved_optimal": true,
    "obj": 55,
    "relax_obj": -32,
    "num_LCs": 0,
    "num_callbacks": 0,
    "num_CG_iterations": 18,
    "num_columns": 201,
    "num_nodes": 1,
    "overall_time": 7.643758773803711,
    "callback_time": 0.0,
    "subproblem_time": 4.056047677993774,
    "mp_time": 3.5741372108459473,
    "inh_time": null,
    "ilp_time": 0.0,
    "surgeon_schedule": {
        "0": [
            44
        ],
        "1": [
            22
        ],
        "2": [
            47
        ],
        "3": [
            10,
            49
        ],
        "4": [
            14,
            34
        ],
        "5": [
            37
        ],
        "7": [
            9,
            29,
            30
        ],
        "8": [
            4,
            19,
            40
        ],
        "9": [
            7,
            17,
            39
        ],
        "11": [
            0
        ]
    },
    "patient_schedule": {
        "2": 44,
        "6": 22,
        "16": 22,
        "24": 22,
        "40": 22,
        "0": 47,
        "45": 47,
        "7": 10,
        "29": 10,
        "5": 49,
        "25": 14,
        "52": 14,
        "33": 34,
        "1": 37,
        "43": 37,
        "50": 37,
        "34": 9,
        "4": 29,
        "12": 29,
        "39": 30,
        "42": 30,
        "10": 4,
        "17": 4,
        "3": 19,
        "13": 19,
        "18": 40,
        "36": 7,
        "44": 17,
        "11": 39,
        "21": 39,
        "30": 0,
        "31": 0
    },
    "instance": null,
    "parameters": null,
    "parameters_data": null,
    "patients": null,
    "capacity": null,
    "num_days": null,
    "num_ORs": null,
    "num_surgeons": null,
    "initial_heuristics_time": 0.0,
    "gap": -2.71875
}