{
    "proved_optimal": true,
    "obj": 58,
    "relax_obj": -32,
    "num_LCs": 0,
    "num_callbacks": 0,
    "num_CG_iterations": 17,
    "num_columns": 186,
    "num_nodes": 1,
    "overall_time": 6.120060920715332,
    "callback_time": 0.0,
    "subproblem_time": 3.1077709197998047,
    "mp_time": 3.0037782192230225,
    "inh_time": null,
    "ilp_time": 0.0,
    "surgeon_schedule": {
        "1": [
            11
        ],
        "2": [
            34
        ],
        "3": [
            9,
            24,
            37,
            49
        ],
        "4": [
            1
        ],
        "5": [
            45
        ],
        "7": [
            29,
            40
        ],
        "8": [
            17,
            27,
            39
        ],
        "9": [
            7,
            19,
            30
        ],
        "11": [
            20
        ]
    },
    "patient_schedule": {
        "6": 11,
        "16": 11,
        "40": 11,
        "0": 34,
        "45": 34,
        "7": 9,
        "29": 9,
        "23": 24,
        "5": 37,
        "35": 49,
        "25": 1,
        "33": 1,
        "52": 1,
        "1": 45,
        "46": 45,
        "50": 45,
        "51": 45,
        "4": 29,
        "12": 29,
        "39": 40,
        "42": 40,
        "3": 17,
        "10": 17,
        "13": 27,
        "17": 27,
        "18": 39,
        "11": 7,
        "44": 7,
        "36": 19,
        "21": 30,
        "30": 20,
        "31": 20
    },
    "instance": null,
    "parameters": null,
    "parameters_data": null,
    "patients": null,
    "capacity": null,
    "num_days": null,
    "num_ORs": null,
    "num_surgeons": null,
    "initial_heuristics_time": 0.0,
    "gap": -2.8125
}