{
    "proved_optimal": true,
    "obj": 41,
    "relax_obj": 41.0,
    "num_LCs": 25,
    "num_callbacks": 657,
    "num_CG_iterations": 22,
    "num_columns": 248,
    "num_nodes": 1,
    "overall_time": 11.201563358306885,
    "callback_time": 1.5801301002502441,
    "subproblem_time": 6.374756097793579,
    "mp_time": 4.817021369934082,
    "inh_time": null,
    "ilp_time": 0.0,
    "surgeon_schedule": {
        "0": [
            24
        ],
        "1": [
            48
        ],
        "2": [
            29
        ],
        "3": [
            8,
            19
        ],
        "4": [
            14
        ],
        "5": [
            44
        ],
        "6": [
            27
        ],
        "7": [
            0,
            17
        ],
        "8": [
            4,
            39
        ],
        "9": [
            34
        ],
        "10": [
            20,
            37
        ],
        "11": [
            10,
            30,
            40
        ]
    },
    "patient_schedule": {
        "2": 24,
        "6": 48,
        "16": 48,
        "40": 48,
        "0": 29,
        "45": 29,
        "19": 8,
        "23": 8,
        "29": 8,
        "5": 19,
        "25": 14,
        "52": 14,
        "1": 44,
        "43": 44,
        "46": 44,
        "48": 27,
        "4": 0,
        "42": 0,
        "12": 17,
        "39": 17,
        "18": 4,
        "3": 39,
        "10": 39,
        "17": 39,
        "11": 34,
        "21": 34,
        "14": 20,
        "26": 37,
        "30": 10,
        "31": 10,
        "28": 30,
        "41": 40
    },
    "instance": null,
    "parameters": null,
    "parameters_data": null,
    "patients": null,
    "capacity": null,
    "num_days": null,
    "num_ORs": null,
    "num_surgeons": null,
    "initial_heuristics_time": 0.0,
    "gap": 0.0
}