{
    "proved_optimal": true,
    "obj": 21,
    "relax_obj": 21.0,
    "num_LCs": 0,
    "num_callbacks": 0,
    "num_CG_iterations": 17,
    "num_columns": 189,
    "num_nodes": 1,
    "overall_time": 10.628761291503906,
    "callback_time": 0.0,
    "subproblem_time": 7.105693817138672,
    "mp_time": 3.516216993331909,
    "inh_time": null,
    "ilp_time": 0.0,
    "surgeon_schedule": {
        "1": [
            1
        ],
        "2": [
            20
        ],
        "3": [
            7,
            44
        ],
        "4": [
            9,
            30
        ],
        "5": [
            40
        ],
        "7": [
            14,
            48
        ],
        "8": [
            18,
            37
        ],
        "9": [
            28,
            34
        ],
        "10": [
            24,
            39
        ],
        "11": [
            10
        ]
    },
    "patient_schedule": {
        "6": 1,
        "16": 1,
        "40": 1,
        "0": 20,
        "45": 20,
        "23": 7,
        "29": 7,
        "35": 44,
        "25": 9,
        "33": 30,
        "52": 30,
        "1": 40,
        "43": 40,
        "46": 40,
        "34": 14,
        "4": 48,
        "12": 48,
        "39": 48,
        "42": 48,
        "3": 18,
        "10": 18,
        "13": 18,
        "18": 18,
        "17": 37,
        "11": 28,
        "36": 28,
        "44": 28,
        "21": 34,
        "26": 24,
        "14": 39,
        "30": 10,
        "31": 10
    },
    "instance": null,
    "parameters": null,
    "parameters_data": null,
    "patients": null,
    "capacity": null,
    "num_days": null,
    "num_ORs": null,
    "num_surgeons": null,
    "initial_heuristics_time": 0.0,
    "gap": 0.0
}