{
    "proved_optimal": true,
    "obj": 0,
    "relax_obj": -1.3877787807814457e-17,
    "num_LCs": 0,
    "num_callbacks": 0,
    "num_CG_iterations": 19,
    "num_columns": 199,
    "num_nodes": 1,
    "overall_time": 9.504796266555786,
    "callback_time": 0.0,
    "subproblem_time": 5.0588109493255615,
    "mp_time": 4.438756704330444,
    "inh_time": null,
    "ilp_time": 0.0,
    "surgeon_schedule": {
        "3": [
            10,
            26,
            30
        ],
        "5": [
            20,
            41
        ],
        "7": [
            14,
            38
        ],
        "8": [
            2,
            19
        ],
        "11": [
            9,
            17,
            34,
            48
        ]
    },
    "patient_schedule": {
        "35": 10,
        "19": 26,
        "38": 26,
        "5": 30,
        "29": 30,
        "46": 20,
        "50": 20,
        "1": 41,
        "22": 41,
        "43": 41,
        "4": 14,
        "39": 14,
        "42": 38,
        "49": 38,
        "3": 2,
        "10": 2,
        "17": 2,
        "27": 2,
        "18": 19,
        "41": 9,
        "28": 17,
        "30": 34,
        "31": 34,
        "15": 48,
        "32": 48
    },
    "instance": null,
    "parameters": null,
    "parameters_data": null,
    "patients": null,
    "capacity": null,
    "num_days": null,
    "num_ORs": null,
    "num_surgeons": null,
    "initial_heuristics_time": 0.0,
    "gap": null
}