{
    "proved_optimal": true,
    "obj": 53,
    "relax_obj": 53.0,
    "num_LCs": 0,
    "num_callbacks": 0,
    "num_CG_iterations": 25,
    "num_columns": 260,
    "num_nodes": 3,
    "overall_time": 48.925657510757446,
    "callback_time": 0.0,
    "subproblem_time": 41.59425926208496,
    "mp_time": 7.310230493545532,
    "inh_time": null,
    "ilp_time": 0.0,
    "surgeon_schedule": {
        "1": [
            26
        ],
        "3": [
            5,
            17,
            38
        ],
        "4": [
            49
        ],
        "5": [
            9,
            41
        ],
        "6": [
            14
        ],
        "7": [
            20
        ],
        "8": [
            10,
            34
        ],
        "9": [
            19
        ],
        "11": [
            0,
            30,
            47
        ]
    },
    "patient_schedule": {
        "6": 26,
        "16": 26,
        "24": 26,
        "40": 26,
        "29": 5,
        "38": 5,
        "35": 17,
        "5": 38,
        "7": 38,
        "23": 38,
        "25": 49,
        "52": 49,
        "46": 9,
        "50": 9,
        "1": 41,
        "22": 41,
        "43": 41,
        "48": 14,
        "39": 20,
        "42": 20,
        "3": 10,
        "10": 10,
        "13": 10,
        "18": 34,
        "11": 19,
        "36": 19,
        "30": 0,
        "31": 0,
        "41": 30,
        "28": 47
    },
    "instance": null,
    "parameters": null,
    "parameters_data": null,
    "patients": null,
    "capacity": null,
    "num_days": null,
    "num_ORs": null,
    "num_surgeons": null,
    "initial_heuristics_time": 0.0,
    "gap": 0.0
}