{
    "proved_optimal": true,
    "obj": 0,
    "relax_obj": -1.3877787807814457e-17,
    "num_LCs": 23,
    "num_callbacks": 1409,
    "num_CG_iterations": 40,
    "num_columns": 299,
    "num_nodes": 13,
    "overall_time": 30.234562397003174,
    "callback_time": 3.1901936531066895,
    "subproblem_time": 17.34987735748291,
    "mp_time": 12.838966846466064,
    "inh_time": null,
    "ilp_time": 0.0,
    "surgeon_schedule": {
        "1": [
            2
        ],
        "3": [
            9,
            25,
            30
        ],
        "5": [
            11,
            49
        ],
        "8": [
            20,
            36
        ],
        "9": [
            29
        ],
        "11": [
            18,
            42
        ]
    },
    "patient_schedule": {
        "6": 2,
        "16": 2,
        "24": 2,
        "40": 2,
        "5": 9,
        "29": 9,
        "7": 25,
        "19": 25,
        "35": 30,
        "1": 11,
        "22": 11,
        "43": 11,
        "46": 49,
        "50": 49,
        "18": 20,
        "3": 36,
        "10": 36,
        "17": 36,
        "27": 36,
        "11": 29,
        "36": 29,
        "30": 18,
        "31": 18,
        "41": 18,
        "15": 42,
        "28": 42,
        "32": 42
    },
    "instance": null,
    "parameters": null,
    "parameters_data": null,
    "patients": null,
    "capacity": null,
    "num_days": null,
    "num_ORs": null,
    "num_surgeons": null,
    "initial_heuristics_time": 0.0,
    "gap": null
}