{
    "proved_optimal": true,
    "obj": 29,
    "relax_obj": -101,
    "num_LCs": 0,
    "num_callbacks": 0,
    "num_CG_iterations": 20,
    "num_columns": 225,
    "num_nodes": 1,
    "overall_time": 11.419767141342163,
    "callback_time": 0.0,
    "subproblem_time": 6.2114574909210205,
    "mp_time": 5.19467306137085,
    "inh_time": null,
    "ilp_time": 0.0,
    "surgeon_schedule": {
        "0": [
            9
        ],
        "1": [
            41
        ],
        "2": [
            39
        ],
        "3": [
            5,
            17,
            49
        ],
        "4": [
            27
        ],
        "5": [
            47
        ],
        "6": [
            14
        ],
        "7": [
            34
        ],
        "8": [
            29,
            30
        ],
        "9": [
            20
        ],
        "10": [
            10,
            37
        ],
        "11": [
            0,
            19,
            24
        ]
    },
    "patient_schedule": {
        "2": 9,
        "6": 41,
        "16": 41,
        "40": 41,
        "0": 39,
        "45": 39,
        "5": 5,
        "19": 5,
        "23": 17,
        "7": 49,
        "29": 49,
        "25": 27,
        "52": 27,
        "1": 47,
        "43": 47,
        "46": 47,
        "48": 14,
        "4": 34,
        "42": 34,
        "3": 29,
        "10": 29,
        "17": 29,
        "18": 30,
        "11": 20,
        "21": 20,
        "14": 10,
        "26": 37,
        "30": 0,
        "31": 0,
        "41": 19,
        "28": 24
    },
    "instance": null,
    "parameters": null,
    "parameters_data": null,
    "patients": null,
    "capacity": null,
    "num_days": null,
    "num_ORs": null,
    "num_surgeons": null,
    "initial_heuristics_time": 0.0,
    "gap": -1.2871287128712872
}