{
    "proved_optimal": true,
    "obj": 41,
    "relax_obj": -101,
    "num_LCs": 0,
    "num_callbacks": 0,
    "num_CG_iterations": 21,
    "num_columns": 233,
    "num_nodes": 1,
    "overall_time": 8.200872421264648,
    "callback_time": 0.0,
    "subproblem_time": 3.7836852073669434,
    "mp_time": 4.40715217590332,
    "inh_time": null,
    "ilp_time": 0.0,
    "surgeon_schedule": {
        "0": [
            9
        ],
        "1": [
            11
        ],
        "2": [
            39
        ],
        "3": [
            21,
            34
        ],
        "4": [
            29
        ],
        "5": [
            44
        ],
        "6": [
            27
        ],
        "7": [
            19,
            49
        ],
        "8": [
            30,
            40
        ],
        "9": [
            17
        ],
        "10": [
            0,
            37
        ],
        "11": [
            5,
            47
        ]
    },
    "patient_schedule": {
        "2": 9,
        "6": 11,
        "16": 11,
        "40": 11,
        "0": 39,
        "45": 39,
        "5": 21,
        "19": 21,
        "23": 34,
        "29": 34,
        "25": 29,
        "52": 29,
        "1": 44,
        "43": 44,
        "46": 44,
        "48": 27,
        "39": 19,
        "42": 19,
        "4": 49,
        "12": 49,
        "3": 30,
        "10": 30,
        "17": 30,
        "18": 40,
        "11": 17,
        "21": 17,
        "26": 0,
        "14": 37,
        "28": 5,
        "41": 5,
        "30": 47,
        "31": 47
    },
    "instance": null,
    "parameters": null,
    "parameters_data": null,
    "patients": null,
    "capacity": null,
    "num_days": null,
    "num_ORs": null,
    "num_surgeons": null,
    "initial_heuristics_time": 0.0,
    "gap": -1.4059405940594059
}