{
    "proved_optimal": true,
    "obj": 14,
    "relax_obj": 14.0,
    "num_LCs": 13,
    "num_callbacks": 434,
    "num_CG_iterations": 15,
    "num_columns": 164,
    "num_nodes": 1,
    "overall_time": 5.275603294372559,
    "callback_time": 0.7274219989776611,
    "subproblem_time": 2.9349124431610107,
    "mp_time": 2.335953950881958,
    "inh_time": null,
    "ilp_time": 0.0,
    "surgeon_schedule": {
        "0": [
            14,
            20,
            39,
            40
        ],
        "3": [
            1
        ],
        "4": [
            8,
            17,
            47
        ],
        "5": [
            28,
            30
        ],
        "6": [
            19,
            34
        ],
        "8": [
            37
        ],
        "9": [
            10
        ],
        "10": [
            49
        ],
        "11": [
            24,
            44
        ]
    },
    "patient_schedule": {
        "22": 14,
        "12": 20,
        "19": 20,
        "10": 39,
        "25": 40,
        "31": 40,
        "36": 40,
        "29": 1,
        "30": 1,
        "40": 1,
        "11": 8,
        "23": 8,
        "6": 17,
        "7": 47,
        "20": 47,
        "2": 28,
        "18": 28,
        "15": 30,
        "39": 30,
        "17": 19,
        "21": 19,
        "24": 19,
        "0": 34,
        "5": 37,
        "42": 10,
        "37": 49,
        "34": 24,
        "35": 24,
        "3": 44
    },
    "instance": null,
    "parameters": null,
    "parameters_data": null,
    "patients": null,
    "capacity": null,
    "num_days": null,
    "num_ORs": null,
    "num_surgeons": null,
    "initial_heuristics_time": 0.0,
    "gap": 0.0
}