{
    "proved_optimal": true,
    "obj": 29,
    "relax_obj": 29.0,
    "num_LCs": 3,
    "num_callbacks": 496,
    "num_CG_iterations": 18,
    "num_columns": 200,
    "num_nodes": 1,
    "overall_time": 9.561288118362427,
    "callback_time": 1.4258909225463867,
    "subproblem_time": 5.277723789215088,
    "mp_time": 4.275470018386841,
    "inh_time": null,
    "ilp_time": 0.0,
    "surgeon_schedule": {
        "0": [
            4,
            17,
            30
        ],
        "1": [
            34
        ],
        "3": [
            8
        ],
        "4": [
            19,
            24,
            38
        ],
        "5": [
            28
        ],
        "6": [
            14
        ],
        "7": [
            46
        ],
        "8": [
            10
        ],
        "9": [
            40
        ],
        "10": [
            0
        ],
        "11": [
            20
        ]
    },
    "patient_schedule": {
        "10": 4,
        "25": 4,
        "22": 17,
        "36": 17,
        "19": 30,
        "31": 30,
        "16": 34,
        "29": 8,
        "30": 8,
        "40": 8,
        "6": 19,
        "7": 24,
        "20": 24,
        "11": 38,
        "23": 38,
        "2": 28,
        "18": 28,
        "39": 28,
        "17": 14,
        "21": 14,
        "24": 14,
        "38": 46,
        "41": 46,
        "5": 10,
        "42": 40,
        "37": 0,
        "34": 20,
        "35": 20
    },
    "instance": null,
    "parameters": null,
    "parameters_data": null,
    "patients": null,
    "capacity": null,
    "num_days": null,
    "num_ORs": null,
    "num_surgeons": null,
    "initial_heuristics_time": 0.0,
    "gap": 0.0
}