{
    "proved_optimal": true,
    "obj": 14,
    "relax_obj": 14.0,
    "num_LCs": 0,
    "num_callbacks": 0,
    "num_CG_iterations": 15,
    "num_columns": 164,
    "num_nodes": 1,
    "overall_time": 5.013300657272339,
    "callback_time": 0.0,
    "subproblem_time": 2.487116575241089,
    "mp_time": 2.521235227584839,
    "inh_time": null,
    "ilp_time": 0.0,
    "surgeon_schedule": {
        "0": [
            7,
            24,
            34,
            40
        ],
        "1": [
            10
        ],
        "3": [
            18
        ],
        "4": [
            30,
            46
        ],
        "5": [
            1,
            29
        ],
        "6": [
            14,
            20
        ],
        "8": [
            39
        ],
        "9": [
            37
        ],
        "11": [
            9,
            27
        ]
    },
    "patient_schedule": {
        "10": 7,
        "22": 24,
        "31": 24,
        "12": 34,
        "25": 34,
        "19": 40,
        "36": 40,
        "16": 10,
        "29": 18,
        "30": 18,
        "40": 18,
        "7": 30,
        "20": 30,
        "6": 46,
        "11": 46,
        "23": 46,
        "2": 1,
        "15": 1,
        "39": 1,
        "18": 29,
        "0": 14,
        "17": 14,
        "21": 20,
        "24": 20,
        "5": 39,
        "42": 37,
        "34": 9,
        "35": 9,
        "3": 27
    },
    "instance": null,
    "parameters": null,
    "parameters_data": null,
    "patients": null,
    "capacity": null,
    "num_days": null,
    "num_ORs": null,
    "num_surgeons": null,
    "initial_heuristics_time": 0.0,
    "gap": 0.0
}