{
    "proved_optimal": true,
    "obj": 5,
    "relax_obj": 4.8,
    "num_LCs": 43,
    "num_callbacks": 1183,
    "num_CG_iterations": 32,
    "num_columns": 250,
    "num_nodes": 7,
    "overall_time": 31.057546138763428,
    "callback_time": 1.9176385402679443,
    "subproblem_time": 21.574930667877197,
    "mp_time": 9.44084358215332,
    "inh_time": null,
    "ilp_time": 0.0,
    "surgeon_schedule": {
        "0": [
            0,
            27,
            43
        ],
        "3": [
            21
        ],
        "4": [
            6,
            30
        ],
        "7": [
            36
        ],
        "11": [
            13,
            29
        ]
    },
    "patient_schedule": {
        "19": 0,
        "31": 0,
        "22": 27,
        "36": 27,
        "12": 43,
        "25": 43,
        "28": 43,
        "29": 21,
        "30": 21,
        "40": 21,
        "6": 6,
        "11": 6,
        "23": 6,
        "7": 30,
        "20": 30,
        "38": 36,
        "41": 36,
        "1": 13,
        "3": 13,
        "34": 29,
        "35": 29
    },
    "instance": null,
    "parameters": null,
    "parameters_data": null,
    "patients": null,
    "capacity": null,
    "num_days": null,
    "num_ORs": null,
    "num_surgeons": null,
    "initial_heuristics_time": 0.0,
    "gap": 0.041666666666666706
}