{
    "proved_optimal": true,
    "obj": 21,
    "relax_obj": 20.5,
    "num_LCs": 0,
    "num_callbacks": 0,
    "num_CG_iterations": 37,
    "num_columns": 276,
    "num_nodes": 7,
    "overall_time": 35.06352162361145,
    "callback_time": 0.0,
    "subproblem_time": 22.318127870559692,
    "mp_time": 12.704590320587158,
    "inh_time": null,
    "ilp_time": 0.0,
    "surgeon_schedule": {
        "0": [
            4,
            17,
            27
        ],
        "1": [
            0
        ],
        "3": [
            8
        ],
        "4": [
            19,
            21
        ],
        "5": [
            29
        ],
        "6": [
            11,
            36
        ],
        "11": [
            30,
            43
        ]
    },
    "patient_schedule": {
        "19": 4,
        "31": 4,
        "10": 17,
        "12": 17,
        "22": 27,
        "36": 27,
        "16": 0,
        "29": 8,
        "30": 8,
        "40": 8,
        "7": 19,
        "20": 19,
        "11": 21,
        "23": 21,
        "18": 29,
        "39": 29,
        "24": 11,
        "26": 11,
        "0": 36,
        "13": 36,
        "17": 36,
        "34": 30,
        "35": 30,
        "1": 43,
        "3": 43
    },
    "instance": null,
    "parameters": null,
    "parameters_data": null,
    "patients": null,
    "capacity": null,
    "num_days": null,
    "num_ORs": null,
    "num_surgeons": null,
    "initial_heuristics_time": 0.0,
    "gap": 0.024390243902439025
}