{
    "proved_optimal": true,
    "obj": 41,
    "relax_obj": 40.666666666666664,
    "num_LCs": 0,
    "num_callbacks": 0,
    "num_CG_iterations": 24,
    "num_columns": 229,
    "num_nodes": 1,
    "overall_time": 20.8571298122406,
    "callback_time": 0.0,
    "subproblem_time": 14.594290256500244,
    "mp_time": 6.253298282623291,
    "inh_time": null,
    "ilp_time": 0.0,
    "surgeon_schedule": {
        "0": [
            0,
            20,
            49
        ],
        "2": [
            24
        ],
        "3": [
            11
        ],
        "4": [
            8,
            42
        ],
        "5": [
            28
        ],
        "6": [
            18,
            32
        ],
        "11": [
            4,
            39
        ]
    },
    "patient_schedule": {
        "19": 0,
        "31": 0,
        "22": 20,
        "36": 20,
        "10": 49,
        "12": 49,
        "9": 24,
        "29": 11,
        "30": 11,
        "40": 11,
        "6": 8,
        "20": 8,
        "23": 8,
        "11": 42,
        "33": 42,
        "2": 28,
        "15": 28,
        "18": 28,
        "21": 18,
        "26": 18,
        "0": 32,
        "13": 32,
        "17": 32,
        "34": 4,
        "35": 4,
        "3": 39
    },
    "instance": null,
    "parameters": null,
    "parameters_data": null,
    "patients": null,
    "capacity": null,
    "num_days": null,
    "num_ORs": null,
    "num_surgeons": null,
    "initial_heuristics_time": 0.0,
    "gap": 0.00819672131147547
}