{
    "proved_optimal": true,
    "obj": 1,
    "relax_obj": 0.6,
    "num_LCs": 15,
    "num_callbacks": 1629,
    "num_CG_iterations": 42,
    "num_columns": 279,
    "num_nodes": 13,
    "overall_time": 28.635733366012573,
    "callback_time": 3.132061243057251,
    "subproblem_time": 14.597201824188232,
    "mp_time": 13.982137441635132,
    "inh_time": null,
    "ilp_time": 0.0,
    "surgeon_schedule": {
        "0": [
            19,
            34,
            43
        ],
        "4": [
            17,
            38
        ],
        "5": [
            30
        ],
        "6": [
            11,
            22
        ],
        "11": [
            3,
            29
        ]
    },
    "patient_schedule": {
        "22": 19,
        "36": 19,
        "19": 34,
        "31": 34,
        "12": 43,
        "25": 43,
        "28": 43,
        "7": 17,
        "20": 17,
        "11": 38,
        "23": 38,
        "18": 30,
        "39": 30,
        "24": 11,
        "26": 11,
        "0": 22,
        "13": 22,
        "17": 22,
        "1": 3,
        "3": 3,
        "34": 29,
        "35": 29
    },
    "instance": null,
    "parameters": null,
    "parameters_data": null,
    "patients": null,
    "capacity": null,
    "num_days": null,
    "num_ORs": null,
    "num_surgeons": null,
    "initial_heuristics_time": 0.0,
    "gap": 0.6666666666666667
}