{
    "proved_optimal": true,
    "obj": 48,
    "relax_obj": 47.75,
    "num_LCs": 32,
    "num_callbacks": 3270,
    "num_CG_iterations": 91,
    "num_columns": 317,
    "num_nodes": 29,
    "overall_time": 67.84024405479431,
    "callback_time": 5.214082717895508,
    "subproblem_time": 42.11926078796387,
    "mp_time": 25.62529969215393,
    "inh_time": null,
    "ilp_time": 0.0,
    "surgeon_schedule": {
        "0": [
            4,
            14,
            40
        ],
        "1": [
            7
        ],
        "3": [
            21
        ],
        "4": [
            18,
            28
        ],
        "5": [
            10
        ],
        "6": [
            0
        ],
        "7": [
            46
        ],
        "11": [
            9,
            33
        ]
    },
    "patient_schedule": {
        "19": 4,
        "31": 4,
        "10": 14,
        "25": 14,
        "22": 40,
        "36": 40,
        "16": 7,
        "29": 21,
        "30": 21,
        "40": 21,
        "7": 18,
        "11": 18,
        "6": 28,
        "20": 28,
        "23": 28,
        "2": 10,
        "39": 10,
        "17": 0,
        "21": 0,
        "24": 0,
        "38": 46,
        "41": 46,
        "34": 9,
        "35": 9,
        "1": 33,
        "3": 33
    },
    "instance": null,
    "parameters": null,
    "parameters_data": null,
    "patients": null,
    "capacity": null,
    "num_days": null,
    "num_ORs": null,
    "num_surgeons": null,
    "initial_heuristics_time": 0.0,
    "gap": 0.005235602094240838
}