{
    "proved_optimal": true,
    "obj": 29,
    "relax_obj": 29.0,
    "num_LCs": 0,
    "num_callbacks": 0,
    "num_CG_iterations": 19,
    "num_columns": 189,
    "num_nodes": 5,
    "overall_time": 6.469243764877319,
    "callback_time": 0.0,
    "subproblem_time": 2.471066951751709,
    "mp_time": 3.977609157562256,
    "inh_time": null,
    "ilp_time": 0.0,
    "surgeon_schedule": {
        "0": [
            1,
            34
        ],
        "1": [
            17
        ],
        "3": [
            45
        ],
        "4": [
            29,
            38,
            49
        ],
        "5": [
            19,
            30
        ],
        "6": [
            10
        ],
        "7": [
            22
        ],
        "8": [
            7
        ],
        "9": [
            9
        ],
        "10": [
            40
        ],
        "11": [
            14
        ]
    },
    "patient_schedule": {
        "19": 1,
        "22": 1,
        "31": 1,
        "36": 1,
        "10": 34,
        "25": 34,
        "16": 17,
        "29": 45,
        "30": 45,
        "40": 45,
        "7": 29,
        "20": 29,
        "11": 38,
        "23": 38,
        "6": 49,
        "2": 19,
        "18": 30,
        "39": 30,
        "17": 10,
        "21": 10,
        "24": 10,
        "38": 22,
        "41": 22,
        "5": 7,
        "42": 9,
        "37": 40,
        "34": 14,
        "35": 14
    },
    "instance": null,
    "parameters": null,
    "parameters_data": null,
    "patients": null,
    "capacity": null,
    "num_days": null,
    "num_ORs": null,
    "num_surgeons": null,
    "initial_heuristics_time": 0.0,
    "gap": 0.0
}