{
    "proved_optimal": true,
    "obj": 14,
    "relax_obj": 14.0,
    "num_LCs": 2,
    "num_callbacks": 353,
    "num_CG_iterations": 14,
    "num_columns": 150,
    "num_nodes": 1,
    "overall_time": 5.993502616882324,
    "callback_time": 0.6841847896575928,
    "subproblem_time": 3.265882968902588,
    "mp_time": 2.722660541534424,
    "inh_time": null,
    "ilp_time": 0.0,
    "surgeon_schedule": {
        "0": [
            15,
            31
        ],
        "3": [
            8
        ],
        "4": [
            25,
            37,
            44
        ],
        "5": [
            4,
            19,
            39
        ],
        "6": [
            10,
            20
        ],
        "8": [
            29
        ],
        "9": [
            40
        ],
        "10": [
            0
        ],
        "11": [
            48
        ]
    },
    "patient_schedule": {
        "19": 15,
        "22": 15,
        "25": 15,
        "36": 15,
        "10": 31,
        "12": 31,
        "31": 31,
        "29": 8,
        "30": 8,
        "40": 8,
        "23": 25,
        "33": 25,
        "7": 37,
        "20": 37,
        "6": 44,
        "2": 4,
        "39": 4,
        "15": 19,
        "18": 39,
        "0": 10,
        "17": 20,
        "21": 20,
        "24": 20,
        "5": 29,
        "42": 40,
        "37": 0,
        "3": 48,
        "34": 48,
        "35": 48
    },
    "instance": null,
    "parameters": null,
    "parameters_data": null,
    "patients": null,
    "capacity": null,
    "num_days": null,
    "num_ORs": null,
    "num_surgeons": null,
    "initial_heuristics_time": 0.0,
    "gap": 0.0
}