{
    "proved_optimal": true,
    "obj": 36,
    "relax_obj": -83,
    "num_LCs": 0,
    "num_callbacks": 0,
    "num_CG_iterations": 15,
    "num_columns": 162,
    "num_nodes": 1,
    "overall_time": 4.9619340896606445,
    "callback_time": 0.0,
    "subproblem_time": 2.265406847000122,
    "mp_time": 2.688579559326172,
    "inh_time": null,
    "ilp_time": 0.0,
    "surgeon_schedule": {
        "0": [
            9,
            19,
            24
        ],
        "2": [
            10,
            27
        ],
        "3": [
            48
        ],
        "4": [
            7,
            38
        ],
        "5": [
            0,
            14,
            29
        ],
        "6": [
            31,
            44
        ],
        "8": [
            20
        ],
        "10": [
            40
        ],
        "11": [
            4,
            17
        ]
    },
    "patient_schedule": {
        "19": 9,
        "31": 9,
        "25": 19,
        "36": 19,
        "10": 24,
        "12": 24,
        "9": 10,
        "4": 27,
        "29": 48,
        "30": 48,
        "40": 48,
        "20": 7,
        "7": 38,
        "23": 38,
        "33": 38,
        "2": 0,
        "39": 0,
        "18": 14,
        "15": 29,
        "26": 31,
        "17": 44,
        "21": 44,
        "24": 44,
        "5": 20,
        "37": 40,
        "3": 4,
        "34": 17,
        "35": 17
    },
    "instance": null,
    "parameters": null,
    "parameters_data": null,
    "patients": null,
    "capacity": null,
    "num_days": null,
    "num_ORs": null,
    "num_surgeons": null,
    "initial_heuristics_time": 0.0,
    "gap": -1.4337349397590362
}