{
    "proved_optimal": true,
    "obj": 27,
    "relax_obj": -89,
    "num_LCs": 0,
    "num_callbacks": 0,
    "num_CG_iterations": 16,
    "num_columns": 177,
    "num_nodes": 1,
    "overall_time": 5.124365329742432,
    "callback_time": 0.0,
    "subproblem_time": 2.351151466369629,
    "mp_time": 2.7656822204589844,
    "inh_time": null,
    "ilp_time": 0.0,
    "surgeon_schedule": {
        "0": [
            19,
            29,
            34
        ],
        "1": [
            24
        ],
        "3": [
            41
        ],
        "4": [
            9,
            11,
            27
        ],
        "5": [
            17,
            37
        ],
        "6": [
            49
        ],
        "7": [
            2
        ],
        "8": [
            20
        ],
        "9": [
            30
        ],
        "10": [
            47
        ],
        "11": [
            39
        ]
    },
    "patient_schedule": {
        "19": 19,
        "31": 19,
        "22": 29,
        "36": 29,
        "10": 34,
        "25": 34,
        "16": 24,
        "29": 41,
        "30": 41,
        "40": 41,
        "7": 9,
        "20": 9,
        "11": 11,
        "23": 11,
        "6": 27,
        "18": 17,
        "39": 17,
        "2": 37,
        "17": 49,
        "21": 49,
        "24": 49,
        "38": 2,
        "41": 2,
        "5": 20,
        "42": 30,
        "37": 47,
        "34": 39,
        "35": 39
    },
    "instance": null,
    "parameters": null,
    "parameters_data": null,
    "patients": null,
    "capacity": null,
    "num_days": null,
    "num_ORs": null,
    "num_surgeons": null,
    "initial_heuristics_time": 0.0,
    "gap": -1.303370786516854
}