{
    "proved_optimal": true,
    "obj": 21,
    "relax_obj": 20.5,
    "num_LCs": 0,
    "num_callbacks": 0,
    "num_CG_iterations": 29,
    "num_columns": 238,
    "num_nodes": 5,
    "overall_time": 21.93711495399475,
    "callback_time": 0.0,
    "subproblem_time": 13.725810766220093,
    "mp_time": 8.188796997070312,
    "inh_time": null,
    "ilp_time": 0.0,
    "surgeon_schedule": {
        "0": [
            0,
            13,
            29
        ],
        "3": [
            8
        ],
        "4": [
            4,
            38
        ],
        "5": [
            20,
            31
        ],
        "6": [
            25,
            46
        ],
        "11": [
            40
        ]
    },
    "patient_schedule": {
        "19": 0,
        "36": 0,
        "28": 13,
        "31": 13,
        "12": 29,
        "22": 29,
        "25": 29,
        "29": 8,
        "30": 8,
        "40": 8,
        "7": 4,
        "20": 4,
        "11": 38,
        "23": 38,
        "18": 20,
        "39": 20,
        "14": 31,
        "21": 25,
        "26": 25,
        "0": 46,
        "13": 46,
        "17": 46,
        "34": 40,
        "35": 40
    },
    "instance": null,
    "parameters": null,
    "parameters_data": null,
    "patients": null,
    "capacity": null,
    "num_days": null,
    "num_ORs": null,
    "num_surgeons": null,
    "initial_heuristics_time": 0.0,
    "gap": 0.024390243902439025
}