{
    "proved_optimal": true,
    "obj": 74,
    "relax_obj": -29,
    "num_LCs": 0,
    "num_callbacks": 0,
    "num_CG_iterations": 15,
    "num_columns": 163,
    "num_nodes": 1,
    "overall_time": 3.884434700012207,
    "callback_time": 0.0,
    "subproblem_time": 1.551405429840088,
    "mp_time": 2.3265438079833984,
    "inh_time": null,
    "ilp_time": 0.0,
    "surgeon_schedule": {
        "0": [
            0,
            14,
            41
        ],
        "2": [
            7,
            39
        ],
        "3": [
            48
        ],
        "4": [
            19,
            21,
            37
        ],
        "5": [
            4,
            29,
            34
        ],
        "6": [
            10,
            27
        ],
        "10": [
            17
        ],
        "11": [
            9,
            30
        ]
    },
    "patient_schedule": {
        "12": 0,
        "25": 0,
        "36": 0,
        "10": 14,
        "19": 41,
        "22": 41,
        "31": 41,
        "9": 7,
        "4": 39,
        "29": 48,
        "30": 48,
        "40": 48,
        "6": 19,
        "7": 21,
        "23": 21,
        "33": 21,
        "20": 37,
        "15": 4,
        "18": 29,
        "39": 29,
        "2": 34,
        "0": 10,
        "17": 27,
        "21": 27,
        "24": 27,
        "37": 17,
        "3": 9,
        "34": 30,
        "35": 30
    },
    "instance": null,
    "parameters": null,
    "parameters_data": null,
    "patients": null,
    "capacity": null,
    "num_days": null,
    "num_ORs": null,
    "num_surgeons": null,
    "initial_heuristics_time": 0.0,
    "gap": -3.5517241379310347
}