{
    "proved_optimal": true,
    "obj": 25,
    "relax_obj": 25.0,
    "num_LCs": 39,
    "num_callbacks": 2005,
    "num_CG_iterations": 51,
    "num_columns": 333,
    "num_nodes": 15,
    "overall_time": 50.765374422073364,
    "callback_time": 4.161226987838745,
    "subproblem_time": 34.78695225715637,
    "mp_time": 15.916679620742798,
    "inh_time": null,
    "ilp_time": 0.0,
    "surgeon_schedule": {
        "0": [
            13,
            30,
            44
        ],
        "1": [
            9
        ],
        "3": [
            38
        ],
        "4": [
            1,
            34,
            47
        ],
        "5": [
            49
        ],
        "6": [
            7
        ],
        "11": [
            23,
            40
        ]
    },
    "patient_schedule": {
        "28": 13,
        "31": 13,
        "22": 30,
        "36": 30,
        "12": 44,
        "19": 44,
        "25": 44,
        "16": 9,
        "29": 38,
        "30": 38,
        "40": 38,
        "11": 1,
        "23": 1,
        "7": 34,
        "20": 34,
        "6": 47,
        "2": 49,
        "39": 49,
        "17": 7,
        "21": 7,
        "24": 7,
        "1": 23,
        "3": 23,
        "34": 40,
        "35": 40
    },
    "instance": null,
    "parameters": null,
    "parameters_data": null,
    "patients": null,
    "capacity": null,
    "num_days": null,
    "num_ORs": null,
    "num_surgeons": null,
    "initial_heuristics_time": 0.0,
    "gap": 0.0
}