{
    "proved_optimal": true,
    "obj": 1,
    "relax_obj": 0.6,
    "num_LCs": 11,
    "num_callbacks": 1148,
    "num_CG_iterations": 32,
    "num_columns": 265,
    "num_nodes": 5,
    "overall_time": 22.136555671691895,
    "callback_time": 2.52545166015625,
    "subproblem_time": 12.619951486587524,
    "mp_time": 9.489101886749268,
    "inh_time": null,
    "ilp_time": 0.0,
    "surgeon_schedule": {
        "0": [
            23,
            39,
            49
        ],
        "4": [
            18,
            42
        ],
        "5": [
            1,
            11
        ],
        "6": [
            8,
            32
        ]
    },
    "patient_schedule": {
        "28": 23,
        "31": 23,
        "12": 39,
        "19": 39,
        "25": 39,
        "22": 49,
        "36": 49,
        "6": 18,
        "20": 18,
        "23": 18,
        "11": 42,
        "33": 42,
        "2": 1,
        "15": 1,
        "18": 1,
        "14": 11,
        "24": 8,
        "26": 8,
        "0": 32,
        "13": 32,
        "17": 32
    },
    "instance": null,
    "parameters": null,
    "parameters_data": null,
    "patients": null,
    "capacity": null,
    "num_days": null,
    "num_ORs": null,
    "num_surgeons": null,
    "initial_heuristics_time": 0.0,
    "gap": 0.6666666666666667
}