{
    "proved_optimal": true,
    "obj": 46,
    "relax_obj": 45.5,
    "num_LCs": 0,
    "num_callbacks": 0,
    "num_CG_iterations": 29,
    "num_columns": 229,
    "num_nodes": 9,
    "overall_time": 25.361750602722168,
    "callback_time": 0.0,
    "subproblem_time": 17.66646909713745,
    "mp_time": 7.669618129730225,
    "inh_time": null,
    "ilp_time": 0.0,
    "surgeon_schedule": {
        "0": [
            0,
            39,
            40
        ],
        "1": [
            47
        ],
        "3": [
            11
        ],
        "4": [
            18,
            20,
            49
        ],
        "5": [
            8,
            44
        ],
        "6": [
            32
        ],
        "7": [
            26
        ],
        "11": [
            4
        ]
    },
    "patient_schedule": {
        "22": 0,
        "36": 0,
        "10": 39,
        "25": 39,
        "19": 40,
        "31": 40,
        "16": 47,
        "29": 11,
        "30": 11,
        "40": 11,
        "11": 18,
        "23": 18,
        "6": 20,
        "7": 49,
        "20": 49,
        "14": 8,
        "18": 44,
        "39": 44,
        "13": 32,
        "17": 32,
        "21": 32,
        "24": 32,
        "38": 26,
        "41": 26,
        "34": 4,
        "35": 4
    },
    "instance": null,
    "parameters": null,
    "parameters_data": null,
    "patients": null,
    "capacity": null,
    "num_days": null,
    "num_ORs": null,
    "num_surgeons": null,
    "initial_heuristics_time": 0.0,
    "gap": 0.01098901098901099
}