{
    "proved_optimal": true,
    "obj": 42,
    "relax_obj": -89,
    "num_LCs": 0,
    "num_callbacks": 0,
    "num_CG_iterations": 15,
    "num_columns": 166,
    "num_nodes": 1,
    "overall_time": 4.192081689834595,
    "callback_time": 0.0,
    "subproblem_time": 1.7906811237335205,
    "mp_time": 2.394435167312622,
    "inh_time": null,
    "ilp_time": 0.0,
    "surgeon_schedule": {
        "0": [
            7,
            17,
            49
        ],
        "1": [
            20
        ],
        "3": [
            38
        ],
        "4": [
            11,
            24,
            34
        ],
        "5": [
            4,
            30
        ],
        "6": [
            29
        ],
        "7": [
            42
        ],
        "8": [
            9
        ],
        "9": [
            0
        ],
        "10": [
            27
        ],
        "11": [
            19
        ]
    },
    "patient_schedule": {
        "22": 7,
        "31": 7,
        "19": 17,
        "36": 17,
        "10": 49,
        "25": 49,
        "16": 20,
        "29": 38,
        "30": 38,
        "40": 38,
        "11": 11,
        "23": 11,
        "6": 24,
        "7": 34,
        "20": 34,
        "2": 4,
        "18": 30,
        "39": 30,
        "17": 29,
        "21": 29,
        "24": 29,
        "38": 42,
        "41": 42,
        "5": 9,
        "42": 0,
        "37": 27,
        "34": 19,
        "35": 19
    },
    "instance": null,
    "parameters": null,
    "parameters_data": null,
    "patients": null,
    "capacity": null,
    "num_days": null,
    "num_ORs": null,
    "num_surgeons": null,
    "initial_heuristics_time": 0.0,
    "gap": -1.4719101123595506
}