{
    "proved_optimal": true,
    "obj": 30,
    "relax_obj": 30.0,
    "num_LCs": 15,
    "num_callbacks": 550,
    "num_CG_iterations": 18,
    "num_columns": 173,
    "num_nodes": 3,
    "overall_time": 9.357808113098145,
    "callback_time": 1.0210824012756348,
    "subproblem_time": 5.96282434463501,
    "mp_time": 3.38128399848938,
    "inh_time": null,
    "ilp_time": 0.0,
    "surgeon_schedule": {
        "0": [
            17,
            20,
            37
        ],
        "2": [
            30
        ],
        "3": [
            25
        ],
        "4": [
            9,
            11
        ],
        "5": [
            39,
            41
        ],
        "6": [
            19,
            29
        ],
        "7": [
            48
        ],
        "8": [
            4
        ],
        "10": [
            7
        ],
        "11": [
            0,
            34
        ]
    },
    "patient_schedule": {
        "10": 17,
        "12": 17,
        "22": 20,
        "31": 20,
        "19": 37,
        "36": 37,
        "9": 30,
        "29": 25,
        "30": 25,
        "40": 25,
        "20": 9,
        "7": 11,
        "23": 11,
        "33": 11,
        "15": 39,
        "2": 41,
        "18": 41,
        "39": 41,
        "17": 19,
        "21": 19,
        "24": 19,
        "0": 29,
        "41": 48,
        "5": 4,
        "37": 7,
        "34": 0,
        "35": 0,
        "3": 34
    },
    "instance": null,
    "parameters": null,
    "parameters_data": null,
    "patients": null,
    "capacity": null,
    "num_days": null,
    "num_ORs": null,
    "num_surgeons": null,
    "initial_heuristics_time": 0.0,
    "gap": 0.0
}