{
    "proved_optimal": true,
    "obj": 53,
    "relax_obj": -29,
    "num_LCs": 0,
    "num_callbacks": 0,
    "num_CG_iterations": 15,
    "num_columns": 161,
    "num_nodes": 1,
    "overall_time": 5.386803865432739,
    "callback_time": 0.0,
    "subproblem_time": 2.3973388671875,
    "mp_time": 2.9815115928649902,
    "inh_time": null,
    "ilp_time": 0.0,
    "surgeon_schedule": {
        "0": [
            29,
            46
        ],
        "3": [
            25
        ],
        "4": [
            17,
            20,
            31
        ],
        "5": [
            8,
            37
        ],
        "6": [
            4,
            10
        ],
        "8": [
            14
        ],
        "9": [
            0
        ],
        "10": [
            40
        ],
        "11": [
            19,
            39
        ]
    },
    "patient_schedule": {
        "10": 29,
        "12": 46,
        "19": 46,
        "22": 46,
        "25": 46,
        "31": 46,
        "36": 46,
        "29": 25,
        "30": 25,
        "40": 25,
        "7": 17,
        "20": 17,
        "6": 20,
        "23": 31,
        "33": 31,
        "15": 8,
        "18": 8,
        "2": 37,
        "39": 37,
        "0": 4,
        "17": 4,
        "21": 10,
        "24": 10,
        "5": 14,
        "42": 0,
        "37": 40,
        "34": 19,
        "35": 19,
        "3": 39
    },
    "instance": null,
    "parameters": null,
    "parameters_data": null,
    "patients": null,
    "capacity": null,
    "num_days": null,
    "num_ORs": null,
    "num_surgeons": null,
    "initial_heuristics_time": 0.0,
    "gap": -2.8275862068965516
}