{
    "proved_optimal": true,
    "obj": 25,
    "relax_obj": 24.5,
    "num_LCs": 0,
    "num_callbacks": 0,
    "num_CG_iterations": 18,
    "num_columns": 185,
    "num_nodes": 1,
    "overall_time": 4.49578857421875,
    "callback_time": 0.0,
    "subproblem_time": 1.5519473552703857,
    "mp_time": 2.9390509128570557,
    "inh_time": null,
    "ilp_time": 0.0,
    "surgeon_schedule": {
        "0": [
            9
        ],
        "1": [
            11
        ],
        "2": [
            1,
            30,
            44
        ],
        "3": [
            20
        ],
        "4": [
            48
        ],
        "5": [
            17,
            28
        ],
        "7": [
            40
        ],
        "8": [
            36
        ],
        "9": [
            7,
            19
        ],
        "11": [
            24
        ]
    },
    "patient_schedule": {
        "3": 9,
        "1": 11,
        "18": 11,
        "21": 11,
        "13": 1,
        "15": 1,
        "5": 30,
        "23": 44,
        "28": 20,
        "9": 48,
        "22": 48,
        "11": 17,
        "24": 17,
        "0": 28,
        "14": 28,
        "2": 40,
        "8": 40,
        "7": 36,
        "10": 36,
        "37": 36,
        "31": 7,
        "33": 19,
        "19": 24,
        "20": 24,
        "38": 24
    },
    "instance": null,
    "parameters": null,
    "parameters_data": null,
    "patients": null,
    "capacity": null,
    "num_days": null,
    "num_ORs": null,
    "num_surgeons": null,
    "initial_heuristics_time": 0.0,
    "gap": 0.02040816326530612
}