{
    "proved_optimal": true,
    "obj": 42,
    "relax_obj": 41.5,
    "num_LCs": 3,
    "num_callbacks": 552,
    "num_CG_iterations": 18,
    "num_columns": 175,
    "num_nodes": 1,
    "overall_time": 11.117820262908936,
    "callback_time": 1.3005568981170654,
    "subproblem_time": 7.291180610656738,
    "mp_time": 3.820310592651367,
    "inh_time": null,
    "ilp_time": 0.0,
    "surgeon_schedule": {
        "0": [
            34
        ],
        "1": [
            11
        ],
        "2": [
            5,
            29,
            39
        ],
        "3": [
            40
        ],
        "4": [
            22
        ],
        "5": [
            18,
            30
        ],
        "6": [
            9
        ],
        "7": [
            37
        ],
        "8": [
            46
        ],
        "11": [
            0
        ]
    },
    "patient_schedule": {
        "36": 34,
        "1": 11,
        "18": 11,
        "21": 11,
        "13": 5,
        "15": 5,
        "23": 29,
        "5": 39,
        "28": 40,
        "22": 22,
        "25": 22,
        "27": 22,
        "0": 18,
        "14": 18,
        "11": 30,
        "24": 30,
        "17": 9,
        "2": 37,
        "8": 37,
        "7": 46,
        "10": 46,
        "37": 46,
        "19": 0,
        "20": 0,
        "38": 0
    },
    "instance": null,
    "parameters": null,
    "parameters_data": null,
    "patients": null,
    "capacity": null,
    "num_days": null,
    "num_ORs": null,
    "num_surgeons": null,
    "initial_heuristics_time": 0.0,
    "gap": 0.012048192771084338
}