{
    "proved_optimal": true,
    "obj": 27,
    "relax_obj": 27.0,
    "num_LCs": 13,
    "num_callbacks": 640,
    "num_CG_iterations": 22,
    "num_columns": 218,
    "num_nodes": 3,
    "overall_time": 12.345746755599976,
    "callback_time": 1.4447321891784668,
    "subproblem_time": 6.406861305236816,
    "mp_time": 5.923938989639282,
    "inh_time": null,
    "ilp_time": 0.0,
    "surgeon_schedule": {
        "0": [
            17,
            39
        ],
        "1": [
            10,
            20,
            31
        ],
        "2": [
            9,
            27
        ],
        "3": [
            37
        ],
        "4": [
            46
        ],
        "5": [
            5,
            14
        ],
        "6": [
            24
        ],
        "7": [
            19
        ],
        "8": [
            0
        ],
        "9": [
            40
        ],
        "11": [
            29
        ]
    },
    "patient_schedule": {
        "16": 17,
        "36": 39,
        "21": 10,
        "1": 20,
        "6": 31,
        "18": 31,
        "23": 9,
        "5": 27,
        "28": 37,
        "22": 46,
        "25": 46,
        "27": 46,
        "0": 5,
        "14": 5,
        "11": 14,
        "24": 14,
        "17": 24,
        "2": 19,
        "8": 19,
        "7": 0,
        "37": 0,
        "31": 40,
        "19": 29,
        "20": 29,
        "38": 29
    },
    "instance": null,
    "parameters": null,
    "parameters_data": null,
    "patients": null,
    "capacity": null,
    "num_days": null,
    "num_ORs": null,
    "num_surgeons": null,
    "initial_heuristics_time": 0.0,
    "gap": 0.0
}