{
    "proved_optimal": true,
    "obj": 50,
    "relax_obj": -79,
    "num_LCs": 0,
    "num_callbacks": 0,
    "num_CG_iterations": 20,
    "num_columns": 197,
    "num_nodes": 3,
    "overall_time": 5.601913928985596,
    "callback_time": 0.0,
    "subproblem_time": 1.6245384216308594,
    "mp_time": 3.9619202613830566,
    "inh_time": null,
    "ilp_time": 0.0,
    "surgeon_schedule": {
        "0": [
            17,
            20
        ],
        "1": [
            41
        ],
        "2": [
            19,
            25,
            39
        ],
        "3": [
            37
        ],
        "4": [
            9
        ],
        "5": [
            11,
            49
        ],
        "7": [
            30
        ],
        "8": [
            2
        ],
        "9": [
            29,
            47
        ],
        "11": [
            34
        ]
    },
    "patient_schedule": {
        "3": 17,
        "36": 20,
        "1": 41,
        "18": 41,
        "21": 41,
        "5": 19,
        "13": 25,
        "15": 25,
        "23": 39,
        "28": 37,
        "9": 9,
        "0": 11,
        "14": 11,
        "11": 49,
        "24": 49,
        "2": 30,
        "8": 30,
        "7": 2,
        "10": 2,
        "37": 2,
        "33": 29,
        "31": 47,
        "19": 34,
        "20": 34,
        "38": 34
    },
    "instance": null,
    "parameters": null,
    "parameters_data": null,
    "patients": null,
    "capacity": null,
    "num_days": null,
    "num_ORs": null,
    "num_surgeons": null,
    "initial_heuristics_time": 0.0,
    "gap": -1.6329113924050633
}