{
    "proved_optimal": true,
    "obj": 42,
    "relax_obj": 42.0,
    "num_LCs": 21,
    "num_callbacks": 1487,
    "num_CG_iterations": 42,
    "num_columns": 270,
    "num_nodes": 17,
    "overall_time": 32.284852504730225,
    "callback_time": 2.633984327316284,
    "subproblem_time": 20.11957287788391,
    "mp_time": 12.122658491134644,
    "inh_time": null,
    "ilp_time": 0.0,
    "surgeon_schedule": {
        "1": [
            11
        ],
        "2": [
            0,
            17
        ],
        "3": [
            40
        ],
        "4": [
            46
        ],
        "5": [
            5,
            19
        ],
        "7": [
            30
        ],
        "8": [
            36
        ],
        "9": [
            23
        ],
        "11": [
            9
        ]
    },
    "patient_schedule": {
        "1": 11,
        "18": 11,
        "21": 11,
        "5": 0,
        "23": 17,
        "28": 40,
        "22": 46,
        "25": 46,
        "27": 46,
        "0": 5,
        "14": 5,
        "11": 19,
        "24": 19,
        "2": 30,
        "8": 30,
        "7": 36,
        "10": 36,
        "37": 36,
        "31": 23,
        "33": 23,
        "34": 23,
        "19": 9,
        "20": 9,
        "38": 9
    },
    "instance": null,
    "parameters": null,
    "parameters_data": null,
    "patients": null,
    "capacity": null,
    "num_days": null,
    "num_ORs": null,
    "num_surgeons": null,
    "initial_heuristics_time": 0.0,
    "gap": 0.0
}