{
    "proved_optimal": true,
    "obj": 14,
    "relax_obj": -78,
    "num_LCs": 0,
    "num_callbacks": 0,
    "num_CG_iterations": 18,
    "num_columns": 176,
    "num_nodes": 1,
    "overall_time": 7.197138547897339,
    "callback_time": 0.0,
    "subproblem_time": 3.6012983322143555,
    "mp_time": 3.5876381397247314,
    "inh_time": null,
    "ilp_time": 0.0,
    "surgeon_schedule": {
        "0": [
            14
        ],
        "1": [
            4,
            39,
            48
        ],
        "2": [
            7,
            17,
            24
        ],
        "3": [
            9
        ],
        "4": [
            32
        ],
        "5": [
            10,
            41
        ],
        "6": [
            27
        ],
        "7": [
            29
        ],
        "8": [
            19
        ],
        "9": [
            20
        ],
        "11": [
            0
        ]
    },
    "patient_schedule": {
        "16": 14,
        "1": 4,
        "21": 39,
        "6": 48,
        "18": 48,
        "5": 7,
        "23": 17,
        "13": 24,
        "28": 9,
        "22": 32,
        "25": 32,
        "27": 32,
        "11": 10,
        "24": 10,
        "0": 41,
        "14": 41,
        "17": 27,
        "2": 29,
        "8": 29,
        "7": 19,
        "37": 19,
        "31": 20,
        "19": 0,
        "20": 0,
        "38": 0
    },
    "instance": null,
    "parameters": null,
    "parameters_data": null,
    "patients": null,
    "capacity": null,
    "num_days": null,
    "num_ORs": null,
    "num_surgeons": null,
    "initial_heuristics_time": 0.0,
    "gap": -1.1794871794871795
}