{
    "proved_optimal": true,
    "obj": 29,
    "relax_obj": -78,
    "num_LCs": 0,
    "num_callbacks": 0,
    "num_CG_iterations": 18,
    "num_columns": 186,
    "num_nodes": 1,
    "overall_time": 6.510513544082642,
    "callback_time": 0.0,
    "subproblem_time": 3.0745773315429688,
    "mp_time": 3.4285600185394287,
    "inh_time": null,
    "ilp_time": 0.0,
    "surgeon_schedule": {
        "0": [
            4,
            27
        ],
        "1": [
            7,
            15,
            49
        ],
        "2": [
            9,
            10,
            39
        ],
        "3": [
            19
        ],
        "4": [
            42
        ],
        "5": [
            20,
            31
        ],
        "7": [
            37
        ],
        "8": [
            24
        ],
        "9": [
            29
        ],
        "11": [
            0
        ]
    },
    "patient_schedule": {
        "16": 4,
        "36": 27,
        "21": 7,
        "6": 15,
        "18": 15,
        "1": 49,
        "5": 9,
        "13": 10,
        "23": 39,
        "28": 19,
        "22": 42,
        "25": 42,
        "27": 42,
        "0": 20,
        "24": 20,
        "11": 31,
        "14": 31,
        "2": 37,
        "8": 37,
        "7": 24,
        "37": 24,
        "31": 29,
        "19": 0,
        "20": 0,
        "38": 0
    },
    "instance": null,
    "parameters": null,
    "parameters_data": null,
    "patients": null,
    "capacity": null,
    "num_days": null,
    "num_ORs": null,
    "num_surgeons": null,
    "initial_heuristics_time": 0.0,
    "gap": -1.3717948717948718
}