{
    "proved_optimal": true,
    "obj": 27,
    "relax_obj": 27.0,
    "num_LCs": 4,
    "num_callbacks": 597,
    "num_CG_iterations": 21,
    "num_columns": 197,
    "num_nodes": 5,
    "overall_time": 9.146454811096191,
    "callback_time": 1.0373592376708984,
    "subproblem_time": 4.969136953353882,
    "mp_time": 4.160033941268921,
    "inh_time": null,
    "ilp_time": 0.0,
    "surgeon_schedule": {
        "0": [
            19
        ],
        "1": [
            8
        ],
        "2": [
            4,
            24,
            40
        ],
        "3": [
            29
        ],
        "4": [
            32
        ],
        "5": [
            11,
            39
        ],
        "6": [
            0
        ],
        "7": [
            17
        ],
        "8": [
            46
        ],
        "9": [
            20
        ],
        "11": [
            27
        ]
    },
    "patient_schedule": {
        "16": 19,
        "1": 8,
        "18": 8,
        "21": 8,
        "23": 4,
        "5": 24,
        "13": 40,
        "28": 29,
        "22": 32,
        "25": 32,
        "27": 32,
        "0": 11,
        "14": 11,
        "11": 39,
        "24": 39,
        "17": 0,
        "2": 17,
        "8": 17,
        "7": 46,
        "10": 46,
        "37": 46,
        "31": 20,
        "19": 27,
        "20": 27,
        "38": 27
    },
    "instance": null,
    "parameters": null,
    "parameters_data": null,
    "patients": null,
    "capacity": null,
    "num_days": null,
    "num_ORs": null,
    "num_surgeons": null,
    "initial_heuristics_time": 0.0,
    "gap": 0.0
}