{
    "proved_optimal": true,
    "obj": 13,
    "relax_obj": 13.0,
    "num_LCs": 3,
    "num_callbacks": 630,
    "num_CG_iterations": 22,
    "num_columns": 209,
    "num_nodes": 5,
    "overall_time": 8.173175811767578,
    "callback_time": 0.9659054279327393,
    "subproblem_time": 3.444453477859497,
    "mp_time": 4.712468147277832,
    "inh_time": null,
    "ilp_time": 0.0,
    "surgeon_schedule": {
        "1": [
            8
        ],
        "2": [
            17,
            24,
            35
        ],
        "3": [
            14
        ],
        "4": [
            39,
            42
        ],
        "5": [
            19,
            28
        ],
        "6": [
            49
        ],
        "7": [
            10
        ],
        "8": [
            20
        ],
        "9": [
            4,
            30
        ],
        "11": [
            0
        ]
    },
    "patient_schedule": {
        "1": 8,
        "18": 8,
        "21": 8,
        "23": 17,
        "5": 24,
        "13": 35,
        "15": 35,
        "28": 14,
        "27": 39,
        "9": 42,
        "22": 42,
        "25": 42,
        "0": 19,
        "11": 19,
        "14": 28,
        "24": 28,
        "17": 49,
        "2": 10,
        "8": 10,
        "7": 20,
        "37": 20,
        "31": 4,
        "33": 30,
        "19": 0,
        "20": 0,
        "38": 0
    },
    "instance": null,
    "parameters": null,
    "parameters_data": null,
    "patients": null,
    "capacity": null,
    "num_days": null,
    "num_ORs": null,
    "num_surgeons": null,
    "initial_heuristics_time": 0.0,
    "gap": 0.0
}