{
    "proved_optimal": true,
    "obj": 46,
    "relax_obj": -26,
    "num_LCs": 0,
    "num_callbacks": 0,
    "num_CG_iterations": 18,
    "num_columns": 187,
    "num_nodes": 1,
    "overall_time": 4.684906482696533,
    "callback_time": 0.0,
    "subproblem_time": 1.636265516281128,
    "mp_time": 3.0418503284454346,
    "inh_time": null,
    "ilp_time": 0.0,
    "surgeon_schedule": {
        "0": [
            9,
            10,
            20
        ],
        "1": [
            35
        ],
        "2": [
            17,
            39,
            48
        ],
        "4": [
            1,
            41
        ],
        "5": [
            7,
            30
        ],
        "7": [
            29
        ],
        "8": [
            24
        ],
        "9": [
            14,
            27
        ],
        "11": [
            19
        ]
    },
    "patient_schedule": {
        "16": 9,
        "3": 10,
        "36": 20,
        "1": 35,
        "18": 35,
        "21": 35,
        "23": 17,
        "5": 39,
        "13": 48,
        "15": 48,
        "22": 1,
        "27": 1,
        "9": 41,
        "25": 41,
        "11": 7,
        "0": 30,
        "24": 30,
        "2": 29,
        "8": 29,
        "7": 24,
        "37": 24,
        "31": 14,
        "33": 27,
        "19": 19,
        "20": 19,
        "38": 19
    },
    "instance": null,
    "parameters": null,
    "parameters_data": null,
    "patients": null,
    "capacity": null,
    "num_days": null,
    "num_ORs": null,
    "num_surgeons": null,
    "initial_heuristics_time": 0.0,
    "gap": -2.769230769230769
}