{
    "proved_optimal": true,
    "obj": 1,
    "relax_obj": 0.75,
    "num_LCs": 22,
    "num_callbacks": 761,
    "num_CG_iterations": 23,
    "num_columns": 220,
    "num_nodes": 1,
    "overall_time": 13.590886116027832,
    "callback_time": 1.543464183807373,
    "subproblem_time": 8.292073726654053,
    "mp_time": 5.290963411331177,
    "inh_time": null,
    "ilp_time": 0.0,
    "surgeon_schedule": {
        "1": [
            8
        ],
        "2": [
            28
        ],
        "3": [
            1
        ],
        "4": [
            33
        ],
        "5": [
            21
        ],
        "6": [
            42
        ],
        "7": [
            49
        ],
        "9": [
            13
        ]
    },
    "patient_schedule": {
        "1": 8,
        "18": 8,
        "21": 8,
        "13": 28,
        "15": 28,
        "35": 1,
        "4": 33,
        "9": 33,
        "22": 33,
        "14": 21,
        "24": 21,
        "17": 42,
        "32": 42,
        "2": 49,
        "8": 49,
        "31": 13,
        "33": 13,
        "34": 13
    },
    "instance": null,
    "parameters": null,
    "parameters_data": null,
    "patients": null,
    "capacity": null,
    "num_days": null,
    "num_ORs": null,
    "num_surgeons": null,
    "initial_heuristics_time": 0.0,
    "gap": 0.3333333333333333
}