{
    "proved_optimal": true,
    "obj": 1,
    "relax_obj": 0.75,
    "num_LCs": 10,
    "num_callbacks": 941,
    "num_CG_iterations": 26,
    "num_columns": 250,
    "num_nodes": 1,
    "overall_time": 15.837826251983643,
    "callback_time": 1.8462984561920166,
    "subproblem_time": 9.146897792816162,
    "mp_time": 6.682466745376587,
    "inh_time": null,
    "ilp_time": 0.0,
    "surgeon_schedule": {
        "0": [
            19
        ],
        "1": [
            42
        ],
        "2": [
            28
        ],
        "3": [
            21
        ],
        "4": [
            6,
            36
        ],
        "5": [
            0
        ],
        "6": [
            12
        ],
        "7": [
            49
        ],
        "11": [
            30
        ]
    },
    "patient_schedule": {
        "36": 19,
        "1": 42,
        "6": 42,
        "21": 42,
        "13": 28,
        "15": 28,
        "35": 21,
        "22": 6,
        "25": 6,
        "27": 6,
        "4": 36,
        "9": 36,
        "11": 0,
        "24": 0,
        "17": 12,
        "32": 12,
        "2": 49,
        "8": 49,
        "19": 30,
        "20": 30,
        "38": 30
    },
    "instance": null,
    "parameters": null,
    "parameters_data": null,
    "patients": null,
    "capacity": null,
    "num_days": null,
    "num_ORs": null,
    "num_surgeons": null,
    "initial_heuristics_time": 0.0,
    "gap": 0.3333333333333333
}