{
    "proved_optimal": true,
    "obj": 2,
    "relax_obj": 1.6666666666666667,
    "num_LCs": 45,
    "num_callbacks": 741,
    "num_CG_iterations": 20,
    "num_columns": 210,
    "num_nodes": 1,
    "overall_time": 17.113080501556396,
    "callback_time": 1.5355353355407715,
    "subproblem_time": 12.7529456615448,
    "mp_time": 4.353972434997559,
    "inh_time": null,
    "ilp_time": 0.0,
    "surgeon_schedule": {
        "2": [
            31
        ],
        "3": [
            14,
            20
        ],
        "4": [
            38
        ],
        "5": [
            26
        ],
        "6": [
            6
        ],
        "7": [
            41
        ],
        "8": [
            0,
            18,
            48
        ],
        "10": [
            10
        ]
    },
    "patient_schedule": {
        "29": 31,
        "35": 31,
        "45": 31,
        "20": 14,
        "21": 14,
        "49": 14,
        "8": 20,
        "38": 20,
        "6": 38,
        "26": 38,
        "37": 38,
        "16": 26,
        "19": 26,
        "22": 26,
        "41": 26,
        "2": 6,
        "30": 6,
        "34": 6,
        "28": 41,
        "43": 41,
        "4": 0,
        "11": 0,
        "25": 0,
        "0": 18,
        "5": 18,
        "36": 48,
        "7": 10,
        "9": 10
    },
    "instance": null,
    "parameters": null,
    "parameters_data": null,
    "patients": null,
    "capacity": null,
    "num_days": null,
    "num_ORs": null,
    "num_surgeons": null,
    "initial_heuristics_time": 0.0,
    "gap": 0.19999999999999996
}