{
    "proved_optimal": true,
    "obj": 0,
    "relax_obj": 1.3877787807814457e-17,
    "num_LCs": 0,
    "num_callbacks": 0,
    "num_CG_iterations": 23,
    "num_columns": 230,
    "num_nodes": 1,
    "overall_time": 13.136600732803345,
    "callback_time": 0.0,
    "subproblem_time": 7.413862705230713,
    "mp_time": 5.715359449386597,
    "inh_time": null,
    "ilp_time": 0.0,
    "surgeon_schedule": {
        "2": [
            1
        ],
        "3": [
            30,
            44
        ],
        "4": [
            22
        ],
        "5": [
            36
        ],
        "6": [
            11,
            40
        ],
        "7": [
            48
        ],
        "8": [
            8,
            29
        ],
        "10": [
            18
        ]
    },
    "patient_schedule": {
        "29": 1,
        "35": 1,
        "45": 1,
        "15": 30,
        "21": 30,
        "8": 44,
        "38": 44,
        "6": 22,
        "17": 22,
        "26": 22,
        "16": 36,
        "19": 36,
        "22": 36,
        "41": 36,
        "3": 11,
        "30": 11,
        "34": 40,
        "47": 40,
        "28": 48,
        "43": 48,
        "36": 8,
        "5": 29,
        "11": 29,
        "9": 18,
        "18": 18
    },
    "instance": null,
    "parameters": null,
    "parameters_data": null,
    "patients": null,
    "capacity": null,
    "num_days": null,
    "num_ORs": null,
    "num_surgeons": null,
    "initial_heuristics_time": 0.0,
    "gap": null
}