{
    "proved_optimal": true,
    "obj": 41,
    "relax_obj": 41.0,
    "num_LCs": 43,
    "num_callbacks": 603,
    "num_CG_iterations": 20,
    "num_columns": 203,
    "num_nodes": 3,
    "overall_time": 10.283154249191284,
    "callback_time": 1.1765332221984863,
    "subproblem_time": 5.697511911392212,
    "mp_time": 4.577115774154663,
    "inh_time": null,
    "ilp_time": 0.0,
    "surgeon_schedule": {
        "2": [
            31
        ],
        "3": [
            9,
            17,
            40
        ],
        "4": [
            5
        ],
        "5": [
            19
        ],
        "6": [
            24
        ],
        "7": [
            0,
            28,
            49
        ],
        "8": [
            20,
            45
        ],
        "9": [
            11
        ],
        "10": [
            37
        ],
        "11": [
            39
        ]
    },
    "patient_schedule": {
        "29": 31,
        "32": 31,
        "35": 31,
        "20": 9,
        "21": 9,
        "49": 9,
        "15": 17,
        "8": 40,
        "38": 40,
        "12": 5,
        "26": 5,
        "37": 5,
        "41": 19,
        "34": 24,
        "47": 24,
        "40": 0,
        "28": 28,
        "43": 28,
        "24": 49,
        "4": 20,
        "11": 20,
        "25": 20,
        "0": 45,
        "5": 45,
        "13": 11,
        "23": 11,
        "44": 11,
        "48": 11,
        "7": 37,
        "9": 37,
        "46": 39
    },
    "instance": null,
    "parameters": null,
    "parameters_data": null,
    "patients": null,
    "capacity": null,
    "num_days": null,
    "num_ORs": null,
    "num_surgeons": null,
    "initial_heuristics_time": 0.0,
    "gap": 0.0
}