{
    "proved_optimal": true,
    "obj": 21,
    "relax_obj": 21.0,
    "num_LCs": 0,
    "num_callbacks": 0,
    "num_CG_iterations": 24,
    "num_columns": 240,
    "num_nodes": 1,
    "overall_time": 16.731125116348267,
    "callback_time": 0.0,
    "subproblem_time": 10.409735918045044,
    "mp_time": 6.3136513233184814,
    "inh_time": null,
    "ilp_time": 0.0,
    "surgeon_schedule": {
        "2": [
            15
        ],
        "3": [
            10,
            30
        ],
        "4": [
            28
        ],
        "5": [
            36
        ],
        "6": [
            19,
            48
        ],
        "7": [
            8
        ],
        "8": [
            0,
            41
        ],
        "9": [
            21
        ],
        "10": [
            4
        ]
    },
    "patient_schedule": {
        "29": 15,
        "32": 15,
        "35": 15,
        "20": 10,
        "21": 10,
        "49": 10,
        "8": 30,
        "38": 30,
        "12": 28,
        "26": 28,
        "37": 28,
        "16": 36,
        "19": 36,
        "22": 36,
        "41": 36,
        "34": 19,
        "47": 19,
        "3": 48,
        "30": 48,
        "28": 8,
        "43": 8,
        "4": 0,
        "11": 0,
        "25": 0,
        "0": 41,
        "5": 41,
        "13": 21,
        "23": 21,
        "44": 21,
        "48": 21,
        "7": 4,
        "9": 4
    },
    "instance": null,
    "parameters": null,
    "parameters_data": null,
    "patients": null,
    "capacity": null,
    "num_days": null,
    "num_ORs": null,
    "num_surgeons": null,
    "initial_heuristics_time": 0.0,
    "gap": 0.0
}