{
    "proved_optimal": true,
    "obj": 2,
    "relax_obj": 1.3333333333333333,
    "num_LCs": 20,
    "num_callbacks": 731,
    "num_CG_iterations": 20,
    "num_columns": 201,
    "num_nodes": 1,
    "overall_time": 17.646929264068604,
    "callback_time": 1.7953991889953613,
    "subproblem_time": 13.175054550170898,
    "mp_time": 4.46530818939209,
    "inh_time": null,
    "ilp_time": 0.0,
    "surgeon_schedule": {
        "2": [
            18
        ],
        "5": [
            6
        ],
        "6": [
            0,
            41
        ],
        "7": [
            26
        ],
        "8": [
            11,
            20,
            48
        ],
        "9": [
            32
        ],
        "10": [
            39
        ]
    },
    "patient_schedule": {
        "29": 18,
        "35": 18,
        "45": 18,
        "16": 6,
        "19": 6,
        "22": 6,
        "41": 6,
        "34": 0,
        "47": 0,
        "3": 41,
        "30": 41,
        "24": 26,
        "28": 26,
        "40": 26,
        "0": 11,
        "11": 11,
        "25": 11,
        "4": 20,
        "5": 20,
        "36": 48,
        "1": 32,
        "23": 32,
        "44": 32,
        "48": 32,
        "7": 39,
        "9": 39
    },
    "instance": null,
    "parameters": null,
    "parameters_data": null,
    "patients": null,
    "capacity": null,
    "num_days": null,
    "num_ORs": null,
    "num_surgeons": null,
    "initial_heuristics_time": 0.0,
    "gap": 0.5000000000000001
}