{
    "proved_optimal": true,
    "obj": 39,
    "relax_obj": 39.0,
    "num_LCs": 4,
    "num_callbacks": 590,
    "num_CG_iterations": 21,
    "num_columns": 225,
    "num_nodes": 1,
    "overall_time": 11.055305480957031,
    "callback_time": 1.3497669696807861,
    "subproblem_time": 6.080082178115845,
    "mp_time": 4.968271732330322,
    "inh_time": null,
    "ilp_time": 0.0,
    "surgeon_schedule": {
        "0": [
            7,
            17
        ],
        "2": [
            10
        ],
        "3": [
            19,
            29
        ],
        "4": [
            38
        ],
        "5": [
            22
        ],
        "6": [
            30,
            44
        ],
        "7": [
            1,
            40
        ],
        "8": [
            9,
            34
        ],
        "9": [
            48
        ],
        "10": [
            14
        ]
    },
    "patient_schedule": {
        "10": 7,
        "31": 17,
        "29": 10,
        "35": 10,
        "8": 19,
        "38": 19,
        "20": 29,
        "21": 29,
        "49": 29,
        "6": 38,
        "26": 38,
        "37": 38,
        "16": 22,
        "19": 22,
        "22": 22,
        "41": 22,
        "34": 30,
        "47": 30,
        "30": 44,
        "28": 1,
        "43": 1,
        "40": 40,
        "5": 9,
        "4": 34,
        "11": 34,
        "25": 34,
        "13": 48,
        "23": 48,
        "44": 48,
        "48": 48,
        "7": 14,
        "9": 14
    },
    "instance": null,
    "parameters": null,
    "parameters_data": null,
    "patients": null,
    "capacity": null,
    "num_days": null,
    "num_ORs": null,
    "num_surgeons": null,
    "initial_heuristics_time": 0.0,
    "gap": 0.0
}