{
    "proved_optimal": true,
    "obj": 47,
    "relax_obj": 46.5,
    "num_LCs": 0,
    "num_callbacks": 0,
    "num_CG_iterations": 27,
    "num_columns": 258,
    "num_nodes": 1,
    "overall_time": 19.61749243736267,
    "callback_time": 0.0,
    "subproblem_time": 11.821542263031006,
    "mp_time": 7.786553382873535,
    "inh_time": null,
    "ilp_time": 0.0,
    "surgeon_schedule": {
        "2": [
            41
        ],
        "3": [
            11
        ],
        "4": [
            48
        ],
        "5": [
            6
        ],
        "6": [
            0,
            17
        ],
        "7": [
            28
        ],
        "8": [
            21,
            30
        ],
        "9": [
            36
        ],
        "10": [
            19
        ]
    },
    "patient_schedule": {
        "29": 41,
        "35": 41,
        "45": 41,
        "8": 11,
        "20": 11,
        "21": 11,
        "38": 11,
        "49": 11,
        "6": 48,
        "26": 48,
        "37": 48,
        "16": 6,
        "19": 6,
        "22": 6,
        "41": 6,
        "30": 0,
        "34": 17,
        "47": 17,
        "28": 28,
        "43": 28,
        "0": 21,
        "4": 21,
        "25": 21,
        "5": 30,
        "11": 30,
        "1": 36,
        "13": 36,
        "23": 36,
        "48": 36,
        "7": 19,
        "9": 19
    },
    "instance": null,
    "parameters": null,
    "parameters_data": null,
    "patients": null,
    "capacity": null,
    "num_days": null,
    "num_ORs": null,
    "num_surgeons": null,
    "initial_heuristics_time": 0.0,
    "gap": 0.010752688172043012
}