{
    "proved_optimal": true,
    "obj": 2,
    "relax_obj": 1.3333333333333333,
    "num_LCs": 19,
    "num_callbacks": 722,
    "num_CG_iterations": 20,
    "num_columns": 202,
    "num_nodes": 1,
    "overall_time": 16.596362113952637,
    "callback_time": 1.6502888202667236,
    "subproblem_time": 12.10125184059143,
    "mp_time": 4.488906145095825,
    "inh_time": null,
    "ilp_time": 0.0,
    "surgeon_schedule": {
        "3": [
            29,
            30
        ],
        "5": [
            36
        ],
        "6": [
            1,
            49
        ],
        "7": [
            42
        ],
        "8": [
            8,
            19,
            21
        ],
        "9": [
            12
        ],
        "10": [
            27
        ]
    },
    "patient_schedule": {
        "8": 29,
        "38": 29,
        "20": 30,
        "21": 30,
        "49": 30,
        "16": 36,
        "19": 36,
        "22": 36,
        "41": 36,
        "3": 1,
        "30": 1,
        "34": 49,
        "47": 49,
        "24": 42,
        "28": 42,
        "40": 42,
        "0": 8,
        "4": 8,
        "25": 8,
        "5": 19,
        "11": 19,
        "36": 21,
        "1": 12,
        "23": 12,
        "44": 12,
        "48": 12,
        "7": 27,
        "9": 27
    },
    "instance": null,
    "parameters": null,
    "parameters_data": null,
    "patients": null,
    "capacity": null,
    "num_days": null,
    "num_ORs": null,
    "num_surgeons": null,
    "initial_heuristics_time": 0.0,
    "gap": 0.5000000000000001
}