{
    "proved_optimal": true,
    "obj": 22,
    "relax_obj": 22.0,
    "num_LCs": 48,
    "num_callbacks": 899,
    "num_CG_iterations": 22,
    "num_columns": 209,
    "num_nodes": 1,
    "overall_time": 21.052208185195923,
    "callback_time": 2.081786870956421,
    "subproblem_time": 16.025719165802002,
    "mp_time": 5.019479036331177,
    "inh_time": null,
    "ilp_time": 0.0,
    "surgeon_schedule": {
        "2": [
            38
        ],
        "3": [
            9,
            29
        ],
        "4": [
            25
        ],
        "5": [
            42
        ],
        "6": [
            49
        ],
        "7": [
            11
        ],
        "8": [
            18,
            20,
            31
        ],
        "9": [
            5
        ],
        "10": [
            0
        ]
    },
    "patient_schedule": {
        "29": 38,
        "35": 38,
        "45": 38,
        "20": 9,
        "21": 9,
        "49": 9,
        "8": 29,
        "38": 29,
        "6": 25,
        "26": 25,
        "37": 25,
        "16": 42,
        "19": 42,
        "22": 42,
        "41": 42,
        "34": 49,
        "47": 49,
        "28": 11,
        "43": 11,
        "36": 18,
        "5": 20,
        "11": 20,
        "0": 31,
        "4": 31,
        "25": 31,
        "13": 5,
        "23": 5,
        "44": 5,
        "48": 5,
        "7": 0,
        "9": 0
    },
    "instance": null,
    "parameters": null,
    "parameters_data": null,
    "patients": null,
    "capacity": null,
    "num_days": null,
    "num_ORs": null,
    "num_surgeons": null,
    "initial_heuristics_time": 0.0,
    "gap": 0.0
}