{
    "proved_optimal": true,
    "obj": 21,
    "relax_obj": 21.0,
    "num_LCs": 10,
    "num_callbacks": 957,
    "num_CG_iterations": 24,
    "num_columns": 224,
    "num_nodes": 3,
    "overall_time": 19.38149642944336,
    "callback_time": 2.175650119781494,
    "subproblem_time": 13.430361986160278,
    "mp_time": 5.940985918045044,
    "inh_time": null,
    "ilp_time": 0.0,
    "surgeon_schedule": {
        "2": [
            31
        ],
        "3": [
            4,
            29
        ],
        "4": [
            11
        ],
        "5": [
            46
        ],
        "6": [
            8,
            20
        ],
        "7": [
            25
        ],
        "8": [
            38,
            40
        ],
        "9": [
            18
        ],
        "10": [
            0
        ]
    },
    "patient_schedule": {
        "29": 31,
        "32": 31,
        "35": 31,
        "8": 4,
        "38": 4,
        "20": 29,
        "21": 29,
        "49": 29,
        "12": 11,
        "26": 11,
        "37": 11,
        "16": 46,
        "19": 46,
        "22": 46,
        "41": 46,
        "3": 8,
        "30": 8,
        "34": 20,
        "47": 20,
        "28": 25,
        "43": 25,
        "0": 38,
        "5": 38,
        "4": 40,
        "11": 40,
        "25": 40,
        "13": 18,
        "23": 18,
        "44": 18,
        "48": 18,
        "7": 0,
        "9": 0
    },
    "instance": null,
    "parameters": null,
    "parameters_data": null,
    "patients": null,
    "capacity": null,
    "num_days": null,
    "num_ORs": null,
    "num_surgeons": null,
    "initial_heuristics_time": 0.0,
    "gap": 0.0
}