{
    "proved_optimal": true,
    "obj": 0,
    "relax_obj": 1.3877787807814457e-17,
    "num_LCs": 0,
    "num_callbacks": 0,
    "num_CG_iterations": 30,
    "num_columns": 262,
    "num_nodes": 5,
    "overall_time": 18.886785984039307,
    "callback_time": 0.0,
    "subproblem_time": 9.923247814178467,
    "mp_time": 8.948839902877808,
    "inh_time": null,
    "ilp_time": 0.0,
    "surgeon_schedule": {
        "2": [
            48
        ],
        "3": [
            0,
            30
        ],
        "4": [
            26
        ],
        "5": [
            36
        ],
        "6": [
            17,
            41
        ],
        "7": [
            6
        ],
        "8": [
            11,
            20
        ],
        "10": [
            19
        ]
    },
    "patient_schedule": {
        "29": 48,
        "35": 48,
        "45": 48,
        "8": 0,
        "38": 0,
        "15": 30,
        "21": 30,
        "12": 26,
        "17": 26,
        "26": 26,
        "16": 36,
        "19": 36,
        "22": 36,
        "41": 36,
        "34": 17,
        "47": 17,
        "3": 41,
        "30": 41,
        "24": 6,
        "28": 6,
        "40": 6,
        "36": 11,
        "5": 20,
        "11": 20,
        "7": 19,
        "9": 19
    },
    "instance": null,
    "parameters": null,
    "parameters_data": null,
    "patients": null,
    "capacity": null,
    "num_days": null,
    "num_ORs": null,
    "num_surgeons": null,
    "initial_heuristics_time": 0.0,
    "gap": null
}