{
    "proved_optimal": true,
    "obj": 18,
    "relax_obj": 18.0,
    "num_LCs": 0,
    "num_callbacks": 468,
    "num_CG_iterations": 18,
    "num_columns": 193,
    "num_nodes": 1,
    "overall_time": 9.529911756515503,
    "callback_time": 1.132375717163086,
    "subproblem_time": 5.12262487411499,
    "mp_time": 4.401102781295776,
    "inh_time": null,
    "ilp_time": 0.0,
    "surgeon_schedule": {
        "2": [
            39
        ],
        "3": [
            37,
            48
        ],
        "4": [
            5,
            10
        ],
        "5": [
            26
        ],
        "6": [
            9,
            30
        ],
        "8": [
            19,
            44
        ],
        "9": [
            15
        ],
        "10": [
            20,
            34,
            40
        ],
        "11": [
            0
        ]
    },
    "patient_schedule": {
        "29": 39,
        "35": 39,
        "8": 37,
        "38": 37,
        "15": 48,
        "20": 48,
        "21": 48,
        "49": 48,
        "12": 5,
        "26": 5,
        "37": 5,
        "6": 10,
        "16": 26,
        "19": 26,
        "22": 26,
        "41": 26,
        "34": 9,
        "47": 9,
        "30": 30,
        "4": 19,
        "5": 19,
        "11": 44,
        "25": 44,
        "13": 15,
        "23": 15,
        "44": 15,
        "48": 15,
        "7": 20,
        "9": 34,
        "27": 34,
        "39": 40,
        "46": 0
    },
    "instance": null,
    "parameters": null,
    "parameters_data": null,
    "patients": null,
    "capacity": null,
    "num_days": null,
    "num_ORs": null,
    "num_surgeons": null,
    "initial_heuristics_time": 0.0,
    "gap": 0.0
}