{
    "proved_optimal": true,
    "obj": 39,
    "relax_obj": 39.0,
    "num_LCs": 8,
    "num_callbacks": 652,
    "num_CG_iterations": 22,
    "num_columns": 219,
    "num_nodes": 1,
    "overall_time": 13.272439956665039,
    "callback_time": 1.5259363651275635,
    "subproblem_time": 7.499427318572998,
    "mp_time": 5.7657036781311035,
    "inh_time": null,
    "ilp_time": 0.0,
    "surgeon_schedule": {
        "0": [
            7,
            29,
            40
        ],
        "2": [
            30
        ],
        "3": [
            10,
            27
        ],
        "4": [
            21
        ],
        "5": [
            16
        ],
        "6": [
            9,
            34
        ],
        "7": [
            1
        ],
        "8": [
            48
        ],
        "9": [
            38
        ],
        "10": [
            44
        ]
    },
    "patient_schedule": {
        "31": 7,
        "14": 29,
        "10": 40,
        "29": 30,
        "35": 30,
        "20": 10,
        "21": 10,
        "49": 10,
        "8": 27,
        "38": 27,
        "6": 21,
        "26": 21,
        "37": 21,
        "16": 16,
        "19": 16,
        "22": 16,
        "41": 16,
        "34": 9,
        "47": 9,
        "30": 34,
        "28": 1,
        "43": 1,
        "4": 48,
        "5": 48,
        "11": 48,
        "25": 48,
        "13": 38,
        "23": 38,
        "44": 38,
        "48": 38,
        "7": 44,
        "9": 44
    },
    "instance": null,
    "parameters": null,
    "parameters_data": null,
    "patients": null,
    "capacity": null,
    "num_days": null,
    "num_ORs": null,
    "num_surgeons": null,
    "initial_heuristics_time": 0.0,
    "gap": 0.0
}