{
    "proved_optimal": true,
    "obj": 21,
    "relax_obj": -32,
    "num_LCs": 0,
    "num_callbacks": 0,
    "num_CG_iterations": 22,
    "num_columns": 198,
    "num_nodes": 7,
    "overall_time": 9.887033700942993,
    "callback_time": 0.0,
    "subproblem_time": 4.253052711486816,
    "mp_time": 5.604007959365845,
    "inh_time": null,
    "ilp_time": 0.0,
    "surgeon_schedule": {
        "2": [
            19
        ],
        "3": [
            29,
            30,
            44
        ],
        "4": [
            10,
            48
        ],
        "5": [
            36
        ],
        "6": [
            27,
            40
        ],
        "8": [
            14,
            24
        ],
        "9": [
            1
        ],
        "10": [
            9,
            17,
            20
        ],
        "11": [
            7
        ]
    },
    "patient_schedule": {
        "29": 19,
        "35": 19,
        "8": 29,
        "38": 29,
        "15": 30,
        "20": 44,
        "21": 44,
        "49": 44,
        "26": 10,
        "6": 48,
        "12": 48,
        "37": 48,
        "16": 36,
        "19": 36,
        "22": 36,
        "41": 36,
        "34": 27,
        "47": 27,
        "30": 40,
        "5": 14,
        "11": 14,
        "4": 24,
        "25": 24,
        "13": 1,
        "23": 1,
        "44": 1,
        "48": 1,
        "39": 9,
        "7": 17,
        "9": 17,
        "27": 20,
        "46": 7
    },
    "instance": null,
    "parameters": null,
    "parameters_data": null,
    "patients": null,
    "capacity": null,
    "num_days": null,
    "num_ORs": null,
    "num_surgeons": null,
    "initial_heuristics_time": 0.0,
    "gap": -1.65625
}