{
    "proved_optimal": true,
    "obj": 36,
    "relax_obj": -97,
    "num_LCs": 0,
    "num_callbacks": 0,
    "num_CG_iterations": 20,
    "num_columns": 206,
    "num_nodes": 1,
    "overall_time": 7.565938234329224,
    "callback_time": 0.0,
    "subproblem_time": 3.6236815452575684,
    "mp_time": 3.9347965717315674,
    "inh_time": null,
    "ilp_time": 0.0,
    "surgeon_schedule": {
        "0": [
            18,
            30
        ],
        "2": [
            44
        ],
        "3": [
            27,
            40
        ],
        "4": [
            38
        ],
        "5": [
            6
        ],
        "6": [
            10,
            34
        ],
        "7": [
            48
        ],
        "8": [
            0,
            29
        ],
        "9": [
            21
        ],
        "10": [
            14
        ]
    },
    "patient_schedule": {
        "10": 18,
        "31": 18,
        "14": 30,
        "29": 44,
        "35": 44,
        "8": 27,
        "38": 27,
        "20": 40,
        "21": 40,
        "49": 40,
        "6": 38,
        "26": 38,
        "37": 38,
        "16": 6,
        "19": 6,
        "22": 6,
        "41": 6,
        "34": 10,
        "47": 10,
        "30": 34,
        "28": 48,
        "43": 48,
        "4": 0,
        "11": 0,
        "25": 0,
        "5": 29,
        "13": 21,
        "23": 21,
        "44": 21,
        "48": 21,
        "7": 14,
        "9": 14
    },
    "instance": null,
    "parameters": null,
    "parameters_data": null,
    "patients": null,
    "capacity": null,
    "num_days": null,
    "num_ORs": null,
    "num_surgeons": null,
    "initial_heuristics_time": 0.0,
    "gap": -1.3711340206185567
}