{
    "proved_optimal": true,
    "obj": 18,
    "relax_obj": 18.0,
    "num_LCs": 27,
    "num_callbacks": 581,
    "num_CG_iterations": 18,
    "num_columns": 176,
    "num_nodes": 3,
    "overall_time": 8.52716875076294,
    "callback_time": 1.1036927700042725,
    "subproblem_time": 4.4954400062561035,
    "mp_time": 4.018425464630127,
    "inh_time": null,
    "ilp_time": 0.0,
    "surgeon_schedule": {
        "2": [
            49
        ],
        "3": [
            8,
            24
        ],
        "4": [
            15,
            37
        ],
        "5": [
            42
        ],
        "6": [
            4,
            39
        ],
        "8": [
            19,
            34
        ],
        "9": [
            28
        ],
        "10": [
            0,
            10,
            20
        ],
        "11": [
            30
        ]
    },
    "patient_schedule": {
        "29": 49,
        "35": 49,
        "8": 8,
        "15": 8,
        "21": 8,
        "38": 8,
        "20": 24,
        "49": 24,
        "6": 15,
        "26": 15,
        "37": 15,
        "12": 37,
        "16": 42,
        "19": 42,
        "22": 42,
        "41": 42,
        "34": 4,
        "47": 4,
        "30": 39,
        "11": 19,
        "25": 19,
        "4": 34,
        "5": 34,
        "13": 28,
        "23": 28,
        "44": 28,
        "48": 28,
        "39": 0,
        "9": 10,
        "27": 10,
        "7": 20,
        "46": 30
    },
    "instance": null,
    "parameters": null,
    "parameters_data": null,
    "patients": null,
    "capacity": null,
    "num_days": null,
    "num_ORs": null,
    "num_surgeons": null,
    "initial_heuristics_time": 0.0,
    "gap": 0.0
}