{
    "proved_optimal": true,
    "obj": 21,
    "relax_obj": -32,
    "num_LCs": 0,
    "num_callbacks": 0,
    "num_CG_iterations": 19,
    "num_columns": 201,
    "num_nodes": 1,
    "overall_time": 6.76135516166687,
    "callback_time": 0.0,
    "subproblem_time": 2.858027458190918,
    "mp_time": 3.895236015319824,
    "inh_time": null,
    "ilp_time": 0.0,
    "surgeon_schedule": {
        "2": [
            4
        ],
        "3": [
            9,
            29,
            30
        ],
        "4": [
            20,
            41
        ],
        "5": [
            16
        ],
        "6": [
            48
        ],
        "8": [
            10,
            27
        ],
        "9": [
            35
        ],
        "10": [
            0,
            24,
            39
        ],
        "11": [
            7
        ]
    },
    "patient_schedule": {
        "29": 4,
        "35": 4,
        "8": 9,
        "38": 9,
        "20": 29,
        "49": 29,
        "15": 30,
        "21": 30,
        "26": 20,
        "6": 41,
        "12": 41,
        "37": 41,
        "16": 16,
        "19": 16,
        "22": 16,
        "41": 16,
        "30": 48,
        "34": 48,
        "47": 48,
        "5": 10,
        "11": 10,
        "4": 27,
        "25": 27,
        "13": 35,
        "23": 35,
        "44": 35,
        "48": 35,
        "27": 0,
        "39": 24,
        "7": 39,
        "9": 39,
        "46": 7
    },
    "instance": null,
    "parameters": null,
    "parameters_data": null,
    "patients": null,
    "capacity": null,
    "num_days": null,
    "num_ORs": null,
    "num_surgeons": null,
    "initial_heuristics_time": 0.0,
    "gap": -1.65625
}