{
    "proved_optimal": true,
    "obj": 18,
    "relax_obj": 18.0,
    "num_LCs": 0,
    "num_callbacks": 0,
    "num_CG_iterations": 18,
    "num_columns": 190,
    "num_nodes": 1,
    "overall_time": 6.592645883560181,
    "callback_time": 0.0,
    "subproblem_time": 3.0730388164520264,
    "mp_time": 3.514246702194214,
    "inh_time": null,
    "ilp_time": 0.0,
    "surgeon_schedule": {
        "2": [
            30
        ],
        "3": [
            10,
            48
        ],
        "4": [
            9,
            18
        ],
        "5": [
            36
        ],
        "6": [
            4,
            28
        ],
        "8": [
            7,
            21
        ],
        "9": [
            41
        ],
        "10": [
            0
        ],
        "11": [
            14
        ]
    },
    "patient_schedule": {
        "29": 30,
        "35": 30,
        "20": 10,
        "49": 10,
        "8": 48,
        "15": 48,
        "21": 48,
        "38": 48,
        "26": 9,
        "6": 18,
        "12": 18,
        "37": 18,
        "16": 36,
        "19": 36,
        "22": 36,
        "41": 36,
        "34": 4,
        "47": 4,
        "3": 28,
        "30": 28,
        "4": 7,
        "5": 7,
        "0": 21,
        "11": 21,
        "25": 21,
        "13": 41,
        "23": 41,
        "44": 41,
        "48": 41,
        "7": 0,
        "9": 0,
        "46": 14
    },
    "instance": null,
    "parameters": null,
    "parameters_data": null,
    "patients": null,
    "capacity": null,
    "num_days": null,
    "num_ORs": null,
    "num_surgeons": null,
    "initial_heuristics_time": 0.0,
    "gap": 0.0
}