{
    "proved_optimal": true,
    "obj": 47,
    "relax_obj": 46.5,
    "num_LCs": 34,
    "num_callbacks": 1036,
    "num_CG_iterations": 27,
    "num_columns": 242,
    "num_nodes": 5,
    "overall_time": 21.126509428024292,
    "callback_time": 2.13883900642395,
    "subproblem_time": 13.65919280052185,
    "mp_time": 7.45334005355835,
    "inh_time": null,
    "ilp_time": 0.0,
    "surgeon_schedule": {
        "2": [
            38
        ],
        "3": [
            29,
            49
        ],
        "4": [
            1
        ],
        "5": [
            22
        ],
        "6": [
            10,
            34
        ],
        "7": [
            8
        ],
        "8": [
            30,
            41
        ],
        "9": [
            16
        ],
        "10": [
            47
        ]
    },
    "patient_schedule": {
        "29": 38,
        "35": 38,
        "45": 38,
        "8": 29,
        "38": 29,
        "20": 49,
        "21": 49,
        "49": 49,
        "6": 1,
        "26": 1,
        "37": 1,
        "16": 22,
        "19": 22,
        "22": 22,
        "41": 22,
        "34": 10,
        "47": 10,
        "30": 34,
        "28": 8,
        "43": 8,
        "4": 30,
        "11": 30,
        "25": 30,
        "0": 41,
        "5": 41,
        "1": 16,
        "13": 16,
        "23": 16,
        "48": 16,
        "7": 47,
        "9": 47
    },
    "instance": null,
    "parameters": null,
    "parameters_data": null,
    "patients": null,
    "capacity": null,
    "num_days": null,
    "num_ORs": null,
    "num_surgeons": null,
    "initial_heuristics_time": 0.0,
    "gap": 0.010752688172043012
}