{
    "proved_optimal": true,
    "obj": 18,
    "relax_obj": 17.25,
    "num_LCs": 26,
    "num_callbacks": 789,
    "num_CG_iterations": 21,
    "num_columns": 213,
    "num_nodes": 1,
    "overall_time": 12.286187171936035,
    "callback_time": 1.7357125282287598,
    "subproblem_time": 8.061389207839966,
    "mp_time": 4.217629909515381,
    "inh_time": null,
    "ilp_time": 0.0,
    "surgeon_schedule": {
        "0": [
            8,
            10,
            39
        ],
        "1": [
            1
        ],
        "2": [
            18,
            27
        ],
        "4": [
            37,
            48
        ],
        "5": [
            34
        ],
        "7": [
            14,
            41
        ],
        "8": [
            29,
            30
        ],
        "9": [
            20
        ],
        "11": [
            24
        ]
    },
    "patient_schedule": {
        "2": 8,
        "20": 8,
        "43": 8,
        "22": 10,
        "27": 10,
        "36": 39,
        "38": 39,
        "0": 1,
        "6": 1,
        "10": 1,
        "21": 18,
        "24": 18,
        "25": 18,
        "12": 27,
        "15": 27,
        "31": 27,
        "40": 37,
        "4": 48,
        "30": 48,
        "32": 48,
        "42": 48,
        "5": 34,
        "28": 34,
        "41": 34,
        "34": 14,
        "49": 14,
        "19": 41,
        "45": 41,
        "7": 29,
        "13": 30,
        "47": 30,
        "11": 20,
        "16": 20,
        "23": 20,
        "1": 24
    },
    "instance": null,
    "parameters": null,
    "parameters_data": null,
    "patients": null,
    "capacity": null,
    "num_days": null,
    "num_ORs": null,
    "num_surgeons": null,
    "initial_heuristics_time": 0.0,
    "gap": 0.043478260869565216
}