{
    "proved_optimal": true,
    "obj": 14,
    "relax_obj": 14.0,
    "num_LCs": 1,
    "num_callbacks": 472,
    "num_CG_iterations": 19,
    "num_columns": 197,
    "num_nodes": 1,
    "overall_time": 6.976990222930908,
    "callback_time": 0.8756871223449707,
    "subproblem_time": 3.5034101009368896,
    "mp_time": 3.4679226875305176,
    "inh_time": null,
    "ilp_time": 0.0,
    "surgeon_schedule": {
        "0": [
            19,
            24
        ],
        "1": [
            8,
            40
        ],
        "2": [
            10,
            48
        ],
        "4": [
            14,
            28
        ],
        "5": [
            4,
            37
        ],
        "7": [
            20
        ],
        "8": [
            0,
            17,
            39
        ],
        "9": [
            44
        ],
        "11": [
            31
        ]
    },
    "patient_schedule": {
        "2": 19,
        "20": 19,
        "22": 19,
        "36": 24,
        "38": 24,
        "0": 8,
        "6": 8,
        "10": 8,
        "14": 40,
        "15": 10,
        "25": 10,
        "12": 48,
        "21": 48,
        "24": 48,
        "31": 48,
        "40": 14,
        "4": 28,
        "30": 28,
        "32": 28,
        "42": 28,
        "28": 4,
        "41": 4,
        "5": 37,
        "48": 37,
        "34": 20,
        "49": 20,
        "7": 0,
        "37": 17,
        "13": 39,
        "47": 39,
        "11": 44,
        "16": 44,
        "23": 44,
        "1": 31,
        "8": 31,
        "44": 31
    },
    "instance": null,
    "parameters": null,
    "parameters_data": null,
    "patients": null,
    "capacity": null,
    "num_days": null,
    "num_ORs": null,
    "num_surgeons": null,
    "initial_heuristics_time": 0.0,
    "gap": 0.0
}