{
    "proved_optimal": true,
    "obj": 0,
    "relax_obj": -2.7755575615628914e-17,
    "num_LCs": 0,
    "num_callbacks": 0,
    "num_CG_iterations": 20,
    "num_columns": 204,
    "num_nodes": 3,
    "overall_time": 9.346210479736328,
    "callback_time": 0.0,
    "subproblem_time": 4.02365255355835,
    "mp_time": 5.308648586273193,
    "inh_time": null,
    "ilp_time": 0.0,
    "surgeon_schedule": {
        "0": [
            8,
            27
        ],
        "1": [
            38
        ],
        "4": [
            16,
            29
        ],
        "7": [
            4,
            21
        ],
        "8": [
            0,
            34,
            43
        ],
        "9": [
            10
        ],
        "11": [
            30
        ]
    },
    "patient_schedule": {
        "2": 8,
        "20": 8,
        "43": 8,
        "36": 27,
        "38": 27,
        "0": 38,
        "6": 38,
        "10": 38,
        "3": 16,
        "42": 16,
        "32": 29,
        "40": 29,
        "19": 4,
        "49": 4,
        "34": 21,
        "45": 21,
        "13": 0,
        "47": 0,
        "7": 34,
        "26": 43,
        "37": 43,
        "39": 43,
        "11": 10,
        "16": 10,
        "23": 10,
        "1": 30
    },
    "instance": null,
    "parameters": null,
    "parameters_data": null,
    "patients": null,
    "capacity": null,
    "num_days": null,
    "num_ORs": null,
    "num_surgeons": null,
    "initial_heuristics_time": 0.0,
    "gap": null
}