{
    "proved_optimal": true,
    "obj": 30,
    "relax_obj": 30.0,
    "num_LCs": 5,
    "num_callbacks": 504,
    "num_CG_iterations": 20,
    "num_columns": 202,
    "num_nodes": 1,
    "overall_time": 8.70549726486206,
    "callback_time": 1.0912749767303467,
    "subproblem_time": 4.399847507476807,
    "mp_time": 4.2972776889801025,
    "inh_time": null,
    "ilp_time": 0.0,
    "surgeon_schedule": {
        "0": [
            14,
            30,
            41
        ],
        "1": [
            25
        ],
        "2": [
            34,
            47
        ],
        "4": [
            18,
            49
        ],
        "5": [
            7,
            10
        ],
        "7": [
            20
        ],
        "8": [
            4,
            38
        ],
        "9": [
            9
        ],
        "11": [
            0,
            29
        ]
    },
    "patient_schedule": {
        "2": 14,
        "36": 14,
        "22": 30,
        "27": 30,
        "20": 41,
        "38": 41,
        "43": 41,
        "0": 25,
        "6": 25,
        "10": 25,
        "12": 34,
        "25": 34,
        "21": 47,
        "31": 47,
        "4": 18,
        "30": 18,
        "32": 18,
        "42": 18,
        "40": 49,
        "5": 7,
        "48": 7,
        "28": 10,
        "41": 10,
        "19": 20,
        "49": 20,
        "13": 4,
        "47": 4,
        "7": 38,
        "37": 38,
        "11": 9,
        "16": 9,
        "23": 9,
        "8": 0,
        "44": 0,
        "1": 29
    },
    "instance": null,
    "parameters": null,
    "parameters_data": null,
    "patients": null,
    "capacity": null,
    "num_days": null,
    "num_ORs": null,
    "num_surgeons": null,
    "initial_heuristics_time": 0.0,
    "gap": 0.0
}