{
    "proved_optimal": true,
    "obj": 31,
    "relax_obj": 31.0,
    "num_LCs": 0,
    "num_callbacks": 0,
    "num_CG_iterations": 18,
    "num_columns": 190,
    "num_nodes": 1,
    "overall_time": 4.8108484745025635,
    "callback_time": 0.0,
    "subproblem_time": 1.7379589080810547,
    "mp_time": 3.068026304244995,
    "inh_time": null,
    "ilp_time": 0.0,
    "surgeon_schedule": {
        "0": [
            7,
            19
        ],
        "1": [
            1
        ],
        "2": [
            28,
            40
        ],
        "4": [
            9,
            38
        ],
        "5": [
            17,
            20
        ],
        "7": [
            11,
            47
        ],
        "8": [
            31
        ],
        "9": [
            49
        ],
        "10": [
            24
        ],
        "11": [
            44
        ]
    },
    "patient_schedule": {
        "20": 7,
        "22": 7,
        "36": 7,
        "2": 19,
        "38": 19,
        "0": 1,
        "6": 1,
        "10": 1,
        "12": 28,
        "21": 28,
        "24": 28,
        "31": 28,
        "15": 40,
        "25": 40,
        "30": 9,
        "40": 9,
        "3": 38,
        "4": 38,
        "32": 38,
        "5": 17,
        "48": 17,
        "28": 20,
        "41": 20,
        "19": 11,
        "45": 11,
        "34": 47,
        "49": 47,
        "13": 31,
        "37": 31,
        "47": 31,
        "11": 49,
        "16": 49,
        "23": 49,
        "46": 24,
        "8": 44,
        "44": 44
    },
    "instance": null,
    "parameters": null,
    "parameters_data": null,
    "patients": null,
    "capacity": null,
    "num_days": null,
    "num_ORs": null,
    "num_surgeons": null,
    "initial_heuristics_time": 0.0,
    "gap": 0.0
}