{
    "proved_optimal": true,
    "obj": 16,
    "relax_obj": -106,
    "num_LCs": 0,
    "num_callbacks": 0,
    "num_CG_iterations": 24,
    "num_columns": 221,
    "num_nodes": 5,
    "overall_time": 9.120137214660645,
    "callback_time": 0.0,
    "subproblem_time": 3.007646322250366,
    "mp_time": 6.083330869674683,
    "inh_time": null,
    "ilp_time": 0.0,
    "surgeon_schedule": {
        "0": [
            26,
            39
        ],
        "1": [
            15,
            34
        ],
        "2": [
            20,
            30
        ],
        "4": [
            1,
            37
        ],
        "5": [
            10,
            47
        ],
        "7": [
            7
        ],
        "8": [
            9,
            19
        ],
        "9": [
            49
        ],
        "11": [
            41
        ]
    },
    "patient_schedule": {
        "22": 26,
        "27": 26,
        "36": 26,
        "43": 26,
        "2": 39,
        "20": 39,
        "38": 39,
        "0": 15,
        "6": 15,
        "10": 15,
        "14": 34,
        "12": 20,
        "25": 20,
        "31": 20,
        "21": 30,
        "4": 1,
        "30": 1,
        "32": 1,
        "42": 1,
        "40": 37,
        "5": 10,
        "48": 10,
        "28": 47,
        "41": 47,
        "19": 7,
        "49": 7,
        "37": 9,
        "13": 19,
        "47": 19,
        "11": 49,
        "16": 49,
        "23": 49,
        "1": 41,
        "8": 41,
        "44": 41
    },
    "instance": null,
    "parameters": null,
    "parameters_data": null,
    "patients": null,
    "capacity": null,
    "num_days": null,
    "num_ORs": null,
    "num_surgeons": null,
    "initial_heuristics_time": 0.0,
    "gap": -1.150943396226415
}