{
    "proved_optimal": true,
    "obj": 31,
    "relax_obj": 31.0,
    "num_LCs": 17,
    "num_callbacks": 588,
    "num_CG_iterations": 20,
    "num_columns": 202,
    "num_nodes": 1,
    "overall_time": 7.66037917137146,
    "callback_time": 1.0562489032745361,
    "subproblem_time": 4.171651363372803,
    "mp_time": 3.4816513061523438,
    "inh_time": null,
    "ilp_time": 0.0,
    "surgeon_schedule": {
        "0": [
            27,
            49
        ],
        "1": [
            5,
            10
        ],
        "2": [
            17,
            21
        ],
        "4": [
            38,
            40
        ],
        "5": [
            14
        ],
        "7": [
            31,
            44
        ],
        "8": [
            19,
            29
        ],
        "9": [
            9
        ],
        "10": [
            0
        ],
        "11": [
            47
        ]
    },
    "patient_schedule": {
        "20": 27,
        "22": 27,
        "38": 27,
        "2": 49,
        "36": 49,
        "0": 5,
        "6": 5,
        "10": 5,
        "14": 10,
        "12": 17,
        "25": 17,
        "31": 17,
        "15": 21,
        "21": 21,
        "24": 21,
        "3": 38,
        "4": 38,
        "30": 38,
        "32": 40,
        "40": 40,
        "5": 14,
        "28": 14,
        "41": 14,
        "34": 31,
        "45": 31,
        "19": 44,
        "49": 44,
        "37": 19,
        "13": 29,
        "47": 29,
        "11": 9,
        "16": 9,
        "23": 9,
        "46": 0,
        "8": 47,
        "44": 47
    },
    "instance": null,
    "parameters": null,
    "parameters_data": null,
    "patients": null,
    "capacity": null,
    "num_days": null,
    "num_ORs": null,
    "num_surgeons": null,
    "initial_heuristics_time": 0.0,
    "gap": 0.0
}