{
    "proved_optimal": true,
    "obj": 35,
    "relax_obj": 35.0,
    "num_LCs": 0,
    "num_callbacks": 0,
    "num_CG_iterations": 23,
    "num_columns": 225,
    "num_nodes": 3,
    "overall_time": 11.019455909729004,
    "callback_time": 0.0,
    "subproblem_time": 4.905647277832031,
    "mp_time": 6.097529411315918,
    "inh_time": null,
    "ilp_time": 0.0,
    "surgeon_schedule": {
        "0": [
            8,
            17,
            40
        ],
        "1": [
            1
        ],
        "2": [
            19,
            38
        ],
        "4": [
            30,
            48
        ],
        "5": [
            27
        ],
        "7": [
            21,
            44
        ],
        "8": [
            10,
            34
        ],
        "9": [
            29
        ],
        "11": [
            14
        ]
    },
    "patient_schedule": {
        "2": 8,
        "20": 8,
        "43": 8,
        "22": 17,
        "27": 17,
        "36": 40,
        "38": 40,
        "0": 1,
        "6": 1,
        "10": 1,
        "12": 19,
        "15": 19,
        "31": 19,
        "21": 38,
        "24": 38,
        "25": 38,
        "40": 30,
        "4": 48,
        "30": 48,
        "32": 48,
        "42": 48,
        "5": 27,
        "28": 27,
        "41": 27,
        "19": 21,
        "45": 21,
        "34": 44,
        "49": 44,
        "13": 10,
        "47": 10,
        "7": 34,
        "11": 29,
        "16": 29,
        "23": 29,
        "1": 14
    },
    "instance": null,
    "parameters": null,
    "parameters_data": null,
    "patients": null,
    "capacity": null,
    "num_days": null,
    "num_ORs": null,
    "num_surgeons": null,
    "initial_heuristics_time": 0.0,
    "gap": 0.0
}