{
    "proved_optimal": true,
    "obj": 14,
    "relax_obj": 14.0,
    "num_LCs": 0,
    "num_callbacks": 0,
    "num_CG_iterations": 18,
    "num_columns": 171,
    "num_nodes": 3,
    "overall_time": 7.754666566848755,
    "callback_time": 0.0,
    "subproblem_time": 2.633193016052246,
    "mp_time": 5.0885350704193115,
    "inh_time": null,
    "ilp_time": 0.0,
    "surgeon_schedule": {
        "0": [
            7,
            10,
            44
        ],
        "1": [
            38
        ],
        "2": [
            1,
            49
        ],
        "4": [
            14,
            40
        ],
        "5": [
            19,
            34
        ],
        "7": [
            27,
            30
        ],
        "8": [
            17,
            29,
            47
        ],
        "9": [
            20
        ],
        "11": [
            9,
            24
        ]
    },
    "patient_schedule": {
        "2": 7,
        "38": 7,
        "22": 10,
        "36": 10,
        "20": 44,
        "27": 44,
        "0": 38,
        "6": 38,
        "10": 38,
        "21": 1,
        "24": 1,
        "25": 1,
        "12": 49,
        "15": 49,
        "31": 49,
        "32": 14,
        "40": 14,
        "4": 40,
        "30": 40,
        "5": 19,
        "28": 19,
        "41": 19,
        "48": 34,
        "19": 27,
        "34": 30,
        "49": 30,
        "7": 17,
        "37": 29,
        "13": 47,
        "47": 47,
        "11": 20,
        "16": 20,
        "23": 20,
        "1": 9,
        "8": 24,
        "44": 24
    },
    "instance": null,
    "parameters": null,
    "parameters_data": null,
    "patients": null,
    "capacity": null,
    "num_days": null,
    "num_ORs": null,
    "num_surgeons": null,
    "initial_heuristics_time": 0.0,
    "gap": 0.0
}