{
    "proved_optimal": true,
    "obj": 30,
    "relax_obj": 30.0,
    "num_LCs": 0,
    "num_callbacks": 0,
    "num_CG_iterations": 23,
    "num_columns": 202,
    "num_nodes": 7,
    "overall_time": 10.875803232192993,
    "callback_time": 0.0,
    "subproblem_time": 3.832509994506836,
    "mp_time": 7.013781785964966,
    "inh_time": null,
    "ilp_time": 0.0,
    "surgeon_schedule": {
        "0": [
            18,
            27,
            34
        ],
        "1": [
            10,
            48
        ],
        "2": [
            9,
            20
        ],
        "4": [
            5
        ],
        "5": [
            29,
            37
        ],
        "7": [
            0
        ],
        "8": [
            14,
            24,
            44
        ],
        "9": [
            30
        ],
        "11": [
            39,
            40
        ]
    },
    "patient_schedule": {
        "2": 18,
        "22": 18,
        "43": 18,
        "20": 27,
        "27": 27,
        "36": 34,
        "38": 34,
        "14": 10,
        "0": 48,
        "6": 48,
        "10": 48,
        "12": 9,
        "25": 9,
        "31": 9,
        "21": 20,
        "4": 5,
        "30": 5,
        "32": 5,
        "42": 5,
        "5": 29,
        "48": 29,
        "28": 37,
        "41": 37,
        "19": 0,
        "49": 0,
        "37": 14,
        "13": 24,
        "47": 24,
        "7": 44,
        "11": 30,
        "16": 30,
        "23": 30,
        "1": 39,
        "8": 40,
        "44": 40
    },
    "instance": null,
    "parameters": null,
    "parameters_data": null,
    "patients": null,
    "capacity": null,
    "num_days": null,
    "num_ORs": null,
    "num_surgeons": null,
    "initial_heuristics_time": 0.0,
    "gap": 0.0
}