{
    "proved_optimal": true,
    "obj": 49,
    "relax_obj": -36,
    "num_LCs": 0,
    "num_callbacks": 0,
    "num_CG_iterations": 18,
    "num_columns": 188,
    "num_nodes": 1,
    "overall_time": 5.117431163787842,
    "callback_time": 0.0,
    "subproblem_time": 1.9639508724212646,
    "mp_time": 3.146010160446167,
    "inh_time": null,
    "ilp_time": 0.0,
    "surgeon_schedule": {
        "0": [
            10,
            27,
            31
        ],
        "1": [
            5,
            47
        ],
        "2": [
            9,
            18
        ],
        "4": [
            14
        ],
        "5": [
            37,
            44
        ],
        "7": [
            29,
            39
        ],
        "8": [
            21
        ],
        "9": [
            49
        ],
        "11": [
            0,
            40
        ]
    },
    "patient_schedule": {
        "20": 10,
        "27": 10,
        "2": 27,
        "22": 27,
        "38": 27,
        "36": 31,
        "43": 31,
        "0": 5,
        "6": 5,
        "10": 5,
        "14": 47,
        "12": 9,
        "15": 9,
        "31": 9,
        "21": 18,
        "24": 18,
        "25": 18,
        "4": 14,
        "30": 14,
        "32": 14,
        "28": 37,
        "48": 37,
        "5": 44,
        "41": 44,
        "19": 29,
        "49": 29,
        "34": 39,
        "13": 21,
        "37": 21,
        "47": 21,
        "11": 49,
        "16": 49,
        "23": 49,
        "8": 0,
        "44": 0,
        "1": 40
    },
    "instance": null,
    "parameters": null,
    "parameters_data": null,
    "patients": null,
    "capacity": null,
    "num_days": null,
    "num_ORs": null,
    "num_surgeons": null,
    "initial_heuristics_time": 0.0,
    "gap": -2.361111111111111
}