{
    "proved_optimal": true,
    "obj": 19,
    "relax_obj": -36,
    "num_LCs": 0,
    "num_callbacks": 0,
    "num_CG_iterations": 20,
    "num_columns": 203,
    "num_nodes": 1,
    "overall_time": 6.665132522583008,
    "callback_time": 0.0,
    "subproblem_time": 2.57323956489563,
    "mp_time": 4.081973075866699,
    "inh_time": null,
    "ilp_time": 0.0,
    "surgeon_schedule": {
        "0": [
            9,
            21,
            44
        ],
        "1": [
            15,
            30
        ],
        "2": [
            29,
            38
        ],
        "4": [
            1
        ],
        "5": [
            10,
            47
        ],
        "7": [
            19
        ],
        "8": [
            34
        ],
        "9": [
            7
        ],
        "10": [
            27,
            49
        ],
        "11": [
            40
        ]
    },
    "patient_schedule": {
        "22": 9,
        "27": 9,
        "20": 21,
        "38": 21,
        "43": 21,
        "2": 44,
        "36": 44,
        "0": 15,
        "6": 15,
        "10": 15,
        "14": 30,
        "12": 29,
        "15": 29,
        "31": 29,
        "21": 38,
        "24": 38,
        "25": 38,
        "4": 1,
        "30": 1,
        "32": 1,
        "40": 1,
        "5": 10,
        "28": 47,
        "41": 47,
        "48": 47,
        "19": 19,
        "49": 19,
        "13": 34,
        "47": 34,
        "11": 7,
        "16": 7,
        "23": 7,
        "46": 27,
        "35": 49,
        "8": 40,
        "44": 40
    },
    "instance": null,
    "parameters": null,
    "parameters_data": null,
    "patients": null,
    "capacity": null,
    "num_days": null,
    "num_ORs": null,
    "num_surgeons": null,
    "initial_heuristics_time": 0.0,
    "gap": -1.5277777777777777
}