{
    "proved_optimal": true,
    "obj": 0,
    "relax_obj": 0.0,
    "num_LCs": 20,
    "num_callbacks": 910,
    "num_CG_iterations": 24,
    "num_columns": 227,
    "num_nodes": 3,
    "overall_time": 16.827807664871216,
    "callback_time": 2.322787284851074,
    "subproblem_time": 10.598092317581177,
    "mp_time": 6.218235492706299,
    "inh_time": null,
    "ilp_time": 0.0,
    "surgeon_schedule": {
        "0": [
            37
        ],
        "1": [
            8
        ],
        "2": [
            1,
            29
        ],
        "4": [
            11,
            27
        ],
        "5": [
            39
        ],
        "7": [
            19,
            31
        ],
        "8": [
            17,
            24,
            43
        ],
        "9": [
            20
        ]
    },
    "patient_schedule": {
        "2": 37,
        "20": 37,
        "38": 37,
        "0": 8,
        "6": 8,
        "10": 8,
        "21": 1,
        "24": 1,
        "25": 1,
        "12": 29,
        "15": 29,
        "31": 29,
        "3": 11,
        "4": 11,
        "32": 11,
        "30": 27,
        "40": 27,
        "5": 39,
        "28": 39,
        "41": 39,
        "19": 19,
        "49": 19,
        "34": 31,
        "45": 31,
        "13": 17,
        "47": 17,
        "7": 24,
        "26": 43,
        "37": 43,
        "39": 43,
        "11": 20,
        "16": 20,
        "23": 20
    },
    "instance": null,
    "parameters": null,
    "parameters_data": null,
    "patients": null,
    "capacity": null,
    "num_days": null,
    "num_ORs": null,
    "num_surgeons": null,
    "initial_heuristics_time": 0.0,
    "gap": null
}