{
    "proved_optimal": true,
    "obj": 35,
    "relax_obj": 35.0,
    "num_LCs": 26,
    "num_callbacks": 656,
    "num_CG_iterations": 21,
    "num_columns": 215,
    "num_nodes": 1,
    "overall_time": 11.321032524108887,
    "callback_time": 1.4239728450775146,
    "subproblem_time": 6.350185871124268,
    "mp_time": 4.962028503417969,
    "inh_time": null,
    "ilp_time": 0.0,
    "surgeon_schedule": {
        "0": [
            10,
            30,
            41
        ],
        "1": [
            9,
            18
        ],
        "2": [
            1,
            20
        ],
        "4": [
            25
        ],
        "5": [
            37
        ],
        "7": [
            39,
            48
        ],
        "8": [
            29,
            34
        ],
        "9": [
            14
        ],
        "11": [
            7
        ]
    },
    "patient_schedule": {
        "20": 10,
        "27": 10,
        "2": 30,
        "36": 30,
        "22": 41,
        "38": 41,
        "43": 41,
        "14": 9,
        "0": 18,
        "6": 18,
        "10": 18,
        "15": 1,
        "21": 1,
        "24": 1,
        "12": 20,
        "25": 20,
        "31": 20,
        "4": 25,
        "30": 25,
        "32": 25,
        "42": 25,
        "5": 37,
        "28": 37,
        "41": 37,
        "19": 39,
        "49": 39,
        "34": 48,
        "45": 48,
        "7": 29,
        "13": 34,
        "47": 34,
        "11": 14,
        "16": 14,
        "23": 14,
        "1": 7
    },
    "instance": null,
    "parameters": null,
    "parameters_data": null,
    "patients": null,
    "capacity": null,
    "num_days": null,
    "num_ORs": null,
    "num_surgeons": null,
    "initial_heuristics_time": 0.0,
    "gap": 0.0
}