{
    "proved_optimal": true,
    "obj": 14,
    "relax_obj": 14.0,
    "num_LCs": 11,
    "num_callbacks": 484,
    "num_CG_iterations": 19,
    "num_columns": 194,
    "num_nodes": 1,
    "overall_time": 7.621035099029541,
    "callback_time": 0.9714598655700684,
    "subproblem_time": 4.026794195175171,
    "mp_time": 3.587672233581543,
    "inh_time": null,
    "ilp_time": 0.0,
    "surgeon_schedule": {
        "0": [
            9,
            31,
            47
        ],
        "1": [
            5,
            17
        ],
        "2": [
            14,
            28
        ],
        "4": [
            10,
            40
        ],
        "5": [
            37
        ],
        "7": [
            0
        ],
        "8": [
            19,
            39,
            44
        ],
        "9": [
            24
        ],
        "11": [
            20,
            49
        ]
    },
    "patient_schedule": {
        "2": 9,
        "36": 9,
        "22": 31,
        "38": 31,
        "43": 31,
        "20": 47,
        "27": 47,
        "0": 5,
        "6": 5,
        "10": 5,
        "14": 17,
        "12": 14,
        "15": 14,
        "31": 14,
        "21": 28,
        "24": 28,
        "25": 28,
        "30": 10,
        "40": 10,
        "4": 40,
        "32": 40,
        "28": 37,
        "41": 37,
        "48": 37,
        "19": 0,
        "49": 0,
        "7": 19,
        "13": 39,
        "47": 39,
        "37": 44,
        "11": 24,
        "16": 24,
        "23": 24,
        "1": 20,
        "8": 49,
        "44": 49
    },
    "instance": null,
    "parameters": null,
    "parameters_data": null,
    "patients": null,
    "capacity": null,
    "num_days": null,
    "num_ORs": null,
    "num_surgeons": null,
    "initial_heuristics_time": 0.0,
    "gap": 0.0
}