{
    "proved_optimal": true,
    "obj": 0,
    "relax_obj": 1.3877787807814457e-17,
    "num_LCs": 0,
    "num_callbacks": 0,
    "num_CG_iterations": 21,
    "num_columns": 200,
    "num_nodes": 5,
    "overall_time": 7.914233684539795,
    "callback_time": 0.0,
    "subproblem_time": 3.350865602493286,
    "mp_time": 4.5489115715026855,
    "inh_time": null,
    "ilp_time": 0.0,
    "surgeon_schedule": {
        "1": [
            18
        ],
        "2": [
            5,
            27
        ],
        "4": [
            21,
            37
        ],
        "5": [
            29
        ],
        "7": [
            14,
            31
        ],
        "8": [
            0,
            10,
            43
        ],
        "9": [
            9
        ],
        "11": [
            39
        ]
    },
    "patient_schedule": {
        "0": 18,
        "6": 18,
        "10": 18,
        "21": 5,
        "24": 5,
        "25": 5,
        "12": 27,
        "15": 27,
        "31": 27,
        "3": 21,
        "4": 21,
        "32": 21,
        "30": 37,
        "40": 37,
        "5": 29,
        "48": 29,
        "19": 14,
        "49": 14,
        "34": 31,
        "45": 31,
        "13": 0,
        "47": 0,
        "7": 10,
        "26": 43,
        "37": 43,
        "39": 43,
        "11": 9,
        "16": 9,
        "23": 9,
        "1": 39
    },
    "instance": null,
    "parameters": null,
    "parameters_data": null,
    "patients": null,
    "capacity": null,
    "num_days": null,
    "num_ORs": null,
    "num_surgeons": null,
    "initial_heuristics_time": 0.0,
    "gap": null
}