{
    "proved_optimal": true,
    "obj": 1,
    "relax_obj": 0.3333333333333333,
    "num_LCs": 37,
    "num_callbacks": 760,
    "num_CG_iterations": 21,
    "num_columns": 215,
    "num_nodes": 1,
    "overall_time": 15.043782711029053,
    "callback_time": 1.9572486877441406,
    "subproblem_time": 9.768901348114014,
    "mp_time": 5.267247676849365,
    "inh_time": null,
    "ilp_time": 0.0,
    "surgeon_schedule": {
        "0": [
            37
        ],
        "1": [
            8
        ],
        "2": [
            1,
            29
        ],
        "4": [
            44
        ],
        "5": [
            30
        ],
        "7": [
            25,
            34
        ],
        "8": [
            13,
            20,
            49
        ],
        "9": [
            40
        ],
        "10": [
            47
        ],
        "11": [
            39
        ]
    },
    "patient_schedule": {
        "2": 37,
        "20": 37,
        "38": 37,
        "0": 8,
        "6": 8,
        "10": 8,
        "21": 1,
        "24": 1,
        "25": 1,
        "12": 29,
        "15": 29,
        "31": 29,
        "30": 44,
        "40": 44,
        "5": 30,
        "28": 30,
        "41": 30,
        "34": 25,
        "45": 25,
        "19": 34,
        "49": 34,
        "26": 13,
        "37": 13,
        "39": 13,
        "13": 20,
        "47": 20,
        "7": 49,
        "11": 40,
        "16": 40,
        "23": 40,
        "46": 47,
        "1": 39
    },
    "instance": null,
    "parameters": null,
    "parameters_data": null,
    "patients": null,
    "capacity": null,
    "num_days": null,
    "num_ORs": null,
    "num_surgeons": null,
    "initial_heuristics_time": 0.0,
    "gap": 2.0000000000000004
}