{
    "proved_optimal": true,
    "obj": 14,
    "relax_obj": -106,
    "num_LCs": 0,
    "num_callbacks": 0,
    "num_CG_iterations": 21,
    "num_columns": 217,
    "num_nodes": 1,
    "overall_time": 7.005488157272339,
    "callback_time": 0.0,
    "subproblem_time": 2.6080286502838135,
    "mp_time": 4.388192653656006,
    "inh_time": null,
    "ilp_time": 0.0,
    "surgeon_schedule": {
        "0": [
            9,
            10,
            38
        ],
        "1": [
            7,
            28
        ],
        "2": [
            17,
            48
        ],
        "4": [
            20,
            41
        ],
        "5": [
            19,
            34
        ],
        "7": [
            30
        ],
        "8": [
            24
        ],
        "9": [
            14
        ],
        "11": [
            1
        ]
    },
    "patient_schedule": {
        "36": 9,
        "38": 9,
        "20": 10,
        "27": 10,
        "2": 38,
        "22": 38,
        "43": 38,
        "14": 7,
        "0": 28,
        "6": 28,
        "10": 28,
        "15": 17,
        "25": 17,
        "12": 48,
        "21": 48,
        "24": 48,
        "31": 48,
        "30": 20,
        "40": 20,
        "4": 41,
        "32": 41,
        "42": 41,
        "5": 19,
        "41": 19,
        "28": 34,
        "48": 34,
        "19": 30,
        "49": 30,
        "13": 24,
        "47": 24,
        "11": 14,
        "16": 14,
        "23": 14,
        "1": 1,
        "8": 1,
        "44": 1
    },
    "instance": null,
    "parameters": null,
    "parameters_data": null,
    "patients": null,
    "capacity": null,
    "num_days": null,
    "num_ORs": null,
    "num_surgeons": null,
    "initial_heuristics_time": 0.0,
    "gap": -1.1320754716981132
}