{
    "proved_optimal": true,
    "obj": 17,
    "relax_obj": 16.25,
    "num_LCs": 8,
    "num_callbacks": 629,
    "num_CG_iterations": 19,
    "num_columns": 200,
    "num_nodes": 1,
    "overall_time": 10.296635866165161,
    "callback_time": 1.5050804615020752,
    "subproblem_time": 6.187819719314575,
    "mp_time": 4.101770639419556,
    "inh_time": null,
    "ilp_time": 0.0,
    "surgeon_schedule": {
        "0": [
            9,
            17,
            38
        ],
        "1": [
            1,
            10
        ],
        "2": [
            19,
            48
        ],
        "4": [
            14,
            41
        ],
        "5": [
            30
        ],
        "7": [
            25,
            34
        ],
        "8": [
            7,
            29
        ],
        "9": [
            20
        ]
    },
    "patient_schedule": {
        "2": 9,
        "22": 9,
        "38": 9,
        "20": 17,
        "27": 17,
        "36": 38,
        "43": 38,
        "0": 1,
        "6": 1,
        "10": 1,
        "14": 10,
        "12": 19,
        "25": 19,
        "31": 19,
        "15": 48,
        "21": 48,
        "24": 48,
        "30": 14,
        "40": 14,
        "3": 41,
        "4": 41,
        "32": 41,
        "5": 30,
        "28": 30,
        "41": 30,
        "19": 25,
        "45": 25,
        "34": 34,
        "49": 34,
        "13": 7,
        "47": 7,
        "7": 29,
        "11": 20,
        "16": 20,
        "23": 20
    },
    "instance": null,
    "parameters": null,
    "parameters_data": null,
    "patients": null,
    "capacity": null,
    "num_days": null,
    "num_ORs": null,
    "num_surgeons": null,
    "initial_heuristics_time": 0.0,
    "gap": 0.046153846153846156
}