{
    "proved_optimal": true,
    "obj": 37,
    "relax_obj": 36.25,
    "num_LCs": 0,
    "num_callbacks": 0,
    "num_CG_iterations": 22,
    "num_columns": 228,
    "num_nodes": 1,
    "overall_time": 12.682074308395386,
    "callback_time": 0.0,
    "subproblem_time": 6.946401357650757,
    "mp_time": 5.727469444274902,
    "inh_time": null,
    "ilp_time": 0.0,
    "surgeon_schedule": {
        "0": [
            1
        ],
        "1": [
            38
        ],
        "2": [
            7,
            11
        ],
        "4": [
            18,
            49
        ],
        "5": [
            40
        ],
        "7": [
            31,
            44
        ],
        "8": [
            23,
            47
        ],
        "9": [
            9
        ]
    },
    "patient_schedule": {
        "2": 1,
        "20": 1,
        "22": 1,
        "27": 1,
        "38": 1,
        "0": 38,
        "6": 38,
        "10": 38,
        "12": 7,
        "15": 7,
        "31": 7,
        "21": 11,
        "24": 11,
        "25": 11,
        "3": 18,
        "4": 18,
        "32": 18,
        "30": 49,
        "40": 49,
        "5": 40,
        "28": 40,
        "41": 40,
        "19": 31,
        "45": 31,
        "34": 44,
        "49": 44,
        "26": 23,
        "37": 23,
        "39": 23,
        "13": 47,
        "47": 47,
        "11": 9,
        "16": 9,
        "23": 9
    },
    "instance": null,
    "parameters": null,
    "parameters_data": null,
    "patients": null,
    "capacity": null,
    "num_days": null,
    "num_ORs": null,
    "num_surgeons": null,
    "initial_heuristics_time": 0.0,
    "gap": 0.020689655172413793
}