{
    "proved_optimal": true,
    "obj": 30,
    "relax_obj": 30.0,
    "num_LCs": 2,
    "num_callbacks": 488,
    "num_CG_iterations": 19,
    "num_columns": 191,
    "num_nodes": 1,
    "overall_time": 9.051451444625854,
    "callback_time": 1.0791068077087402,
    "subproblem_time": 4.537863731384277,
    "mp_time": 4.507619857788086,
    "inh_time": null,
    "ilp_time": 0.0,
    "surgeon_schedule": {
        "0": [
            4,
            21,
            30
        ],
        "1": [
            18,
            27
        ],
        "2": [
            9,
            35
        ],
        "4": [
            14,
            41
        ],
        "5": [
            39,
            47
        ],
        "7": [
            29
        ],
        "8": [
            49
        ],
        "9": [
            0
        ],
        "11": [
            7,
            10
        ]
    },
    "patient_schedule": {
        "20": 4,
        "27": 4,
        "22": 21,
        "38": 21,
        "43": 21,
        "2": 30,
        "36": 30,
        "0": 18,
        "6": 18,
        "10": 18,
        "14": 27,
        "15": 9,
        "25": 9,
        "12": 35,
        "21": 35,
        "24": 35,
        "31": 35,
        "40": 14,
        "4": 41,
        "30": 41,
        "32": 41,
        "42": 41,
        "5": 39,
        "28": 47,
        "41": 47,
        "48": 47,
        "19": 29,
        "49": 29,
        "13": 49,
        "47": 49,
        "11": 0,
        "16": 0,
        "23": 0,
        "8": 7,
        "44": 7,
        "1": 10
    },
    "instance": null,
    "parameters": null,
    "parameters_data": null,
    "patients": null,
    "capacity": null,
    "num_days": null,
    "num_ORs": null,
    "num_surgeons": null,
    "initial_heuristics_time": 0.0,
    "gap": 0.0
}