{
    "proved_optimal": true,
    "obj": 38,
    "relax_obj": 38.0,
    "num_LCs": 18,
    "num_callbacks": 584,
    "num_CG_iterations": 19,
    "num_columns": 202,
    "num_nodes": 1,
    "overall_time": 9.714831829071045,
    "callback_time": 1.39565110206604,
    "subproblem_time": 5.976429224014282,
    "mp_time": 3.731067657470703,
    "inh_time": null,
    "ilp_time": 0.0,
    "surgeon_schedule": {
        "0": [
            7,
            18,
            29
        ],
        "1": [
            0,
            41
        ],
        "2": [
            11,
            47
        ],
        "4": [
            25,
            39
        ],
        "5": [
            49
        ],
        "7": [
            32
        ],
        "8": [
            20
        ],
        "9": [
            4
        ],
        "10": [
            9
        ]
    },
    "patient_schedule": {
        "36": 7,
        "38": 7,
        "2": 18,
        "20": 18,
        "43": 18,
        "22": 29,
        "27": 29,
        "14": 0,
        "0": 41,
        "6": 41,
        "10": 41,
        "12": 11,
        "21": 11,
        "24": 11,
        "31": 11,
        "15": 47,
        "25": 47,
        "3": 25,
        "4": 25,
        "32": 25,
        "30": 39,
        "40": 39,
        "5": 49,
        "28": 49,
        "41": 49,
        "19": 32,
        "34": 32,
        "45": 32,
        "49": 32,
        "13": 20,
        "47": 20,
        "11": 4,
        "16": 4,
        "23": 4,
        "46": 9
    },
    "instance": null,
    "parameters": null,
    "parameters_data": null,
    "patients": null,
    "capacity": null,
    "num_days": null,
    "num_ORs": null,
    "num_surgeons": null,
    "initial_heuristics_time": 0.0,
    "gap": 0.0
}