{
    "proved_optimal": true,
    "obj": 1,
    "relax_obj": 0.6666666666666667,
    "num_LCs": 30,
    "num_callbacks": 665,
    "num_CG_iterations": 19,
    "num_columns": 196,
    "num_nodes": 1,
    "overall_time": 11.809322357177734,
    "callback_time": 1.6185870170593262,
    "subproblem_time": 7.797106742858887,
    "mp_time": 4.005228042602539,
    "inh_time": null,
    "ilp_time": 0.0,
    "surgeon_schedule": {
        "0": [
            39
        ],
        "2": [
            10,
            41
        ],
        "4": [
            35,
            49
        ],
        "5": [
            20
        ],
        "6": [
            15
        ],
        "7": [
            25,
            47
        ],
        "8": [
            3,
            19,
            30
        ],
        "9": [
            29
        ]
    },
    "patient_schedule": {
        "2": 39,
        "20": 39,
        "38": 39,
        "12": 10,
        "15": 10,
        "31": 10,
        "21": 41,
        "24": 41,
        "25": 41,
        "3": 35,
        "4": 35,
        "30": 35,
        "32": 49,
        "40": 49,
        "5": 20,
        "28": 20,
        "41": 20,
        "33": 15,
        "34": 25,
        "45": 25,
        "19": 47,
        "49": 47,
        "26": 3,
        "37": 3,
        "39": 3,
        "7": 19,
        "13": 30,
        "47": 30,
        "11": 29,
        "16": 29,
        "23": 29
    },
    "instance": null,
    "parameters": null,
    "parameters_data": null,
    "patients": null,
    "capacity": null,
    "num_days": null,
    "num_ORs": null,
    "num_surgeons": null,
    "initial_heuristics_time": 0.0,
    "gap": 0.49999999999999983
}