{
    "proved_optimal": true,
    "obj": 45,
    "relax_obj": 44.333333333333336,
    "num_LCs": 42,
    "num_callbacks": 827,
    "num_CG_iterations": 25,
    "num_columns": 239,
    "num_nodes": 3,
    "overall_time": 17.938264846801758,
    "callback_time": 1.695342779159546,
    "subproblem_time": 11.452705383300781,
    "mp_time": 6.473580598831177,
    "inh_time": null,
    "ilp_time": 0.0,
    "surgeon_schedule": {
        "0": [
            27
        ],
        "2": [
            48
        ],
        "3": [
            1,
            29,
            30
        ],
        "5": [
            8
        ],
        "7": [
            13,
            35,
            44
        ],
        "8": [
            39,
            40
        ],
        "9": [
            21
        ]
    },
    "patient_schedule": {
        "32": 27,
        "37": 27,
        "8": 48,
        "19": 48,
        "34": 48,
        "30": 1,
        "41": 1,
        "10": 29,
        "15": 29,
        "4": 30,
        "38": 30,
        "12": 8,
        "21": 8,
        "43": 8,
        "26": 13,
        "28": 13,
        "39": 13,
        "44": 13,
        "14": 35,
        "22": 44,
        "3": 39,
        "7": 39,
        "40": 39,
        "29": 40,
        "33": 40,
        "5": 21,
        "6": 21,
        "31": 21
    },
    "instance": null,
    "parameters": null,
    "parameters_data": null,
    "patients": null,
    "capacity": null,
    "num_days": null,
    "num_ORs": null,
    "num_surgeons": null,
    "initial_heuristics_time": 0.0,
    "gap": 0.015037593984962351
}