{
    "proved_optimal": true,
    "obj": 49,
    "relax_obj": 48.25,
    "num_LCs": 8,
    "num_callbacks": 1047,
    "num_CG_iterations": 30,
    "num_columns": 278,
    "num_nodes": 3,
    "overall_time": 21.977046489715576,
    "callback_time": 2.2958626747131348,
    "subproblem_time": 13.03948426246643,
    "mp_time": 8.92256212234497,
    "inh_time": null,
    "ilp_time": 0.0,
    "surgeon_schedule": {
        "0": [
            40
        ],
        "2": [
            18
        ],
        "3": [
            11,
            29
        ],
        "5": [
            1
        ],
        "7": [
            25,
            33,
            44
        ],
        "8": [
            8,
            20
        ],
        "9": [
            48
        ]
    },
    "patient_schedule": {
        "32": 40,
        "37": 40,
        "19": 18,
        "25": 18,
        "34": 18,
        "30": 11,
        "38": 11,
        "41": 11,
        "10": 29,
        "15": 29,
        "12": 1,
        "21": 1,
        "43": 1,
        "14": 25,
        "26": 33,
        "28": 33,
        "39": 33,
        "44": 33,
        "22": 44,
        "40": 8,
        "42": 8,
        "3": 20,
        "7": 20,
        "29": 20,
        "5": 48,
        "6": 48,
        "31": 48
    },
    "instance": null,
    "parameters": null,
    "parameters_data": null,
    "patients": null,
    "capacity": null,
    "num_days": null,
    "num_ORs": null,
    "num_surgeons": null,
    "initial_heuristics_time": 0.0,
    "gap": 0.015544041450777202
}