{
    "proved_optimal": true,
    "obj": 37,
    "relax_obj": 37.0,
    "num_LCs": 0,
    "num_callbacks": 0,
    "num_CG_iterations": 24,
    "num_columns": 232,
    "num_nodes": 3,
    "overall_time": 10.136733531951904,
    "callback_time": 0.0,
    "subproblem_time": 3.379664897918701,
    "mp_time": 6.745998382568359,
    "inh_time": null,
    "ilp_time": 0.0,
    "surgeon_schedule": {
        "0": [
            31
        ],
        "1": [
            47
        ],
        "2": [
            25
        ],
        "3": [
            1,
            49
        ],
        "5": [
            8
        ],
        "6": [
            20
        ],
        "7": [
            19,
            39
        ],
        "8": [
            12
        ],
        "9": [
            41
        ],
        "10": [
            29,
            37
        ]
    },
    "patient_schedule": {
        "2": 31,
        "37": 31,
        "1": 47,
        "19": 25,
        "25": 25,
        "34": 25,
        "30": 1,
        "38": 1,
        "41": 1,
        "10": 49,
        "15": 49,
        "12": 8,
        "21": 8,
        "43": 8,
        "11": 20,
        "28": 19,
        "44": 19,
        "22": 39,
        "3": 12,
        "7": 12,
        "29": 12,
        "40": 12,
        "42": 12,
        "5": 41,
        "6": 41,
        "31": 41,
        "20": 29,
        "17": 37
    },
    "instance": null,
    "parameters": null,
    "parameters_data": null,
    "patients": null,
    "capacity": null,
    "num_days": null,
    "num_ORs": null,
    "num_surgeons": null,
    "initial_heuristics_time": 0.0,
    "gap": 0.0
}