{
    "proved_optimal": true,
    "obj": 15,
    "relax_obj": 15.0,
    "num_LCs": 0,
    "num_callbacks": 0,
    "num_CG_iterations": 19,
    "num_columns": 198,
    "num_nodes": 1,
    "overall_time": 5.739819526672363,
    "callback_time": 0.0,
    "subproblem_time": 1.868406057357788,
    "mp_time": 3.8636703491210938,
    "inh_time": null,
    "ilp_time": 0.0,
    "surgeon_schedule": {
        "0": [
            47
        ],
        "1": [
            0,
            10
        ],
        "2": [
            9
        ],
        "3": [
            5,
            19,
            39
        ],
        "5": [
            35
        ],
        "7": [
            20,
            41
        ],
        "8": [
            17,
            30
        ],
        "9": [
            28
        ],
        "10": [
            14,
            24
        ],
        "11": [
            49
        ]
    },
    "patient_schedule": {
        "32": 47,
        "37": 47,
        "0": 0,
        "1": 10,
        "19": 9,
        "34": 9,
        "30": 5,
        "38": 5,
        "41": 5,
        "10": 19,
        "15": 19,
        "4": 39,
        "12": 35,
        "21": 35,
        "43": 35,
        "22": 20,
        "28": 41,
        "39": 41,
        "44": 41,
        "3": 17,
        "33": 17,
        "7": 30,
        "29": 30,
        "40": 30,
        "5": 28,
        "6": 28,
        "31": 28,
        "17": 14,
        "20": 24,
        "36": 49
    },
    "instance": null,
    "parameters": null,
    "parameters_data": null,
    "patients": null,
    "capacity": null,
    "num_days": null,
    "num_ORs": null,
    "num_surgeons": null,
    "initial_heuristics_time": 0.0,
    "gap": 0.0
}