{
    "proved_optimal": true,
    "obj": 44,
    "relax_obj": -86,
    "num_LCs": 0,
    "num_callbacks": 0,
    "num_CG_iterations": 23,
    "num_columns": 240,
    "num_nodes": 1,
    "overall_time": 7.384130001068115,
    "callback_time": 0.0,
    "subproblem_time": 2.5836167335510254,
    "mp_time": 4.791823863983154,
    "inh_time": null,
    "ilp_time": 0.0,
    "surgeon_schedule": {
        "0": [
            8
        ],
        "1": [
            20
        ],
        "2": [
            15
        ],
        "3": [
            25,
            49
        ],
        "5": [
            1
        ],
        "6": [
            39
        ],
        "7": [
            19,
            29
        ],
        "8": [
            10,
            35
        ],
        "9": [
            41
        ],
        "10": [
            30,
            47
        ]
    },
    "patient_schedule": {
        "2": 8,
        "37": 8,
        "1": 20,
        "19": 15,
        "25": 15,
        "34": 15,
        "30": 25,
        "38": 25,
        "41": 25,
        "10": 49,
        "15": 49,
        "12": 1,
        "21": 1,
        "43": 1,
        "11": 39,
        "28": 19,
        "44": 19,
        "22": 29,
        "3": 10,
        "7": 10,
        "29": 10,
        "40": 35,
        "42": 35,
        "5": 41,
        "6": 41,
        "31": 41,
        "20": 30,
        "17": 47
    },
    "instance": null,
    "parameters": null,
    "parameters_data": null,
    "patients": null,
    "capacity": null,
    "num_days": null,
    "num_ORs": null,
    "num_surgeons": null,
    "initial_heuristics_time": 0.0,
    "gap": -1.5116279069767442
}