{
    "proved_optimal": true,
    "obj": 21,
    "relax_obj": 21.0,
    "num_LCs": 10,
    "num_callbacks": 929,
    "num_CG_iterations": 26,
    "num_columns": 259,
    "num_nodes": 1,
    "overall_time": 16.900590658187866,
    "callback_time": 2.072964906692505,
    "subproblem_time": 9.779196500778198,
    "mp_time": 7.112142562866211,
    "inh_time": null,
    "ilp_time": 0.0,
    "surgeon_schedule": {
        "0": [
            17
        ],
        "2": [
            25,
            38
        ],
        "3": [
            11,
            20
        ],
        "5": [
            31
        ],
        "7": [
            19,
            43
        ],
        "8": [
            0,
            29
        ],
        "9": [
            6
        ]
    },
    "patient_schedule": {
        "32": 17,
        "37": 17,
        "27": 25,
        "8": 38,
        "19": 38,
        "34": 38,
        "30": 11,
        "38": 11,
        "41": 11,
        "10": 20,
        "15": 20,
        "12": 31,
        "21": 31,
        "43": 31,
        "22": 19,
        "26": 43,
        "28": 43,
        "39": 43,
        "44": 43,
        "3": 0,
        "29": 0,
        "40": 0,
        "7": 29,
        "33": 29,
        "6": 6,
        "16": 6,
        "31": 6
    },
    "instance": null,
    "parameters": null,
    "parameters_data": null,
    "patients": null,
    "capacity": null,
    "num_days": null,
    "num_ORs": null,
    "num_surgeons": null,
    "initial_heuristics_time": 0.0,
    "gap": 0.0
}