{
    "proved_optimal": true,
    "obj": 15,
    "relax_obj": -30,
    "num_LCs": 0,
    "num_callbacks": 0,
    "num_CG_iterations": 16,
    "num_columns": 165,
    "num_nodes": 1,
    "overall_time": 3.9752767086029053,
    "callback_time": 0.0,
    "subproblem_time": 1.531942367553711,
    "mp_time": 2.4367775917053223,
    "inh_time": null,
    "ilp_time": 0.0,
    "surgeon_schedule": {
        "0": [
            29
        ],
        "1": [
            0,
            44
        ],
        "2": [
            20
        ],
        "3": [
            24,
            31,
            40
        ],
        "5": [
            48
        ],
        "6": [
            8
        ],
        "7": [
            19,
            39
        ],
        "8": [
            4,
            27
        ],
        "9": [
            15
        ],
        "10": [
            10,
            37
        ]
    },
    "patient_schedule": {
        "32": 29,
        "37": 29,
        "0": 0,
        "1": 44,
        "19": 20,
        "34": 20,
        "10": 24,
        "15": 24,
        "30": 31,
        "41": 31,
        "4": 40,
        "38": 40,
        "12": 48,
        "21": 48,
        "43": 48,
        "11": 8,
        "13": 8,
        "28": 19,
        "44": 19,
        "22": 39,
        "29": 4,
        "33": 4,
        "3": 27,
        "7": 27,
        "40": 27,
        "5": 15,
        "6": 15,
        "31": 15,
        "20": 10,
        "17": 37
    },
    "instance": null,
    "parameters": null,
    "parameters_data": null,
    "patients": null,
    "capacity": null,
    "num_days": null,
    "num_ORs": null,
    "num_surgeons": null,
    "initial_heuristics_time": 0.0,
    "gap": -1.5
}