{
    "proved_optimal": true,
    "obj": 49,
    "relax_obj": 48.25,
    "num_LCs": 0,
    "num_callbacks": 0,
    "num_CG_iterations": 36,
    "num_columns": 305,
    "num_nodes": 7,
    "overall_time": 27.10510778427124,
    "callback_time": 0.0,
    "subproblem_time": 15.155245065689087,
    "mp_time": 11.928519248962402,
    "inh_time": null,
    "ilp_time": 0.0,
    "surgeon_schedule": {
        "0": [
            34
        ],
        "2": [
            28
        ],
        "3": [
            30,
            41
        ],
        "5": [
            11
        ],
        "7": [
            3,
            24,
            48
        ],
        "8": [
            20,
            38
        ],
        "9": [
            18
        ]
    },
    "patient_schedule": {
        "32": 34,
        "37": 34,
        "19": 28,
        "25": 28,
        "34": 28,
        "10": 30,
        "15": 30,
        "30": 41,
        "38": 41,
        "41": 41,
        "12": 11,
        "21": 11,
        "43": 11,
        "26": 3,
        "28": 3,
        "39": 3,
        "44": 3,
        "22": 24,
        "14": 48,
        "3": 20,
        "29": 20,
        "40": 20,
        "7": 38,
        "42": 38,
        "5": 18,
        "6": 18,
        "31": 18
    },
    "instance": null,
    "parameters": null,
    "parameters_data": null,
    "patients": null,
    "capacity": null,
    "num_days": null,
    "num_ORs": null,
    "num_surgeons": null,
    "initial_heuristics_time": 0.0,
    "gap": 0.015544041450777202
}