{
    "proved_optimal": true,
    "obj": 2,
    "relax_obj": 1.5,
    "num_LCs": 35,
    "num_callbacks": 709,
    "num_CG_iterations": 21,
    "num_columns": 207,
    "num_nodes": 1,
    "overall_time": 12.081754922866821,
    "callback_time": 1.3806281089782715,
    "subproblem_time": 7.239314079284668,
    "mp_time": 4.835260391235352,
    "inh_time": null,
    "ilp_time": 0.0,
    "surgeon_schedule": {
        "0": [
            49
        ],
        "3": [
            10,
            45
        ],
        "5": [
            38
        ],
        "7": [
            23,
            31,
            40
        ],
        "9": [
            16
        ],
        "11": [
            3
        ]
    },
    "patient_schedule": {
        "32": 49,
        "37": 49,
        "10": 10,
        "15": 10,
        "30": 45,
        "38": 45,
        "41": 45,
        "12": 38,
        "21": 38,
        "43": 38,
        "26": 23,
        "28": 23,
        "39": 23,
        "44": 23,
        "14": 31,
        "22": 40,
        "6": 16,
        "16": 16,
        "31": 16,
        "23": 3,
        "24": 3,
        "36": 3
    },
    "instance": null,
    "parameters": null,
    "parameters_data": null,
    "patients": null,
    "capacity": null,
    "num_days": null,
    "num_ORs": null,
    "num_surgeons": null,
    "initial_heuristics_time": 0.0,
    "gap": 0.3333333333333333
}