{
    "proved_optimal": true,
    "obj": 2,
    "relax_obj": 1.5,
    "num_LCs": 42,
    "num_callbacks": 810,
    "num_CG_iterations": 24,
    "num_columns": 225,
    "num_nodes": 1,
    "overall_time": 14.672620296478271,
    "callback_time": 1.4682209491729736,
    "subproblem_time": 9.08938980102539,
    "mp_time": 5.572591304779053,
    "inh_time": null,
    "ilp_time": 0.0,
    "surgeon_schedule": {
        "0": [
            9
        ],
        "3": [
            21,
            49
        ],
        "5": [
            45
        ],
        "7": [
            28,
            33,
            40
        ],
        "9": [
            2
        ],
        "11": [
            13
        ]
    },
    "patient_schedule": {
        "32": 9,
        "37": 9,
        "30": 21,
        "38": 21,
        "41": 21,
        "10": 49,
        "15": 49,
        "12": 45,
        "21": 45,
        "43": 45,
        "14": 28,
        "26": 33,
        "28": 33,
        "39": 33,
        "44": 33,
        "22": 40,
        "6": 2,
        "16": 2,
        "31": 2,
        "23": 13,
        "24": 13,
        "36": 13
    },
    "instance": null,
    "parameters": null,
    "parameters_data": null,
    "patients": null,
    "capacity": null,
    "num_days": null,
    "num_ORs": null,
    "num_surgeons": null,
    "initial_heuristics_time": 0.0,
    "gap": 0.3333333333333333
}