{
    "proved_optimal": true,
    "obj": 49,
    "relax_obj": 48.25,
    "num_LCs": 32,
    "num_callbacks": 979,
    "num_CG_iterations": 28,
    "num_columns": 262,
    "num_nodes": 3,
    "overall_time": 20.221327781677246,
    "callback_time": 2.070514678955078,
    "subproblem_time": 12.039838075637817,
    "mp_time": 8.166643619537354,
    "inh_time": null,
    "ilp_time": 0.0,
    "surgeon_schedule": {
        "0": [
            9
        ],
        "2": [
            38
        ],
        "3": [
            7,
            31
        ],
        "5": [
            1
        ],
        "7": [
            19,
            23,
            41
        ],
        "8": [
            10,
            48
        ],
        "9": [
            15
        ]
    },
    "patient_schedule": {
        "32": 9,
        "37": 9,
        "19": 38,
        "25": 38,
        "34": 38,
        "10": 7,
        "15": 7,
        "30": 31,
        "38": 31,
        "41": 31,
        "12": 1,
        "21": 1,
        "43": 1,
        "22": 19,
        "26": 23,
        "28": 23,
        "39": 23,
        "44": 23,
        "14": 41,
        "3": 10,
        "29": 10,
        "40": 10,
        "7": 48,
        "42": 48,
        "5": 15,
        "6": 15,
        "31": 15
    },
    "instance": null,
    "parameters": null,
    "parameters_data": null,
    "patients": null,
    "capacity": null,
    "num_days": null,
    "num_ORs": null,
    "num_surgeons": null,
    "initial_heuristics_time": 0.0,
    "gap": 0.015544041450777202
}