{
    "proved_optimal": true,
    "obj": 28,
    "relax_obj": 28.0,
    "num_LCs": 0,
    "num_callbacks": 0,
    "num_CG_iterations": 17,
    "num_columns": 172,
    "num_nodes": 1,
    "overall_time": 6.808893203735352,
    "callback_time": 0.0,
    "subproblem_time": 2.5670554637908936,
    "mp_time": 4.234680652618408,
    "inh_time": null,
    "ilp_time": 0.0,
    "surgeon_schedule": {
        "0": [
            8,
            17
        ],
        "1": [
            19
        ],
        "2": [
            21
        ],
        "3": [
            29,
            39
        ],
        "5": [
            48
        ],
        "6": [
            37,
            44
        ],
        "7": [
            34,
            40
        ],
        "8": [
            4,
            27
        ],
        "9": [
            11
        ],
        "10": [
            0,
            30
        ]
    },
    "patient_schedule": {
        "2": 8,
        "32": 8,
        "37": 17,
        "0": 19,
        "8": 21,
        "19": 21,
        "34": 21,
        "15": 29,
        "41": 29,
        "10": 39,
        "38": 39,
        "12": 48,
        "21": 48,
        "43": 48,
        "11": 37,
        "13": 44,
        "28": 34,
        "44": 34,
        "22": 40,
        "7": 4,
        "33": 4,
        "3": 27,
        "29": 27,
        "40": 27,
        "5": 11,
        "6": 11,
        "31": 11,
        "20": 0,
        "17": 30
    },
    "instance": null,
    "parameters": null,
    "parameters_data": null,
    "patients": null,
    "capacity": null,
    "num_days": null,
    "num_ORs": null,
    "num_surgeons": null,
    "initial_heuristics_time": 0.0,
    "gap": 0.0
}