{
    "proved_optimal": true,
    "obj": 1,
    "relax_obj": 1.0,
    "num_LCs": 15,
    "num_callbacks": 817,
    "num_CG_iterations": 24,
    "num_columns": 239,
    "num_nodes": 1,
    "overall_time": 13.951047420501709,
    "callback_time": 1.6717865467071533,
    "subproblem_time": 7.9859840869903564,
    "mp_time": 5.956591844558716,
    "inh_time": null,
    "ilp_time": 0.0,
    "surgeon_schedule": {
        "0": [
            14
        ],
        "2": [
            6,
            18
        ],
        "3": [
            10,
            38
        ],
        "7": [
            0,
            23,
            31
        ],
        "8": [
            40
        ],
        "9": [
            46
        ]
    },
    "patient_schedule": {
        "32": 14,
        "37": 14,
        "8": 6,
        "25": 6,
        "34": 6,
        "27": 18,
        "10": 10,
        "15": 10,
        "30": 38,
        "38": 38,
        "41": 38,
        "22": 0,
        "26": 23,
        "28": 23,
        "39": 23,
        "44": 23,
        "14": 31,
        "3": 40,
        "7": 40,
        "29": 40,
        "6": 46,
        "16": 46,
        "31": 46
    },
    "instance": null,
    "parameters": null,
    "parameters_data": null,
    "patients": null,
    "capacity": null,
    "num_days": null,
    "num_ORs": null,
    "num_surgeons": null,
    "initial_heuristics_time": 0.0,
    "gap": 0.0
}