{
    "proved_optimal": true,
    "obj": 15,
    "relax_obj": 15.0,
    "num_LCs": 23,
    "num_callbacks": 602,
    "num_CG_iterations": 22,
    "num_columns": 229,
    "num_nodes": 1,
    "overall_time": 9.614290475845337,
    "callback_time": 1.2271783351898193,
    "subproblem_time": 4.471232175827026,
    "mp_time": 5.135598659515381,
    "inh_time": null,
    "ilp_time": 0.0,
    "surgeon_schedule": {
        "0": [
            49
        ],
        "1": [
            7,
            24
        ],
        "2": [
            47
        ],
        "3": [
            10,
            28,
            44
        ],
        "5": [
            38
        ],
        "7": [
            9,
            31
        ],
        "8": [
            19,
            20
        ],
        "9": [
            15
        ],
        "10": [
            4,
            40
        ],
        "11": [
            0
        ]
    },
    "patient_schedule": {
        "32": 49,
        "37": 49,
        "1": 7,
        "0": 24,
        "19": 47,
        "34": 47,
        "10": 10,
        "30": 28,
        "38": 28,
        "41": 28,
        "4": 44,
        "15": 44,
        "12": 38,
        "21": 38,
        "43": 38,
        "22": 9,
        "28": 31,
        "39": 31,
        "44": 31,
        "29": 19,
        "33": 19,
        "3": 20,
        "7": 20,
        "40": 20,
        "5": 15,
        "6": 15,
        "31": 15,
        "20": 4,
        "17": 40,
        "36": 0
    },
    "instance": null,
    "parameters": null,
    "parameters_data": null,
    "patients": null,
    "capacity": null,
    "num_days": null,
    "num_ORs": null,
    "num_surgeons": null,
    "initial_heuristics_time": 0.0,
    "gap": 0.0
}