{
    "proved_optimal": true,
    "obj": 37,
    "relax_obj": 37.0,
    "num_LCs": 9,
    "num_callbacks": 533,
    "num_CG_iterations": 21,
    "num_columns": 211,
    "num_nodes": 1,
    "overall_time": 9.007064580917358,
    "callback_time": 1.2561190128326416,
    "subproblem_time": 4.722851276397705,
    "mp_time": 4.275693893432617,
    "inh_time": null,
    "ilp_time": 0.0,
    "surgeon_schedule": {
        "0": [
            11
        ],
        "1": [
            40
        ],
        "2": [
            38
        ],
        "3": [
            5,
            49
        ],
        "5": [
            25
        ],
        "6": [
            29
        ],
        "7": [
            0,
            19
        ],
        "8": [
            9,
            31
        ],
        "9": [
            45
        ],
        "10": [
            17,
            20
        ]
    },
    "patient_schedule": {
        "2": 11,
        "37": 11,
        "1": 40,
        "19": 38,
        "25": 38,
        "34": 38,
        "30": 5,
        "38": 5,
        "41": 5,
        "10": 49,
        "15": 49,
        "12": 25,
        "21": 25,
        "43": 25,
        "11": 29,
        "28": 0,
        "44": 0,
        "22": 19,
        "7": 9,
        "29": 9,
        "40": 9,
        "3": 31,
        "42": 31,
        "5": 45,
        "6": 45,
        "31": 45,
        "17": 17,
        "20": 20
    },
    "instance": null,
    "parameters": null,
    "parameters_data": null,
    "patients": null,
    "capacity": null,
    "num_days": null,
    "num_ORs": null,
    "num_surgeons": null,
    "initial_heuristics_time": 0.0,
    "gap": 0.0
}