{
    "proved_optimal": true,
    "obj": 29,
    "relax_obj": 29.0,
    "num_LCs": 27,
    "num_callbacks": 576,
    "num_CG_iterations": 22,
    "num_columns": 229,
    "num_nodes": 1,
    "overall_time": 10.196280002593994,
    "callback_time": 1.1987833976745605,
    "subproblem_time": 4.618576765060425,
    "mp_time": 5.569977283477783,
    "inh_time": null,
    "ilp_time": 0.0,
    "surgeon_schedule": {
        "0": [
            14,
            35
        ],
        "1": [
            9,
            29
        ],
        "2": [
            10
        ],
        "3": [
            19,
            30
        ],
        "5": [
            21
        ],
        "6": [
            7,
            17
        ],
        "7": [
            39,
            47
        ],
        "8": [
            4,
            27
        ],
        "9": [
            41
        ],
        "10": [
            0,
            49
        ]
    },
    "patient_schedule": {
        "32": 14,
        "2": 35,
        "37": 35,
        "0": 9,
        "1": 29,
        "19": 10,
        "34": 10,
        "38": 19,
        "41": 19,
        "10": 30,
        "15": 30,
        "12": 21,
        "21": 21,
        "43": 21,
        "13": 7,
        "11": 17,
        "22": 39,
        "28": 47,
        "44": 47,
        "3": 4,
        "33": 4,
        "7": 27,
        "29": 27,
        "40": 27,
        "5": 41,
        "6": 41,
        "31": 41,
        "17": 0,
        "20": 49
    },
    "instance": null,
    "parameters": null,
    "parameters_data": null,
    "patients": null,
    "capacity": null,
    "num_days": null,
    "num_ORs": null,
    "num_surgeons": null,
    "initial_heuristics_time": 0.0,
    "gap": 0.0
}