{
    "proved_optimal": true,
    "obj": 64,
    "relax_obj": -86,
    "num_LCs": 0,
    "num_callbacks": 0,
    "num_CG_iterations": 22,
    "num_columns": 227,
    "num_nodes": 1,
    "overall_time": 6.926817178726196,
    "callback_time": 0.0,
    "subproblem_time": 2.541672706604004,
    "mp_time": 4.376739501953125,
    "inh_time": null,
    "ilp_time": 0.0,
    "surgeon_schedule": {
        "0": [
            11
        ],
        "1": [
            39
        ],
        "2": [
            21
        ],
        "3": [
            4,
            18,
            27
        ],
        "5": [
            45
        ],
        "6": [
            37
        ],
        "7": [
            29,
            49
        ],
        "8": [
            0,
            31
        ],
        "9": [
            8
        ],
        "10": [
            40
        ]
    },
    "patient_schedule": {
        "2": 11,
        "37": 11,
        "1": 39,
        "19": 21,
        "25": 21,
        "34": 21,
        "10": 4,
        "15": 4,
        "30": 18,
        "38": 18,
        "41": 18,
        "4": 27,
        "12": 45,
        "21": 45,
        "43": 45,
        "11": 37,
        "28": 29,
        "44": 29,
        "22": 49,
        "3": 0,
        "29": 0,
        "40": 0,
        "7": 31,
        "42": 31,
        "5": 8,
        "6": 8,
        "31": 8,
        "20": 40
    },
    "instance": null,
    "parameters": null,
    "parameters_data": null,
    "patients": null,
    "capacity": null,
    "num_days": null,
    "num_ORs": null,
    "num_surgeons": null,
    "initial_heuristics_time": 0.0,
    "gap": -1.744186046511628
}