{
    "proved_optimal": true,
    "obj": 1,
    "relax_obj": 1.0,
    "num_LCs": 17,
    "num_callbacks": 1056,
    "num_CG_iterations": 29,
    "num_columns": 262,
    "num_nodes": 3,
    "overall_time": 19.80941414833069,
    "callback_time": 2.180976152420044,
    "subproblem_time": 11.570140361785889,
    "mp_time": 8.221546173095703,
    "inh_time": null,
    "ilp_time": 0.0,
    "surgeon_schedule": {
        "0": [
            49
        ],
        "2": [
            8,
            32
        ],
        "3": [
            15,
            39
        ],
        "7": [
            1,
            19,
            23
        ],
        "8": [
            10
        ],
        "9": [
            42
        ]
    },
    "patient_schedule": {
        "32": 49,
        "37": 49,
        "27": 8,
        "8": 32,
        "25": 32,
        "34": 32,
        "30": 15,
        "38": 15,
        "41": 15,
        "10": 39,
        "15": 39,
        "14": 1,
        "22": 19,
        "26": 23,
        "28": 23,
        "39": 23,
        "44": 23,
        "3": 10,
        "7": 10,
        "29": 10,
        "6": 42,
        "16": 42,
        "31": 42
    },
    "instance": null,
    "parameters": null,
    "parameters_data": null,
    "patients": null,
    "capacity": null,
    "num_days": null,
    "num_ORs": null,
    "num_surgeons": null,
    "initial_heuristics_time": 0.0,
    "gap": 0.0
}