{
    "proved_optimal": true,
    "obj": 43,
    "relax_obj": 42.5,
    "num_LCs": 6,
    "num_callbacks": 689,
    "num_CG_iterations": 23,
    "num_columns": 243,
    "num_nodes": 1,
    "overall_time": 12.78279423713684,
    "callback_time": 1.5563936233520508,
    "subproblem_time": 7.102139949798584,
    "mp_time": 5.67082953453064,
    "inh_time": null,
    "ilp_time": 0.0,
    "surgeon_schedule": {
        "0": [
            30
        ],
        "1": [
            10,
            29,
            40
        ],
        "2": [
            20
        ],
        "3": [
            19,
            45
        ],
        "4": [
            8,
            39
        ],
        "5": [
            37
        ],
        "7": [
            49
        ],
        "8": [
            25
        ],
        "9": [
            1
        ],
        "10": [
            15
        ],
        "11": [
            34
        ]
    },
    "patient_schedule": {
        "9": 30,
        "22": 30,
        "28": 10,
        "55": 10,
        "2": 29,
        "21": 29,
        "29": 40,
        "30": 40,
        "44": 40,
        "38": 20,
        "45": 20,
        "52": 19,
        "5": 45,
        "37": 45,
        "42": 45,
        "7": 8,
        "48": 8,
        "31": 39,
        "20": 37,
        "36": 37,
        "43": 49,
        "1": 25,
        "17": 25,
        "18": 25,
        "39": 25,
        "41": 25,
        "16": 1,
        "47": 1,
        "53": 1,
        "6": 15,
        "10": 15,
        "23": 15,
        "35": 34,
        "50": 34,
        "56": 34
    },
    "instance": null,
    "parameters": null,
    "parameters_data": null,
    "patients": null,
    "capacity": null,
    "num_days": null,
    "num_ORs": null,
    "num_surgeons": null,
    "initial_heuristics_time": 0.0,
    "gap": 0.011764705882352941
}