{
    "proved_optimal": true,
    "obj": 52,
    "relax_obj": 52.0,
    "num_LCs": 0,
    "num_callbacks": 0,
    "num_CG_iterations": 24,
    "num_columns": 246,
    "num_nodes": 1,
    "overall_time": 21.294124603271484,
    "callback_time": 0.0,
    "subproblem_time": 15.426044940948486,
    "mp_time": 5.856348514556885,
    "inh_time": null,
    "ilp_time": 0.0,
    "surgeon_schedule": {
        "0": [
            22,
            30
        ],
        "1": [
            19,
            44
        ],
        "2": [
            39
        ],
        "3": [
            17,
            35
        ],
        "4": [
            48
        ],
        "5": [
            29
        ],
        "8": [
            8
        ],
        "9": [
            1
        ],
        "10": [
            11
        ],
        "11": [
            40
        ]
    },
    "patient_schedule": {
        "9": 22,
        "19": 22,
        "22": 22,
        "40": 22,
        "14": 30,
        "2": 19,
        "29": 19,
        "44": 19,
        "55": 19,
        "21": 44,
        "28": 44,
        "38": 39,
        "45": 39,
        "52": 17,
        "5": 35,
        "37": 35,
        "42": 35,
        "7": 48,
        "48": 48,
        "20": 29,
        "36": 29,
        "1": 8,
        "17": 8,
        "18": 8,
        "39": 8,
        "41": 8,
        "16": 1,
        "47": 1,
        "53": 1,
        "6": 11,
        "23": 11,
        "26": 11,
        "35": 40,
        "50": 40,
        "56": 40
    },
    "instance": null,
    "parameters": null,
    "parameters_data": null,
    "patients": null,
    "capacity": null,
    "num_days": null,
    "num_ORs": null,
    "num_surgeons": null,
    "initial_heuristics_time": 0.0,
    "gap": 0.0
}