{
    "proved_optimal": true,
    "obj": 21,
    "relax_obj": 21.0,
    "num_LCs": 32,
    "num_callbacks": 555,
    "num_CG_iterations": 19,
    "num_columns": 208,
    "num_nodes": 1,
    "overall_time": 9.081221103668213,
    "callback_time": 1.1808297634124756,
    "subproblem_time": 5.432821273803711,
    "mp_time": 3.641432523727417,
    "inh_time": null,
    "ilp_time": 0.0,
    "surgeon_schedule": {
        "0": [
            14,
            20
        ],
        "1": [
            0,
            34,
            48
        ],
        "2": [
            17,
            44
        ],
        "3": [
            7,
            19,
            39
        ],
        "5": [
            4
        ],
        "6": [
            30
        ],
        "8": [
            24
        ],
        "9": [
            28
        ],
        "10": [
            40
        ],
        "11": [
            9,
            10,
            37
        ]
    },
    "patient_schedule": {
        "22": 14,
        "9": 20,
        "40": 20,
        "2": 0,
        "44": 0,
        "29": 34,
        "30": 34,
        "21": 48,
        "28": 48,
        "46": 48,
        "55": 48,
        "38": 17,
        "45": 17,
        "4": 44,
        "52": 7,
        "5": 19,
        "33": 19,
        "37": 39,
        "20": 4,
        "36": 4,
        "3": 30,
        "1": 24,
        "17": 24,
        "39": 24,
        "41": 24,
        "16": 28,
        "47": 28,
        "53": 28,
        "10": 40,
        "23": 40,
        "35": 9,
        "50": 9,
        "56": 9,
        "12": 10,
        "51": 10,
        "13": 37
    },
    "instance": null,
    "parameters": null,
    "parameters_data": null,
    "patients": null,
    "capacity": null,
    "num_days": null,
    "num_ORs": null,
    "num_surgeons": null,
    "initial_heuristics_time": 0.0,
    "gap": 0.0
}