{
    "proved_optimal": true,
    "obj": 21,
    "relax_obj": 21.0,
    "num_LCs": 2,
    "num_callbacks": 499,
    "num_CG_iterations": 19,
    "num_columns": 209,
    "num_nodes": 1,
    "overall_time": 10.563912391662598,
    "callback_time": 1.2771217823028564,
    "subproblem_time": 5.893050193786621,
    "mp_time": 4.661412954330444,
    "inh_time": null,
    "ilp_time": 0.0,
    "surgeon_schedule": {
        "0": [
            9,
            39,
            44
        ],
        "1": [
            17,
            49
        ],
        "2": [
            10,
            29,
            30
        ],
        "3": [
            27
        ],
        "5": [
            37
        ],
        "7": [
            40
        ],
        "8": [
            19
        ],
        "9": [
            14,
            21
        ],
        "10": [
            47
        ],
        "11": [
            2,
            34
        ]
    },
    "patient_schedule": {
        "9": 9,
        "22": 9,
        "40": 39,
        "14": 44,
        "28": 17,
        "44": 17,
        "55": 17,
        "2": 49,
        "21": 49,
        "29": 49,
        "4": 10,
        "8": 29,
        "38": 30,
        "45": 30,
        "5": 27,
        "37": 27,
        "20": 37,
        "36": 37,
        "43": 40,
        "1": 19,
        "17": 19,
        "39": 19,
        "41": 19,
        "34": 14,
        "16": 21,
        "47": 21,
        "53": 21,
        "10": 47,
        "23": 47,
        "12": 2,
        "13": 2,
        "35": 2,
        "49": 2,
        "56": 2,
        "50": 34,
        "51": 34
    },
    "instance": null,
    "parameters": null,
    "parameters_data": null,
    "patients": null,
    "capacity": null,
    "num_days": null,
    "num_ORs": null,
    "num_surgeons": null,
    "initial_heuristics_time": 0.0,
    "gap": 0.0
}