{
    "proved_optimal": true,
    "obj": 0,
    "relax_obj": 1.3877787807814457e-17,
    "num_LCs": 26,
    "num_callbacks": 765,
    "num_CG_iterations": 23,
    "num_columns": 223,
    "num_nodes": 3,
    "overall_time": 18.171510696411133,
    "callback_time": 1.9220330715179443,
    "subproblem_time": 11.155892372131348,
    "mp_time": 6.999518871307373,
    "inh_time": null,
    "ilp_time": 0.0,
    "surgeon_schedule": {
        "0": [
            12,
            49
        ],
        "1": [
            7,
            19,
            29
        ],
        "2": [
            31,
            44
        ],
        "3": [
            9,
            38
        ],
        "5": [
            1
        ],
        "9": [
            40
        ],
        "11": [
            22,
            47
        ]
    },
    "patient_schedule": {
        "9": 12,
        "19": 12,
        "22": 12,
        "40": 12,
        "14": 49,
        "30": 7,
        "55": 7,
        "21": 19,
        "28": 19,
        "29": 29,
        "44": 29,
        "46": 29,
        "4": 31,
        "54": 31,
        "38": 44,
        "45": 44,
        "52": 9,
        "5": 38,
        "33": 38,
        "42": 38,
        "15": 1,
        "20": 1,
        "34": 40,
        "12": 22,
        "13": 22,
        "49": 22,
        "51": 22,
        "35": 47,
        "50": 47,
        "56": 47
    },
    "instance": null,
    "parameters": null,
    "parameters_data": null,
    "patients": null,
    "capacity": null,
    "num_days": null,
    "num_ORs": null,
    "num_surgeons": null,
    "initial_heuristics_time": 0.0,
    "gap": null
}