{
    "proved_optimal": true,
    "obj": 23,
    "relax_obj": -36,
    "num_LCs": 0,
    "num_callbacks": 0,
    "num_CG_iterations": 21,
    "num_columns": 228,
    "num_nodes": 1,
    "overall_time": 10.065319776535034,
    "callback_time": 0.0,
    "subproblem_time": 4.783301115036011,
    "mp_time": 5.268766641616821,
    "inh_time": null,
    "ilp_time": 0.0,
    "surgeon_schedule": {
        "0": [
            9,
            37,
            40
        ],
        "1": [
            0,
            19,
            29,
            47
        ],
        "2": [
            25
        ],
        "3": [
            17,
            39,
            49
        ],
        "5": [
            44
        ],
        "7": [
            14
        ],
        "8": [
            4
        ],
        "9": [
            31
        ],
        "10": [
            10
        ],
        "11": [
            7,
            20
        ]
    },
    "patient_schedule": {
        "14": 9,
        "9": 37,
        "22": 37,
        "40": 40,
        "2": 0,
        "29": 0,
        "44": 0,
        "30": 19,
        "21": 29,
        "28": 29,
        "46": 47,
        "55": 47,
        "8": 25,
        "38": 25,
        "45": 25,
        "52": 17,
        "37": 39,
        "5": 49,
        "33": 49,
        "20": 44,
        "36": 44,
        "43": 14,
        "1": 4,
        "17": 4,
        "39": 4,
        "41": 4,
        "16": 31,
        "47": 31,
        "53": 31,
        "10": 10,
        "23": 10,
        "50": 7,
        "51": 7,
        "12": 20,
        "35": 20,
        "56": 20
    },
    "instance": null,
    "parameters": null,
    "parameters_data": null,
    "patients": null,
    "capacity": null,
    "num_days": null,
    "num_ORs": null,
    "num_surgeons": null,
    "initial_heuristics_time": 0.0,
    "gap": -1.6388888888888888
}