{
    "proved_optimal": true,
    "obj": 43,
    "relax_obj": 42.5,
    "num_LCs": 0,
    "num_callbacks": 0,
    "num_CG_iterations": 20,
    "num_columns": 203,
    "num_nodes": 1,
    "overall_time": 8.480736494064331,
    "callback_time": 0.0,
    "subproblem_time": 4.484654664993286,
    "mp_time": 3.988731622695923,
    "inh_time": null,
    "ilp_time": 0.0,
    "surgeon_schedule": {
        "0": [
            20
        ],
        "1": [
            8,
            17
        ],
        "2": [
            44
        ],
        "3": [
            25,
            49
        ],
        "4": [
            1,
            29
        ],
        "5": [
            19
        ],
        "7": [
            47
        ],
        "8": [
            11
        ],
        "9": [
            31
        ],
        "10": [
            37,
            40
        ],
        "11": [
            39
        ]
    },
    "patient_schedule": {
        "9": 20,
        "40": 20,
        "2": 8,
        "21": 8,
        "28": 8,
        "44": 8,
        "55": 8,
        "29": 17,
        "30": 17,
        "38": 44,
        "45": 44,
        "5": 25,
        "37": 25,
        "42": 25,
        "52": 49,
        "7": 1,
        "48": 1,
        "31": 29,
        "20": 19,
        "36": 19,
        "43": 47,
        "1": 11,
        "17": 11,
        "18": 11,
        "39": 11,
        "41": 11,
        "16": 31,
        "47": 31,
        "53": 31,
        "10": 37,
        "23": 37,
        "6": 40,
        "35": 39,
        "51": 39,
        "56": 39
    },
    "instance": null,
    "parameters": null,
    "parameters_data": null,
    "patients": null,
    "capacity": null,
    "num_days": null,
    "num_ORs": null,
    "num_surgeons": null,
    "initial_heuristics_time": 0.0,
    "gap": 0.011764705882352941
}