{
    "proved_optimal": true,
    "obj": 1,
    "relax_obj": 0.6666666666666666,
    "num_LCs": 51,
    "num_callbacks": 793,
    "num_CG_iterations": 21,
    "num_columns": 209,
    "num_nodes": 1,
    "overall_time": 18.377347946166992,
    "callback_time": 2.015023708343506,
    "subproblem_time": 13.335828304290771,
    "mp_time": 5.031494379043579,
    "inh_time": null,
    "ilp_time": 0.0,
    "surgeon_schedule": {
        "0": [
            16,
            34
        ],
        "1": [
            10,
            24
        ],
        "3": [
            38,
            49
        ],
        "5": [
            20
        ],
        "9": [
            2,
            28,
            30
        ],
        "11": [
            9,
            42
        ]
    },
    "patient_schedule": {
        "9": 16,
        "19": 16,
        "22": 16,
        "40": 16,
        "14": 34,
        "21": 10,
        "28": 10,
        "2": 24,
        "29": 24,
        "44": 24,
        "55": 24,
        "5": 38,
        "37": 38,
        "42": 38,
        "52": 49,
        "20": 20,
        "36": 20,
        "11": 2,
        "16": 2,
        "47": 2,
        "24": 28,
        "53": 28,
        "34": 30,
        "12": 9,
        "51": 9,
        "56": 9,
        "13": 42,
        "35": 42,
        "49": 42,
        "50": 42
    },
    "instance": null,
    "parameters": null,
    "parameters_data": null,
    "patients": null,
    "capacity": null,
    "num_days": null,
    "num_ORs": null,
    "num_surgeons": null,
    "initial_heuristics_time": 0.0,
    "gap": 0.5000000000000001
}