{
    "proved_optimal": true,
    "obj": 21,
    "relax_obj": -114,
    "num_LCs": 0,
    "num_callbacks": 0,
    "num_CG_iterations": 22,
    "num_columns": 243,
    "num_nodes": 1,
    "overall_time": 9.525196075439453,
    "callback_time": 0.0,
    "subproblem_time": 4.561193227767944,
    "mp_time": 4.951396226882935,
    "inh_time": null,
    "ilp_time": 0.0,
    "surgeon_schedule": {
        "0": [
            29,
            40
        ],
        "1": [
            10,
            27,
            47
        ],
        "2": [
            31
        ],
        "3": [
            9,
            20
        ],
        "4": [
            1,
            49
        ],
        "5": [
            37
        ],
        "6": [
            17
        ],
        "8": [
            24
        ],
        "9": [
            7
        ],
        "10": [
            19,
            39
        ],
        "11": [
            14,
            44
        ]
    },
    "patient_schedule": {
        "14": 29,
        "9": 40,
        "40": 40,
        "2": 10,
        "21": 10,
        "44": 10,
        "28": 27,
        "29": 27,
        "55": 27,
        "46": 47,
        "4": 31,
        "8": 31,
        "38": 31,
        "52": 9,
        "5": 20,
        "33": 20,
        "7": 1,
        "48": 1,
        "31": 49,
        "20": 37,
        "36": 37,
        "3": 17,
        "1": 24,
        "17": 24,
        "39": 24,
        "41": 24,
        "34": 7,
        "10": 19,
        "23": 19,
        "26": 39,
        "12": 14,
        "35": 14,
        "56": 14,
        "50": 44,
        "51": 44
    },
    "instance": null,
    "parameters": null,
    "parameters_data": null,
    "patients": null,
    "capacity": null,
    "num_days": null,
    "num_ORs": null,
    "num_surgeons": null,
    "initial_heuristics_time": 0.0,
    "gap": -1.1842105263157894
}