{
    "proved_optimal": true,
    "obj": 0,
    "relax_obj": -1.3877787807814457e-17,
    "num_LCs": 0,
    "num_callbacks": 0,
    "num_CG_iterations": 25,
    "num_columns": 233,
    "num_nodes": 5,
    "overall_time": 15.074838638305664,
    "callback_time": 0.0,
    "subproblem_time": 7.446125507354736,
    "mp_time": 7.602570533752441,
    "inh_time": null,
    "ilp_time": 0.0,
    "surgeon_schedule": {
        "0": [
            2,
            39
        ],
        "2": [
            10,
            28
        ],
        "3": [
            21,
            49
        ],
        "5": [
            15
        ],
        "9": [
            9,
            42
        ],
        "11": [
            19,
            32
        ]
    },
    "patient_schedule": {
        "9": 2,
        "19": 2,
        "22": 2,
        "40": 2,
        "14": 39,
        "38": 10,
        "45": 10,
        "4": 28,
        "54": 28,
        "5": 21,
        "33": 21,
        "42": 21,
        "52": 49,
        "15": 15,
        "20": 15,
        "34": 9,
        "11": 42,
        "24": 42,
        "50": 19,
        "51": 19,
        "12": 32,
        "13": 32,
        "35": 32,
        "49": 32,
        "56": 32
    },
    "instance": null,
    "parameters": null,
    "parameters_data": null,
    "patients": null,
    "capacity": null,
    "num_days": null,
    "num_ORs": null,
    "num_surgeons": null,
    "initial_heuristics_time": 0.0,
    "gap": null
}