{
    "proved_optimal": true,
    "obj": 1,
    "relax_obj": 0.5,
    "num_LCs": 60,
    "num_callbacks": 881,
    "num_CG_iterations": 22,
    "num_columns": 213,
    "num_nodes": 1,
    "overall_time": 20.51504945755005,
    "callback_time": 1.9117634296417236,
    "subproblem_time": 15.459262132644653,
    "mp_time": 5.045547962188721,
    "inh_time": null,
    "ilp_time": 0.0,
    "surgeon_schedule": {
        "0": [
            14,
            32
        ],
        "1": [
            9,
            10
        ],
        "2": [
            41
        ],
        "3": [
            0,
            17
        ],
        "5": [
            21
        ],
        "9": [
            28,
            39
        ],
        "10": [
            19
        ],
        "11": [
            5,
            48
        ]
    },
    "patient_schedule": {
        "14": 14,
        "9": 32,
        "19": 32,
        "22": 32,
        "40": 32,
        "21": 9,
        "28": 9,
        "2": 10,
        "29": 10,
        "44": 10,
        "55": 10,
        "4": 41,
        "8": 41,
        "38": 41,
        "5": 0,
        "33": 0,
        "52": 17,
        "15": 21,
        "20": 21,
        "24": 28,
        "53": 28,
        "34": 39,
        "10": 19,
        "23": 19,
        "49": 5,
        "51": 5,
        "56": 5,
        "12": 48,
        "13": 48,
        "35": 48,
        "50": 48
    },
    "instance": null,
    "parameters": null,
    "parameters_data": null,
    "patients": null,
    "capacity": null,
    "num_days": null,
    "num_ORs": null,
    "num_surgeons": null,
    "initial_heuristics_time": 0.0,
    "gap": 1.0
}