{
    "proved_optimal": true,
    "obj": 0,
    "relax_obj": 0.0,
    "num_LCs": 0,
    "num_callbacks": 0,
    "num_CG_iterations": 24,
    "num_columns": 238,
    "num_nodes": 3,
    "overall_time": 12.395378112792969,
    "callback_time": 0.0,
    "subproblem_time": 6.561931848526001,
    "mp_time": 5.816785573959351,
    "inh_time": null,
    "ilp_time": 0.0,
    "surgeon_schedule": {
        "0": [
            2,
            40
        ],
        "1": [
            19,
            24,
            39
        ],
        "3": [
            9,
            28
        ],
        "5": [
            15
        ],
        "9": [
            20,
            32
        ],
        "11": [
            10,
            46
        ]
    },
    "patient_schedule": {
        "9": 2,
        "19": 2,
        "22": 2,
        "40": 2,
        "14": 40,
        "29": 19,
        "44": 19,
        "46": 19,
        "21": 24,
        "28": 24,
        "30": 39,
        "55": 39,
        "52": 9,
        "5": 28,
        "37": 28,
        "42": 28,
        "15": 15,
        "20": 15,
        "34": 20,
        "11": 32,
        "24": 32,
        "50": 10,
        "51": 10,
        "12": 46,
        "13": 46,
        "35": 46,
        "49": 46,
        "56": 46
    },
    "instance": null,
    "parameters": null,
    "parameters_data": null,
    "patients": null,
    "capacity": null,
    "num_days": null,
    "num_ORs": null,
    "num_surgeons": null,
    "initial_heuristics_time": 0.0,
    "gap": null
}