{
    "proved_optimal": true,
    "obj": 46,
    "relax_obj": -36,
    "num_LCs": 0,
    "num_callbacks": 0,
    "num_CG_iterations": 20,
    "num_columns": 220,
    "num_nodes": 1,
    "overall_time": 8.413028955459595,
    "callback_time": 0.0,
    "subproblem_time": 4.321104288101196,
    "mp_time": 4.0814738273620605,
    "inh_time": null,
    "ilp_time": 0.0,
    "surgeon_schedule": {
        "0": [
            17,
            24,
            30
        ],
        "1": [
            29,
            34
        ],
        "2": [
            9,
            37
        ],
        "3": [
            0,
            19,
            49
        ],
        "5": [
            14
        ],
        "6": [
            39
        ],
        "7": [
            7
        ],
        "8": [
            40
        ],
        "9": [
            10,
            45
        ],
        "10": [
            20
        ],
        "11": [
            4,
            27
        ]
    },
    "patient_schedule": {
        "9": 17,
        "40": 17,
        "14": 24,
        "22": 30,
        "28": 29,
        "29": 29,
        "55": 29,
        "2": 34,
        "21": 34,
        "44": 34,
        "4": 9,
        "38": 37,
        "45": 37,
        "33": 0,
        "52": 19,
        "5": 49,
        "37": 49,
        "20": 14,
        "36": 14,
        "3": 39,
        "43": 7,
        "1": 40,
        "17": 40,
        "39": 40,
        "41": 40,
        "34": 10,
        "16": 45,
        "47": 45,
        "53": 45,
        "10": 20,
        "23": 20,
        "35": 4,
        "50": 4,
        "56": 4,
        "12": 27,
        "51": 27
    },
    "instance": null,
    "parameters": null,
    "parameters_data": null,
    "patients": null,
    "capacity": null,
    "num_days": null,
    "num_ORs": null,
    "num_surgeons": null,
    "initial_heuristics_time": 0.0,
    "gap": -2.2777777777777777
}