{
    "proved_optimal": true,
    "obj": 0,
    "relax_obj": 0.0,
    "num_LCs": 34,
    "num_callbacks": 947,
    "num_CG_iterations": 28,
    "num_columns": 247,
    "num_nodes": 5,
    "overall_time": 20.446722507476807,
    "callback_time": 2.454679012298584,
    "subproblem_time": 12.52454137802124,
    "mp_time": 7.9000184535980225,
    "inh_time": null,
    "ilp_time": 0.0,
    "surgeon_schedule": {
        "0": [
            32,
            44
        ],
        "1": [
            9,
            29,
            39
        ],
        "2": [
            25,
            40
        ],
        "3": [
            7,
            18
        ],
        "5": [
            11
        ],
        "10": [
            20
        ],
        "11": [
            1,
            48
        ]
    },
    "patient_schedule": {
        "9": 32,
        "19": 32,
        "22": 32,
        "40": 32,
        "14": 44,
        "30": 9,
        "55": 9,
        "21": 29,
        "28": 29,
        "29": 39,
        "44": 39,
        "46": 39,
        "4": 25,
        "54": 25,
        "38": 40,
        "45": 40,
        "52": 7,
        "5": 18,
        "33": 18,
        "42": 18,
        "15": 11,
        "20": 11,
        "10": 20,
        "23": 20,
        "49": 1,
        "51": 1,
        "56": 1,
        "12": 48,
        "13": 48,
        "35": 48,
        "50": 48
    },
    "instance": null,
    "parameters": null,
    "parameters_data": null,
    "patients": null,
    "capacity": null,
    "num_days": null,
    "num_ORs": null,
    "num_surgeons": null,
    "initial_heuristics_time": 0.0,
    "gap": null
}