{
    "proved_optimal": true,
    "obj": 25,
    "relax_obj": 25.0,
    "num_LCs": 54,
    "num_callbacks": 1544,
    "num_CG_iterations": 38,
    "num_columns": 266,
    "num_nodes": 15,
    "overall_time": 31.126471042633057,
    "callback_time": 3.3576958179473877,
    "subproblem_time": 19.9107882976532,
    "mp_time": 11.168903112411499,
    "inh_time": null,
    "ilp_time": 0.0,
    "surgeon_schedule": {
        "0": [
            20,
            46
        ],
        "1": [
            0,
            17
        ],
        "2": [
            19
        ],
        "3": [
            5,
            29
        ],
        "5": [
            9
        ],
        "8": [
            25
        ],
        "9": [
            11
        ],
        "10": [
            40
        ],
        "11": [
            33
        ]
    },
    "patient_schedule": {
        "14": 20,
        "9": 46,
        "19": 46,
        "22": 46,
        "40": 46,
        "2": 0,
        "29": 0,
        "44": 0,
        "55": 0,
        "21": 17,
        "28": 17,
        "38": 19,
        "45": 19,
        "5": 5,
        "37": 5,
        "42": 5,
        "52": 29,
        "20": 9,
        "36": 9,
        "1": 25,
        "17": 25,
        "18": 25,
        "39": 25,
        "41": 25,
        "16": 11,
        "47": 11,
        "53": 11,
        "10": 40,
        "23": 40,
        "12": 33,
        "13": 33,
        "35": 33,
        "49": 33,
        "50": 33,
        "51": 33,
        "56": 33
    },
    "instance": null,
    "parameters": null,
    "parameters_data": null,
    "patients": null,
    "capacity": null,
    "num_days": null,
    "num_ORs": null,
    "num_surgeons": null,
    "initial_heuristics_time": 0.0,
    "gap": 0.0
}