{
    "proved_optimal": true,
    "obj": 58,
    "relax_obj": 58.0,
    "num_LCs": 55,
    "num_callbacks": 875,
    "num_CG_iterations": 23,
    "num_columns": 234,
    "num_nodes": 1,
    "overall_time": 20.744073629379272,
    "callback_time": 2.058680534362793,
    "subproblem_time": 15.07972240447998,
    "mp_time": 5.654500961303711,
    "inh_time": null,
    "ilp_time": 0.0,
    "surgeon_schedule": {
        "0": [
            10,
            22
        ],
        "1": [
            9,
            49
        ],
        "2": [
            7
        ],
        "3": [
            29,
            34
        ],
        "5": [
            1
        ],
        "8": [
            41
        ],
        "9": [
            38
        ],
        "10": [
            30
        ],
        "11": [
            16,
            47
        ]
    },
    "patient_schedule": {
        "14": 10,
        "9": 22,
        "19": 22,
        "22": 22,
        "40": 22,
        "28": 9,
        "44": 9,
        "55": 9,
        "2": 49,
        "21": 49,
        "29": 49,
        "38": 7,
        "45": 7,
        "52": 29,
        "5": 34,
        "33": 34,
        "15": 1,
        "20": 1,
        "1": 41,
        "17": 41,
        "18": 41,
        "39": 41,
        "41": 41,
        "24": 38,
        "53": 38,
        "10": 30,
        "23": 30,
        "13": 16,
        "35": 16,
        "49": 16,
        "50": 16,
        "12": 47,
        "51": 47,
        "56": 47
    },
    "instance": null,
    "parameters": null,
    "parameters_data": null,
    "patients": null,
    "capacity": null,
    "num_days": null,
    "num_ORs": null,
    "num_surgeons": null,
    "initial_heuristics_time": 0.0,
    "gap": 0.0
}