{
    "proved_optimal": true,
    "obj": 1,
    "relax_obj": 0.6666666666666667,
    "num_LCs": 55,
    "num_callbacks": 877,
    "num_CG_iterations": 23,
    "num_columns": 232,
    "num_nodes": 1,
    "overall_time": 20.729000329971313,
    "callback_time": 2.126810073852539,
    "subproblem_time": 15.023035287857056,
    "mp_time": 5.69564151763916,
    "inh_time": null,
    "ilp_time": 0.0,
    "surgeon_schedule": {
        "0": [
            6,
            27
        ],
        "1": [
            29,
            47
        ],
        "3": [
            21,
            49
        ],
        "5": [
            39
        ],
        "9": [
            19,
            32,
            41
        ],
        "11": [
            0,
            12
        ]
    },
    "patient_schedule": {
        "9": 6,
        "19": 6,
        "22": 6,
        "40": 6,
        "14": 27,
        "2": 29,
        "29": 29,
        "44": 29,
        "55": 29,
        "21": 47,
        "28": 47,
        "5": 21,
        "37": 21,
        "42": 21,
        "52": 49,
        "20": 39,
        "36": 39,
        "34": 19,
        "11": 32,
        "24": 32,
        "16": 41,
        "47": 41,
        "53": 41,
        "50": 0,
        "51": 0,
        "12": 12,
        "13": 12,
        "35": 12,
        "49": 12,
        "56": 12
    },
    "instance": null,
    "parameters": null,
    "parameters_data": null,
    "patients": null,
    "capacity": null,
    "num_days": null,
    "num_ORs": null,
    "num_surgeons": null,
    "initial_heuristics_time": 0.0,
    "gap": 0.49999999999999983
}