{
    "proved_optimal": true,
    "obj": 21,
    "relax_obj": 21.0,
    "num_LCs": 0,
    "num_callbacks": 0,
    "num_CG_iterations": 18,
    "num_columns": 189,
    "num_nodes": 1,
    "overall_time": 8.038822889328003,
    "callback_time": 0.0,
    "subproblem_time": 3.819791078567505,
    "mp_time": 4.211390018463135,
    "inh_time": null,
    "ilp_time": 0.0,
    "surgeon_schedule": {
        "0": [
            14,
            27
        ],
        "1": [
            17,
            44
        ],
        "2": [
            10
        ],
        "3": [
            7,
            19,
            24
        ],
        "5": [
            34
        ],
        "8": [
            29
        ],
        "9": [
            0,
            38
        ],
        "10": [
            4,
            20,
            48
        ],
        "11": [
            9,
            30,
            40
        ]
    },
    "patient_schedule": {
        "9": 14,
        "22": 14,
        "40": 27,
        "28": 17,
        "44": 17,
        "55": 17,
        "2": 44,
        "21": 44,
        "29": 44,
        "38": 10,
        "45": 10,
        "33": 7,
        "52": 19,
        "5": 24,
        "37": 24,
        "20": 34,
        "36": 34,
        "1": 29,
        "17": 29,
        "39": 29,
        "41": 29,
        "34": 0,
        "16": 38,
        "47": 38,
        "53": 38,
        "26": 4,
        "32": 20,
        "6": 48,
        "10": 48,
        "23": 48,
        "12": 9,
        "51": 9,
        "13": 30,
        "56": 30,
        "35": 40,
        "50": 40
    },
    "instance": null,
    "parameters": null,
    "parameters_data": null,
    "patients": null,
    "capacity": null,
    "num_days": null,
    "num_ORs": null,
    "num_surgeons": null,
    "initial_heuristics_time": 0.0,
    "gap": 0.0
}