{
    "proved_optimal": true,
    "obj": 16,
    "relax_obj": -106,
    "num_LCs": 0,
    "num_callbacks": 0,
    "num_CG_iterations": 21,
    "num_columns": 213,
    "num_nodes": 1,
    "overall_time": 11.02776288986206,
    "callback_time": 0.0,
    "subproblem_time": 6.256654977798462,
    "mp_time": 4.758956670761108,
    "inh_time": null,
    "ilp_time": 0.0,
    "surgeon_schedule": {
        "0": [
            29,
            42
        ],
        "1": [
            9,
            19,
            34
        ],
        "2": [
            7
        ],
        "3": [
            4,
            38
        ],
        "4": [
            49
        ],
        "5": [
            30
        ],
        "7": [
            27
        ],
        "8": [
            14
        ],
        "9": [
            21
        ],
        "10": [
            0,
            10
        ],
        "11": [
            17
        ]
    },
    "patient_schedule": {
        "14": 29,
        "9": 42,
        "19": 42,
        "22": 42,
        "40": 42,
        "30": 9,
        "55": 9,
        "2": 19,
        "29": 19,
        "44": 19,
        "21": 34,
        "28": 34,
        "38": 7,
        "45": 7,
        "52": 4,
        "5": 38,
        "37": 38,
        "42": 38,
        "31": 49,
        "20": 30,
        "36": 30,
        "43": 27,
        "1": 14,
        "17": 14,
        "39": 14,
        "41": 14,
        "16": 21,
        "47": 21,
        "53": 21,
        "10": 0,
        "23": 0,
        "6": 10,
        "12": 17,
        "35": 17,
        "56": 17
    },
    "instance": null,
    "parameters": null,
    "parameters_data": null,
    "patients": null,
    "capacity": null,
    "num_days": null,
    "num_ORs": null,
    "num_surgeons": null,
    "initial_heuristics_time": 0.0,
    "gap": -1.150943396226415
}