{
    "proved_optimal": true,
    "obj": 54,
    "relax_obj": 54.0,
    "num_LCs": 0,
    "num_callbacks": 0,
    "num_CG_iterations": 24,
    "num_columns": 231,
    "num_nodes": 1,
    "overall_time": 22.429672718048096,
    "callback_time": 0.0,
    "subproblem_time": 16.2813241481781,
    "mp_time": 6.1376752853393555,
    "inh_time": null,
    "ilp_time": 0.0,
    "surgeon_schedule": {
        "0": [
            12
        ],
        "1": [
            29,
            39
        ],
        "2": [
            49
        ],
        "3": [
            9,
            19
        ],
        "5": [
            31
        ],
        "8": [
            21
        ],
        "9": [
            42
        ],
        "10": [
            37
        ],
        "11": [
            2,
            27
        ]
    },
    "patient_schedule": {
        "9": 12,
        "19": 12,
        "22": 12,
        "40": 12,
        "2": 29,
        "29": 29,
        "44": 29,
        "55": 29,
        "21": 39,
        "28": 39,
        "38": 49,
        "45": 49,
        "52": 9,
        "5": 19,
        "33": 19,
        "15": 31,
        "20": 31,
        "1": 21,
        "17": 21,
        "18": 21,
        "39": 21,
        "41": 21,
        "11": 42,
        "47": 42,
        "53": 42,
        "10": 37,
        "23": 37,
        "13": 2,
        "35": 2,
        "49": 2,
        "50": 2,
        "12": 27,
        "51": 27,
        "56": 27
    },
    "instance": null,
    "parameters": null,
    "parameters_data": null,
    "patients": null,
    "capacity": null,
    "num_days": null,
    "num_ORs": null,
    "num_surgeons": null,
    "initial_heuristics_time": 0.0,
    "gap": 0.0
}