{
    "proved_optimal": true,
    "obj": 2,
    "relax_obj": 2.0,
    "num_LCs": 8,
    "num_callbacks": 879,
    "num_CG_iterations": 24,
    "num_columns": 246,
    "num_nodes": 1,
    "overall_time": 17.170053243637085,
    "callback_time": 1.999741554260254,
    "subproblem_time": 11.208621263504028,
    "mp_time": 5.951440811157227,
    "inh_time": null,
    "ilp_time": 0.0,
    "surgeon_schedule": {
        "0": [
            26
        ],
        "2": [
            8,
            20
        ],
        "4": [
            0
        ],
        "6": [
            4,
            41
        ],
        "7": [
            11
        ],
        "8": [
            30
        ],
        "9": [
            36,
            47
        ],
        "10": [
            18
        ],
        "11": [
            49
        ]
    },
    "patient_schedule": {
        "30": 26,
        "35": 26,
        "41": 26,
        "1": 8,
        "33": 8,
        "15": 20,
        "45": 20,
        "18": 0,
        "9": 4,
        "11": 4,
        "29": 41,
        "12": 11,
        "24": 11,
        "36": 11,
        "17": 30,
        "0": 36,
        "5": 36,
        "34": 36,
        "43": 36,
        "40": 47,
        "37": 18,
        "39": 18,
        "13": 49,
        "26": 49
    },
    "instance": null,
    "parameters": null,
    "parameters_data": null,
    "patients": null,
    "capacity": null,
    "num_days": null,
    "num_ORs": null,
    "num_surgeons": null,
    "initial_heuristics_time": 0.0,
    "gap": 0.0
}