{
    "proved_optimal": true,
    "obj": 17,
    "relax_obj": 17.0,
    "num_LCs": 4,
    "num_callbacks": 498,
    "num_CG_iterations": 17,
    "num_columns": 190,
    "num_nodes": 1,
    "overall_time": 6.376584053039551,
    "callback_time": 0.9177186489105225,
    "subproblem_time": 3.3272881507873535,
    "mp_time": 3.042449951171875,
    "inh_time": null,
    "ilp_time": 0.0,
    "surgeon_schedule": {
        "0": [
            0,
            19
        ],
        "1": [
            44
        ],
        "2": [
            11,
            24,
            30
        ],
        "3": [
            29
        ],
        "5": [
            49
        ],
        "6": [
            4,
            20
        ],
        "7": [
            35,
            47
        ],
        "9": [
            8,
            40
        ],
        "11": [
            17,
            27,
            39
        ]
    },
    "patient_schedule": {
        "2": 0,
        "35": 0,
        "41": 19,
        "20": 44,
        "22": 44,
        "1": 11,
        "33": 11,
        "15": 24,
        "31": 30,
        "45": 30,
        "6": 29,
        "38": 29,
        "27": 49,
        "3": 4,
        "9": 20,
        "11": 20,
        "12": 35,
        "32": 35,
        "36": 35,
        "24": 47,
        "5": 8,
        "28": 8,
        "34": 8,
        "43": 8,
        "40": 40,
        "7": 17,
        "21": 17,
        "13": 27,
        "8": 39,
        "26": 39
    },
    "instance": null,
    "parameters": null,
    "parameters_data": null,
    "patients": null,
    "capacity": null,
    "num_days": null,
    "num_ORs": null,
    "num_surgeons": null,
    "initial_heuristics_time": 0.0,
    "gap": 0.0
}