{
    "proved_optimal": true,
    "obj": 2,
    "relax_obj": 2.0,
    "num_LCs": 11,
    "num_callbacks": 889,
    "num_CG_iterations": 23,
    "num_columns": 244,
    "num_nodes": 1,
    "overall_time": 17.173177480697632,
    "callback_time": 2.0910589694976807,
    "subproblem_time": 11.227324724197388,
    "mp_time": 5.936725854873657,
    "inh_time": null,
    "ilp_time": 0.0,
    "surgeon_schedule": {
        "0": [
            6
        ],
        "2": [
            14,
            41
        ],
        "4": [
            17
        ],
        "6": [
            10,
            48
        ],
        "7": [
            28
        ],
        "8": [
            39
        ],
        "9": [
            19,
            32
        ],
        "10": [
            21
        ],
        "11": [
            0
        ]
    },
    "patient_schedule": {
        "2": 6,
        "30": 6,
        "41": 6,
        "15": 14,
        "45": 14,
        "1": 41,
        "33": 41,
        "18": 17,
        "9": 10,
        "11": 10,
        "29": 48,
        "12": 28,
        "24": 28,
        "36": 28,
        "17": 39,
        "40": 19,
        "0": 32,
        "5": 32,
        "34": 32,
        "43": 32,
        "37": 21,
        "39": 21,
        "8": 0,
        "26": 0
    },
    "instance": null,
    "parameters": null,
    "parameters_data": null,
    "patients": null,
    "capacity": null,
    "num_days": null,
    "num_ORs": null,
    "num_surgeons": null,
    "initial_heuristics_time": 0.0,
    "gap": 0.0
}