{
    "proved_optimal": true,
    "obj": 4,
    "relax_obj": 3.2,
    "num_LCs": 31,
    "num_callbacks": 857,
    "num_CG_iterations": 24,
    "num_columns": 242,
    "num_nodes": 1,
    "overall_time": 18.291674375534058,
    "callback_time": 1.8419129848480225,
    "subproblem_time": 12.258204221725464,
    "mp_time": 6.023696422576904,
    "inh_time": null,
    "ilp_time": 0.0,
    "surgeon_schedule": {
        "0": [
            16
        ],
        "2": [
            39,
            48
        ],
        "4": [
            40
        ],
        "5": [
            32
        ],
        "6": [
            8,
            10
        ],
        "7": [
            26
        ],
        "8": [
            20
        ],
        "9": [
            1,
            44
        ]
    },
    "patient_schedule": {
        "2": 16,
        "30": 16,
        "41": 16,
        "31": 39,
        "45": 39,
        "1": 48,
        "33": 48,
        "18": 40,
        "27": 32,
        "44": 32,
        "29": 8,
        "9": 10,
        "11": 10,
        "23": 26,
        "24": 26,
        "17": 20,
        "5": 1,
        "28": 1,
        "34": 1,
        "43": 1,
        "40": 44
    },
    "instance": null,
    "parameters": null,
    "parameters_data": null,
    "patients": null,
    "capacity": null,
    "num_days": null,
    "num_ORs": null,
    "num_surgeons": null,
    "initial_heuristics_time": 0.0,
    "gap": 0.24999999999999994
}