{
    "proved_optimal": true,
    "obj": 25,
    "relax_obj": 24.666666666666668,
    "num_LCs": 24,
    "num_callbacks": 875,
    "num_CG_iterations": 21,
    "num_columns": 212,
    "num_nodes": 1,
    "overall_time": 17.876105070114136,
    "callback_time": 1.7939879894256592,
    "subproblem_time": 12.952462196350098,
    "mp_time": 4.9147984981536865,
    "inh_time": null,
    "ilp_time": 0.0,
    "surgeon_schedule": {
        "0": [
            47
        ],
        "1": [
            29
        ],
        "2": [
            1,
            19
        ],
        "4": [
            30
        ],
        "6": [
            35,
            49
        ],
        "7": [
            15
        ],
        "8": [
            22,
            39
        ],
        "9": [
            9,
            41
        ],
        "11": [
            7,
            10
        ]
    },
    "patient_schedule": {
        "2": 47,
        "35": 47,
        "20": 29,
        "22": 29,
        "1": 1,
        "33": 1,
        "31": 19,
        "45": 19,
        "18": 30,
        "29": 35,
        "9": 49,
        "11": 49,
        "12": 15,
        "24": 15,
        "36": 15,
        "16": 22,
        "42": 22,
        "46": 22,
        "17": 39,
        "40": 9,
        "5": 41,
        "28": 41,
        "34": 41,
        "43": 41,
        "7": 7,
        "21": 7,
        "13": 10,
        "26": 10
    },
    "instance": null,
    "parameters": null,
    "parameters_data": null,
    "patients": null,
    "capacity": null,
    "num_days": null,
    "num_ORs": null,
    "num_surgeons": null,
    "initial_heuristics_time": 0.0,
    "gap": 0.013513513513513466
}