{
    "proved_optimal": true,
    "obj": 49,
    "relax_obj": 49.0,
    "num_LCs": 2,
    "num_callbacks": 598,
    "num_CG_iterations": 19,
    "num_columns": 205,
    "num_nodes": 1,
    "overall_time": 11.447023630142212,
    "callback_time": 1.3640415668487549,
    "subproblem_time": 7.236314535140991,
    "mp_time": 4.203877925872803,
    "inh_time": null,
    "ilp_time": 0.0,
    "surgeon_schedule": {
        "0": [
            42
        ],
        "1": [
            49
        ],
        "2": [
            1,
            20
        ],
        "3": [
            34
        ],
        "4": [
            37
        ],
        "6": [
            24
        ],
        "7": [
            30
        ],
        "8": [
            13
        ],
        "9": [
            28,
            39
        ],
        "11": [
            8
        ]
    },
    "patient_schedule": {
        "2": 42,
        "30": 42,
        "41": 42,
        "20": 49,
        "22": 49,
        "1": 1,
        "33": 1,
        "31": 20,
        "45": 20,
        "6": 34,
        "38": 34,
        "18": 37,
        "9": 24,
        "11": 24,
        "24": 30,
        "32": 30,
        "16": 13,
        "17": 13,
        "42": 13,
        "46": 13,
        "5": 28,
        "28": 28,
        "34": 28,
        "43": 28,
        "40": 39,
        "7": 8,
        "13": 8,
        "21": 8,
        "26": 8
    },
    "instance": null,
    "parameters": null,
    "parameters_data": null,
    "patients": null,
    "capacity": null,
    "num_days": null,
    "num_ORs": null,
    "num_surgeons": null,
    "initial_heuristics_time": 0.0,
    "gap": 0.0
}