{
    "proved_optimal": true,
    "obj": 24,
    "relax_obj": 23.5,
    "num_LCs": 0,
    "num_callbacks": 0,
    "num_CG_iterations": 22,
    "num_columns": 242,
    "num_nodes": 1,
    "overall_time": 15.294867038726807,
    "callback_time": 0.0,
    "subproblem_time": 8.95417070388794,
    "mp_time": 6.330438613891602,
    "inh_time": null,
    "ilp_time": 0.0,
    "surgeon_schedule": {
        "0": [
            10
        ],
        "2": [
            19,
            31
        ],
        "3": [
            1
        ],
        "4": [
            49
        ],
        "6": [
            20,
            41
        ],
        "7": [
            28
        ],
        "8": [
            39
        ],
        "9": [
            15,
            47
        ],
        "10": [
            8
        ],
        "11": [
            24,
            37
        ]
    },
    "patient_schedule": {
        "2": 10,
        "35": 10,
        "15": 19,
        "45": 19,
        "1": 31,
        "33": 31,
        "4": 1,
        "38": 1,
        "18": 49,
        "9": 20,
        "11": 20,
        "29": 41,
        "12": 28,
        "24": 28,
        "36": 28,
        "17": 39,
        "5": 15,
        "28": 15,
        "34": 15,
        "43": 15,
        "40": 47,
        "37": 8,
        "39": 8,
        "7": 24,
        "13": 24,
        "21": 37,
        "26": 37
    },
    "instance": null,
    "parameters": null,
    "parameters_data": null,
    "patients": null,
    "capacity": null,
    "num_days": null,
    "num_ORs": null,
    "num_surgeons": null,
    "initial_heuristics_time": 0.0,
    "gap": 0.02127659574468085
}