{
    "proved_optimal": true,
    "obj": 17,
    "relax_obj": 17.0,
    "num_LCs": 0,
    "num_callbacks": 0,
    "num_CG_iterations": 21,
    "num_columns": 188,
    "num_nodes": 9,
    "overall_time": 7.061493873596191,
    "callback_time": 0.0,
    "subproblem_time": 2.1062142848968506,
    "mp_time": 4.933713912963867,
    "inh_time": null,
    "ilp_time": 0.0,
    "surgeon_schedule": {
        "0": [
            30,
            47
        ],
        "1": [
            0
        ],
        "2": [
            24,
            37,
            41
        ],
        "3": [
            19
        ],
        "5": [
            14
        ],
        "6": [
            17,
            39
        ],
        "7": [
            4,
            28
        ],
        "9": [
            8,
            34
        ],
        "11": [
            10,
            20,
            49
        ]
    },
    "patient_schedule": {
        "41": 30,
        "2": 47,
        "35": 47,
        "20": 0,
        "22": 0,
        "31": 24,
        "45": 24,
        "15": 37,
        "1": 41,
        "33": 41,
        "6": 19,
        "38": 19,
        "27": 14,
        "3": 17,
        "9": 39,
        "11": 39,
        "12": 4,
        "32": 4,
        "24": 28,
        "36": 28,
        "5": 8,
        "28": 8,
        "34": 8,
        "43": 8,
        "40": 34,
        "8": 10,
        "26": 10,
        "13": 20,
        "7": 49,
        "21": 49
    },
    "instance": null,
    "parameters": null,
    "parameters_data": null,
    "patients": null,
    "capacity": null,
    "num_days": null,
    "num_ORs": null,
    "num_surgeons": null,
    "initial_heuristics_time": 0.0,
    "gap": 0.0
}