{
    "proved_optimal": true,
    "obj": 41,
    "relax_obj": -92,
    "num_LCs": 0,
    "num_callbacks": 0,
    "num_CG_iterations": 21,
    "num_columns": 232,
    "num_nodes": 1,
    "overall_time": 6.933699369430542,
    "callback_time": 0.0,
    "subproblem_time": 2.6194040775299072,
    "mp_time": 4.30460524559021,
    "inh_time": null,
    "ilp_time": 0.0,
    "surgeon_schedule": {
        "0": [
            19,
            20
        ],
        "1": [
            9
        ],
        "2": [
            11
        ],
        "3": [
            30
        ],
        "4": [
            0,
            49
        ],
        "6": [
            24
        ],
        "7": [
            37
        ],
        "8": [
            42
        ],
        "9": [
            28,
            39
        ],
        "10": [
            7,
            34
        ],
        "11": [
            4,
            17
        ]
    },
    "patient_schedule": {
        "2": 19,
        "35": 19,
        "41": 20,
        "20": 9,
        "22": 9,
        "1": 11,
        "31": 11,
        "45": 11,
        "6": 30,
        "38": 30,
        "18": 0,
        "14": 49,
        "9": 24,
        "11": 24,
        "24": 37,
        "32": 37,
        "16": 42,
        "42": 42,
        "46": 42,
        "5": 28,
        "28": 28,
        "34": 28,
        "43": 28,
        "40": 39,
        "25": 7,
        "37": 34,
        "21": 4,
        "26": 4,
        "7": 17,
        "13": 17
    },
    "instance": null,
    "parameters": null,
    "parameters_data": null,
    "patients": null,
    "capacity": null,
    "num_days": null,
    "num_ORs": null,
    "num_surgeons": null,
    "initial_heuristics_time": 0.0,
    "gap": -1.4456521739130435
}