{
    "proved_optimal": true,
    "obj": 25,
    "relax_obj": -30,
    "num_LCs": 0,
    "num_callbacks": 0,
    "num_CG_iterations": 18,
    "num_columns": 202,
    "num_nodes": 1,
    "overall_time": 5.7950217723846436,
    "callback_time": 0.0,
    "subproblem_time": 2.1959848403930664,
    "mp_time": 3.589672327041626,
    "inh_time": null,
    "ilp_time": 0.0,
    "surgeon_schedule": {
        "0": [
            14,
            37
        ],
        "1": [
            10
        ],
        "2": [
            9,
            28,
            39
        ],
        "3": [
            20
        ],
        "5": [
            40
        ],
        "6": [
            19,
            49
        ],
        "7": [
            24,
            31
        ],
        "9": [
            0,
            45
        ],
        "11": [
            5,
            17
        ]
    },
    "patient_schedule": {
        "41": 14,
        "2": 37,
        "35": 37,
        "20": 10,
        "22": 10,
        "31": 9,
        "45": 9,
        "1": 28,
        "33": 28,
        "15": 39,
        "6": 20,
        "38": 20,
        "27": 40,
        "9": 19,
        "11": 19,
        "3": 49,
        "32": 24,
        "12": 31,
        "24": 31,
        "36": 31,
        "40": 0,
        "5": 45,
        "28": 45,
        "34": 45,
        "43": 45,
        "7": 5,
        "8": 5,
        "21": 5,
        "13": 17,
        "26": 17
    },
    "instance": null,
    "parameters": null,
    "parameters_data": null,
    "patients": null,
    "capacity": null,
    "num_days": null,
    "num_ORs": null,
    "num_surgeons": null,
    "initial_heuristics_time": 0.0,
    "gap": -1.8333333333333333
}