{
    "proved_optimal": true,
    "obj": 4,
    "relax_obj": 3.2,
    "num_LCs": 33,
    "num_callbacks": 915,
    "num_CG_iterations": 24,
    "num_columns": 240,
    "num_nodes": 1,
    "overall_time": 19.029080152511597,
    "callback_time": 1.7830183506011963,
    "subproblem_time": 13.050381660461426,
    "mp_time": 5.969436407089233,
    "inh_time": null,
    "ilp_time": 0.0,
    "surgeon_schedule": {
        "0": [
            6
        ],
        "2": [
            18,
            40
        ],
        "3": [
            23,
            44
        ],
        "4": [
            39
        ],
        "7": [
            32
        ],
        "8": [
            47
        ],
        "9": [
            0,
            11
        ],
        "11": [
            49
        ]
    },
    "patient_schedule": {
        "2": 6,
        "30": 6,
        "41": 6,
        "1": 18,
        "33": 18,
        "31": 40,
        "45": 40,
        "4": 23,
        "10": 23,
        "6": 44,
        "38": 44,
        "18": 39,
        "23": 32,
        "24": 32,
        "17": 47,
        "40": 0,
        "5": 11,
        "28": 11,
        "34": 11,
        "43": 11,
        "21": 49,
        "26": 49
    },
    "instance": null,
    "parameters": null,
    "parameters_data": null,
    "patients": null,
    "capacity": null,
    "num_days": null,
    "num_ORs": null,
    "num_surgeons": null,
    "initial_heuristics_time": 0.0,
    "gap": 0.24999999999999994
}