{
    "proved_optimal": true,
    "obj": 44,
    "relax_obj": 44.0,
    "num_LCs": 0,
    "num_callbacks": 0,
    "num_CG_iterations": 21,
    "num_columns": 232,
    "num_nodes": 1,
    "overall_time": 15.366265773773193,
    "callback_time": 0.0,
    "subproblem_time": 9.811455488204956,
    "mp_time": 5.54528284072876,
    "inh_time": null,
    "ilp_time": 0.0,
    "surgeon_schedule": {
        "0": [
            29,
            44
        ],
        "1": [
            14
        ],
        "2": [
            36
        ],
        "4": [
            4
        ],
        "6": [
            30
        ],
        "7": [
            10
        ],
        "8": [
            9,
            22
        ],
        "9": [
            0,
            18
        ],
        "10": [
            48
        ],
        "11": [
            7,
            40
        ]
    },
    "patient_schedule": {
        "41": 29,
        "2": 44,
        "35": 44,
        "20": 14,
        "22": 14,
        "1": 36,
        "15": 36,
        "33": 36,
        "45": 36,
        "18": 4,
        "9": 30,
        "11": 30,
        "24": 10,
        "32": 10,
        "17": 9,
        "16": 22,
        "42": 22,
        "46": 22,
        "40": 0,
        "5": 18,
        "28": 18,
        "34": 18,
        "43": 18,
        "37": 48,
        "39": 48,
        "13": 7,
        "26": 7,
        "7": 40,
        "21": 40
    },
    "instance": null,
    "parameters": null,
    "parameters_data": null,
    "patients": null,
    "capacity": null,
    "num_days": null,
    "num_ORs": null,
    "num_surgeons": null,
    "initial_heuristics_time": 0.0,
    "gap": 0.0
}