{
    "proved_optimal": true,
    "obj": 30,
    "relax_obj": 30.0,
    "num_LCs": 0,
    "num_callbacks": 0,
    "num_CG_iterations": 20,
    "num_columns": 216,
    "num_nodes": 1,
    "overall_time": 11.823051452636719,
    "callback_time": 0.0,
    "subproblem_time": 7.873607158660889,
    "mp_time": 3.942620277404785,
    "inh_time": null,
    "ilp_time": 0.0,
    "surgeon_schedule": {
        "0": [
            17,
            20
        ],
        "1": [
            39
        ],
        "2": [
            8,
            19,
            24
        ],
        "3": [
            14
        ],
        "4": [
            10
        ],
        "6": [
            29,
            47
        ],
        "7": [
            49
        ],
        "8": [
            40
        ],
        "9": [
            0,
            31
        ],
        "10": [
            37
        ],
        "11": [
            4,
            27,
            44
        ]
    },
    "patient_schedule": {
        "41": 17,
        "2": 20,
        "35": 20,
        "20": 39,
        "22": 39,
        "1": 8,
        "33": 8,
        "15": 19,
        "45": 19,
        "31": 24,
        "6": 14,
        "38": 14,
        "18": 10,
        "9": 29,
        "11": 29,
        "3": 47,
        "12": 49,
        "32": 49,
        "46": 40,
        "40": 0,
        "5": 31,
        "28": 31,
        "34": 31,
        "43": 31,
        "37": 37,
        "7": 4,
        "8": 4,
        "13": 27,
        "26": 27,
        "21": 44
    },
    "instance": null,
    "parameters": null,
    "parameters_data": null,
    "patients": null,
    "capacity": null,
    "num_days": null,
    "num_ORs": null,
    "num_surgeons": null,
    "initial_heuristics_time": 0.0,
    "gap": 0.0
}