{
    "proved_optimal": true,
    "obj": 5,
    "relax_obj": 4.5,
    "num_LCs": 41,
    "num_callbacks": 731,
    "num_CG_iterations": 20,
    "num_columns": 216,
    "num_nodes": 1,
    "overall_time": 14.813013315200806,
    "callback_time": 1.8736600875854492,
    "subproblem_time": 9.759117841720581,
    "mp_time": 5.04508638381958,
    "inh_time": null,
    "ilp_time": 0.0,
    "surgeon_schedule": {
        "0": [
            12
        ],
        "2": [
            1,
            34
        ],
        "3": [
            42
        ],
        "7": [
            49
        ],
        "8": [
            22,
            30
        ],
        "9": [
            8,
            19
        ],
        "10": [
            38
        ],
        "11": [
            29
        ]
    },
    "patient_schedule": {
        "19": 12,
        "35": 12,
        "41": 12,
        "1": 1,
        "33": 1,
        "15": 34,
        "45": 34,
        "10": 42,
        "38": 42,
        "24": 49,
        "32": 49,
        "16": 22,
        "42": 22,
        "46": 22,
        "17": 30,
        "5": 8,
        "28": 8,
        "34": 8,
        "43": 8,
        "40": 19,
        "37": 38,
        "39": 38,
        "8": 29,
        "26": 29
    },
    "instance": null,
    "parameters": null,
    "parameters_data": null,
    "patients": null,
    "capacity": null,
    "num_days": null,
    "num_ORs": null,
    "num_surgeons": null,
    "initial_heuristics_time": 0.0,
    "gap": 0.1111111111111111
}