{
    "proved_optimal": true,
    "obj": 59,
    "relax_obj": -93,
    "num_LCs": 0,
    "num_callbacks": 0,
    "num_CG_iterations": 21,
    "num_columns": 233,
    "num_nodes": 1,
    "overall_time": 8.534398794174194,
    "callback_time": 0.0,
    "subproblem_time": 4.093347072601318,
    "mp_time": 4.431480407714844,
    "inh_time": null,
    "ilp_time": 0.0,
    "surgeon_schedule": {
        "0": [
            37,
            44
        ],
        "1": [
            24
        ],
        "2": [
            1,
            10,
            29
        ],
        "3": [
            40
        ],
        "4": [
            34
        ],
        "6": [
            7,
            49
        ],
        "7": [
            27
        ],
        "8": [
            19
        ],
        "9": [
            15,
            39
        ],
        "10": [
            20
        ],
        "11": [
            9,
            30,
            47
        ]
    },
    "patient_schedule": {
        "41": 37,
        "2": 44,
        "35": 44,
        "20": 24,
        "22": 24,
        "1": 1,
        "33": 1,
        "31": 10,
        "15": 29,
        "45": 29,
        "6": 40,
        "38": 40,
        "14": 34,
        "3": 7,
        "9": 49,
        "11": 49,
        "24": 27,
        "32": 27,
        "46": 19,
        "5": 15,
        "28": 15,
        "34": 15,
        "43": 15,
        "40": 39,
        "37": 20,
        "7": 9,
        "21": 9,
        "8": 30,
        "26": 30,
        "13": 47
    },
    "instance": null,
    "parameters": null,
    "parameters_data": null,
    "patients": null,
    "capacity": null,
    "num_days": null,
    "num_ORs": null,
    "num_surgeons": null,
    "initial_heuristics_time": 0.0,
    "gap": -1.6344086021505377
}