{
    "proved_optimal": true,
    "obj": 36,
    "relax_obj": 36.0,
    "num_LCs": 6,
    "num_callbacks": 571,
    "num_CG_iterations": 20,
    "num_columns": 218,
    "num_nodes": 1,
    "overall_time": 10.583164691925049,
    "callback_time": 1.3312363624572754,
    "subproblem_time": 5.543509006500244,
    "mp_time": 5.030040979385376,
    "inh_time": null,
    "ilp_time": 0.0,
    "surgeon_schedule": {
        "0": [
            29,
            34
        ],
        "1": [
            10
        ],
        "2": [
            19,
            47
        ],
        "3": [
            30
        ],
        "4": [
            0,
            14
        ],
        "6": [
            4
        ],
        "7": [
            17
        ],
        "8": [
            22
        ],
        "9": [
            8,
            44
        ],
        "10": [
            39,
            49
        ],
        "11": [
            37,
            40
        ]
    },
    "patient_schedule": {
        "41": 29,
        "2": 34,
        "35": 34,
        "20": 10,
        "22": 10,
        "31": 19,
        "1": 47,
        "45": 47,
        "6": 30,
        "38": 30,
        "14": 0,
        "18": 14,
        "9": 4,
        "11": 4,
        "12": 17,
        "24": 17,
        "16": 22,
        "42": 22,
        "46": 22,
        "5": 8,
        "28": 8,
        "34": 8,
        "43": 8,
        "40": 44,
        "37": 39,
        "25": 49,
        "21": 37,
        "26": 37,
        "7": 40,
        "13": 40
    },
    "instance": null,
    "parameters": null,
    "parameters_data": null,
    "patients": null,
    "capacity": null,
    "num_days": null,
    "num_ORs": null,
    "num_surgeons": null,
    "initial_heuristics_time": 0.0,
    "gap": 0.0
}