{
    "proved_optimal": true,
    "obj": 36,
    "relax_obj": 36.0,
    "num_LCs": 0,
    "num_callbacks": 0,
    "num_CG_iterations": 19,
    "num_columns": 211,
    "num_nodes": 1,
    "overall_time": 7.772687911987305,
    "callback_time": 0.0,
    "subproblem_time": 3.525235891342163,
    "mp_time": 4.238154172897339,
    "inh_time": null,
    "ilp_time": 0.0,
    "surgeon_schedule": {
        "0": [
            29,
            47
        ],
        "1": [
            39
        ],
        "2": [
            9,
            44
        ],
        "3": [
            37
        ],
        "4": [
            31
        ],
        "6": [
            10
        ],
        "7": [
            24
        ],
        "8": [
            2
        ],
        "9": [
            18,
            20
        ],
        "10": [
            27,
            40
        ],
        "11": [
            14,
            49
        ]
    },
    "patient_schedule": {
        "2": 29,
        "35": 29,
        "41": 47,
        "20": 39,
        "22": 39,
        "31": 9,
        "1": 44,
        "45": 44,
        "6": 37,
        "38": 37,
        "14": 31,
        "18": 31,
        "9": 10,
        "11": 10,
        "12": 24,
        "24": 24,
        "16": 2,
        "42": 2,
        "46": 2,
        "5": 18,
        "28": 18,
        "34": 18,
        "43": 18,
        "40": 20,
        "25": 27,
        "37": 40,
        "21": 14,
        "26": 14,
        "7": 49,
        "8": 49
    },
    "instance": null,
    "parameters": null,
    "parameters_data": null,
    "patients": null,
    "capacity": null,
    "num_days": null,
    "num_ORs": null,
    "num_surgeons": null,
    "initial_heuristics_time": 0.0,
    "gap": 0.0
}