{
    "proved_optimal": true,
    "obj": 36,
    "relax_obj": 36.0,
    "num_LCs": 2,
    "num_callbacks": 574,
    "num_CG_iterations": 20,
    "num_columns": 218,
    "num_nodes": 1,
    "overall_time": 9.649662733078003,
    "callback_time": 1.1714699268341064,
    "subproblem_time": 5.008713722229004,
    "mp_time": 4.632314920425415,
    "inh_time": null,
    "ilp_time": 0.0,
    "surgeon_schedule": {
        "0": [
            27,
            47
        ],
        "1": [
            10
        ],
        "2": [
            4,
            49
        ],
        "3": [
            34
        ],
        "4": [
            0,
            24
        ],
        "6": [
            20
        ],
        "7": [
            39
        ],
        "8": [
            16
        ],
        "9": [
            8,
            44
        ],
        "10": [
            29,
            30
        ],
        "11": [
            37,
            40
        ]
    },
    "patient_schedule": {
        "2": 27,
        "35": 27,
        "41": 47,
        "20": 10,
        "22": 10,
        "1": 4,
        "31": 49,
        "45": 49,
        "6": 34,
        "38": 34,
        "18": 0,
        "14": 24,
        "9": 20,
        "11": 20,
        "24": 39,
        "32": 39,
        "16": 16,
        "42": 16,
        "46": 16,
        "5": 8,
        "28": 8,
        "34": 8,
        "43": 8,
        "40": 44,
        "37": 29,
        "25": 30,
        "21": 37,
        "26": 37,
        "7": 40,
        "13": 40
    },
    "instance": null,
    "parameters": null,
    "parameters_data": null,
    "patients": null,
    "capacity": null,
    "num_days": null,
    "num_ORs": null,
    "num_surgeons": null,
    "initial_heuristics_time": 0.0,
    "gap": 0.0
}