{
    "proved_optimal": true,
    "obj": 49,
    "relax_obj": 49.0,
    "num_LCs": 16,
    "num_callbacks": 681,
    "num_CG_iterations": 21,
    "num_columns": 224,
    "num_nodes": 1,
    "overall_time": 12.692765474319458,
    "callback_time": 1.4328062534332275,
    "subproblem_time": 7.877489805221558,
    "mp_time": 4.806303024291992,
    "inh_time": null,
    "ilp_time": 0.0,
    "surgeon_schedule": {
        "0": [
            12
        ],
        "1": [
            9
        ],
        "2": [
            5,
            47
        ],
        "3": [
            19
        ],
        "4": [
            0
        ],
        "6": [
            34
        ],
        "7": [
            37
        ],
        "8": [
            22,
            30
        ],
        "9": [
            39,
            41
        ],
        "11": [
            29,
            49
        ]
    },
    "patient_schedule": {
        "2": 12,
        "30": 12,
        "41": 12,
        "20": 9,
        "22": 9,
        "1": 5,
        "33": 5,
        "31": 47,
        "45": 47,
        "6": 19,
        "38": 19,
        "18": 0,
        "9": 34,
        "11": 34,
        "24": 37,
        "32": 37,
        "16": 22,
        "42": 22,
        "46": 22,
        "17": 30,
        "40": 39,
        "5": 41,
        "28": 41,
        "34": 41,
        "43": 41,
        "21": 29,
        "26": 29,
        "7": 49,
        "13": 49
    },
    "instance": null,
    "parameters": null,
    "parameters_data": null,
    "patients": null,
    "capacity": null,
    "num_days": null,
    "num_ORs": null,
    "num_surgeons": null,
    "initial_heuristics_time": 0.0,
    "gap": 0.0
}