{
    "proved_optimal": true,
    "obj": 0,
    "relax_obj": 0.0,
    "num_LCs": 21,
    "num_callbacks": 797,
    "num_CG_iterations": 24,
    "num_columns": 217,
    "num_nodes": 3,
    "overall_time": 18.851680517196655,
    "callback_time": 2.2605273723602295,
    "subproblem_time": 13.160868883132935,
    "mp_time": 5.6715381145477295,
    "inh_time": null,
    "ilp_time": 0.0,
    "surgeon_schedule": {
        "3": [
            13,
            28
        ],
        "6": [
            1,
            21,
            46
        ],
        "7": [
            30
        ],
        "8": [
            36,
            40
        ],
        "11": [
            8
        ]
    },
    "patient_schedule": {
        "4": 13,
        "29": 13,
        "36": 13,
        "3": 28,
        "14": 28,
        "30": 28,
        "13": 1,
        "24": 1,
        "5": 21,
        "45": 21,
        "1": 46,
        "31": 46,
        "47": 46,
        "2": 30,
        "25": 30,
        "12": 36,
        "33": 36,
        "17": 40,
        "46": 40,
        "10": 8,
        "11": 8,
        "42": 8,
        "43": 8
    },
    "instance": null,
    "parameters": null,
    "parameters_data": null,
    "patients": null,
    "capacity": null,
    "num_days": null,
    "num_ORs": null,
    "num_surgeons": null,
    "initial_heuristics_time": 0.0,
    "gap": null
}