{
    "proved_optimal": true,
    "obj": 0,
    "relax_obj": 0.0,
    "num_LCs": 31,
    "num_callbacks": 957,
    "num_CG_iterations": 26,
    "num_columns": 216,
    "num_nodes": 5,
    "overall_time": 19.698591232299805,
    "callback_time": 2.324308156967163,
    "subproblem_time": 12.41919994354248,
    "mp_time": 7.2516608238220215,
    "inh_time": null,
    "ilp_time": 0.0,
    "surgeon_schedule": {
        "3": [
            16,
            26
        ],
        "6": [
            3,
            20,
            38
        ],
        "8": [
            10,
            46
        ],
        "11": [
            31,
            40
        ]
    },
    "patient_schedule": {
        "3": 16,
        "29": 16,
        "36": 16,
        "4": 26,
        "14": 26,
        "30": 26,
        "1": 3,
        "24": 3,
        "47": 3,
        "13": 20,
        "31": 20,
        "5": 38,
        "45": 38,
        "17": 10,
        "46": 10,
        "12": 46,
        "33": 46,
        "11": 31,
        "18": 31,
        "43": 31,
        "16": 40,
        "42": 40
    },
    "instance": null,
    "parameters": null,
    "parameters_data": null,
    "patients": null,
    "capacity": null,
    "num_days": null,
    "num_ORs": null,
    "num_surgeons": null,
    "initial_heuristics_time": 0.0,
    "gap": null
}