{
    "proved_optimal": true,
    "obj": 0,
    "relax_obj": 0.0,
    "num_LCs": 55,
    "num_callbacks": 833,
    "num_CG_iterations": 23,
    "num_columns": 223,
    "num_nodes": 1,
    "overall_time": 20.527196884155273,
    "callback_time": 2.146807909011841,
    "subproblem_time": 14.927485227584839,
    "mp_time": 5.588580131530762,
    "inh_time": null,
    "ilp_time": 0.0,
    "surgeon_schedule": {
        "3": [
            6,
            36
        ],
        "6": [
            23,
            30,
            45
        ],
        "7": [
            10
        ],
        "8": [
            49
        ],
        "10": [
            14,
            40
        ],
        "11": [
            0,
            18
        ]
    },
    "patient_schedule": {
        "4": 6,
        "14": 6,
        "30": 6,
        "3": 36,
        "29": 36,
        "36": 36,
        "1": 23,
        "24": 23,
        "47": 23,
        "13": 30,
        "31": 30,
        "5": 45,
        "45": 45,
        "7": 10,
        "25": 10,
        "17": 49,
        "33": 49,
        "21": 14,
        "32": 14,
        "39": 40,
        "44": 40,
        "10": 0,
        "18": 0,
        "15": 18,
        "42": 18
    },
    "instance": null,
    "parameters": null,
    "parameters_data": null,
    "patients": null,
    "capacity": null,
    "num_days": null,
    "num_ORs": null,
    "num_surgeons": null,
    "initial_heuristics_time": 0.0,
    "gap": null
}