{
    "proved_optimal": true,
    "obj": 43,
    "relax_obj": -102,
    "num_LCs": 0,
    "num_callbacks": 0,
    "num_CG_iterations": 18,
    "num_columns": 193,
    "num_nodes": 1,
    "overall_time": 8.601867437362671,
    "callback_time": 0.0,
    "subproblem_time": 4.910892963409424,
    "mp_time": 3.6806819438934326,
    "inh_time": null,
    "ilp_time": 0.0,
    "surgeon_schedule": {
        "1": [
            30
        ],
        "2": [
            27
        ],
        "3": [
            8
        ],
        "4": [
            29
        ],
        "5": [
            21
        ],
        "6": [
            1
        ],
        "7": [
            11,
            37
        ],
        "8": [
            17
        ],
        "9": [
            48
        ],
        "10": [
            39
        ],
        "11": [
            19,
            34,
            41
        ]
    },
    "patient_schedule": {
        "19": 30,
        "22": 30,
        "20": 27,
        "28": 27,
        "14": 8,
        "29": 8,
        "30": 8,
        "26": 29,
        "6": 21,
        "23": 21,
        "48": 21,
        "5": 1,
        "13": 1,
        "31": 1,
        "47": 1,
        "2": 11,
        "7": 11,
        "25": 37,
        "37": 37,
        "17": 17,
        "41": 17,
        "27": 48,
        "40": 48,
        "21": 39,
        "39": 39,
        "11": 19,
        "43": 34,
        "10": 41,
        "16": 41,
        "18": 41,
        "42": 41
    },
    "instance": null,
    "parameters": null,
    "parameters_data": null,
    "patients": null,
    "capacity": null,
    "num_days": null,
    "num_ORs": null,
    "num_surgeons": null,
    "initial_heuristics_time": 0.0,
    "gap": -1.4215686274509804
}