{
    "proved_optimal": true,
    "obj": 23,
    "relax_obj": -32,
    "num_LCs": 0,
    "num_callbacks": 0,
    "num_CG_iterations": 17,
    "num_columns": 186,
    "num_nodes": 1,
    "overall_time": 5.599673748016357,
    "callback_time": 0.0,
    "subproblem_time": 2.361783027648926,
    "mp_time": 3.228437662124634,
    "inh_time": null,
    "ilp_time": 0.0,
    "surgeon_schedule": {
        "1": [
            24
        ],
        "2": [
            0
        ],
        "3": [
            34,
            41
        ],
        "5": [
            48
        ],
        "6": [
            38
        ],
        "7": [
            10,
            20
        ],
        "8": [
            14,
            27,
            30
        ],
        "10": [
            5
        ],
        "11": [
            9,
            18,
            29
        ]
    },
    "patient_schedule": {
        "19": 24,
        "22": 24,
        "20": 0,
        "28": 0,
        "29": 34,
        "3": 41,
        "14": 41,
        "30": 41,
        "6": 48,
        "23": 48,
        "48": 48,
        "5": 38,
        "13": 38,
        "31": 38,
        "47": 38,
        "25": 10,
        "37": 10,
        "7": 20,
        "46": 14,
        "17": 27,
        "41": 27,
        "33": 30,
        "21": 5,
        "32": 5,
        "39": 5,
        "44": 5,
        "43": 9,
        "10": 18,
        "11": 18,
        "16": 18,
        "18": 29,
        "42": 29
    },
    "instance": null,
    "parameters": null,
    "parameters_data": null,
    "patients": null,
    "capacity": null,
    "num_days": null,
    "num_ORs": null,
    "num_surgeons": null,
    "initial_heuristics_time": 0.0,
    "gap": -1.71875
}