{
    "proved_optimal": true,
    "obj": 25,
    "relax_obj": -102,
    "num_LCs": 0,
    "num_callbacks": 0,
    "num_CG_iterations": 18,
    "num_columns": 195,
    "num_nodes": 1,
    "overall_time": 9.796883583068848,
    "callback_time": 0.0,
    "subproblem_time": 6.093255281448364,
    "mp_time": 3.692370653152466,
    "inh_time": null,
    "ilp_time": 0.0,
    "surgeon_schedule": {
        "1": [
            24
        ],
        "2": [
            47
        ],
        "3": [
            5
        ],
        "4": [
            40
        ],
        "5": [
            28
        ],
        "6": [
            9,
            37
        ],
        "7": [
            0,
            10,
            44
        ],
        "8": [
            49
        ],
        "9": [
            31
        ],
        "10": [
            20
        ],
        "11": [
            16,
            39
        ]
    },
    "patient_schedule": {
        "19": 24,
        "22": 24,
        "20": 47,
        "28": 47,
        "14": 5,
        "29": 5,
        "30": 5,
        "26": 40,
        "6": 28,
        "23": 28,
        "48": 28,
        "5": 9,
        "47": 9,
        "13": 37,
        "31": 37,
        "25": 0,
        "37": 0,
        "2": 10,
        "7": 44,
        "17": 49,
        "41": 49,
        "27": 31,
        "40": 31,
        "21": 20,
        "39": 20,
        "10": 16,
        "16": 16,
        "18": 16,
        "42": 16,
        "43": 16,
        "11": 39
    },
    "instance": null,
    "parameters": null,
    "parameters_data": null,
    "patients": null,
    "capacity": null,
    "num_days": null,
    "num_ORs": null,
    "num_surgeons": null,
    "initial_heuristics_time": 0.0,
    "gap": -1.2450980392156863
}