{
    "proved_optimal": true,
    "obj": 23,
    "relax_obj": 22.5,
    "num_LCs": 18,
    "num_callbacks": 1188,
    "num_CG_iterations": 27,
    "num_columns": 224,
    "num_nodes": 7,
    "overall_time": 25.202730894088745,
    "callback_time": 2.8381032943725586,
    "subproblem_time": 17.678972005844116,
    "mp_time": 7.504833698272705,
    "inh_time": null,
    "ilp_time": 0.0,
    "surgeon_schedule": {
        "3": [
            38,
            43
        ],
        "6": [
            3,
            28,
            30
        ],
        "7": [
            14
        ],
        "8": [
            17
        ],
        "10": [
            19,
            34
        ],
        "11": [
            10,
            21
        ]
    },
    "patient_schedule": {
        "3": 38,
        "14": 38,
        "30": 38,
        "4": 43,
        "29": 43,
        "36": 43,
        "1": 3,
        "24": 3,
        "47": 3,
        "5": 28,
        "45": 28,
        "13": 30,
        "31": 30,
        "7": 14,
        "25": 14,
        "17": 17,
        "33": 17,
        "21": 19,
        "32": 19,
        "39": 34,
        "44": 34,
        "16": 10,
        "42": 10,
        "11": 21,
        "18": 21,
        "43": 21
    },
    "instance": null,
    "parameters": null,
    "parameters_data": null,
    "patients": null,
    "capacity": null,
    "num_days": null,
    "num_ORs": null,
    "num_surgeons": null,
    "initial_heuristics_time": 0.0,
    "gap": 0.022222222222222223
}