{
    "proved_optimal": true,
    "obj": 33,
    "relax_obj": 33.0,
    "num_LCs": 28,
    "num_callbacks": 506,
    "num_CG_iterations": 17,
    "num_columns": 183,
    "num_nodes": 1,
    "overall_time": 9.457155704498291,
    "callback_time": 1.1260888576507568,
    "subproblem_time": 6.267456293106079,
    "mp_time": 3.1807453632354736,
    "inh_time": null,
    "ilp_time": 0.0,
    "surgeon_schedule": {
        "0": [
            49
        ],
        "1": [
            40
        ],
        "2": [
            20
        ],
        "3": [
            8
        ],
        "4": [
            17,
            34
        ],
        "5": [
            39
        ],
        "6": [
            14,
            47
        ],
        "7": [
            26
        ],
        "8": [
            1
        ],
        "10": [
            10,
            37
        ],
        "11": [
            19,
            30,
            44
        ]
    },
    "patient_schedule": {
        "35": 49,
        "19": 40,
        "22": 40,
        "20": 20,
        "28": 20,
        "3": 8,
        "14": 8,
        "30": 8,
        "26": 17,
        "9": 34,
        "23": 39,
        "48": 39,
        "13": 14,
        "31": 14,
        "5": 47,
        "47": 47,
        "0": 26,
        "2": 26,
        "7": 26,
        "37": 26,
        "33": 1,
        "41": 1,
        "46": 1,
        "32": 10,
        "44": 10,
        "21": 37,
        "39": 37,
        "11": 19,
        "10": 30,
        "18": 30,
        "42": 44,
        "43": 44
    },
    "instance": null,
    "parameters": null,
    "parameters_data": null,
    "patients": null,
    "capacity": null,
    "num_days": null,
    "num_ORs": null,
    "num_surgeons": null,
    "initial_heuristics_time": 0.0,
    "gap": 0.0
}