{
    "proved_optimal": true,
    "obj": 25,
    "relax_obj": 25.0,
    "num_LCs": 59,
    "num_callbacks": 953,
    "num_CG_iterations": 24,
    "num_columns": 216,
    "num_nodes": 3,
    "overall_time": 25.242899656295776,
    "callback_time": 2.125476837158203,
    "subproblem_time": 18.997804403305054,
    "mp_time": 6.22551417350769,
    "inh_time": null,
    "ilp_time": 0.0,
    "surgeon_schedule": {
        "3": [
            33,
            41
        ],
        "5": [
            25
        ],
        "6": [
            3,
            18,
            20
        ],
        "7": [
            14
        ],
        "10": [
            29,
            49
        ],
        "11": [
            10,
            47
        ]
    },
    "patient_schedule": {
        "3": 33,
        "4": 33,
        "14": 33,
        "29": 33,
        "30": 41,
        "36": 41,
        "6": 25,
        "23": 25,
        "48": 25,
        "1": 3,
        "24": 3,
        "47": 3,
        "5": 18,
        "45": 18,
        "13": 20,
        "31": 20,
        "2": 14,
        "25": 14,
        "32": 29,
        "44": 29,
        "21": 49,
        "39": 49,
        "10": 10,
        "43": 10,
        "16": 47,
        "42": 47
    },
    "instance": null,
    "parameters": null,
    "parameters_data": null,
    "patients": null,
    "capacity": null,
    "num_days": null,
    "num_ORs": null,
    "num_surgeons": null,
    "initial_heuristics_time": 0.0,
    "gap": 0.0
}