{
    "proved_optimal": true,
    "obj": 31,
    "relax_obj": -32,
    "num_LCs": 0,
    "num_callbacks": 0,
    "num_CG_iterations": 15,
    "num_columns": 165,
    "num_nodes": 1,
    "overall_time": 5.402981281280518,
    "callback_time": 0.0,
    "subproblem_time": 2.741665840148926,
    "mp_time": 2.652378559112549,
    "inh_time": null,
    "ilp_time": 0.0,
    "surgeon_schedule": {
        "0": [
            44
        ],
        "1": [
            7
        ],
        "2": [
            37
        ],
        "3": [
            11,
            39
        ],
        "5": [
            30
        ],
        "6": [
            9,
            27
        ],
        "7": [
            1,
            48
        ],
        "8": [
            19,
            21
        ],
        "10": [
            17,
            34
        ],
        "11": [
            29,
            40
        ]
    },
    "patient_schedule": {
        "35": 44,
        "19": 7,
        "22": 7,
        "20": 37,
        "28": 37,
        "3": 11,
        "14": 11,
        "30": 11,
        "29": 39,
        "23": 30,
        "48": 30,
        "5": 9,
        "47": 9,
        "13": 27,
        "31": 27,
        "0": 1,
        "2": 1,
        "25": 1,
        "7": 48,
        "37": 48,
        "17": 19,
        "46": 19,
        "33": 21,
        "41": 21,
        "32": 17,
        "44": 17,
        "21": 34,
        "39": 34,
        "10": 29,
        "18": 29,
        "42": 40,
        "43": 40
    },
    "instance": null,
    "parameters": null,
    "parameters_data": null,
    "patients": null,
    "capacity": null,
    "num_days": null,
    "num_ORs": null,
    "num_surgeons": null,
    "initial_heuristics_time": 0.0,
    "gap": -1.96875
}