{
    "proved_optimal": true,
    "obj": 32,
    "relax_obj": 32.0,
    "num_LCs": 0,
    "num_callbacks": 0,
    "num_CG_iterations": 17,
    "num_columns": 190,
    "num_nodes": 1,
    "overall_time": 7.614396095275879,
    "callback_time": 0.0,
    "subproblem_time": 4.918286561965942,
    "mp_time": 2.687246799468994,
    "inh_time": null,
    "ilp_time": 0.0,
    "surgeon_schedule": {
        "1": [
            0
        ],
        "2": [
            30
        ],
        "3": [
            41
        ],
        "4": [
            37
        ],
        "5": [
            48
        ],
        "6": [
            9,
            10
        ],
        "7": [
            7,
            19,
            20
        ],
        "8": [
            39
        ],
        "9": [
            15
        ],
        "10": [
            34
        ],
        "11": [
            4,
            26
        ]
    },
    "patient_schedule": {
        "19": 0,
        "22": 0,
        "20": 30,
        "28": 30,
        "14": 41,
        "29": 41,
        "30": 41,
        "26": 37,
        "6": 48,
        "23": 48,
        "48": 48,
        "5": 9,
        "47": 9,
        "13": 10,
        "31": 10,
        "7": 7,
        "2": 19,
        "25": 20,
        "37": 20,
        "17": 39,
        "41": 39,
        "27": 15,
        "40": 15,
        "21": 34,
        "39": 34,
        "11": 4,
        "10": 26,
        "16": 26,
        "18": 26,
        "42": 26,
        "43": 26
    },
    "instance": null,
    "parameters": null,
    "parameters_data": null,
    "patients": null,
    "capacity": null,
    "num_days": null,
    "num_ORs": null,
    "num_surgeons": null,
    "initial_heuristics_time": 0.0,
    "gap": 0.0
}