{
    "proved_optimal": true,
    "obj": 17,
    "relax_obj": 17.0,
    "num_LCs": 0,
    "num_callbacks": 0,
    "num_CG_iterations": 15,
    "num_columns": 163,
    "num_nodes": 1,
    "overall_time": 6.463688373565674,
    "callback_time": 0.0,
    "subproblem_time": 2.9999735355377197,
    "mp_time": 3.457547664642334,
    "inh_time": null,
    "ilp_time": 0.0,
    "surgeon_schedule": {
        "1": [
            17
        ],
        "2": [
            0
        ],
        "3": [
            46
        ],
        "5": [
            31
        ],
        "6": [
            7,
            20
        ],
        "7": [
            10,
            26
        ],
        "8": [
            9,
            19,
            37
        ],
        "10": [
            14,
            39
        ],
        "11": [
            4,
            40
        ]
    },
    "patient_schedule": {
        "19": 17,
        "22": 17,
        "20": 0,
        "28": 0,
        "3": 46,
        "14": 46,
        "29": 46,
        "30": 46,
        "6": 31,
        "23": 31,
        "48": 31,
        "5": 7,
        "47": 7,
        "13": 20,
        "31": 20,
        "0": 10,
        "2": 26,
        "7": 26,
        "25": 26,
        "37": 26,
        "41": 9,
        "17": 19,
        "33": 19,
        "46": 37,
        "39": 14,
        "44": 14,
        "21": 39,
        "32": 39,
        "18": 4,
        "42": 4,
        "10": 40,
        "43": 40
    },
    "instance": null,
    "parameters": null,
    "parameters_data": null,
    "patients": null,
    "capacity": null,
    "num_days": null,
    "num_ORs": null,
    "num_surgeons": null,
    "initial_heuristics_time": 0.0,
    "gap": 0.0
}