{
    "proved_optimal": true,
    "obj": 17,
    "relax_obj": 17.0,
    "num_LCs": 23,
    "num_callbacks": 398,
    "num_CG_iterations": 14,
    "num_columns": 148,
    "num_nodes": 1,
    "overall_time": 5.59135103225708,
    "callback_time": 0.68746018409729,
    "subproblem_time": 3.5023579597473145,
    "mp_time": 2.084165573120117,
    "inh_time": null,
    "ilp_time": 0.0,
    "surgeon_schedule": {
        "1": [
            47
        ],
        "2": [
            0
        ],
        "3": [
            8
        ],
        "5": [
            44
        ],
        "6": [
            15
        ],
        "7": [
            4,
            20,
            39,
            40
        ],
        "8": [
            19,
            34,
            49
        ],
        "10": [
            10,
            30
        ],
        "11": [
            26,
            37
        ]
    },
    "patient_schedule": {
        "19": 47,
        "22": 47,
        "20": 0,
        "28": 0,
        "14": 8,
        "29": 8,
        "30": 8,
        "23": 44,
        "48": 44,
        "5": 15,
        "13": 15,
        "31": 15,
        "47": 15,
        "2": 4,
        "37": 20,
        "0": 39,
        "7": 40,
        "25": 40,
        "17": 19,
        "46": 19,
        "33": 34,
        "41": 49,
        "21": 10,
        "39": 10,
        "32": 30,
        "44": 30,
        "11": 26,
        "16": 26,
        "18": 26,
        "43": 26,
        "10": 37,
        "42": 37
    },
    "instance": null,
    "parameters": null,
    "parameters_data": null,
    "patients": null,
    "capacity": null,
    "num_days": null,
    "num_ORs": null,
    "num_surgeons": null,
    "initial_heuristics_time": 0.0,
    "gap": 0.0
}