{
    "proved_optimal": true,
    "obj": 32,
    "relax_obj": 32.0,
    "num_LCs": 1,
    "num_callbacks": 572,
    "num_CG_iterations": 19,
    "num_columns": 197,
    "num_nodes": 1,
    "overall_time": 10.192043781280518,
    "callback_time": 1.1743693351745605,
    "subproblem_time": 6.142848968505859,
    "mp_time": 4.039040803909302,
    "inh_time": null,
    "ilp_time": 0.0,
    "surgeon_schedule": {
        "1": [
            30
        ],
        "2": [
            27
        ],
        "3": [
            21
        ],
        "4": [
            17
        ],
        "5": [
            45
        ],
        "6": [
            0,
            39
        ],
        "7": [
            4,
            34,
            40
        ],
        "8": [
            10
        ],
        "9": [
            8
        ],
        "10": [
            19
        ],
        "11": [
            14,
            29,
            37,
            49
        ]
    },
    "patient_schedule": {
        "19": 30,
        "22": 30,
        "20": 27,
        "28": 27,
        "14": 21,
        "29": 21,
        "30": 21,
        "26": 17,
        "6": 45,
        "23": 45,
        "48": 45,
        "13": 0,
        "31": 0,
        "5": 39,
        "47": 39,
        "37": 4,
        "7": 34,
        "2": 40,
        "25": 40,
        "17": 10,
        "41": 10,
        "27": 8,
        "40": 8,
        "21": 19,
        "39": 19,
        "16": 14,
        "42": 14,
        "43": 29,
        "11": 37,
        "10": 49,
        "18": 49
    },
    "instance": null,
    "parameters": null,
    "parameters_data": null,
    "patients": null,
    "capacity": null,
    "num_days": null,
    "num_ORs": null,
    "num_surgeons": null,
    "initial_heuristics_time": 0.0,
    "gap": 0.0
}