{
    "proved_optimal": true,
    "obj": 22,
    "relax_obj": -91,
    "num_LCs": 0,
    "num_callbacks": 0,
    "num_CG_iterations": 15,
    "num_columns": 162,
    "num_nodes": 1,
    "overall_time": 7.712351083755493,
    "callback_time": 0.0,
    "subproblem_time": 4.419969320297241,
    "mp_time": 3.2757692337036133,
    "inh_time": null,
    "ilp_time": 0.0,
    "surgeon_schedule": {
        "1": [
            47
        ],
        "2": [
            44
        ],
        "3": [
            15,
            37
        ],
        "4": [
            20,
            40
        ],
        "5": [
            9
        ],
        "6": [
            10,
            29
        ],
        "7": [
            0,
            49
        ],
        "8": [
            5
        ],
        "9": [
            31
        ],
        "10": [
            19,
            39
        ],
        "11": [
            25
        ]
    },
    "patient_schedule": {
        "19": 47,
        "22": 47,
        "20": 44,
        "28": 44,
        "3": 15,
        "14": 15,
        "30": 15,
        "29": 37,
        "9": 20,
        "26": 40,
        "23": 9,
        "48": 9,
        "5": 10,
        "47": 10,
        "13": 29,
        "31": 29,
        "7": 0,
        "25": 49,
        "37": 49,
        "33": 5,
        "41": 5,
        "46": 5,
        "27": 31,
        "40": 31,
        "32": 19,
        "44": 19,
        "21": 39,
        "39": 39,
        "10": 25,
        "11": 25,
        "42": 25,
        "43": 25
    },
    "instance": null,
    "parameters": null,
    "parameters_data": null,
    "patients": null,
    "capacity": null,
    "num_days": null,
    "num_ORs": null,
    "num_surgeons": null,
    "initial_heuristics_time": 0.0,
    "gap": -1.2417582417582418
}