{
    "proved_optimal": true,
    "obj": 2,
    "relax_obj": 1.5,
    "num_LCs": 65,
    "num_callbacks": 972,
    "num_CG_iterations": 25,
    "num_columns": 226,
    "num_nodes": 3,
    "overall_time": 31.61328935623169,
    "callback_time": 2.023219108581543,
    "subproblem_time": 24.999475717544556,
    "mp_time": 6.597726106643677,
    "inh_time": null,
    "ilp_time": 0.0,
    "surgeon_schedule": {
        "3": [
            12,
            33,
            49
        ],
        "5": [
            8
        ],
        "6": [
            1,
            21,
            42
        ],
        "10": [
            19,
            27
        ],
        "11": [
            29
        ]
    },
    "patient_schedule": {
        "4": 12,
        "14": 12,
        "30": 12,
        "29": 33,
        "34": 33,
        "3": 49,
        "6": 8,
        "23": 8,
        "48": 8,
        "5": 1,
        "45": 1,
        "13": 21,
        "24": 21,
        "1": 42,
        "31": 42,
        "47": 42,
        "21": 19,
        "32": 19,
        "39": 27,
        "44": 27,
        "16": 29,
        "42": 29
    },
    "instance": null,
    "parameters": null,
    "parameters_data": null,
    "patients": null,
    "capacity": null,
    "num_days": null,
    "num_ORs": null,
    "num_surgeons": null,
    "initial_heuristics_time": 0.0,
    "gap": 0.3333333333333333
}