{
    "proved_optimal": true,
    "obj": 32,
    "relax_obj": 32.0,
    "num_LCs": 5,
    "num_callbacks": 574,
    "num_CG_iterations": 19,
    "num_columns": 197,
    "num_nodes": 1,
    "overall_time": 12.227030277252197,
    "callback_time": 1.3712739944458008,
    "subproblem_time": 7.422850131988525,
    "mp_time": 4.794722318649292,
    "inh_time": null,
    "ilp_time": 0.0,
    "surgeon_schedule": {
        "1": [
            30
        ],
        "2": [
            49
        ],
        "3": [
            25
        ],
        "4": [
            29
        ],
        "5": [
            45
        ],
        "6": [
            0,
            39
        ],
        "7": [
            4,
            34,
            40
        ],
        "8": [
            10
        ],
        "9": [
            8
        ],
        "10": [
            19
        ],
        "11": [
            15,
            20,
            37
        ]
    },
    "patient_schedule": {
        "19": 30,
        "22": 30,
        "20": 49,
        "28": 49,
        "14": 25,
        "29": 25,
        "30": 25,
        "26": 29,
        "6": 45,
        "23": 45,
        "48": 45,
        "13": 0,
        "31": 0,
        "5": 39,
        "47": 39,
        "37": 4,
        "7": 34,
        "2": 40,
        "25": 40,
        "17": 10,
        "41": 10,
        "27": 8,
        "40": 8,
        "21": 19,
        "39": 19,
        "16": 15,
        "18": 15,
        "43": 15,
        "10": 20,
        "42": 20,
        "11": 37
    },
    "instance": null,
    "parameters": null,
    "parameters_data": null,
    "patients": null,
    "capacity": null,
    "num_days": null,
    "num_ORs": null,
    "num_surgeons": null,
    "initial_heuristics_time": 0.0,
    "gap": 0.0
}