{
    "proved_optimal": true,
    "obj": 50,
    "relax_obj": 50.0,
    "num_LCs": 7,
    "num_callbacks": 641,
    "num_CG_iterations": 19,
    "num_columns": 199,
    "num_nodes": 1,
    "overall_time": 12.734796285629272,
    "callback_time": 1.705353021621704,
    "subproblem_time": 8.635072708129883,
    "mp_time": 4.093881845474243,
    "inh_time": null,
    "ilp_time": 0.0,
    "surgeon_schedule": {
        "0": [
            9,
            14
        ],
        "2": [
            37,
            48
        ],
        "4": [
            34
        ],
        "5": [
            18
        ],
        "6": [
            7,
            30,
            41
        ],
        "7": [
            39
        ],
        "8": [
            20
        ],
        "9": [
            10,
            26
        ],
        "10": [
            1
        ]
    },
    "patient_schedule": {
        "4": 9,
        "38": 9,
        "5": 14,
        "28": 37,
        "1": 48,
        "13": 48,
        "37": 48,
        "6": 34,
        "12": 18,
        "31": 18,
        "34": 18,
        "35": 18,
        "41": 7,
        "39": 30,
        "25": 41,
        "27": 41,
        "16": 39,
        "32": 20,
        "36": 20,
        "19": 10,
        "21": 10,
        "30": 26,
        "42": 26,
        "2": 1,
        "10": 1,
        "23": 1
    },
    "instance": null,
    "parameters": null,
    "parameters_data": null,
    "patients": null,
    "capacity": null,
    "num_days": null,
    "num_ORs": null,
    "num_surgeons": null,
    "initial_heuristics_time": 0.0,
    "gap": 0.0
}