{
    "proved_optimal": true,
    "obj": 48,
    "relax_obj": 48.0,
    "num_LCs": 60,
    "num_callbacks": 796,
    "num_CG_iterations": 21,
    "num_columns": 193,
    "num_nodes": 3,
    "overall_time": 24.751967906951904,
    "callback_time": 2.0224549770355225,
    "subproblem_time": 19.822295665740967,
    "mp_time": 4.915353059768677,
    "inh_time": null,
    "ilp_time": 0.0,
    "surgeon_schedule": {
        "0": [
            10,
            27
        ],
        "2": [
            19,
            31
        ],
        "4": [
            0
        ],
        "5": [
            5,
            39,
            40
        ],
        "6": [
            9,
            17,
            37
        ],
        "8": [
            14
        ],
        "9": [
            29
        ],
        "10": [
            21,
            46
        ]
    },
    "patient_schedule": {
        "38": 10,
        "44": 10,
        "5": 27,
        "28": 19,
        "1": 31,
        "13": 31,
        "37": 31,
        "6": 0,
        "0": 5,
        "9": 5,
        "34": 5,
        "12": 39,
        "31": 40,
        "35": 40,
        "15": 9,
        "27": 9,
        "41": 17,
        "39": 37,
        "32": 14,
        "36": 14,
        "19": 29,
        "21": 29,
        "2": 21,
        "10": 21,
        "24": 21,
        "8": 46,
        "20": 46
    },
    "instance": null,
    "parameters": null,
    "parameters_data": null,
    "patients": null,
    "capacity": null,
    "num_days": null,
    "num_ORs": null,
    "num_surgeons": null,
    "initial_heuristics_time": 0.0,
    "gap": 0.0
}