{
    "proved_optimal": true,
    "obj": 39,
    "relax_obj": 38.666666666666664,
    "num_LCs": 12,
    "num_callbacks": 453,
    "num_CG_iterations": 16,
    "num_columns": 176,
    "num_nodes": 1,
    "overall_time": 7.502696990966797,
    "callback_time": 0.9901518821716309,
    "subproblem_time": 4.511933326721191,
    "mp_time": 2.9857826232910156,
    "inh_time": null,
    "ilp_time": 0.0,
    "surgeon_schedule": {
        "0": [
            19,
            34
        ],
        "2": [
            8,
            30
        ],
        "3": [
            40
        ],
        "4": [
            10
        ],
        "5": [
            27,
            39
        ],
        "6": [
            17,
            20
        ],
        "7": [
            0,
            37
        ],
        "9": [
            4,
            29
        ],
        "10": [
            24,
            46
        ],
        "11": [
            14
        ]
    },
    "patient_schedule": {
        "5": 19,
        "4": 34,
        "38": 34,
        "1": 8,
        "13": 8,
        "37": 8,
        "28": 30,
        "18": 40,
        "6": 10,
        "31": 27,
        "35": 27,
        "9": 39,
        "34": 39,
        "41": 17,
        "15": 20,
        "27": 20,
        "16": 0,
        "26": 37,
        "30": 4,
        "19": 29,
        "21": 29,
        "10": 24,
        "23": 24,
        "24": 24,
        "2": 46,
        "20": 46,
        "22": 14
    },
    "instance": null,
    "parameters": null,
    "parameters_data": null,
    "patients": null,
    "capacity": null,
    "num_days": null,
    "num_ORs": null,
    "num_surgeons": null,
    "initial_heuristics_time": 0.0,
    "gap": 0.008620689655172476
}