{
    "proved_optimal": true,
    "obj": 17,
    "relax_obj": -84,
    "num_LCs": 0,
    "num_callbacks": 0,
    "num_CG_iterations": 18,
    "num_columns": 195,
    "num_nodes": 1,
    "overall_time": 6.450603246688843,
    "callback_time": 0.0,
    "subproblem_time": 2.8390002250671387,
    "mp_time": 3.603849411010742,
    "inh_time": null,
    "ilp_time": 0.0,
    "surgeon_schedule": {
        "0": [
            34,
            40
        ],
        "2": [
            8,
            10
        ],
        "3": [
            39
        ],
        "4": [
            19
        ],
        "5": [
            27,
            30
        ],
        "6": [
            4,
            37
        ],
        "7": [
            17,
            29
        ],
        "8": [
            0
        ],
        "9": [
            14,
            24
        ],
        "10": [
            20,
            46
        ]
    },
    "patient_schedule": {
        "5": 34,
        "4": 40,
        "38": 40,
        "1": 8,
        "13": 8,
        "37": 8,
        "28": 10,
        "18": 39,
        "6": 19,
        "31": 27,
        "35": 27,
        "9": 30,
        "34": 30,
        "15": 4,
        "27": 4,
        "41": 37,
        "26": 17,
        "16": 29,
        "32": 0,
        "36": 0,
        "21": 14,
        "30": 14,
        "19": 24,
        "10": 20,
        "23": 20,
        "24": 20,
        "2": 46,
        "20": 46
    },
    "instance": null,
    "parameters": null,
    "parameters_data": null,
    "patients": null,
    "capacity": null,
    "num_days": null,
    "num_ORs": null,
    "num_surgeons": null,
    "initial_heuristics_time": 0.0,
    "gap": -1.2023809523809523
}