{
    "proved_optimal": true,
    "obj": 1,
    "relax_obj": 0.33333333333333337,
    "num_LCs": 19,
    "num_callbacks": 831,
    "num_CG_iterations": 22,
    "num_columns": 218,
    "num_nodes": 1,
    "overall_time": 18.725285530090332,
    "callback_time": 2.363168478012085,
    "subproblem_time": 12.853920221328735,
    "mp_time": 5.863790988922119,
    "inh_time": null,
    "ilp_time": 0.0,
    "surgeon_schedule": {
        "2": [
            1,
            10,
            26
        ],
        "4": [
            19
        ],
        "5": [
            38
        ],
        "6": [
            8,
            15
        ],
        "8": [
            20
        ],
        "9": [
            49
        ],
        "10": [
            31,
            42
        ]
    },
    "patient_schedule": {
        "29": 1,
        "28": 10,
        "1": 26,
        "13": 26,
        "40": 26,
        "6": 19,
        "9": 38,
        "12": 38,
        "31": 38,
        "35": 38,
        "39": 8,
        "41": 8,
        "25": 15,
        "27": 15,
        "32": 20,
        "36": 20,
        "19": 49,
        "21": 49,
        "2": 31,
        "10": 31,
        "23": 31,
        "8": 42,
        "20": 42
    },
    "instance": null,
    "parameters": null,
    "parameters_data": null,
    "patients": null,
    "capacity": null,
    "num_days": null,
    "num_ORs": null,
    "num_surgeons": null,
    "initial_heuristics_time": 0.0,
    "gap": 1.9999999999999998
}