{
    "proved_optimal": true,
    "obj": 23,
    "relax_obj": 22.5,
    "num_LCs": 9,
    "num_callbacks": 754,
    "num_CG_iterations": 20,
    "num_columns": 187,
    "num_nodes": 1,
    "overall_time": 15.747896909713745,
    "callback_time": 2.129833221435547,
    "subproblem_time": 11.362382888793945,
    "mp_time": 4.379026889801025,
    "inh_time": null,
    "ilp_time": 0.0,
    "surgeon_schedule": {
        "2": [
            1,
            11,
            44
        ],
        "4": [
            9
        ],
        "5": [
            7,
            18
        ],
        "6": [
            29,
            34,
            48
        ],
        "8": [
            30
        ],
        "9": [
            40
        ],
        "10": [
            22,
            38
        ]
    },
    "patient_schedule": {
        "1": 1,
        "13": 1,
        "37": 1,
        "29": 11,
        "28": 44,
        "6": 9,
        "9": 7,
        "34": 7,
        "35": 7,
        "0": 18,
        "31": 18,
        "41": 29,
        "39": 34,
        "25": 48,
        "27": 48,
        "32": 30,
        "36": 30,
        "19": 40,
        "21": 40,
        "2": 22,
        "10": 22,
        "20": 22,
        "8": 38,
        "23": 38
    },
    "instance": null,
    "parameters": null,
    "parameters_data": null,
    "patients": null,
    "capacity": null,
    "num_days": null,
    "num_ORs": null,
    "num_surgeons": null,
    "initial_heuristics_time": 0.0,
    "gap": 0.022222222222222223
}