{
    "proved_optimal": true,
    "obj": 42,
    "relax_obj": -88,
    "num_LCs": 0,
    "num_callbacks": 0,
    "num_CG_iterations": 20,
    "num_columns": 206,
    "num_nodes": 3,
    "overall_time": 9.301273822784424,
    "callback_time": 0.0,
    "subproblem_time": 4.61568808555603,
    "mp_time": 4.671200513839722,
    "inh_time": null,
    "ilp_time": 0.0,
    "surgeon_schedule": {
        "0": [
            4,
            10,
            37
        ],
        "1": [
            28
        ],
        "2": [
            48
        ],
        "3": [
            40
        ],
        "5": [
            7,
            24,
            44
        ],
        "6": [
            19,
            39
        ],
        "7": [
            20
        ],
        "8": [
            0
        ],
        "9": [
            9
        ],
        "10": [
            15,
            31
        ]
    },
    "patient_schedule": {
        "44": 4,
        "5": 10,
        "4": 37,
        "38": 37,
        "3": 28,
        "14": 28,
        "1": 48,
        "13": 48,
        "37": 48,
        "18": 40,
        "12": 7,
        "9": 24,
        "34": 24,
        "31": 44,
        "35": 44,
        "15": 19,
        "27": 19,
        "41": 39,
        "26": 20,
        "32": 0,
        "36": 0,
        "19": 9,
        "21": 9,
        "20": 15,
        "23": 15,
        "24": 15,
        "8": 31,
        "10": 31
    },
    "instance": null,
    "parameters": null,
    "parameters_data": null,
    "patients": null,
    "capacity": null,
    "num_days": null,
    "num_ORs": null,
    "num_surgeons": null,
    "initial_heuristics_time": 0.0,
    "gap": -1.4772727272727273
}