{
    "proved_optimal": true,
    "obj": 28,
    "relax_obj": -29,
    "num_LCs": 0,
    "num_callbacks": 0,
    "num_CG_iterations": 16,
    "num_columns": 177,
    "num_nodes": 1,
    "overall_time": 4.637614727020264,
    "callback_time": 0.0,
    "subproblem_time": 1.7768495082855225,
    "mp_time": 2.853804349899292,
    "inh_time": null,
    "ilp_time": 0.0,
    "surgeon_schedule": {
        "0": [
            9,
            19,
            29
        ],
        "1": [
            41
        ],
        "2": [
            7,
            31
        ],
        "3": [
            0
        ],
        "5": [
            20,
            38,
            49
        ],
        "6": [
            4,
            17
        ],
        "8": [
            10
        ],
        "9": [
            14,
            24
        ],
        "10": [
            27
        ],
        "11": [
            47
        ]
    },
    "patient_schedule": {
        "38": 9,
        "44": 9,
        "4": 19,
        "5": 29,
        "3": 41,
        "14": 41,
        "28": 7,
        "1": 31,
        "13": 31,
        "37": 31,
        "18": 0,
        "31": 20,
        "35": 20,
        "0": 38,
        "9": 38,
        "34": 38,
        "12": 49,
        "39": 4,
        "15": 17,
        "27": 17,
        "32": 10,
        "36": 10,
        "19": 14,
        "21": 14,
        "30": 24,
        "10": 27,
        "23": 27,
        "24": 27,
        "22": 47
    },
    "instance": null,
    "parameters": null,
    "parameters_data": null,
    "patients": null,
    "capacity": null,
    "num_days": null,
    "num_ORs": null,
    "num_surgeons": null,
    "initial_heuristics_time": 0.0,
    "gap": -1.9655172413793103
}