{
    "proved_optimal": true,
    "obj": 46,
    "relax_obj": -29,
    "num_LCs": 0,
    "num_callbacks": 0,
    "num_CG_iterations": 16,
    "num_columns": 168,
    "num_nodes": 3,
    "overall_time": 4.346993684768677,
    "callback_time": 0.0,
    "subproblem_time": 1.551487684249878,
    "mp_time": 2.7806105613708496,
    "inh_time": null,
    "ilp_time": 0.0,
    "surgeon_schedule": {
        "0": [
            9,
            20,
            37
        ],
        "2": [
            1,
            17
        ],
        "3": [
            30
        ],
        "4": [
            14
        ],
        "5": [
            39,
            42
        ],
        "6": [
            7,
            10,
            29
        ],
        "8": [
            49
        ],
        "9": [
            19,
            27
        ],
        "10": [
            24
        ],
        "11": [
            34
        ]
    },
    "patient_schedule": {
        "38": 9,
        "4": 20,
        "44": 20,
        "5": 37,
        "1": 1,
        "13": 1,
        "37": 1,
        "28": 17,
        "18": 30,
        "6": 14,
        "12": 39,
        "35": 39,
        "0": 42,
        "9": 42,
        "31": 42,
        "34": 42,
        "41": 7,
        "15": 10,
        "27": 10,
        "39": 29,
        "32": 49,
        "36": 49,
        "19": 19,
        "21": 19,
        "30": 27,
        "10": 24,
        "23": 24,
        "24": 24,
        "22": 34
    },
    "instance": null,
    "parameters": null,
    "parameters_data": null,
    "patients": null,
    "capacity": null,
    "num_days": null,
    "num_ORs": null,
    "num_surgeons": null,
    "initial_heuristics_time": 0.0,
    "gap": -2.586206896551724
}