{
    "proved_optimal": true,
    "obj": 3,
    "relax_obj": 2.5,
    "num_LCs": 71,
    "num_callbacks": 895,
    "num_CG_iterations": 23,
    "num_columns": 210,
    "num_nodes": 1,
    "overall_time": 73.9890513420105,
    "callback_time": 2.059429407119751,
    "subproblem_time": 69.01341557502747,
    "mp_time": 4.968872308731079,
    "inh_time": null,
    "ilp_time": 0.0,
    "surgeon_schedule": {
        "0": [
            25
        ],
        "2": [
            29,
            48
        ],
        "4": [
            30
        ],
        "5": [
            18
        ],
        "6": [
            9,
            11,
            20
        ],
        "9": [
            2
        ],
        "10": [
            36,
            41
        ]
    },
    "patient_schedule": {
        "4": 25,
        "5": 25,
        "38": 25,
        "28": 29,
        "1": 48,
        "13": 48,
        "37": 48,
        "6": 30,
        "12": 18,
        "31": 18,
        "34": 18,
        "35": 18,
        "39": 9,
        "25": 11,
        "27": 11,
        "41": 20,
        "21": 2,
        "30": 2,
        "42": 2,
        "8": 36,
        "20": 36,
        "2": 41,
        "10": 41,
        "23": 41
    },
    "instance": null,
    "parameters": null,
    "parameters_data": null,
    "patients": null,
    "capacity": null,
    "num_days": null,
    "num_ORs": null,
    "num_surgeons": null,
    "initial_heuristics_time": 0.0,
    "gap": 0.2
}