{
    "proved_optimal": true,
    "obj": 63,
    "relax_obj": -84,
    "num_LCs": 0,
    "num_callbacks": 0,
    "num_CG_iterations": 16,
    "num_columns": 172,
    "num_nodes": 1,
    "overall_time": 5.238979816436768,
    "callback_time": 0.0,
    "subproblem_time": 2.568060874938965,
    "mp_time": 2.6649346351623535,
    "inh_time": null,
    "ilp_time": 0.0,
    "surgeon_schedule": {
        "0": [
            0,
            34
        ],
        "2": [
            6
        ],
        "3": [
            49
        ],
        "4": [
            39
        ],
        "5": [
            29,
            40
        ],
        "6": [
            45
        ],
        "7": [
            17,
            27
        ],
        "9": [
            19,
            30
        ],
        "10": [
            11,
            21
        ],
        "11": [
            37
        ]
    },
    "patient_schedule": {
        "5": 0,
        "4": 34,
        "38": 34,
        "1": 6,
        "13": 6,
        "28": 6,
        "37": 6,
        "18": 49,
        "6": 39,
        "31": 29,
        "9": 40,
        "34": 40,
        "35": 40,
        "15": 45,
        "27": 45,
        "41": 45,
        "16": 17,
        "26": 27,
        "21": 19,
        "30": 19,
        "19": 30,
        "2": 11,
        "23": 11,
        "10": 21,
        "20": 21,
        "24": 21,
        "22": 37
    },
    "instance": null,
    "parameters": null,
    "parameters_data": null,
    "patients": null,
    "capacity": null,
    "num_days": null,
    "num_ORs": null,
    "num_surgeons": null,
    "initial_heuristics_time": 0.0,
    "gap": -1.75
}