{
    "proved_optimal": true,
    "obj": 39,
    "relax_obj": 38.666666666666664,
    "num_LCs": 0,
    "num_callbacks": 0,
    "num_CG_iterations": 17,
    "num_columns": 185,
    "num_nodes": 1,
    "overall_time": 7.8323705196380615,
    "callback_time": 0.0,
    "subproblem_time": 3.5846686363220215,
    "mp_time": 4.241288423538208,
    "inh_time": null,
    "ilp_time": 0.0,
    "surgeon_schedule": {
        "0": [
            24,
            49
        ],
        "2": [
            18,
            30
        ],
        "4": [
            29
        ],
        "5": [
            14,
            47
        ],
        "6": [
            41
        ],
        "7": [
            5
        ],
        "8": [
            9
        ],
        "9": [
            10,
            27
        ],
        "10": [
            20,
            36
        ],
        "11": [
            0
        ]
    },
    "patient_schedule": {
        "5": 24,
        "4": 49,
        "38": 49,
        "1": 18,
        "13": 18,
        "37": 18,
        "28": 30,
        "6": 29,
        "9": 14,
        "34": 14,
        "31": 47,
        "35": 47,
        "15": 41,
        "27": 41,
        "41": 41,
        "16": 5,
        "26": 5,
        "32": 9,
        "36": 9,
        "21": 10,
        "30": 10,
        "19": 27,
        "10": 20,
        "23": 20,
        "24": 20,
        "2": 36,
        "20": 36,
        "22": 0
    },
    "instance": null,
    "parameters": null,
    "parameters_data": null,
    "patients": null,
    "capacity": null,
    "num_days": null,
    "num_ORs": null,
    "num_surgeons": null,
    "initial_heuristics_time": 0.0,
    "gap": 0.008620689655172476
}