{
    "proved_optimal": true,
    "obj": 1,
    "relax_obj": 0.3333333333333333,
    "num_LCs": 12,
    "num_callbacks": 733,
    "num_CG_iterations": 20,
    "num_columns": 191,
    "num_nodes": 1,
    "overall_time": 18.047698736190796,
    "callback_time": 2.182025909423828,
    "subproblem_time": 13.410561323165894,
    "mp_time": 4.631166458129883,
    "inh_time": null,
    "ilp_time": 0.0,
    "surgeon_schedule": {
        "2": [
            8,
            12,
            29
        ],
        "4": [
            30
        ],
        "5": [
            48
        ],
        "6": [
            1,
            19,
            44
        ],
        "8": [
            27
        ],
        "9": [
            40
        ],
        "10": [
            21,
            36
        ]
    },
    "patient_schedule": {
        "29": 8,
        "1": 12,
        "13": 12,
        "40": 12,
        "28": 29,
        "6": 30,
        "9": 48,
        "12": 48,
        "31": 48,
        "35": 48,
        "25": 1,
        "27": 1,
        "39": 19,
        "41": 44,
        "32": 27,
        "36": 27,
        "19": 40,
        "21": 40,
        "2": 21,
        "10": 21,
        "23": 21,
        "8": 36,
        "20": 36
    },
    "instance": null,
    "parameters": null,
    "parameters_data": null,
    "patients": null,
    "capacity": null,
    "num_days": null,
    "num_ORs": null,
    "num_surgeons": null,
    "initial_heuristics_time": 0.0,
    "gap": 2.0000000000000004
}