{
    "proved_optimal": true,
    "obj": 36,
    "relax_obj": 36.0,
    "num_LCs": 51,
    "num_callbacks": 748,
    "num_CG_iterations": 21,
    "num_columns": 200,
    "num_nodes": 7,
    "overall_time": 14.787788152694702,
    "callback_time": 1.6415925025939941,
    "subproblem_time": 9.363509893417358,
    "mp_time": 5.406383275985718,
    "inh_time": null,
    "ilp_time": 0.0,
    "surgeon_schedule": {
        "0": [
            10,
            40
        ],
        "1": [
            9
        ],
        "2": [
            17,
            31
        ],
        "3": [
            44
        ],
        "5": [
            4,
            29,
            38
        ],
        "6": [
            0,
            24,
            48
        ],
        "7": [
            19
        ],
        "8": [
            20
        ],
        "9": [
            14
        ],
        "10": [
            7
        ],
        "11": [
            27
        ]
    },
    "patient_schedule": {
        "5": 10,
        "38": 40,
        "44": 40,
        "3": 9,
        "28": 17,
        "1": 31,
        "13": 31,
        "37": 31,
        "18": 44,
        "9": 4,
        "34": 4,
        "12": 29,
        "35": 29,
        "0": 38,
        "31": 38,
        "41": 0,
        "39": 24,
        "15": 48,
        "43": 48,
        "26": 19,
        "32": 20,
        "36": 20,
        "19": 14,
        "21": 14,
        "10": 7,
        "23": 7,
        "24": 7,
        "22": 27
    },
    "instance": null,
    "parameters": null,
    "parameters_data": null,
    "patients": null,
    "capacity": null,
    "num_days": null,
    "num_ORs": null,
    "num_surgeons": null,
    "initial_heuristics_time": 0.0,
    "gap": 0.0
}