{
    "proved_optimal": true,
    "obj": 50,
    "relax_obj": 50.0,
    "num_LCs": 42,
    "num_callbacks": 713,
    "num_CG_iterations": 20,
    "num_columns": 199,
    "num_nodes": 3,
    "overall_time": 14.845947504043579,
    "callback_time": 1.8296537399291992,
    "subproblem_time": 10.170578002929688,
    "mp_time": 4.66291880607605,
    "inh_time": null,
    "ilp_time": 0.0,
    "surgeon_schedule": {
        "0": [
            7,
            39
        ],
        "2": [
            28,
            40
        ],
        "4": [
            14
        ],
        "5": [
            1
        ],
        "6": [
            9,
            19,
            48
        ],
        "7": [
            44
        ],
        "8": [
            17
        ],
        "9": [
            10,
            32
        ],
        "10": [
            21
        ]
    },
    "patient_schedule": {
        "5": 7,
        "4": 39,
        "38": 39,
        "1": 28,
        "13": 28,
        "37": 28,
        "28": 40,
        "6": 14,
        "12": 1,
        "31": 1,
        "34": 1,
        "35": 1,
        "41": 9,
        "39": 19,
        "25": 48,
        "27": 48,
        "16": 44,
        "32": 17,
        "36": 17,
        "19": 10,
        "21": 10,
        "30": 32,
        "42": 32,
        "2": 21,
        "10": 21,
        "23": 21
    },
    "instance": null,
    "parameters": null,
    "parameters_data": null,
    "patients": null,
    "capacity": null,
    "num_days": null,
    "num_ORs": null,
    "num_surgeons": null,
    "initial_heuristics_time": 0.0,
    "gap": 0.0
}