{
    "proved_optimal": true,
    "obj": 3,
    "relax_obj": 2.5,
    "num_LCs": 66,
    "num_callbacks": 870,
    "num_CG_iterations": 22,
    "num_columns": 213,
    "num_nodes": 1,
    "overall_time": 37.16627311706543,
    "callback_time": 2.08415150642395,
    "subproblem_time": 32.14950656890869,
    "mp_time": 5.009691953659058,
    "inh_time": null,
    "ilp_time": 0.0,
    "surgeon_schedule": {
        "2": [
            36
        ],
        "4": [
            30
        ],
        "5": [
            21
        ],
        "6": [
            9,
            10,
            41
        ],
        "8": [
            29
        ],
        "9": [
            2,
            27
        ],
        "10": [
            16,
            48
        ]
    },
    "patient_schedule": {
        "1": 36,
        "13": 36,
        "28": 36,
        "37": 36,
        "6": 30,
        "12": 21,
        "31": 21,
        "34": 21,
        "35": 21,
        "39": 9,
        "41": 10,
        "25": 41,
        "27": 41,
        "32": 29,
        "36": 29,
        "21": 2,
        "30": 2,
        "42": 2,
        "19": 27,
        "2": 16,
        "10": 16,
        "20": 16,
        "8": 48,
        "23": 48
    },
    "instance": null,
    "parameters": null,
    "parameters_data": null,
    "patients": null,
    "capacity": null,
    "num_days": null,
    "num_ORs": null,
    "num_surgeons": null,
    "initial_heuristics_time": 0.0,
    "gap": 0.2
}