{
    "proved_optimal": true,
    "obj": 37,
    "relax_obj": 37.0,
    "num_LCs": 0,
    "num_callbacks": 0,
    "num_CG_iterations": 19,
    "num_columns": 205,
    "num_nodes": 1,
    "overall_time": 5.740097284317017,
    "callback_time": 0.0,
    "subproblem_time": 2.1971993446350098,
    "mp_time": 3.5366883277893066,
    "inh_time": null,
    "ilp_time": 0.0,
    "surgeon_schedule": {
        "1": [
            5,
            21
        ],
        "2": [
            35
        ],
        "3": [
            27
        ],
        "4": [
            9
        ],
        "5": [
            0,
            44
        ],
        "6": [
            39
        ],
        "8": [
            11,
            29
        ],
        "9": [
            30,
            48
        ],
        "10": [
            40
        ],
        "11": [
            18
        ]
    },
    "patient_schedule": {
        "5": 5,
        "27": 5,
        "43": 5,
        "10": 21,
        "42": 21,
        "7": 35,
        "38": 35,
        "46": 35,
        "4": 27,
        "20": 27,
        "16": 9,
        "1": 0,
        "2": 0,
        "12": 44,
        "18": 44,
        "35": 44,
        "6": 39,
        "45": 39,
        "14": 11,
        "22": 11,
        "31": 11,
        "21": 29,
        "23": 30,
        "37": 30,
        "19": 48,
        "29": 48,
        "41": 48,
        "28": 40,
        "8": 18,
        "30": 18,
        "40": 18
    },
    "instance": null,
    "parameters": null,
    "parameters_data": null,
    "patients": null,
    "capacity": null,
    "num_days": null,
    "num_ORs": null,
    "num_surgeons": null,
    "initial_heuristics_time": 0.0,
    "gap": 0.0
}