{
    "proved_optimal": true,
    "obj": 46,
    "relax_obj": 46.0,
    "num_LCs": 0,
    "num_callbacks": 0,
    "num_CG_iterations": 22,
    "num_columns": 237,
    "num_nodes": 1,
    "overall_time": 15.857270002365112,
    "callback_time": 0.0,
    "subproblem_time": 10.267085790634155,
    "mp_time": 5.581280946731567,
    "inh_time": null,
    "ilp_time": 0.0,
    "surgeon_schedule": {
        "1": [
            43
        ],
        "2": [
            35
        ],
        "3": [
            14
        ],
        "5": [
            0,
            10
        ],
        "6": [
            39
        ],
        "8": [
            17,
            30
        ],
        "9": [
            5,
            20
        ],
        "10": [
            9,
            26
        ],
        "11": [
            19
        ]
    },
    "patient_schedule": {
        "5": 43,
        "10": 43,
        "27": 43,
        "42": 43,
        "43": 43,
        "7": 35,
        "38": 35,
        "46": 35,
        "4": 14,
        "20": 14,
        "2": 0,
        "18": 0,
        "35": 0,
        "1": 10,
        "12": 10,
        "6": 39,
        "45": 39,
        "14": 17,
        "31": 17,
        "21": 30,
        "23": 5,
        "29": 5,
        "37": 5,
        "41": 5,
        "19": 20,
        "28": 9,
        "13": 26,
        "24": 26,
        "26": 26,
        "8": 19,
        "30": 19
    },
    "instance": null,
    "parameters": null,
    "parameters_data": null,
    "patients": null,
    "capacity": null,
    "num_days": null,
    "num_ORs": null,
    "num_surgeons": null,
    "initial_heuristics_time": 0.0,
    "gap": 0.0
}