{
    "proved_optimal": true,
    "obj": 50,
    "relax_obj": -32,
    "num_LCs": 0,
    "num_callbacks": 0,
    "num_CG_iterations": 18,
    "num_columns": 193,
    "num_nodes": 1,
    "overall_time": 5.471637725830078,
    "callback_time": 0.0,
    "subproblem_time": 2.2415642738342285,
    "mp_time": 3.2224678993225098,
    "inh_time": null,
    "ilp_time": 0.0,
    "surgeon_schedule": {
        "1": [
            8
        ],
        "2": [
            30
        ],
        "3": [
            14,
            34
        ],
        "5": [
            19,
            41
        ],
        "6": [
            17,
            27,
            47
        ],
        "8": [
            10,
            21
        ],
        "9": [
            29,
            38
        ],
        "11": [
            1,
            49
        ]
    },
    "patient_schedule": {
        "5": 8,
        "27": 8,
        "43": 8,
        "38": 30,
        "46": 30,
        "4": 14,
        "49": 14,
        "20": 34,
        "12": 19,
        "50": 19,
        "1": 41,
        "2": 41,
        "18": 41,
        "32": 41,
        "35": 41,
        "45": 17,
        "6": 27,
        "39": 27,
        "0": 47,
        "22": 10,
        "14": 21,
        "21": 21,
        "31": 21,
        "34": 29,
        "23": 38,
        "29": 38,
        "37": 38,
        "41": 38,
        "15": 1,
        "30": 1,
        "40": 1,
        "8": 49
    },
    "instance": null,
    "parameters": null,
    "parameters_data": null,
    "patients": null,
    "capacity": null,
    "num_days": null,
    "num_ORs": null,
    "num_surgeons": null,
    "initial_heuristics_time": 0.0,
    "gap": -2.5625
}