{
    "proved_optimal": true,
    "obj": 18,
    "relax_obj": -98,
    "num_LCs": 0,
    "num_callbacks": 0,
    "num_CG_iterations": 20,
    "num_columns": 212,
    "num_nodes": 1,
    "overall_time": 15.119125604629517,
    "callback_time": 0.0,
    "subproblem_time": 8.884865522384644,
    "mp_time": 6.22153639793396,
    "inh_time": null,
    "ilp_time": 0.0,
    "surgeon_schedule": {
        "1": [
            2
        ],
        "2": [
            44
        ],
        "3": [
            20
        ],
        "5": [
            24,
            38
        ],
        "7": [
            9,
            40
        ],
        "8": [
            29,
            30
        ],
        "9": [
            19,
            49
        ],
        "10": [
            12
        ],
        "11": [
            27,
            34,
            47
        ]
    },
    "patient_schedule": {
        "5": 2,
        "10": 2,
        "33": 2,
        "38": 44,
        "46": 44,
        "4": 20,
        "49": 20,
        "2": 24,
        "12": 24,
        "18": 24,
        "1": 38,
        "32": 38,
        "35": 38,
        "50": 38,
        "3": 9,
        "44": 40,
        "14": 29,
        "31": 29,
        "21": 30,
        "29": 19,
        "41": 19,
        "23": 49,
        "34": 49,
        "13": 12,
        "24": 12,
        "26": 12,
        "15": 27,
        "40": 34,
        "8": 47,
        "30": 47
    },
    "instance": null,
    "parameters": null,
    "parameters_data": null,
    "patients": null,
    "capacity": null,
    "num_days": null,
    "num_ORs": null,
    "num_surgeons": null,
    "initial_heuristics_time": 0.0,
    "gap": -1.183673469387755
}