{
    "proved_optimal": true,
    "obj": 23,
    "relax_obj": 23.0,
    "num_LCs": 0,
    "num_callbacks": 0,
    "num_CG_iterations": 27,
    "num_columns": 239,
    "num_nodes": 7,
    "overall_time": 29.467349529266357,
    "callback_time": 0.0,
    "subproblem_time": 20.620414972305298,
    "mp_time": 8.818490743637085,
    "inh_time": null,
    "ilp_time": 0.0,
    "surgeon_schedule": {
        "1": [
            15,
            41
        ],
        "3": [
            29
        ],
        "5": [
            19,
            37,
            49
        ],
        "6": [
            25
        ],
        "8": [
            0,
            10
        ],
        "9": [
            20,
            34,
            47
        ],
        "10": [
            6,
            30
        ],
        "11": [
            39
        ]
    },
    "patient_schedule": {
        "10": 15,
        "42": 15,
        "5": 41,
        "27": 41,
        "43": 41,
        "4": 29,
        "20": 29,
        "12": 19,
        "50": 19,
        "1": 37,
        "2": 37,
        "18": 49,
        "32": 49,
        "35": 49,
        "0": 25,
        "39": 25,
        "45": 25,
        "21": 0,
        "14": 10,
        "31": 10,
        "29": 20,
        "34": 20,
        "19": 34,
        "23": 47,
        "37": 47,
        "13": 6,
        "24": 6,
        "26": 6,
        "28": 30,
        "15": 39,
        "30": 39
    },
    "instance": null,
    "parameters": null,
    "parameters_data": null,
    "patients": null,
    "capacity": null,
    "num_days": null,
    "num_ORs": null,
    "num_surgeons": null,
    "initial_heuristics_time": 0.0,
    "gap": 0.0
}