{
    "proved_optimal": true,
    "obj": 19,
    "relax_obj": 19.0,
    "num_LCs": 0,
    "num_callbacks": 0,
    "num_CG_iterations": 24,
    "num_columns": 200,
    "num_nodes": 11,
    "overall_time": 10.974754571914673,
    "callback_time": 0.0,
    "subproblem_time": 3.9490325450897217,
    "mp_time": 6.9887166023254395,
    "inh_time": null,
    "ilp_time": 0.0,
    "surgeon_schedule": {
        "1": [
            8,
            40
        ],
        "2": [
            20
        ],
        "3": [
            10,
            47
        ],
        "4": [
            30,
            44
        ],
        "5": [
            0,
            14,
            49
        ],
        "6": [
            28,
            39
        ],
        "8": [
            37
        ],
        "9": [
            4,
            19,
            24,
            34
        ],
        "11": [
            17
        ]
    },
    "patient_schedule": {
        "5": 8,
        "27": 8,
        "43": 8,
        "10": 40,
        "38": 20,
        "46": 20,
        "20": 10,
        "4": 47,
        "49": 47,
        "16": 30,
        "47": 44,
        "12": 0,
        "18": 0,
        "50": 0,
        "1": 14,
        "32": 14,
        "2": 49,
        "35": 49,
        "0": 28,
        "39": 28,
        "6": 39,
        "45": 39,
        "14": 37,
        "31": 37,
        "29": 4,
        "34": 4,
        "37": 19,
        "23": 24,
        "41": 24,
        "19": 34,
        "15": 17,
        "30": 17
    },
    "instance": null,
    "parameters": null,
    "parameters_data": null,
    "patients": null,
    "capacity": null,
    "num_days": null,
    "num_ORs": null,
    "num_surgeons": null,
    "initial_heuristics_time": 0.0,
    "gap": 0.0
}