{
    "proved_optimal": true,
    "obj": 25,
    "relax_obj": 24.5,
    "num_LCs": 42,
    "num_callbacks": 999,
    "num_CG_iterations": 25,
    "num_columns": 230,
    "num_nodes": 5,
    "overall_time": 27.061057806015015,
    "callback_time": 2.342041492462158,
    "subproblem_time": 20.285101175308228,
    "mp_time": 6.75429368019104,
    "inh_time": null,
    "ilp_time": 0.0,
    "surgeon_schedule": {
        "1": [
            18,
            31
        ],
        "5": [
            0,
            29,
            44
        ],
        "6": [
            40
        ],
        "8": [
            10,
            39
        ],
        "9": [
            14,
            48
        ],
        "10": [
            5,
            22,
            37
        ],
        "11": [
            9
        ]
    },
    "patient_schedule": {
        "5": 18,
        "27": 18,
        "43": 18,
        "10": 31,
        "42": 31,
        "12": 0,
        "18": 0,
        "35": 0,
        "32": 29,
        "50": 29,
        "1": 44,
        "2": 44,
        "6": 40,
        "45": 40,
        "21": 10,
        "14": 39,
        "31": 39,
        "23": 14,
        "37": 14,
        "19": 48,
        "29": 48,
        "41": 48,
        "11": 5,
        "13": 22,
        "24": 22,
        "26": 22,
        "28": 37,
        "8": 9,
        "30": 9
    },
    "instance": null,
    "parameters": null,
    "parameters_data": null,
    "patients": null,
    "capacity": null,
    "num_days": null,
    "num_ORs": null,
    "num_surgeons": null,
    "initial_heuristics_time": 0.0,
    "gap": 0.02040816326530612
}