{
    "proved_optimal": true,
    "obj": 27,
    "relax_obj": -32,
    "num_LCs": 0,
    "num_callbacks": 0,
    "num_CG_iterations": 16,
    "num_columns": 169,
    "num_nodes": 1,
    "overall_time": 5.492231369018555,
    "callback_time": 0.0,
    "subproblem_time": 2.5686686038970947,
    "mp_time": 2.9149961471557617,
    "inh_time": null,
    "ilp_time": 0.0,
    "surgeon_schedule": {
        "1": [
            38
        ],
        "2": [
            4
        ],
        "3": [
            28
        ],
        "4": [
            0,
            49
        ],
        "5": [
            19,
            34,
            40
        ],
        "6": [
            10
        ],
        "8": [
            9,
            14,
            20
        ],
        "9": [
            7,
            17,
            44
        ],
        "11": [
            24,
            30,
            47
        ]
    },
    "patient_schedule": {
        "5": 38,
        "27": 38,
        "43": 38,
        "38": 4,
        "46": 4,
        "4": 28,
        "20": 28,
        "49": 28,
        "47": 0,
        "16": 49,
        "35": 19,
        "50": 19,
        "1": 34,
        "2": 34,
        "12": 40,
        "18": 40,
        "32": 40,
        "0": 10,
        "6": 10,
        "21": 9,
        "14": 14,
        "31": 14,
        "22": 20,
        "34": 7,
        "29": 17,
        "41": 17,
        "23": 44,
        "37": 44,
        "8": 24,
        "30": 24,
        "40": 30,
        "15": 47
    },
    "instance": null,
    "parameters": null,
    "parameters_data": null,
    "patients": null,
    "capacity": null,
    "num_days": null,
    "num_ORs": null,
    "num_surgeons": null,
    "initial_heuristics_time": 0.0,
    "gap": -1.84375
}