{
    "proved_optimal": true,
    "obj": 48,
    "relax_obj": -100,
    "num_LCs": 0,
    "num_callbacks": 0,
    "num_CG_iterations": 25,
    "num_columns": 244,
    "num_nodes": 5,
    "overall_time": 8.990027904510498,
    "callback_time": 0.0,
    "subproblem_time": 2.990874767303467,
    "mp_time": 5.980924129486084,
    "inh_time": null,
    "ilp_time": 0.0,
    "surgeon_schedule": {
        "1": [
            13
        ],
        "2": [
            31
        ],
        "3": [
            47
        ],
        "4": [
            9
        ],
        "5": [
            39,
            44
        ],
        "6": [
            20
        ],
        "8": [
            1,
            29
        ],
        "9": [
            27,
            37,
            49
        ],
        "10": [
            24
        ],
        "11": [
            7,
            40
        ]
    },
    "patient_schedule": {
        "5": 13,
        "10": 13,
        "27": 13,
        "42": 13,
        "43": 13,
        "7": 31,
        "38": 31,
        "46": 31,
        "4": 47,
        "20": 47,
        "16": 9,
        "18": 39,
        "32": 39,
        "35": 39,
        "1": 44,
        "2": 44,
        "6": 20,
        "45": 20,
        "14": 1,
        "21": 1,
        "31": 1,
        "22": 29,
        "23": 27,
        "37": 27,
        "19": 37,
        "29": 49,
        "41": 49,
        "28": 24,
        "8": 7,
        "30": 7,
        "40": 40
    },
    "instance": null,
    "parameters": null,
    "parameters_data": null,
    "patients": null,
    "capacity": null,
    "num_days": null,
    "num_ORs": null,
    "num_surgeons": null,
    "initial_heuristics_time": 0.0,
    "gap": -1.48
}