{
    "proved_optimal": true,
    "obj": 19,
    "relax_obj": 19.0,
    "num_LCs": 33,
    "num_callbacks": 666,
    "num_CG_iterations": 22,
    "num_columns": 217,
    "num_nodes": 5,
    "overall_time": 12.22879672050476,
    "callback_time": 1.5467302799224854,
    "subproblem_time": 6.061255693435669,
    "mp_time": 6.149626970291138,
    "inh_time": null,
    "ilp_time": 0.0,
    "surgeon_schedule": {
        "1": [
            28,
            39
        ],
        "2": [
            30
        ],
        "3": [
            17,
            47
        ],
        "5": [
            9,
            19,
            44
        ],
        "6": [
            4
        ],
        "8": [
            11
        ],
        "9": [
            24,
            40
        ],
        "10": [
            0,
            20,
            37
        ],
        "11": [
            7,
            34,
            49
        ]
    },
    "patient_schedule": {
        "5": 28,
        "27": 28,
        "43": 28,
        "10": 39,
        "38": 30,
        "46": 30,
        "20": 17,
        "4": 47,
        "49": 47,
        "2": 9,
        "18": 9,
        "50": 9,
        "1": 19,
        "12": 19,
        "32": 44,
        "35": 44,
        "6": 4,
        "45": 4,
        "14": 11,
        "22": 11,
        "31": 11,
        "29": 24,
        "41": 24,
        "23": 40,
        "37": 40,
        "24": 0,
        "13": 20,
        "28": 37,
        "15": 7,
        "40": 34,
        "8": 49,
        "30": 49
    },
    "instance": null,
    "parameters": null,
    "parameters_data": null,
    "patients": null,
    "capacity": null,
    "num_days": null,
    "num_ORs": null,
    "num_surgeons": null,
    "initial_heuristics_time": 0.0,
    "gap": 0.0
}