{
    "proved_optimal": true,
    "obj": 1,
    "relax_obj": 1.0,
    "num_LCs": 55,
    "num_callbacks": 1082,
    "num_CG_iterations": 28,
    "num_columns": 244,
    "num_nodes": 7,
    "overall_time": 28.050893545150757,
    "callback_time": 2.7612600326538086,
    "subproblem_time": 19.74562978744507,
    "mp_time": 8.275970220565796,
    "inh_time": null,
    "ilp_time": 0.0,
    "surgeon_schedule": {
        "0": [
            48
        ],
        "1": [
            1,
            25
        ],
        "5": [
            9,
            20
        ],
        "6": [
            30
        ],
        "8": [
            34,
            40
        ],
        "9": [
            7,
            19,
            29
        ],
        "10": [
            12,
            38,
            44
        ]
    },
    "patient_schedule": {
        "36": 48,
        "5": 1,
        "27": 1,
        "43": 1,
        "10": 25,
        "42": 25,
        "1": 9,
        "2": 9,
        "12": 20,
        "18": 20,
        "35": 20,
        "6": 30,
        "45": 30,
        "14": 34,
        "31": 34,
        "21": 40,
        "23": 7,
        "37": 7,
        "29": 19,
        "41": 19,
        "19": 29,
        "13": 12,
        "24": 12,
        "26": 12,
        "11": 38,
        "28": 44
    },
    "instance": null,
    "parameters": null,
    "parameters_data": null,
    "patients": null,
    "capacity": null,
    "num_days": null,
    "num_ORs": null,
    "num_surgeons": null,
    "initial_heuristics_time": 0.0,
    "gap": 0.0
}