{
    "proved_optimal": true,
    "obj": 19,
    "relax_obj": 19.0,
    "num_LCs": 3,
    "num_callbacks": 473,
    "num_CG_iterations": 19,
    "num_columns": 208,
    "num_nodes": 1,
    "overall_time": 9.650588750839233,
    "callback_time": 1.1089086532592773,
    "subproblem_time": 4.79670786857605,
    "mp_time": 4.846771240234375,
    "inh_time": null,
    "ilp_time": 0.0,
    "surgeon_schedule": {
        "1": [
            9,
            28
        ],
        "2": [
            49
        ],
        "3": [
            39
        ],
        "5": [
            11,
            24
        ],
        "6": [
            17,
            30,
            47
        ],
        "8": [
            41
        ],
        "9": [
            7,
            19,
            20,
            37
        ],
        "11": [
            1,
            34
        ]
    },
    "patient_schedule": {
        "10": 9,
        "5": 28,
        "27": 28,
        "43": 28,
        "38": 49,
        "46": 49,
        "4": 39,
        "49": 39,
        "1": 11,
        "2": 11,
        "35": 11,
        "50": 11,
        "12": 24,
        "18": 24,
        "32": 24,
        "39": 17,
        "45": 30,
        "0": 47,
        "6": 47,
        "14": 41,
        "22": 41,
        "31": 41,
        "23": 7,
        "41": 7,
        "29": 19,
        "34": 19,
        "37": 20,
        "19": 37,
        "8": 1,
        "15": 1,
        "30": 1,
        "40": 34
    },
    "instance": null,
    "parameters": null,
    "parameters_data": null,
    "patients": null,
    "capacity": null,
    "num_days": null,
    "num_ORs": null,
    "num_surgeons": null,
    "initial_heuristics_time": 0.0,
    "gap": 0.0
}