{
    "proved_optimal": true,
    "obj": 1,
    "relax_obj": 1.0,
    "num_LCs": 61,
    "num_callbacks": 1123,
    "num_CG_iterations": 28,
    "num_columns": 229,
    "num_nodes": 7,
    "overall_time": 29.828425407409668,
    "callback_time": 2.3969974517822266,
    "subproblem_time": 22.570106267929077,
    "mp_time": 7.2313854694366455,
    "inh_time": null,
    "ilp_time": 0.0,
    "surgeon_schedule": {
        "0": [
            41
        ],
        "1": [
            18,
            28
        ],
        "5": [
            9,
            49
        ],
        "6": [
            7
        ],
        "8": [
            10,
            47
        ],
        "9": [
            14,
            20,
            39
        ],
        "10": [
            1,
            24,
            32
        ]
    },
    "patient_schedule": {
        "36": 41,
        "10": 18,
        "42": 18,
        "5": 28,
        "27": 28,
        "43": 28,
        "2": 9,
        "18": 9,
        "35": 9,
        "1": 49,
        "12": 49,
        "6": 7,
        "45": 7,
        "21": 10,
        "14": 47,
        "31": 47,
        "29": 14,
        "41": 14,
        "19": 20,
        "23": 39,
        "37": 39,
        "11": 1,
        "28": 24,
        "13": 32,
        "24": 32,
        "26": 32
    },
    "instance": null,
    "parameters": null,
    "parameters_data": null,
    "patients": null,
    "capacity": null,
    "num_days": null,
    "num_ORs": null,
    "num_surgeons": null,
    "initial_heuristics_time": 0.0,
    "gap": 0.0
}