{
    "proved_optimal": true,
    "obj": 0,
    "relax_obj": 1.3877787807814457e-17,
    "num_LCs": 32,
    "num_callbacks": 835,
    "num_CG_iterations": 25,
    "num_columns": 229,
    "num_nodes": 5,
    "overall_time": 19.870238542556763,
    "callback_time": 2.3285040855407715,
    "subproblem_time": 12.832215070724487,
    "mp_time": 7.018392562866211,
    "inh_time": null,
    "ilp_time": 0.0,
    "surgeon_schedule": {
        "0": [
            5
        ],
        "1": [
            23,
            36
        ],
        "6": [
            18
        ],
        "8": [
            9,
            30
        ],
        "10": [
            0,
            11,
            46
        ],
        "11": [
            40
        ]
    },
    "patient_schedule": {
        "36": 5,
        "5": 23,
        "42": 23,
        "48": 23,
        "10": 36,
        "33": 36,
        "43": 36,
        "0": 18,
        "39": 18,
        "45": 18,
        "14": 9,
        "31": 9,
        "21": 30,
        "28": 0,
        "11": 11,
        "13": 46,
        "24": 46,
        "26": 46,
        "15": 40,
        "30": 40
    },
    "instance": null,
    "parameters": null,
    "parameters_data": null,
    "patients": null,
    "capacity": null,
    "num_days": null,
    "num_ORs": null,
    "num_surgeons": null,
    "initial_heuristics_time": 0.0,
    "gap": null
}