{
    "proved_optimal": true,
    "obj": 23,
    "relax_obj": 23.0,
    "num_LCs": 20,
    "num_callbacks": 1209,
    "num_CG_iterations": 29,
    "num_columns": 245,
    "num_nodes": 9,
    "overall_time": 32.46230149269104,
    "callback_time": 3.001370429992676,
    "subproblem_time": 23.60774278640747,
    "mp_time": 8.823867797851562,
    "inh_time": null,
    "ilp_time": 0.0,
    "surgeon_schedule": {
        "1": [
            15,
            38
        ],
        "3": [
            40
        ],
        "5": [
            0,
            29,
            34
        ],
        "6": [
            25
        ],
        "8": [
            4,
            19
        ],
        "9": [
            9,
            10,
            30
        ],
        "10": [
            20,
            46
        ],
        "11": [
            7
        ]
    },
    "patient_schedule": {
        "10": 15,
        "42": 15,
        "5": 38,
        "27": 38,
        "43": 38,
        "4": 40,
        "20": 40,
        "12": 0,
        "50": 0,
        "1": 29,
        "32": 29,
        "2": 34,
        "18": 34,
        "35": 34,
        "0": 25,
        "39": 25,
        "45": 25,
        "21": 4,
        "14": 19,
        "31": 19,
        "29": 9,
        "41": 9,
        "19": 10,
        "23": 30,
        "37": 30,
        "28": 20,
        "13": 46,
        "24": 46,
        "26": 46,
        "15": 7,
        "30": 7
    },
    "instance": null,
    "parameters": null,
    "parameters_data": null,
    "patients": null,
    "capacity": null,
    "num_days": null,
    "num_ORs": null,
    "num_surgeons": null,
    "initial_heuristics_time": 0.0,
    "gap": 0.0
}