{
    "proved_optimal": true,
    "obj": 31,
    "relax_obj": -100,
    "num_LCs": 0,
    "num_callbacks": 0,
    "num_CG_iterations": 21,
    "num_columns": 226,
    "num_nodes": 1,
    "overall_time": 6.780699014663696,
    "callback_time": 0.0,
    "subproblem_time": 2.5287234783172607,
    "mp_time": 4.24329686164856,
    "inh_time": null,
    "ilp_time": 0.0,
    "surgeon_schedule": {
        "1": [
            31,
            41
        ],
        "2": [
            11
        ],
        "3": [
            29
        ],
        "4": [
            19
        ],
        "5": [
            38
        ],
        "6": [
            24
        ],
        "8": [
            9,
            20,
            49
        ],
        "9": [
            2
        ],
        "10": [
            47
        ],
        "11": [
            17,
            27
        ]
    },
    "patient_schedule": {
        "5": 31,
        "27": 31,
        "43": 31,
        "10": 41,
        "42": 41,
        "7": 11,
        "38": 11,
        "46": 11,
        "4": 29,
        "20": 29,
        "16": 19,
        "1": 38,
        "2": 38,
        "18": 38,
        "32": 38,
        "35": 38,
        "6": 24,
        "45": 24,
        "21": 9,
        "22": 20,
        "14": 49,
        "31": 49,
        "19": 2,
        "23": 2,
        "29": 2,
        "37": 2,
        "41": 2,
        "28": 47,
        "40": 17,
        "8": 27,
        "30": 27
    },
    "instance": null,
    "parameters": null,
    "parameters_data": null,
    "patients": null,
    "capacity": null,
    "num_days": null,
    "num_ORs": null,
    "num_surgeons": null,
    "initial_heuristics_time": 0.0,
    "gap": -1.31
}