{
    "proved_optimal": true,
    "obj": 0,
    "relax_obj": 0.0,
    "num_LCs": 28,
    "num_callbacks": 713,
    "num_CG_iterations": 22,
    "num_columns": 229,
    "num_nodes": 1,
    "overall_time": 15.593345880508423,
    "callback_time": 1.9998416900634766,
    "subproblem_time": 10.556355714797974,
    "mp_time": 5.029102325439453,
    "inh_time": null,
    "ilp_time": 0.0,
    "surgeon_schedule": {
        "0": [
            5
        ],
        "1": [
            12,
            33
        ],
        "5": [
            9,
            29
        ],
        "8": [
            20,
            40
        ],
        "10": [
            19,
            25,
            46
        ],
        "11": [
            0
        ]
    },
    "patient_schedule": {
        "36": 5,
        "10": 12,
        "33": 12,
        "43": 12,
        "5": 33,
        "42": 33,
        "48": 33,
        "2": 9,
        "18": 9,
        "35": 9,
        "1": 29,
        "12": 29,
        "21": 20,
        "14": 40,
        "31": 40,
        "28": 19,
        "11": 25,
        "13": 46,
        "24": 46,
        "26": 46,
        "15": 0,
        "30": 0
    },
    "instance": null,
    "parameters": null,
    "parameters_data": null,
    "patients": null,
    "capacity": null,
    "num_days": null,
    "num_ORs": null,
    "num_surgeons": null,
    "initial_heuristics_time": 0.0,
    "gap": null
}